# www.textures.com
v -2.437838 0.943937 0.104796
v -2.476429 -0.004464 0.108517
v -3.098726 0.089834 0.023733
v -3.989377 0.211150 0.086791
v -3.085561 1.005852 0.064059
v -3.258233 -0.814806 0.046827
v -4.108920 -0.840816 0.110016
v -4.505635 0.112523 0.269532
v -3.509461 -1.503823 0.054905
v -2.430915 -0.488652 0.087325
v -2.346867 -0.160168 0.063030
v -2.551790 -0.935455 0.084271
v -2.446062 -1.694127 0.021391
v -4.150433 0.980730 0.144457
v -4.703144 1.056337 0.707637
v -4.589344 -1.065936 0.517340
v -4.765614 -0.610492 0.755641
v -4.803337 -0.126346 0.693171
v -4.236387 -1.777166 0.300186
v -1.907603 -2.473454 0.083075
v -2.645031 -2.783126 0.049681
v -3.197573 -2.836249 0.099789
v -4.590424 -1.529604 1.076951
v -4.063857 -2.507213 1.473536
v -3.986298 -2.909034 1.591790
v -4.184001 -2.866601 1.992355
v -3.322412 -3.461796 0.317532
v -3.865516 -2.829239 0.316997
v -3.991298 -2.970969 1.148525
v -4.365922 -2.349985 1.044896
v -3.755674 -3.275523 1.494499
v -3.522613 -3.411806 0.941664
v -4.366753 -1.979434 1.386117
v -3.913361 -3.104789 2.449132
v -1.930322 -0.573638 0.022448
v -2.150695 -1.111450 0.043460
v -2.101593 0.288637 0.025038
v -1.765353 0.993054 0.033021
v -1.779150 -3.142907 0.002850
v -2.635707 -3.792980 0.131169
v -2.754150 -4.085455 0.804007
v -3.153942 -3.735511 1.303294
v -3.584132 -3.463719 1.893103
v -3.221888 -3.789405 1.781655
v -3.438268 -3.462764 2.395028
v -3.693064 -3.335151 1.973913
v -3.064259 -3.780791 2.353693
v -0.586506 -1.055593 2.045413
v -0.742170 -0.694696 1.432664
v -1.032407 -0.508860 1.701160
v -1.008570 -0.606785 2.490033
v -0.729121 -0.778407 2.641186
v -1.264931 -0.339839 2.067502
v -1.265162 0.063694 1.816833
v -1.073623 0.336389 1.096000
v -1.116237 0.024239 0.829908
v -1.438931 0.185563 0.791863
v -1.423219 0.309588 0.447061
v -1.275474 0.353138 0.712706
v -1.431318 -0.257799 0.471776
v -1.545327 -0.038567 0.220124
v -0.770808 -0.477818 0.939718
v -0.506010 -1.032791 0.647527
v -0.832530 -0.466008 0.424277
v -0.674591 -1.128611 0.256319
v -0.917360 -1.013370 0.511868
v -0.960179 -1.036439 0.118968
v -0.625780 -1.553927 0.001294
v -0.445208 -0.866512 1.456905
v -0.231510 -0.765423 0.995381
v -0.057205 -0.821043 1.490339
v -1.392348 -1.270263 0.056071
v -1.305864 -0.593728 0.244214
v -1.496202 -1.814871 0.002267
v -1.086550 0.028065 1.320242
v -0.133189 -1.264415 0.327217
v -0.112267 -1.444661 0.047268
v -1.385990 -2.433200 -0.004676
v -0.244021 -1.946831 0.034751
v -0.636255 -1.246669 2.910482
v -0.314541 -1.072386 2.498284
v -0.820693 -1.507423 3.560499
v -0.372837 -1.686055 3.511855
v -1.131067 -1.092653 3.426931
v -0.058563 -1.239421 0.636271
v 0.193826 -0.762479 0.689641
v 0.228374 -1.032748 0.472787
v 0.262274 -1.331037 0.136447
v 0.103786 -0.716375 1.236643
v 0.000318 -1.000883 1.670796
v 0.048434 -1.100948 2.154318
v 0.187540 -0.991614 1.896239
v 0.323221 -0.745611 1.640474
v 0.562609 -0.917746 1.953335
v -1.221639 -0.612759 3.060733
v 0.305061 -1.820528 0.014361
v -4.886166 -0.028634 1.137537
v -4.790627 -0.253941 1.581856
v -4.800967 -0.031427 1.608777
v -4.711686 -0.684799 1.460989
v -4.575786 -1.286822 1.497340
v -4.854714 -0.176397 2.157790
v -4.897704 -0.365783 2.582369
v -4.783388 -0.894190 2.136828
v -4.686895 -1.344611 2.272503
v -4.746406 -1.238683 2.785595
v -4.547013 -2.035326 2.190825
v -4.430737 -2.342440 2.185934
v -4.616441 -1.674330 2.697489
v -4.481353 -1.975537 2.932890
v -4.334158 -1.995895 3.435061
v -4.053007 -2.297151 3.472671
v -3.662637 -2.412927 3.739985
v -3.781116 -1.997322 3.890531
v -3.882506 -1.744781 3.940840
v -3.605296 -3.100189 3.141760
v -4.143327 -2.631508 3.181198
v -3.829553 -2.829926 3.394150
v -3.460033 -2.879371 3.538631
v -4.328382 -2.399461 2.869365
v -3.327897 -1.991694 4.101734
v -2.839757 -1.733750 4.221811
v -3.296180 -1.386818 4.138065
v -2.718050 -2.149978 4.186978
v -3.688852 -1.378146 4.069623
v -3.002470 -2.585504 4.033916
v -4.508122 -1.015387 3.513651
v -4.595639 -1.443511 3.214361
v -4.101740 -1.504769 3.741075
v -3.214669 -2.728027 3.811099
v -2.966934 -3.005937 3.851364
v -3.357928 -3.490094 2.923889
v -3.088285 -3.353006 3.452840
v -3.028119 -3.159965 3.718636
v -3.492355 -2.647366 3.723853
v -2.423603 -2.800701 4.136602
v -1.992586 -2.504503 4.147095
v -2.181038 -2.126469 4.174427
v -1.892416 -1.806978 4.153665
v -2.309736 -1.507507 4.267437
v -1.584459 -2.545266 4.131475
v -1.191126 -2.014221 3.974303
v -1.364191 -1.611946 3.895194
v -1.207668 -1.214063 3.745000
v -2.024539 -4.476326 0.638731
v -1.283662 -4.706377 1.327765
v -1.429844 -4.557191 1.377305
v -1.541892 -4.689189 1.115297
v -1.385934 -4.653359 0.315283
v -2.013303 -4.122424 0.131188
v 0.017297 -4.851150 0.149174
v -0.465818 -5.004920 0.694922
v -0.926268 -4.775125 1.455190
v -0.921290 -4.888731 1.310850
v -0.715316 -4.847466 1.580913
v -0.036241 -5.026304 1.338130
v -0.293409 -4.953263 1.479329
v -0.449125 -4.925858 1.812066
v -2.189045 -4.377684 1.317275
v -2.643209 -3.988682 1.357785
v -1.958544 -4.274863 1.509797
v -2.317173 -4.144720 1.550420
v -2.430433 -4.208582 1.885142
v -2.376466 -4.249709 2.079651
v -2.720297 -4.060114 1.840460
v -1.396457 -4.698268 1.972988
v -2.010564 -4.459627 1.904018
v -1.616131 -4.466065 1.534077
v -1.846394 -4.450035 2.478694
v -1.131396 -4.675342 2.593805
v -1.724159 -4.377630 2.980860
v -0.872610 -4.773003 2.105865
v -0.240580 -4.808289 2.701653
v -0.767641 -4.712052 2.638234
v -0.959108 -4.554281 3.062465
v -2.050847 -4.027378 3.434529
v -2.300080 -4.049903 3.133292
v -2.269714 -4.211061 2.675964
v -2.546448 -4.071231 2.662538
v -2.948529 -3.771112 2.722244
v -2.547693 -3.903135 3.291872
v -2.781170 -3.606333 3.276724
v -1.458622 -4.180965 3.493344
v -2.541940 -3.637667 3.613570
v -2.169781 -3.762233 3.688754
v -2.391596 -3.478196 3.950452
v -2.485770 -3.282110 4.089717
v -2.047271 -3.262102 4.072781
v -1.745323 -3.571873 3.935190
v -1.337388 -3.915350 3.852989
v -0.824053 -4.323700 3.502417
v -0.558094 -4.732706 3.136877
v -0.835371 -4.474545 0.037216
v 0.159430 -4.914996 2.190060
v -0.364004 -3.319259 0.009203
v -0.596297 -3.972452 0.007893
v -1.159459 -3.980552 0.023711
v 0.280934 -4.319668 0.062813
v 0.335181 -2.945657 -0.017105
v 0.066799 -3.451643 0.016842
v -0.585467 -2.600110 -0.010020
v -0.031908 -2.289464 -0.018774
v -1.290006 -3.232650 0.033549
v -1.622913 -3.091610 4.187245
v -1.193612 -2.594859 4.061669
v -1.060500 -2.898695 4.203296
v -0.452530 -2.169879 3.911946
v -0.876857 -2.427810 3.979373
v -0.525398 -2.746818 4.172035
v -0.095904 -1.711119 3.669349
v 0.014467 -2.354549 3.943747
v 0.116697 -1.507598 3.517166
v 0.345763 -1.825644 3.616926
v 0.155640 -1.620161 3.289254
v 0.004308 -1.430976 3.153547
v 0.322004 -1.327464 3.061368
v 0.541946 -1.408511 3.303550
v 0.257235 -1.190688 2.771906
v -1.266209 -3.487798 4.013155
v -0.820590 -3.977272 3.802037
v -0.628093 -3.498642 3.988078
v -0.929945 -3.209752 4.068125
v -0.487672 -3.733219 3.811681
v -0.471646 -3.118750 4.036221
v -0.468324 -3.999342 3.804908
v -0.175532 -3.328058 3.966148
v -0.019567 -2.919426 4.063849
v 0.361291 -3.071670 4.064207
v -0.021401 -2.521744 4.205746
v 0.375257 -2.719444 4.085009
v 0.407267 -2.295515 4.002653
v 0.150914 -2.143691 3.809801
v -0.458504 -4.448684 3.353137
v -0.387917 -4.201388 3.710349
v -0.001061 -4.081426 3.906605
v 0.013322 -3.590477 3.955618
v 0.210136 -3.794883 3.899455
v 0.593864 -3.430634 4.061648
v 0.150552 -4.836582 2.956141
v 0.371631 -4.628142 3.263876
v -0.037269 -4.665236 3.356130
v 0.423257 -4.324302 3.696619
v -1.397352 0.773414 0.321741
v -1.057866 0.967197 0.614488
v 0.211157 -4.981731 1.469903
v 0.347850 -5.031458 0.533060
v 0.430072 -5.064440 1.112501
v -3.747699 1.677045 0.138343
v -3.366831 1.399957 0.086473
v -4.082669 2.151488 0.619110
v -3.509133 2.483683 0.219658
v -1.182617 0.411054 2.887124
v -1.296228 -0.160193 2.648556
v -1.381370 0.171006 2.088030
v -1.365132 0.038828 3.042377
v -1.425585 0.164779 3.373330
v -1.174353 0.629272 2.094542
v -0.808071 0.743395 2.949564
v -1.363453 0.548830 3.362937
v -4.532104 1.245441 1.661348
v -4.515398 1.664189 1.244938
v -4.122654 2.133392 1.578489
v -4.558277 0.659774 3.186677
v -4.443690 0.233226 3.460346
v -4.360277 0.714086 3.513994
v -4.341064 0.124495 3.706505
v -4.114473 0.365958 3.911254
v -3.919829 0.221517 4.059552
v -4.794959 -0.231148 3.138194
v -4.249731 -0.252235 3.780348
v -4.636774 0.108551 3.178355
v -4.465794 -0.581930 3.591453
v -3.816191 -0.492093 4.040458
v -3.623326 0.005459 4.212375
v -4.772052 0.424491 1.568190
v -4.701970 0.129965 1.950458
v -4.641918 0.534959 2.222043
v -4.841236 0.214358 2.557848
v -4.870717 -0.123910 2.414581
v -4.822729 0.071627 2.894112
v -4.795050 -0.570365 2.909864
v -4.596288 1.057020 3.007927
v -4.555642 0.858989 2.185700
v -4.443326 1.352394 2.207731
v -4.555307 0.560610 2.027672
v -4.803209 0.754852 1.394812
v -4.078130 1.173285 3.647960
v -4.287417 1.496678 3.263671
v -4.410014 1.803084 2.247053
v -4.522329 1.346687 2.703918
v -4.313848 1.554508 2.177339
v -4.120066 1.966642 3.305585
v -4.094852 2.192425 2.944404
v -3.806941 2.237317 3.317374
v -4.130871 1.905498 2.181900
v -4.076444 2.150619 2.232358
v -3.806680 1.503757 3.684201
v -3.649250 1.131360 3.992441
v -3.679822 1.926310 3.697715
v -3.424351 1.594317 3.989917
v -4.007103 2.233985 1.907682
v -3.544953 2.751854 1.668791
v -3.941886 2.365099 2.218856
v -3.627823 2.799790 2.232384
v -3.784170 2.634934 2.952738
v -3.131838 2.337015 4.126634
v -3.296610 1.924539 3.941160
v -2.732837 1.862229 4.164359
v -2.418572 2.405824 4.251270
v -3.384452 2.412443 3.707124
v -2.915769 2.639971 3.842207
v -3.997284 0.707272 3.895269
v -3.558523 0.772862 4.144993
v -3.246007 0.485380 4.176807
v -2.644279 0.609737 4.238442
v -3.115866 1.002170 4.194689
v -2.435777 1.239836 4.270012
v -3.017998 1.501534 4.149279
v -2.363398 1.911897 4.220086
v -1.860489 1.677951 4.244052
v -2.088452 0.930059 4.167671
v -3.387200 0.200051 4.270717
v -1.662915 0.871034 3.958318
v -1.502983 -0.691611 3.532686
v -1.622431 -1.130879 4.027913
v -1.571047 -0.115140 3.518550
v -1.628151 -0.481673 3.726461
v -1.216192 1.007385 3.658039
v -1.801927 0.316776 3.872396
v -2.033321 -1.201669 4.106288
v -2.338772 -1.070889 4.086855
v -2.832898 -1.171209 4.193344
v -3.501280 -0.871734 4.139040
v -3.206930 -0.535205 4.132390
v -2.750113 -0.380516 4.180697
v -2.417629 -0.713404 4.298793
v -3.161729 -0.013413 4.197034
v -4.127431 -0.884428 3.847921
v -3.913884 -1.010332 3.996481
v -2.116947 0.018109 4.000386
v -2.111937 0.319215 4.154012
v -2.595179 0.061219 4.194089
v -2.509027 0.297002 4.323621
v -2.941162 0.275409 4.347454
v -2.104016 -0.653509 4.041845
v -1.842767 0.009178 3.830327
v -1.902491 0.043848 4.144745
v -1.927174 -0.277665 3.853680
v -1.449475 1.247312 4.024067
v -0.457340 1.157598 0.948522
v -1.019960 0.722108 0.885770
v -0.438271 1.078930 1.335113
v -1.203891 3.330640 -0.009847
v -1.062179 4.329058 0.454345
v -0.495151 4.030430 0.046302
v -1.697293 3.845579 0.197532
v -2.306908 3.350833 0.115976
v -2.040939 2.744338 -0.009659
v -0.909455 2.255960 0.004303
v -1.349890 1.867135 0.029631
v -0.473471 1.778794 -0.009637
v -2.329658 1.837909 0.021931
v -0.246117 3.226919 -0.009324
v -0.141725 2.504019 -0.013916
v 0.257362 3.422148 0.035500
v 0.170007 3.857411 0.029600
v -0.526041 4.464451 0.511038
v -1.038611 4.521703 1.126497
v -0.192149 1.217771 0.216425
v -0.657356 1.348715 0.300778
v -0.119480 1.004334 0.767753
v -1.159995 1.252736 0.082980
v 0.512046 1.855291 0.004198
v 0.045745 1.480130 0.013336
v 0.437890 2.530082 -0.020628
v 0.560043 0.812706 0.772522
v 0.213761 0.791947 1.022505
v 0.111574 0.903968 0.773544
v 0.362934 1.109843 0.366739
v -0.128668 0.849374 1.106955
v 0.029032 0.970375 1.561051
v -0.149875 1.056156 1.749411
v 0.210818 1.041158 1.882764
v -1.007654 0.576049 1.618258
v -0.163314 4.577074 0.893722
v -0.472707 4.545589 1.232692
v 0.269100 4.272983 0.239725
v 0.286011 4.539399 0.866393
v -0.187536 4.712922 1.339662
v -3.210980 3.484649 1.514422
v -3.774145 2.864321 0.995247
v -3.124820 2.489572 0.093987
v -2.378071 3.090718 3.929332
v -2.640362 2.612253 4.023541
v -3.492760 3.078333 2.809161
v -2.919333 3.121924 3.502917
v -3.244581 2.902544 3.371385
v -3.413906 3.123058 2.090396
v -1.376575 2.443152 4.227517
v -1.610641 1.895643 4.286120
v -1.158914 2.079891 4.184001
v -2.008215 2.239195 4.189456
v -3.010942 3.511183 2.956393
v -2.977290 3.485977 1.990516
v -3.048737 3.141326 0.397203
v -3.036956 3.772825 1.143899
v -2.570915 3.911357 1.632303
v -2.614042 3.935778 0.907530
v -2.468968 3.889036 1.293484
v -2.205010 4.207392 1.268854
v -1.930104 4.209607 0.794121
v -2.741182 3.952554 2.597010
v -2.482800 4.015972 2.208061
v -2.389172 4.265426 2.525843
v -2.468675 3.965998 2.953135
v -1.999342 4.430809 2.750962
v -1.866679 4.525550 3.174313
v -2.118116 4.149042 2.153684
v -2.493448 3.785491 3.360228
v -2.198486 4.031089 3.460443
v -2.610392 3.527475 3.519363
v -1.872562 3.355661 4.035697
v -2.054525 3.700782 3.729198
v -1.670557 4.228045 3.468541
v -1.331562 3.544776 4.081889
v -1.403016 3.985798 3.783336
v -1.780319 3.757365 3.797715
v -1.005687 3.975841 3.921328
v -1.755256 4.200846 1.329543
v -1.706836 4.312469 2.046162
v -1.029035 4.314808 1.523106
v -1.304105 4.398735 1.927897
v -0.947637 4.615385 2.208942
v -1.449962 4.661455 2.779778
v -1.040122 4.672816 3.241021
v -0.932347 4.705767 2.683424
v -0.966168 4.398184 3.508036
v -1.384180 2.734192 4.371680
v -1.225102 3.238647 4.217751
v -1.808283 2.884567 4.151730
v -0.826849 2.987217 4.247719
v -0.953598 1.517311 3.882494
v -0.409856 1.068611 2.755154
v -0.543489 1.159876 3.248180
v -0.743220 1.229468 3.576867
v -0.379598 4.618075 1.912054
v -0.476284 4.796407 3.073915
v -0.554189 4.550725 3.501145
v -0.105572 4.725482 2.071353
v 0.013242 4.980371 2.838280
v 0.135520 4.622435 3.359854
v 0.306601 4.918575 2.436665
v -0.181007 4.711598 3.362276
v 0.256673 4.701807 1.978754
v -0.487011 4.851225 2.383671
v -0.172499 4.648327 3.606663
v -0.117942 4.139372 3.886065
v -0.596729 4.068339 3.903541
v -0.592539 2.760935 4.291759
v -0.404031 3.346200 4.200266
v -0.826792 3.378628 4.176723
v -0.202224 2.921417 4.345624
v 0.184730 2.662079 4.206453
v -0.166926 2.710124 4.205851
v -0.227213 2.319620 4.171415
v -0.579542 2.236819 4.189074
v -0.399242 1.695878 3.877392
v -0.253119 2.033328 4.002788
v 0.249563 1.919740 3.956380
v 0.255537 3.704758 4.079265
v -0.424516 3.626604 4.087129
v 0.047668 3.373373 4.169645
v 0.440814 3.211332 4.376232
v -0.068418 3.149678 4.224192
v 0.463669 4.426854 3.680947
v 0.222608 4.245482 3.855281
v 0.203095 3.957122 4.021653
v 0.613890 4.229655 3.858074
v 0.173922 1.223922 2.903654
v -0.254282 1.137307 2.219548
v 0.341192 1.084906 2.202168
v 0.339934 1.388908 3.262802
v -0.095282 1.281204 3.245302
v -0.052097 1.529412 3.563732
v -0.382396 1.293828 3.492394
v -0.664160 1.006867 2.187188
v 0.458404 2.694548 4.221564
v 0.796563 4.639113 1.432822
v 1.240131 1.951833 0.074267
v 0.881603 1.164371 -0.019271
v 0.992396 3.007173 0.025269
v 1.442497 2.592424 0.018260
v 1.650372 1.011254 0.080726
v 2.118322 1.763010 -0.011639
v 1.011005 4.469316 0.932813
v 1.144276 4.703483 2.044467
v 1.304872 4.574567 1.763938
v 1.587917 4.513540 1.451896
v 0.849603 4.189877 0.125123
v 1.679028 4.486687 0.623996
v 1.381481 3.608236 0.021221
v 1.740033 4.374986 1.134068
v 1.834741 4.560270 1.981644
v 2.179650 4.222610 0.552678
v 2.216830 3.888161 0.136850
v 2.281450 4.196907 1.001969
v 2.412904 3.124665 -0.004971
v 3.200678 2.909356 0.070644
v 2.792788 3.808775 0.599061
v 3.115725 3.574826 0.389236
v 2.427246 4.294778 1.489089
v 2.986828 4.012709 1.130292
v 2.959973 4.102920 1.784304
v 2.481715 4.304978 1.985482
v 2.124662 4.543023 2.475379
v 2.951665 4.075154 2.353185
v 2.405064 4.311724 3.084749
v 2.970255 3.963088 2.916386
v 3.454850 3.204726 0.488413
v 3.281694 3.657903 1.074828
v 3.393961 3.477707 0.765422
v 3.742962 3.000943 1.116561
v 3.974839 2.796740 0.762542
v 3.905646 3.309139 1.511745
v 3.242438 4.059506 1.929394
v 3.226077 3.975250 1.757917
v 3.540302 3.709192 1.649429
v 3.490631 3.828924 2.210600
v 3.574667 3.868487 1.930654
v 3.480320 3.550153 2.939805
v 3.796307 3.363835 2.537741
v 3.735064 3.570227 2.024391
v 2.731744 3.964075 3.479524
v 3.261831 3.500607 3.412119
v 3.232007 3.883591 3.459383
v 2.951634 3.617075 3.592807
v 3.636273 3.190275 3.440300
v 1.500460 4.841201 2.720143
v 2.852136 3.276644 3.851489
v 0.882141 4.894810 2.616712
v 0.989886 2.704760 4.269489
v 1.037613 3.255329 4.356394
v 1.534225 4.573630 3.249948
v 1.943324 4.546952 3.038203
v 1.015775 4.783154 3.036977
v 0.783297 3.919743 4.082246
v 1.003314 4.442329 3.645269
v 0.578011 4.752212 3.303321
v 1.207380 3.708143 4.094834
v 0.790661 3.536580 4.151160
v 1.310901 4.244006 3.753264
v 1.855381 3.751142 4.057524
v 2.434255 3.500527 3.970550
v 2.255664 3.961993 3.642747
v 1.738733 4.422506 3.489431
v 1.825563 4.039710 3.834174
v 2.019589 3.396512 4.119930
v 2.128631 2.858144 4.213660
v 1.642699 3.064024 4.243668
v 1.470610 2.529352 4.337286
v 1.377269 1.991842 4.192514
v 1.863250 2.341303 4.279349
v 0.872204 2.134731 4.136763
v 2.156811 2.361313 4.242119
v 2.436396 2.701167 4.254527
v 2.868976 2.810268 4.015958
v 2.106372 0.489764 0.018010
v 2.743582 0.976308 0.020065
v 3.151715 1.574530 -0.000734
v 3.896531 2.571581 0.211747
v 4.365901 2.122194 0.547637
v 4.464877 2.154405 1.109003
v 4.026061 2.726364 1.046970
v 3.972636 -0.511705 0.081741
v 3.267071 -0.589111 0.006604
v 3.335836 0.003256 0.005621
v 3.968602 0.166352 0.058960
v 4.061580 1.358242 0.065083
v 4.539499 0.589261 0.346916
v 4.714001 1.219907 0.612767
v 4.657514 1.525876 1.152385
v 4.868510 0.726711 0.925222
v 4.042337 -1.553155 0.153926
v 4.613400 -1.067596 0.500073
v 4.868335 -0.569325 1.104562
v 4.667763 -1.310930 0.920558
v 4.779637 -0.088167 1.532135
v 4.753735 -0.492135 1.558607
v 4.638908 -1.155130 1.590655
v 4.576376 -0.075101 0.383421
v 4.876446 0.437015 1.199837
v 4.940859 1.150771 1.800576
v 4.804116 1.004042 1.361739
v 4.884518 1.666346 1.679378
v 4.758880 1.929323 1.259344
v 5.003410 1.081621 2.370039
v 4.839656 1.434847 1.938145
v 4.904044 -0.121669 2.182185
v 4.806559 -0.790787 2.016986
v 4.785038 -0.651286 2.831420
v 5.001773 0.678205 1.992606
v 4.921127 0.650631 1.598612
v 4.963945 0.671178 2.609200
v 4.896101 0.200374 2.658668
v 4.783638 0.346564 3.434048
v 4.286668 0.071457 3.793259
v 4.509306 -0.199896 3.592756
v 4.661392 0.016691 3.402575
v 4.705173 -0.403663 3.341017
v 4.781196 -0.000281 3.255773
v 4.805527 -0.153405 2.919348
v 3.935660 -0.218899 3.902192
v 4.412632 -0.357159 3.734931
v 4.798315 0.780192 3.095063
v 4.319135 2.986939 1.818043
v 4.373545 2.742496 2.013084
v 4.468986 2.713265 1.713005
v 4.234588 3.142638 1.753588
v 4.112646 3.156765 2.027700
v 4.119689 3.201102 1.753149
v 4.401335 2.595337 2.431530
v 3.194580 2.554458 3.954159
v 3.580555 2.405677 3.849942
v 3.838009 2.756505 3.506065
v 3.951596 3.067296 2.964690
v 4.255118 2.421776 3.202879
v 1.877185 1.851389 4.229350
v 2.330904 2.096444 4.216784
v 2.702486 2.070984 4.197828
v 2.518814 1.721698 4.307738
v 2.675451 2.444825 4.200716
v 4.571826 2.536325 1.812407
v 4.826662 2.297225 2.051600
v 4.856697 2.088585 1.699265
v 4.929724 1.791407 1.975987
v 4.816494 1.568861 2.485972
v 4.720977 2.207781 2.359095
v 2.977494 1.333965 4.214565
v 2.520974 1.446315 4.145275
v 3.049438 1.622715 4.113078
v 3.385708 1.512065 4.057280
v 3.212962 1.064948 4.139030
v 2.668337 0.809252 4.149930
v 3.623060 0.940959 3.989722
v 3.521440 0.523797 4.044977
v 3.997300 0.857964 3.984654
v 4.220140 0.603020 3.843625
v 4.120109 0.333137 4.022982
v 4.550336 0.762033 3.591792
v 4.163684 1.190704 3.771202
v 4.526248 2.196487 2.952878
v 4.669254 1.615601 3.016782
v 4.931147 1.218044 2.803731
v 4.409446 2.011636 3.378600
v 4.388130 1.629657 3.460644
v 4.532124 1.218045 3.510405
v 4.095951 1.908461 3.713587
v 3.339517 2.053494 4.317626
v 3.969686 2.370012 3.618793
v 4.007770 2.090511 3.886035
v 3.547775 1.872854 3.992032
v 3.743044 1.610587 3.933226
v 3.966076 1.340632 3.883420
v 4.161708 1.658641 3.960943
v 1.909930 1.300171 4.074392
v 2.561101 -0.357436 0.025644
v 3.822519 -0.014794 4.011577
v 0.693787 -1.032268 0.852943
v 0.476039 -1.181899 0.444121
v 0.686082 -0.709676 0.842840
v 0.758055 -2.322858 -0.001329
v 1.361282 -3.854667 0.049490
v 1.597315 -2.656173 -0.011658
v 0.793846 -4.700815 0.165687
v 1.125376 -4.903980 1.039791
v 1.232199 -4.237198 0.086064
v 0.785155 -3.993061 0.006899
v 1.920523 -4.330287 0.250612
v 2.309487 -3.339815 0.029344
v 2.134253 -4.505382 0.847938
v 3.008844 -3.724240 0.341963
v 0.585013 -4.932880 1.535054
v 1.472194 -4.439217 1.546362
v 1.884478 -4.479540 1.341020
v 1.242169 -4.755400 1.662773
v 2.739756 -3.211026 0.090619
v 2.650034 -4.269685 1.022867
v 1.002712 -1.827649 0.031609
v 1.037384 -1.154577 0.399101
v 1.524469 -1.340945 0.100438
v 1.095215 -1.039594 0.920293
v 1.996827 -2.110542 0.008341
v 2.687610 -2.257903 0.086584
v 0.757414 -5.016055 2.076916
v 1.739526 -2.485505 4.150070
v 1.459420 -2.981330 4.114849
v 1.740511 -2.835314 4.186520
v 1.080304 -3.258035 4.081962
v 1.202483 -2.656483 4.150131
v 0.848432 -2.764724 4.140180
v 0.745979 -2.238530 3.967310
v 1.328775 -2.160568 4.203216
v 1.088812 -1.945965 3.965532
v 0.760602 -1.609308 3.510532
v 1.366371 -1.601097 3.950713
v 1.759687 -1.780360 4.010817
v 2.202917 -2.516293 4.122376
v 2.102642 -2.149218 4.291954
v 0.867139 -0.980638 1.987889
v 0.582586 -1.063692 2.515007
v 1.095768 -0.847333 2.478400
v 0.904814 -1.140815 3.141597
v 1.339124 -1.370349 3.867110
v 1.333660 -0.992938 3.439586
v 1.489831 -1.115281 3.778614
v 2.122659 -1.635025 4.098772
v 2.661800 -1.692409 4.155439
v 2.108434 -0.997360 3.957727
v 2.767600 -2.075562 4.132259
v 2.100531 -4.381128 1.666793
v 2.205260 -4.038850 1.512761
v 2.741440 -4.013670 1.589099
v 3.723110 -3.497414 0.915490
v 3.024633 -3.971341 1.321703
v 3.384123 -3.657200 2.257242
v 3.478857 -3.638271 2.712080
v 3.088995 -3.844954 2.671845
v 3.249018 -3.597380 1.518516
v 1.405573 -4.386016 3.392734
v 1.326569 -4.607391 3.060150
v 1.796588 -4.421792 3.116890
v 1.048764 -4.470255 3.482826
v 0.908282 -4.791512 2.928147
v 1.511750 -4.230509 3.729610
v 1.687788 -4.671624 2.110937
v 1.064707 -4.921564 2.388069
v 2.553509 -4.170445 2.976603
v 2.211991 -4.420060 2.798251
v 2.972599 -3.970890 3.016057
v 2.077960 -4.214465 3.370514
v 2.486560 -4.034554 3.510823
v 2.078070 -3.915323 3.736247
v 0.761607 -3.963904 3.874753
v 1.248109 -3.689610 3.967747
v 0.980381 -3.490502 3.993223
v 1.754980 -3.154131 4.047934
v 1.762210 -3.609651 3.898862
v 3.696268 -3.319824 2.951862
v 3.312872 -3.358194 3.461512
v 3.024052 -3.637069 3.294423
v 2.114764 -3.420022 3.894475
v 2.519884 -3.692930 3.657259
v 2.233792 -3.158409 3.968101
v 2.563276 -3.441264 3.822436
v 2.990447 -3.491627 3.655014
v 2.793191 -2.708498 3.953649
v 2.648660 -2.473253 4.022587
v 2.338805 -2.802781 3.998554
v 2.935864 -3.002376 3.809564
v 3.548521 -3.045875 0.241856
v 3.704355 -3.460858 1.283730
v 3.675082 -3.290611 1.549790
v 4.042218 -3.034933 1.333320
v 3.711554 -3.329909 2.248826
v 3.974571 -3.116933 2.683543
v 4.070738 -2.839362 3.065897
v 3.765923 -2.966471 3.226479
v 3.944330 -2.872675 1.826551
v 3.951115 -2.360084 3.537021
v 3.467507 -2.717668 3.752121
v 3.074383 -2.254304 3.959704
v 3.577127 -2.214573 3.851112
v 3.380111 -1.846808 4.177365
v 0.783843 0.897046 2.188019
v 0.860135 0.781831 0.449977
v 0.740838 1.138531 3.339853
v 0.744160 1.600988 3.694904
v 0.824254 0.574694 0.892183
v 0.966132 0.396409 1.445061
v 0.848177 0.672978 1.693540
v 1.351673 0.354253 2.162277
v 0.474871 0.617281 1.272246
v 1.140290 0.451404 0.810820
v 1.198924 0.210785 1.117763
v 1.797137 0.333082 0.154367
v 1.273669 1.115726 3.717294
v 0.873110 0.992788 2.961055
v 1.412176 0.805660 3.330309
v 2.187183 -0.293193 0.166492
v 2.169757 -0.395028 0.365130
v 1.909835 -0.640883 0.511125
v 2.009718 -0.295785 0.573957
v 1.657248 -1.056980 0.712974
v 2.234297 -0.832907 0.318555
v 2.225327 -1.394437 0.001764
v 1.570628 -0.149229 0.685346
v 2.648717 -0.999392 0.036890
v 1.277162 -0.059590 0.949699
v 1.451636 -0.029811 1.094466
v 1.128526 -0.653793 0.814153
v 1.215208 -0.311520 1.258403
v 1.715611 0.144433 0.727023
v 1.325289 -0.748310 1.045797
v 1.222968 -0.479009 1.535254
v 1.308824 -0.161766 1.512998
v 1.551888 0.111032 0.561300
v 0.863230 -0.690101 1.256699
v 1.337241 0.142966 1.740673
v 1.219070 -0.846557 1.603130
v 1.347286 -0.304841 2.541760
v 1.460410 0.027296 2.265575
v 1.346461 -0.526424 2.135865
v 0.935663 -0.839893 1.663260
v 1.508732 -0.472768 3.105744
v 1.619413 -0.106358 3.032057
v 1.555441 0.313581 3.007653
v 1.787514 0.153230 3.435386
v 1.766593 -0.131870 3.295433
v 1.868806 -0.158372 3.380862
v 1.876327 -0.384191 3.634420
v 1.705634 -0.644077 3.482494
v 4.184589 -2.286926 0.365873
v 3.098322 -1.531501 0.010162
v 3.365640 -2.182449 0.074527
v 4.379380 -2.497906 0.991519
v 4.517696 -2.005196 1.276552
v 4.530765 -1.686147 1.894699
v 4.359915 -1.828456 1.552880
v 4.125921 -2.415009 1.512603
v 4.436388 -2.051994 2.101640
v 4.594950 -1.556887 1.494326
v 4.255879 -2.521813 2.287026
v 4.549291 -0.862413 3.384801
v 4.092789 -0.705631 3.868213
v 4.126545 -1.239349 3.777620
v 3.457556 -0.117238 4.085769
v 3.401706 -0.439378 4.140152
v 2.297264 -0.045603 4.030207
v 2.036809 0.034453 3.730532
v 2.282203 -0.516109 3.948293
v 2.573029 -0.029351 4.261621
v 2.718555 -0.496778 4.089783
v 3.095788 -0.170670 4.158742
v 4.422212 -2.149934 2.939732
v 3.236432 -0.939603 4.078783
v 3.003048 -1.181879 4.129100
v 3.583650 -1.062636 4.028416
v 3.307040 -1.586358 4.072304
v 2.540272 -0.784372 4.154492
v 2.600367 -1.193762 4.118315
v 4.682254 -1.319560 2.459737
v 4.528390 -1.768846 2.798495
v 4.218914 -1.932052 3.400392
v 4.454150 -1.456908 3.324458
v 3.911157 -1.683271 3.917450
v 4.620367 -1.594002 2.928854
v 4.712605 -1.193011 2.183112
v 4.750781 -1.034873 2.692124
v 1.707670 0.925767 3.760260
v 1.201032 1.412956 3.935061
v 2.097617 1.029540 4.021975
v 1.989903 0.519451 3.853837
v 2.363368 0.314160 4.018233
v 2.855138 0.490042 4.130544
v 3.111972 0.100572 4.195173
v 1.600080 1.625396 4.156024
vt 0.785443 0.241985
vt 0.754792 0.206596
vt 0.778957 0.186357
vt 0.815380 0.159278
vt 0.809376 0.219579
vt 0.783485 0.158404
vt 0.802766 0.129922
vt 0.833108 0.137468
vt 0.501427 0.981819
vt 0.468204 0.952918
vt 0.511570 0.959269
vt 0.486114 0.921151
vt 0.419987 0.956627
vt 0.418439 0.974002
vt 0.411020 0.972301
vt 0.750077 0.186858
vt 0.448117 0.970504
vt 0.432380 0.936635
vt 0.436034 0.899077
vt 0.845536 0.181491
vt 0.877370 0.161908
vt 0.544317 0.948378
vt 0.531214 0.983966
vt 0.561782 0.968264
vt 0.560817 0.988545
vt 0.525320 0.913413
vt 0.420837 0.852913
vt 0.459190 0.850045
vt 0.485687 0.855537
vt 0.567935 0.921050
vt 0.578945 0.861322
vt 0.579968 0.837764
vt 0.591212 0.845761
vt 0.503513 0.826937
vt 0.517849 0.862103
vt 0.555866 0.846153
vt 0.559123 0.881674
vt 0.566045 0.820146
vt 0.535063 0.820175
vt 0.582819 0.892411
vt 0.532194 0.004434
vt 0.532810 0.041729
vt 0.512646 0.020437
vt 0.394045 0.946180
vt 0.411886 0.922826
vt 0.395131 0.981604
vt 0.763565 0.271134
vt 0.749661 0.231824
vt 0.429201 0.818840
vt 0.475927 0.804205
vt 0.503511 0.782038
vt 0.540295 0.791049
vt 0.562440 0.013777
vt 0.580602 0.020765
vt 0.566154 0.039853
vt 0.573181 0.798805
vt 0.581563 0.811058
vt 0.549491 0.018262
vt 0.592230 0.037617
vt 0.752203 0.213278
vt 0.562467 0.777713
vt 0.570469 0.364923
vt 0.553532 0.388948
vt 0.538743 0.382466
vt 0.541131 0.341698
vt 0.559271 0.331854
vt 0.523658 0.365050
vt 0.509840 0.383670
vt 0.321146 0.982640
vt 0.326283 0.969316
vt 0.339805 0.981696
vt 0.358133 0.988663
vt 0.342581 0.989371
vt 0.700503 0.260824
vt 0.710204 0.268497
vt 0.690592 0.278063
vt 0.357176 0.959455
vt 0.371112 0.972044
vt 0.722849 0.257773
vt 0.733531 0.237837
vt 0.305253 0.945201
vt 0.310055 0.906713
vt 0.328655 0.936583
vt 0.333671 0.894044
vt 0.330333 0.911929
vt 0.348862 0.908014
vt 0.344553 0.871041
vt 0.270669 0.938693
vt 0.282961 0.917882
vt 0.273827 0.926022
vt 0.279623 0.952102
vt 0.376068 0.902681
vt 0.357261 0.935971
vt 0.390844 0.877038
vt 0.304129 0.981331
vt 0.278868 0.969476
vt 0.571216 0.388667
vt 0.311102 0.877145
vt 0.317399 0.863333
vt 0.393146 0.845715
vt 0.333700 0.843895
vt 0.579390 0.312501
vt 0.586876 0.342579
vt 0.584531 0.275201
vt 0.608695 0.285203
vt 0.552168 0.285437
vt 0.296048 0.889087
vt 0.273650 0.896040
vt 0.283344 0.880740
vt 0.303777 0.860283
vt 0.520300 0.499322
vt 0.530621 0.487111
vt 0.541821 0.512045
vt 0.591755 0.398456
vt 0.596018 0.387329
vt 0.603093 0.363956
vt 0.608768 0.380149
vt 0.521848 0.676146
vt 0.507183 0.673131
vt 0.520160 0.666292
vt 0.484368 0.661245
vt 0.507707 0.650458
vt 0.500242 0.666574
vt 0.528777 0.311350
vt 0.515408 0.404835
vt 0.314481 0.846576
vt 0.515433 0.479444
vt 0.848150 0.114001
vt 0.872644 0.105723
vt 0.888547 0.090059
vt 0.895752 0.095249
vt 0.596590 0.956762
vt 0.585609 0.986057
vt 0.608014 0.976535
vt 0.592074 0.926998
vt 0.633488 0.971356
vt 0.384796 0.081815
vt 0.371025 0.062557
vt 0.404752 0.050908
vt 0.625929 0.937848
vt 0.430592 0.048347
vt 0.428520 0.076916
vt 0.615774 0.905081
vt 0.615698 0.883021
vt 0.607297 0.866204
vt 0.449415 0.065545
vt 0.469113 0.071846
vt 0.476092 0.097025
vt 0.495155 0.099021
vt 0.507010 0.116274
vt 0.491669 0.129940
vt 0.477944 0.134536
vt 0.541973 0.079883
vt 0.506908 0.076946
vt 0.521126 0.089531
vt 0.535605 0.104536
vt 0.491496 0.065004
vt 0.484028 0.030483
vt 0.465730 0.036550
vt 0.507393 0.150511
vt 0.513619 0.180398
vt 0.481992 0.173284
vt 0.535565 0.171354
vt 0.470493 0.156267
vt 0.542162 0.144868
vt 0.432291 0.118374
vt 0.446035 0.095182
vt 0.461049 0.126110
vt 0.538864 0.127559
vt 0.560108 0.129075
vt 0.568648 0.065145
vt 0.571719 0.095645
vt 0.564352 0.115956
vt 0.519424 0.114197
vt 0.571915 0.159601
vt 0.577284 0.186089
vt 0.554051 0.192607
vt 0.552402 0.216742
vt 0.522772 0.209165
vt 0.595304 0.199307
vt 0.588941 0.235044
vt 0.565189 0.246014
vt 0.553925 0.266748
vt 0.474302 0.754543
vt 0.476927 0.704079
vt 0.487554 0.709911
vt 0.475778 0.720363
vt 0.441840 0.740760
vt 0.454891 0.778809
vt 0.416266 0.720786
vt 0.439545 0.709493
vt 0.699472 0.010089
vt 0.712111 0.004387
vt 0.725190 0.016786
vt 0.730202 0.013760
vt 0.736169 0.027923
vt 0.630674 0.763315
vt 0.668950 0.772414
vt 0.642289 0.784355
vt 0.658123 0.787888
vt 0.648503 0.796407
vt 0.115277 0.576428
vt 0.126603 0.591689
vt 0.109147 0.600252
vt 0.460354 0.690185
vt 0.471639 0.691930
vt 0.506855 0.742747
vt 0.527937 0.765034
vt 0.513870 0.727596
vt 0.527760 0.741798
vt 0.639470 0.022572
vt 0.639588 0.030209
vt 0.615934 0.017912
vt 0.544937 0.737009
vt 0.552446 0.752923
vt 0.654020 0.015165
vt 0.698156 0.039873
vt 0.664777 0.028647
vt 0.686536 0.014098
vt 0.671315 0.011374
vt 0.665489 0.057748
vt 0.499334 0.711734
vt 0.701181 0.073422
vt 0.664163 0.084682
vt 0.135098 0.610013
vt 0.172921 0.603844
vt 0.723177 0.051920
vt 0.721200 0.079896
vt 0.700445 0.100863
vt 0.160988 0.626380
vt 0.637415 0.105199
vt 0.630812 0.083994
vt 0.639368 0.062436
vt 0.622423 0.056965
vt 0.596527 0.057727
vt 0.615121 0.089946
vt 0.594113 0.089034
vt 0.665061 0.116681
vt 0.603937 0.109494
vt 0.621541 0.119845
vt 0.599841 0.130493
vt 0.587999 0.138005
vt 0.605906 0.153012
vt 0.629618 0.146122
vt 0.658972 0.142013
vt 0.696694 0.129545
vt 0.188721 0.629684
vt 0.408257 0.738859
vt 0.157215 0.572820
vt 0.722309 0.108257
vt 0.365236 0.783333
vt 0.387617 0.757981
vt 0.414088 0.769950
vt 0.626632 0.695817
vt 0.595398 0.693835
vt 0.590349 0.672515
vt 0.343328 0.806124
vt 0.353333 0.782730
vt 0.361713 0.822579
vt 0.328477 0.824125
vt 0.403623 0.806692
vt 0.628708 0.727334
vt 0.594171 0.727022
vt 0.615569 0.174213
vt 0.612835 0.212811
vt 0.631960 0.200325
vt 0.627390 0.253991
vt 0.619005 0.230801
vt 0.649234 0.225791
vt 0.629057 0.285923
vt 0.654343 0.261852
vt 0.633412 0.301265
vt 0.650232 0.296822
vt 0.632954 0.313313
vt 0.617800 0.314316
vt 0.628773 0.331145
vt 0.448436 0.633942
vt 0.429743 0.636339
vt 0.438758 0.620325
vt 0.620507 0.342647
vt 0.647188 0.165611
vt 0.685833 0.153260
vt 0.675518 0.184824
vt 0.651797 0.188529
vt 0.691180 0.175473
vt 0.667478 0.208771
vt 0.700216 0.162293
vt 0.686515 0.207281
vt 0.668691 0.228360
vt 0.319460 0.620347
vt 0.325708 0.641995
vt 0.297783 0.645506
vt 0.665748 0.248959
vt 0.353491 0.641941
vt 0.343491 0.623784
vt 0.667556 0.269690
vt 0.653012 0.276132
vt 0.718191 0.125670
vt 0.712091 0.145210
vt 0.263188 0.652702
vt 0.244008 0.648298
vt 0.252206 0.627642
vt 0.281575 0.633509
vt 0.269950 0.620105
vt 0.302490 0.604639
vt 0.193744 0.591199
vt 0.215183 0.588416
vt 0.211568 0.611485
vt 0.209129 0.633916
vt 0.244667 0.599165
vt 0.738601 0.278669
vt 0.725180 0.300751
vt 0.118975 0.561220
vt 0.127655 0.550873
vt 0.654847 0.731513
vt 0.676793 0.748874
vt 0.232668 0.639896
vt 0.855231 0.217698
vt 0.833039 0.222955
vt 0.892430 0.217999
vt 0.877326 0.250081
vt 0.700051 0.874446
vt 0.687420 0.895284
vt 0.665166 0.896489
vt 0.499639 0.368981
vt 0.510726 0.338653
vt 0.706375 0.895962
vt 0.722922 0.893035
vt 0.497023 0.321582
vt 0.639849 0.889022
vt 0.659964 0.873069
vt 0.699940 0.847087
vt 0.726932 0.870674
vt 0.925324 0.152793
vt 0.912913 0.179745
vt 0.939548 0.202355
vt 0.930572 0.956661
vt 0.910654 0.974483
vt 0.909581 0.950289
vt 0.895045 0.976399
vt 0.882955 0.959875
vt 0.866535 0.962628
vt 0.381381 0.152327
vt 0.386169 0.113173
vt 0.401209 0.153721
vt 0.368122 0.123553
vt 0.371221 0.138436
vt 0.413033 0.131904
vt 0.427131 0.172754
vt 0.411251 0.196829
vt 0.393781 0.186701
vt 0.929701 0.979055
vt 0.994292 0.971455
vt 0.987895 0.977118
vt 0.981084 0.962238
vt 0.914588 0.096012
vt 0.916292 0.082087
vt 0.963566 0.980862
vt 0.987701 0.992616
vt 0.974359 0.995927
vt 0.947524 0.986995
vt 0.369850 0.077414
vt 0.366602 0.102856
vt 0.399620 0.095482
vt 0.940691 0.938296
vt 0.981639 0.945406
vt 0.946648 0.144272
vt 0.936923 0.121251
vt 0.904162 0.116934
vt 0.930216 0.114492
vt 0.899495 0.135887
vt 0.990812 0.960560
vt 0.902146 0.921605
vt 0.927952 0.910248
vt 0.976584 0.897815
vt 0.956968 0.923242
vt 0.983336 0.909634
vt 0.980917 0.922660
vt 0.928981 0.885513
vt 0.948870 0.872538
vt 0.926333 0.864270
vt 0.952563 0.163574
vt 0.962894 0.185870
vt 0.986805 0.886983
vt 0.983726 0.873904
vt 0.895575 0.899718
vt 0.872480 0.913684
vt 0.899991 0.877046
vt 0.874789 0.885126
vt 0.959233 0.204439
vt 0.956535 0.241637
vt 0.970207 0.192857
vt 0.973756 0.207092
vt 0.982787 0.831309
vt 0.983582 0.860103
vt 0.946803 0.846397
vt 0.875496 0.843995
vt 0.876593 0.866646
vt 0.846512 0.854713
vt 0.848269 0.820010
vt 0.901761 0.846804
vt 0.888046 0.823065
vt 0.881372 0.941051
vt 0.855244 0.928724
vt 0.834819 0.933235
vt 0.807919 0.908465
vt 0.841000 0.904213
vt 0.816032 0.873668
vt 0.849038 0.879339
vt 0.830728 0.840476
vt 0.803233 0.835426
vt 0.791857 0.876028
vt 0.409910 0.213266
vt 0.837055 0.949184
vt 0.768033 0.864864
vt 0.520146 0.283902
vt 0.532534 0.250613
vt 0.490654 0.295176
vt 0.502349 0.277315
vt 0.728657 0.909644
vt 0.744513 0.843668
vt 0.754679 0.892956
vt 0.519434 0.233493
vt 0.501424 0.224982
vt 0.487775 0.198858
vt 0.454361 0.178685
vt 0.448370 0.200679
vt 0.457728 0.226636
vt 0.481830 0.228415
vt 0.428914 0.216243
vt 0.436169 0.146794
vt 0.448689 0.155158
vt 0.460559 0.268456
vt 0.447845 0.268266
vt 0.442082 0.245901
vt 0.793614 0.918921
vt 0.787187 0.921259
vt 0.774824 0.905394
vt 0.419243 0.236145
vt 0.427887 0.249902
vt 0.489629 0.250265
vt 0.748603 0.909918
vt 0.761808 0.911368
vt 0.755634 0.918426
vt 0.481228 0.270488
vt 0.472473 0.279894
vt 0.771006 0.840087
vt 0.814109 0.929383
vt 0.702922 0.329684
vt 0.707183 0.294714
vt 0.679983 0.322831
vt 0.845716 0.363804
vt 0.894504 0.394146
vt 0.860797 0.411244
vt 0.881335 0.355967
vt 0.874554 0.319376
vt 0.841911 0.313608
vt 0.793745 0.347257
vt 0.788180 0.316704
vt 0.762135 0.352212
vt 0.814514 0.276052
vt 0.818568 0.401806
vt 0.788051 0.388799
vt 0.830435 0.411967
vt 0.844908 0.424404
vt 0.893098 0.422164
vt 0.926948 0.401005
vt 0.729023 0.356801
vt 0.738450 0.331363
vt 0.702769 0.352714
vt 0.755444 0.306061
vt 0.751292 0.381231
vt 0.738941 0.372638
vt 0.771185 0.398094
vt 0.086192 0.633999
vt 0.086493 0.612423
vt 0.102389 0.616547
vt 0.111503 0.642357
vt 0.111158 0.616517
vt 0.684704 0.346199
vt 0.676356 0.359052
vt 0.693478 0.360620
vt 0.661398 0.345394
vt 0.661290 0.332700
vt 0.619610 0.821471
vt 0.636667 0.815543
vt 0.629463 0.825287
vt 0.711929 0.366759
vt 0.674532 0.291574
vt 0.912420 0.442596
vt 0.932163 0.428652
vt 0.303779 0.703492
vt 0.271320 0.717013
vt 0.281513 0.692703
vt 0.312999 0.720875
vt 0.299917 0.739805
vt 0.939734 0.446133
vt 0.323613 0.740727
vt 0.954028 0.280737
vt 0.920384 0.247010
vt 0.863478 0.265067
vt 0.876206 0.790529
vt 0.869889 0.816466
vt 0.951693 0.819503
vt 0.909520 0.804094
vt 0.919653 0.821511
vt 0.981264 0.233859
vt 0.976382 0.252440
vt 0.987792 0.809684
vt 0.805436 0.784395
vt 0.798926 0.816718
vt 0.785550 0.791838
vt 0.826307 0.814888
vt 0.940848 0.788006
vt 0.987518 0.780872
vt 0.892007 0.285233
vt 0.935025 0.298303
vt 0.962650 0.318360
vt 0.922791 0.320643
vt 0.980149 0.288242
vt 0.944893 0.325316
vt 0.942670 0.343400
vt 0.916783 0.355352
vt 0.954658 0.760491
vt 0.974764 0.744610
vt 0.984448 0.329635
vt 0.955807 0.735762
vt 0.933823 0.752484
vt 0.941183 0.717056
vt 0.919504 0.714688
vt 0.974144 0.721725
vt 0.914939 0.764213
vt 0.906284 0.745249
vt 0.907268 0.779543
vt 0.861676 0.764127
vt 0.887075 0.757434
vt 0.898320 0.719249
vt 0.848592 0.736765
vt 0.873358 0.721882
vt 0.877930 0.743856
vt 0.855414 0.708754
vt 0.943763 0.364786
vt 0.979143 0.369609
vt 0.980193 0.351565
vt 0.949037 0.400001
vt 0.972559 0.388828
vt 0.953194 0.658310
vt 0.963624 0.675006
vt 0.932242 0.689934
vt 0.969184 0.698210
vt 0.902348 0.680062
vt 0.928877 0.665430
vt 0.880640 0.688770
vt 0.817097 0.772161
vt 0.831380 0.744878
vt 0.840548 0.779868
vt 0.808577 0.739210
vt 0.755604 0.811060
vt 0.684759 0.822510
vt 0.710312 0.817475
vt 0.730664 0.818004
vt 0.968730 0.433191
vt 0.900512 0.650174
vt 0.875383 0.667906
vt 0.970146 0.451981
vt 0.901831 0.623003
vt 0.867881 0.627684
vt 0.914046 0.603361
vt 0.877108 0.643649
vt 0.935279 0.597964
vt 0.941485 0.615030
vt 0.975680 0.410579
vt 0.933126 0.638717
vt 0.952836 0.633026
vt 0.863266 0.650616
vt 0.836410 0.662460
vt 0.847178 0.688161
vt 0.787421 0.741906
vt 0.806472 0.707699
vt 0.823003 0.723057
vt 0.779365 0.719421
vt 0.027469 0.203161
vt 0.010532 0.213079
vt 0.012456 0.200702
vt 0.767471 0.728828
vt 0.755193 0.748456
vt 0.767241 0.765289
vt 0.739128 0.784718
vt 0.744416 0.764737
vt 0.014909 0.182242
vt 0.042041 0.163386
vt 0.809925 0.668213
vt 0.821352 0.696867
vt 0.793084 0.687692
vt 0.771957 0.698187
vt 0.785836 0.701371
vt 0.841075 0.631618
vt 0.831777 0.641853
vt 0.818821 0.655956
vt 0.014606 0.301604
vt 0.009956 0.284727
vt 0.031638 0.302314
vt 0.684262 0.803288
vt 0.654993 0.819360
vt 0.041191 0.065181
vt 0.039740 0.099677
vt 0.019124 0.076500
vt 0.050649 0.119533
vt 0.028002 0.116887
vt 0.698655 0.798432
vt 0.030840 0.136036
vt 0.715840 0.800291
vt 0.023867 0.153826
vt 0.721959 0.787989
vt 0.021562 0.129941
vt 0.658576 0.842418
vt 0.020314 0.164806
vt 0.042185 0.207372
vt 0.635891 0.874009
vt 0.253789 0.699965
vt 0.620051 0.843818
vt 0.949420 0.464948
vt 0.030056 0.050933
vt 0.140533 0.708236
vt 0.111290 0.676835
vt 0.151644 0.670383
vt 0.184531 0.679279
vt 0.194328 0.714079
vt 0.165504 0.730083
vt 0.087936 0.711958
vt 0.114734 0.746899
vt 0.280504 0.768839
vt 0.309054 0.776883
vt 0.324518 0.797121
vt 0.306840 0.808309
vt 0.285140 0.809951
vt 0.250681 0.736273
vt 0.250577 0.783438
vt 0.211604 0.744772
vt 0.266375 0.804628
vt 0.085174 0.407681
vt 0.077320 0.404197
vt 0.115815 0.398525
vt 0.230087 0.799406
vt 0.207951 0.786590
vt 0.241232 0.819710
vt 0.171017 0.781884
vt 0.150446 0.813695
vt 0.205965 0.823509
vt 0.184601 0.826340
vt 0.255854 0.842106
vt 0.220786 0.850072
vt 0.244192 0.871345
vt 0.296820 0.832737
vt 0.271177 0.858005
vt 0.123465 0.369495
vt 0.151358 0.387317
vt 0.170465 0.358973
vt 0.129945 0.333453
vt 0.165077 0.329692
vt 0.164099 0.839000
vt 0.199762 0.860820
vt 0.181598 0.848995
vt 0.166682 0.879532
vt 0.143918 0.866287
vt 0.183364 0.898643
vt 0.178480 0.387917
vt 0.192782 0.374450
vt 0.195383 0.382879
vt 0.231895 0.880347
vt 0.210421 0.890115
vt 0.204763 0.351282
vt 0.212497 0.368180
vt 0.221955 0.889133
vt 0.193603 0.310637
vt 0.221076 0.319675
vt 0.226150 0.350813
vt 0.231153 0.372978
vt 0.247066 0.358578
vt 0.143839 0.305342
vt 0.174669 0.287365
vt 0.161281 0.295658
vt 0.155661 0.280213
vt 0.193294 0.269300
vt 0.085881 0.366864
vt 0.155363 0.261151
vt 0.043111 0.415289
vt 0.056737 0.378636
vt 0.068866 0.213588
vt 0.061779 0.243192
vt 0.081547 0.338049
vt 0.106646 0.344979
vt 0.058237 0.354589
vt 0.041821 0.280686
vt 0.053793 0.318153
vt 0.033540 0.344474
vt 0.024139 0.319068
vt 0.066269 0.272593
vt 0.049021 0.259508
vt 0.068835 0.305344
vt 0.098404 0.276317
vt 0.130060 0.266376
vt 0.120096 0.299894
vt 0.092132 0.322871
vt 0.096400 0.295694
vt 0.110475 0.257304
vt 0.122721 0.229011
vt 0.095706 0.237012
vt 0.095099 0.208204
vt 0.099311 0.177812
vt 0.119327 0.197807
vt 0.070645 0.180993
vt 0.134704 0.203712
vt 0.140753 0.225559
vt 0.161734 0.238859
vt 0.053835 0.728311
vt 0.067015 0.765168
vt 0.089293 0.792386
vt 0.126255 0.840122
vt 0.103930 0.866146
vt 0.113438 0.896828
vt 0.145421 0.884538
vt 0.759239 0.464640
vt 0.723669 0.469503
vt 0.727671 0.438120
vt 0.762385 0.430497
vt 0.028565 0.826191
vt 0.031240 0.776609
vt 0.069136 0.834467
vt 0.026733 0.858353
vt 0.058529 0.876025
vt 0.077094 0.902578
vt 0.033298 0.893134
vt 0.763037 0.512851
vt 0.796039 0.492194
vt 0.829721 0.473836
vt 0.814173 0.508503
vt 0.854599 0.456069
vt 0.851852 0.480457
vt 0.849023 0.508212
vt 0.818694 0.426411
vt 0.795037 0.445108
vt 0.794033 0.420342
vt 0.839858 0.441273
vt 0.070296 0.930529
vt 0.051291 0.918502
vt 0.088299 0.933462
vt 0.098167 0.912186
vt 0.336529 0.245107
vt 0.354185 0.268186
vt 0.339129 0.276064
vt 0.412810 0.298075
vt 0.383096 0.313530
vt 0.378683 0.287694
vt 0.413993 0.342050
vt 0.364292 0.244212
vt 0.380081 0.257895
vt 0.401100 0.239897
vt 0.037954 0.926840
vt 0.007514 0.930602
vt 0.021351 0.910457
vt 0.384064 0.212057
vt 0.342453 0.219279
vt 0.376997 0.273840
vt 0.358558 0.201825
vt 0.395844 0.273777
vt 0.428323 0.320030
vt 0.325800 0.175902
vt 0.309782 0.144188
vt 0.328055 0.151489
vt 0.335661 0.164950
vt 0.459685 0.350081
vt 0.458584 0.367048
vt 0.438912 0.357722
vt 0.451189 0.341024
vt 0.435686 0.332019
vt 0.348112 0.171061
vt 0.365206 0.179495
vt 0.469137 0.404035
vt 0.453723 0.381707
vt 0.478435 0.379528
vt 0.319071 0.205160
vt 0.269510 0.340469
vt 0.272808 0.323750
vt 0.280794 0.331929
vt 0.147029 0.923308
vt 0.162356 0.909104
vt 0.157947 0.919302
vt 0.250800 0.335552
vt 0.255592 0.351173
vt 0.262852 0.348653
vt 0.177258 0.909448
vt 0.266929 0.300860
vt 0.183469 0.233240
vt 0.204928 0.233126
vt 0.214297 0.257958
vt 0.222960 0.290142
vt 0.246080 0.260368
vt 0.134346 0.174623
vt 0.150347 0.193642
vt 0.169841 0.199363
vt 0.168629 0.177689
vt 0.159560 0.216074
vt 0.137448 0.931302
vt 0.120877 0.945225
vt 0.110193 0.931456
vt 0.144478 0.940053
vt 0.100397 0.945668
vt 0.323604 0.286005
vt 0.312404 0.259061
vt 0.334273 0.288246
vt 0.293188 0.286180
vt 0.301095 0.302024
vt 0.197381 0.164563
vt 0.172921 0.160262
vt 0.199578 0.181533
vt 0.217896 0.181645
vt 0.218535 0.155279
vt 0.194333 0.132159
vt 0.242936 0.160489
vt 0.249348 0.138513
vt 0.263129 0.163858
vt 0.284379 0.162402
vt 0.285934 0.144359
vt 0.299136 0.183012
vt 0.267613 0.189117
vt 0.269596 0.263056
vt 0.291233 0.239025
vt 0.315940 0.232403
vt 0.260871 0.239664
vt 0.270607 0.221185
vt 0.286252 0.204123
vt 0.246522 0.220229
vt 0.198064 0.205587
vt 0.229344 0.236461
vt 0.232875 0.225216
vt 0.219111 0.202688
vt 0.235283 0.193267
vt 0.254392 0.189890
vt 0.250236 0.206031
vt 0.142646 0.145416
vt 0.138857 0.943388
vt 0.333858 0.779396
vt 0.029988 0.754013
vt 0.356282 0.306654
vt 0.077661 0.942603
vt 0.276058 0.127823
vt 0.575011 0.501962
vt 0.571027 0.527804
vt 0.565909 0.491539
vt 0.609652 0.590411
vt 0.662237 0.649688
vt 0.598962 0.629300
vt 0.653604 0.590242
vt 0.657328 0.699975
vt 0.698521 0.723300
vt 0.665655 0.671122
vt 0.639819 0.668460
vt 0.698904 0.663717
vt 0.696330 0.612177
vt 0.725841 0.680943
vt 0.737394 0.622617
vt 0.704918 0.751945
vt 0.735142 0.727416
vt 0.737259 0.704564
vt 0.162474 0.483855
vt 0.162171 0.507427
vt 0.140112 0.532760
vt 0.715267 0.601391
vt 0.750486 0.665542
vt 0.579489 0.572178
vt 0.613724 0.560581
vt 0.602740 0.517133
vt 0.632855 0.526644
vt 0.591402 0.495191
vt 0.665851 0.557722
vt 0.701387 0.555976
vt 0.165640 0.542958
vt 0.365594 0.551957
vt 0.335426 0.563793
vt 0.344778 0.549649
vt 0.317497 0.581018
vt 0.354040 0.579702
vt 0.344486 0.597754
vt 0.382883 0.606693
vt 0.384586 0.573860
vt 0.400471 0.588003
vt 0.425342 0.606521
vt 0.417474 0.567902
vt 0.410534 0.547140
vt 0.364000 0.526589
vt 0.386214 0.531057
vt 0.509183 0.634947
vt 0.480330 0.634251
vt 0.497250 0.609849
vt 0.459658 0.604607
vt 0.430820 0.569034
vt 0.462426 0.575175
vt 0.446998 0.559595
vt 0.415509 0.525744
vt 0.409074 0.497969
vt 0.450976 0.524103
vt 0.385809 0.493697
vt 0.188414 0.467125
vt 0.182572 0.449742
vt 0.763603 0.696954
vt 0.776081 0.678628
vt 0.208352 0.432929
vt 0.780092 0.612873
vt 0.775307 0.656072
vt 0.255756 0.424989
vt 0.276465 0.437171
vt 0.259814 0.452432
vt 0.797968 0.648162
vt 0.242308 0.544725
vt 0.222729 0.540808
vt 0.238120 0.521568
vt 0.239587 0.563818
vt 0.206659 0.556852
vt 0.263963 0.549521
vt 0.192251 0.500504
vt 0.186049 0.537171
vt 0.253472 0.485372
vt 0.233776 0.497130
vt 0.269074 0.469104
vt 0.258330 0.515678
vt 0.277074 0.501844
vt 0.282854 0.525989
vt 0.269932 0.589090
vt 0.291268 0.569225
vt 0.299288 0.584732
vt 0.323399 0.547741
vt 0.298635 0.544504
vt 0.298913 0.433278
vt 0.310425 0.461616
vt 0.290698 0.470556
vt 0.309359 0.526665
vt 0.295257 0.502998
vt 0.326334 0.524302
vt 0.311687 0.503949
vt 0.307865 0.480730
vt 0.352171 0.493998
vt 0.365029 0.501059
vt 0.347148 0.518059
vt 0.332593 0.486350
vt 0.750588 0.586120
vt 0.796507 0.620861
vt 0.812886 0.622314
vt 0.227101 0.404256
vt 0.252214 0.381759
vt 0.810077 0.597413
vt 0.274746 0.407628
vt 0.301676 0.411143
vt 0.324313 0.417485
vt 0.322174 0.434126
vt 0.281079 0.374248
vt 0.356249 0.428201
vt 0.344744 0.457830
vt 0.372578 0.476027
vt 0.370650 0.450403
vt 0.395084 0.462507
vt 0.064359 0.055694
vt 0.085361 0.660440
vt 0.075473 0.113315
vt 0.071321 0.143711
vt 0.065250 0.640731
vt 0.039051 0.628074
vt 0.054547 0.610893
vt 0.059084 0.027860
vt 0.096796 0.036308
vt 0.067013 0.615026
vt 0.056176 0.659969
vt 0.033783 0.648339
vt 0.052530 0.706729
vt 0.106793 0.125185
vt 0.080188 0.091355
vt 0.116591 0.098718
vt 0.023009 0.717956
vt 0.027348 0.708928
vt 0.671019 0.451434
vt 0.682086 0.437076
vt 0.690800 0.455703
vt 0.662765 0.459996
vt 0.644256 0.474405
vt 0.649622 0.455465
vt 0.627592 0.493490
vt 0.664186 0.485129
vt 0.670575 0.518538
vt 0.024027 0.699771
vt 0.625459 0.448689
vt 0.691253 0.492456
vt 0.026586 0.669497
vt 0.018026 0.655481
vt 0.597653 0.473857
vt 0.586653 0.435375
vt 0.605907 0.438151
vt 0.031480 0.682638
vt 0.575360 0.450638
vt 0.570968 0.427241
vt 0.583045 0.416237
vt 0.602041 0.425787
vt 0.627013 0.432621
vt 0.561417 0.466001
vt 0.637995 0.438618
vt 0.020512 0.680561
vt 0.013254 0.621881
vt 0.092968 0.012401
vt 0.008713 0.630882
vt 0.554251 0.436814
vt 0.518568 0.585667
vt 0.541414 0.584661
vt 0.525561 0.607129
vt 0.114179 0.032619
vt 0.557059 0.602928
vt 0.549168 0.610408
vt 0.544549 0.626157
vt 0.545915 0.446356
vt 0.530257 0.632239
vt 0.495475 0.568524
vt 0.514039 0.559613
vt 0.125643 0.068426
vt 0.138597 0.055392
vt 0.151130 0.077174
vt 0.507919 0.546982
vt 0.500621 0.540790
vt 0.153867 0.060225
vt 0.164647 0.061292
vt 0.489412 0.532708
vt 0.477579 0.551341
vt 0.063464 0.010495
vt 0.774542 0.548696
vt 0.715759 0.516650
vt 0.733725 0.546484
vt 0.805164 0.564103
vt 0.825003 0.544917
vt 0.338395 0.336411
vt 0.320115 0.327513
vt 0.336902 0.318141
vt 0.832775 0.574190
vt 0.842714 0.542752
vt 0.329176 0.356257
vt 0.291108 0.346454
vt 0.839520 0.525241
vt 0.314421 0.378223
vt 0.421164 0.375946
vt 0.442732 0.406131
vt 0.416119 0.412504
vt 0.484911 0.431669
vt 0.467416 0.441972
vt 0.483785 0.408350
vt 0.496460 0.504012
vt 0.503870 0.523813
vt 0.475507 0.507866
vt 0.495395 0.487409
vt 0.472886 0.479161
vt 0.487194 0.456505
vt 0.349542 0.392598
vt 0.444367 0.458439
vt 0.433538 0.474361
vt 0.433868 0.441180
vt 0.411538 0.461835
vt 0.458428 0.494310
vt 0.437383 0.496830
vt 0.372891 0.347866
vt 0.363012 0.374240
vt 0.372497 0.407988
vt 0.393955 0.390224
vt 0.396915 0.432144
vt 0.374271 0.374067
vt 0.370704 0.332506
vt 0.394070 0.347874
vt 0.135951 0.117928
vt 0.099980 0.144728
vt 0.157933 0.132641
vt 0.163365 0.103879
vt 0.191361 0.100347
vt 0.212806 0.122184
vt 0.174384 0.079383
vt 0.213199 0.090801
vt 0.235497 0.110451
vt 0.118505 0.160750
vt 0.520864 0.637827
vt 0.533763 0.454558
vt 0.567555 0.549174
vt 0.193884 0.081387
vt 0.239520 0.098106
vt 0.252389 0.109001
vt 0.551470 0.529095
vt 0.531870 0.468395
vt 0.617549 0.984095
vt 0.597216 0.659618
vt 0.582320 0.596309
vt 0.566934 0.583033
vt 0.686636 0.764884
vt 0.408820 0.627599
vt 0.374305 0.624064
vt 0.468727 0.641762
vt 0.387338 0.634533
vt 0.674168 0.277854
vt 0.626681 0.889927
vt 0.232612 0.691453
vt 0.207404 0.678610
vt 0.232977 0.675258
vt 0.019351 0.036538
vt 0.070220 0.591843
vt 0.337299 0.762350
vt 0.032285 0.391700
vt 0.011783 0.346421
vt 0.031851 0.237876
vt 0.013729 0.268318
vt 0.012757 0.248312
vt 0.129875 0.652755
vt 0.128087 0.637177
vn -0.0236 -0.0243 -0.9994
vn -0.0544 0.0316 -0.9980
vn 0.0202 0.0092 -0.9998
vn -0.1915 0.0167 -0.9813
vn -0.0194 0.0106 -0.9998
vn -0.0184 0.0022 -0.9998
vn -0.3541 -0.0659 -0.9329
vn -0.6312 0.0213 -0.7754
vn -0.1434 -0.0584 -0.9879
vn -0.0435 -0.0035 -0.9990
vn -0.2189 0.0037 -0.9757
vn -0.0012 0.0458 -0.9989
vn -0.0160 -0.0020 -0.9999
vn -0.4277 0.1753 -0.8868
vn -0.8867 0.2796 -0.3683
vn -0.8339 -0.1941 -0.5167
vn -0.9549 -0.1544 -0.2535
vn -0.9139 -0.0417 -0.4038
vn -0.6595 -0.2184 -0.7193
vn -0.0364 -0.0034 -0.9993
vn -0.0531 -0.0279 -0.9982
vn -0.2067 -0.1313 -0.9696
vn -0.9633 -0.2672 -0.0270
vn -0.8995 -0.4320 -0.0659
vn -0.8832 -0.4584 -0.0990
vn -0.7748 -0.6161 -0.1414
vn -0.5778 -0.5666 -0.5875
vn -0.6433 -0.4081 -0.6478
vn -0.8361 -0.5471 -0.0416
vn -0.9211 -0.3892 0.0137
vn -0.7428 -0.6688 -0.0308
vn -0.6865 -0.7152 -0.1313
vn -0.9433 -0.3278 0.0534
vn -0.7062 -0.6975 0.1214
vn 0.1393 0.0685 -0.9879
vn -0.0410 0.0313 -0.9987
vn 0.0146 -0.0074 -0.9999
vn 0.1520 -0.1296 -0.9798
vn -0.0021 0.0228 -0.9997
vn -0.3295 -0.4803 -0.8129
vn -0.5598 -0.8213 -0.1099
vn -0.5767 -0.8157 -0.0445
vn -0.6822 -0.7291 0.0549
vn -0.5795 -0.8146 -0.0240
vn -0.6209 -0.7764 0.1079
vn -0.7360 -0.6745 0.0585
vn -0.5636 -0.8132 0.1452
vn 0.4179 0.9035 0.0955
vn 0.5753 0.7606 0.3010
vn 0.8028 0.5425 0.2476
vn 0.7038 0.7085 0.0525
vn 0.6294 0.7479 0.2112
vn 0.8739 0.4654 0.1403
vn 0.9256 -0.0143 0.3784
vn 0.9175 -0.2648 -0.2968
vn 0.6553 0.5718 -0.4936
vn 0.8362 -0.0685 -0.5441
vn 0.8921 -0.1387 -0.4301
vn 0.7449 -0.5272 -0.4089
vn 0.5833 0.3708 -0.7227
vn 0.6914 -0.0734 -0.7187
vn 0.7773 0.6291 0.0011
vn 0.4140 0.6974 -0.5850
vn 0.6487 0.4697 -0.5987
vn 0.3394 0.7842 -0.5195
vn 0.7045 0.4016 -0.5852
vn 0.3654 0.4310 -0.8250
vn 0.0987 0.2309 -0.9680
vn 0.1774 0.9331 0.3127
vn 0.0676 0.9538 -0.2926
vn -0.1718 0.9043 0.3907
vn 0.0486 0.1425 -0.9886
vn 0.2193 0.4486 -0.8664
vn -0.0285 0.0191 -0.9994
vn 0.9809 0.1263 0.1478
vn -0.0233 0.8840 -0.4668
vn -0.0297 0.4994 -0.8659
vn -0.0796 -0.0261 -0.9965
vn 0.0041 0.0425 -0.9991
vn 0.4440 0.7040 0.5542
vn 0.2692 0.9414 0.2033
vn 0.4654 0.5938 0.6564
vn 0.0449 0.7731 0.6327
vn 0.6565 0.5751 0.4881
vn -0.2097 0.8618 -0.4619
vn -0.2082 0.7917 -0.5743
vn -0.1494 0.7094 -0.6888
vn 0.1232 0.6035 -0.7878
vn -0.1541 0.9854 0.0728
vn -0.1229 0.8408 0.5272
vn -0.0662 0.9830 0.1713
vn -0.3259 0.8755 0.3569
vn -0.1531 0.9086 0.3885
vn -0.0120 0.9320 0.3622
vn 0.7811 0.4477 0.4352
vn 0.0097 0.1080 -0.9941
vn -0.9995 -0.0311 -0.0032
vn -0.9916 -0.1289 0.0139
vn -0.9914 0.0692 0.1110
vn -0.9796 -0.1993 -0.0272
vn -0.9718 -0.2346 -0.0217
vn -0.9872 0.0935 -0.1291
vn -0.9983 -0.0406 0.0424
vn -0.9750 -0.1859 -0.1216
vn -0.9678 -0.2296 -0.1034
vn -0.9704 -0.2035 0.1299
vn -0.9558 -0.2834 -0.0780
vn -0.9229 -0.3820 -0.0475
vn -0.9527 -0.2888 0.0950
vn -0.9313 -0.3018 0.2038
vn -0.7782 -0.3464 0.5238
vn -0.6645 -0.4230 0.6160
vn -0.5009 -0.4108 0.7618
vn -0.4597 -0.3414 0.8198
vn -0.4769 -0.2281 0.8488
vn -0.6016 -0.6870 0.4076
vn -0.8012 -0.4615 0.3809
vn -0.5467 -0.6251 0.5571
vn -0.4919 -0.5759 0.6530
vn -0.8798 -0.4313 0.2001
vn -0.3346 -0.1833 0.9244
vn -0.1290 -0.0460 0.9906
vn -0.1833 -0.0611 0.9812
vn -0.1006 -0.1408 0.9849
vn -0.2825 -0.1253 0.9510
vn -0.3752 -0.2916 0.8799
vn -0.8003 -0.1257 0.5863
vn -0.8955 -0.2123 0.3912
vn -0.7205 -0.1400 0.6792
vn -0.4769 -0.4819 0.7351
vn -0.5673 -0.3830 0.7290
vn -0.5755 -0.7626 0.2953
vn -0.5391 -0.6852 0.4898
vn -0.5698 -0.5170 0.6388
vn -0.5248 -0.5019 0.6875
vn -0.0665 -0.0953 0.9932
vn 0.0130 -0.0312 0.9994
vn 0.0729 -0.0760 0.9944
vn 0.2487 0.0449 0.9675
vn 0.1222 0.1130 0.9861
vn 0.1038 0.1210 0.9872
vn 0.2586 0.2650 0.9289
vn 0.4491 0.1914 0.8728
vn 0.5741 0.5041 0.6452
vn -0.4412 -0.8637 -0.2436
vn -0.4060 -0.7153 0.5688
vn -0.4153 -0.8706 0.2638
vn -0.3546 -0.9166 0.1850
vn -0.3014 -0.7705 -0.5617
vn -0.2531 -0.4778 -0.8412
vn -0.0082 -0.6509 -0.7591
vn -0.1719 -0.9709 -0.1669
vn -0.4027 -0.8635 0.3035
vn -0.3171 -0.9137 0.2543
vn -0.2948 -0.9450 0.1419
vn -0.0714 -0.9902 0.1204
vn -0.1578 -0.9760 0.1501
vn -0.1770 -0.9816 0.0721
vn -0.4273 -0.8359 0.3445
vn -0.4954 -0.8655 0.0748
vn -0.4263 -0.8833 0.1951
vn -0.4541 -0.8901 0.0404
vn -0.2709 -0.9445 -0.1858
vn -0.4759 -0.8793 0.0185
vn -0.4620 -0.8843 -0.0675
vn -0.3020 -0.9532 -0.0176
vn -0.4304 -0.8911 -0.1439
vn -0.3940 -0.9184 -0.0348
vn -0.3787 -0.9090 0.1742
vn -0.2117 -0.9533 0.2152
vn -0.3222 -0.8849 0.3363
vn -0.1994 -0.9748 0.1004
vn -0.1378 -0.9797 0.1453
vn -0.1984 -0.9676 0.1564
vn -0.2623 -0.8722 0.4129
vn -0.3056 -0.7838 0.5407
vn -0.3771 -0.8762 0.3001
vn -0.4341 -0.8763 0.2088
vn -0.4999 -0.8463 0.1839
vn -0.5329 -0.8085 0.2496
vn -0.5228 -0.7457 0.4132
vn -0.5818 -0.7175 0.3830
vn -0.2319 -0.8012 0.5516
vn -0.4817 -0.7078 0.5167
vn -0.2118 -0.7099 0.6717
vn -0.2104 -0.6788 0.7036
vn -0.2570 -0.4205 0.8701
vn -0.0542 -0.3553 0.9332
vn -0.1663 -0.5166 0.8399
vn -0.1310 -0.5621 0.8166
vn -0.1238 -0.7876 0.6036
vn -0.2626 -0.8437 0.4682
vn -0.1461 -0.3379 -0.9298
vn -0.0646 -0.9921 0.1074
vn -0.0076 -0.0285 -0.9996
vn 0.0093 -0.0281 -0.9996
vn -0.0910 -0.1277 -0.9876
vn 0.0220 -0.1371 -0.9903
vn 0.0130 -0.0185 -0.9997
vn -0.0200 -0.0553 -0.9983
vn -0.0174 0.0091 -0.9998
vn -0.0077 0.0851 -0.9963
vn 0.0041 0.0064 -1.0000
vn -0.0620 -0.1903 0.9798
vn 0.1483 0.3373 0.9296
vn 0.0684 0.0169 0.9975
vn 0.0688 0.4354 0.8976
vn 0.0312 0.2817 0.9590
vn 0.0148 0.0722 0.9973
vn -0.0770 0.6442 0.7610
vn -0.0876 0.6429 0.7609
vn 0.2762 0.8730 0.4020
vn 0.0351 0.6133 0.7891
vn 0.3382 0.8433 0.4178
vn 0.0289 0.8463 0.5320
vn -0.1944 0.8246 0.5312
vn -0.2658 0.7321 0.6272
vn -0.0731 0.9288 0.3633
vn 0.0113 -0.3543 0.9351
vn 0.0063 -0.4828 0.8757
vn 0.1382 -0.3326 0.9329
vn 0.1057 -0.2866 0.9522
vn 0.0334 -0.2654 0.9635
vn 0.0999 -0.2559 0.9615
vn -0.1279 -0.2500 0.9598
vn -0.0302 -0.2222 0.9745
vn 0.0318 -0.2551 0.9664
vn -0.0988 -0.0956 0.9905
vn -0.0767 0.3565 0.9311
vn 0.0324 0.0066 0.9995
vn -0.0274 0.4958 0.8680
vn 0.0016 0.5270 0.8499
vn -0.2462 -0.7055 0.6645
vn -0.1856 -0.6393 0.7462
vn -0.0163 -0.3718 0.9282
vn -0.1265 -0.1663 0.9779
vn 0.0622 -0.2664 0.9619
vn -0.0345 -0.2217 0.9745
vn -0.0499 -0.9541 0.2953
vn 0.1071 -0.8453 0.5234
vn -0.0597 -0.8308 0.5533
vn 0.0668 -0.6268 0.7763
vn 0.5966 -0.3961 -0.6980
vn 0.6104 -0.6018 -0.5150
vn 0.0917 -0.9808 0.1720
vn 0.1200 -0.9496 -0.2896
vn 0.1044 -0.9915 0.0776
vn -0.3526 0.1959 -0.9150
vn -0.0880 0.0342 -0.9955
vn -0.7803 0.4485 -0.4358
vn -0.4990 0.3752 -0.7811
vn 0.8531 -0.5042 0.1343
vn 0.9822 0.1843 0.0362
vn 0.9769 -0.1389 0.1622
vn 0.9431 -0.1291 0.3066
vn 0.8693 -0.2006 0.4517
vn 0.7792 -0.6166 0.1127
vn 0.6326 -0.7502 0.1924
vn 0.7653 -0.4087 0.4972
vn -0.9317 0.3125 0.1852
vn -0.8951 0.4383 0.0819
vn -0.8300 0.5429 0.1279
vn -0.8853 0.1232 0.4484
vn -0.8612 0.1829 0.4742
vn -0.7930 0.2035 0.5742
vn -0.7672 0.0724 0.6373
vn -0.6394 0.1316 0.7576
vn -0.4906 0.0504 0.8699
vn -0.9090 0.0189 0.4163
vn -0.6421 -0.0469 0.7652
vn -0.8406 0.2328 0.4891
vn -0.7525 -0.0094 0.6586
vn -0.3872 -0.0482 0.9208
vn -0.2594 -0.1254 0.9576
vn -0.9547 0.1299 0.2677
vn -0.9697 0.2434 0.0191
vn -0.9271 0.3315 -0.1747
vn -0.9719 0.2337 -0.0292
vn -0.9946 0.0983 -0.0346
vn -0.9455 0.1897 0.2647
vn -0.9438 -0.1418 0.2984
vn -0.9265 0.2660 0.2660
vn -0.9824 0.1663 -0.0845
vn -0.9159 0.3991 -0.0424
vn -0.8580 0.5128 -0.0297
vn -0.9516 0.2299 0.2039
vn -0.6584 0.3210 0.6808
vn -0.8143 0.3093 0.4911
vn -0.7754 0.3942 -0.4933
vn -0.9449 0.3249 0.0400
vn -0.9198 0.3220 -0.2242
vn -0.7549 0.4222 0.5019
vn -0.8187 0.5445 0.1823
vn -0.6522 0.5383 0.5337
vn -0.8343 0.5249 -0.1685
vn -0.9265 0.3694 -0.0720
vn -0.6233 0.2761 0.7316
vn -0.4756 0.2758 0.8353
vn -0.6096 0.3084 0.7302
vn -0.4565 0.2400 0.8568
vn -0.8362 0.5483 0.0128
vn -0.8045 0.5833 0.1123
vn -0.8246 0.5630 -0.0554
vn -0.8257 0.5556 -0.0976
vn -0.7787 0.5714 0.2590
vn -0.5124 0.3058 0.8024
vn -0.5081 0.1620 0.8459
vn -0.2190 0.0165 0.9756
vn -0.1524 0.1771 0.9723
vn -0.6423 0.4794 0.5980
vn -0.4638 0.6139 0.6387
vn -0.5981 0.2450 0.7630
vn -0.3019 0.1377 0.9434
vn -0.1812 0.1957 0.9638
vn 0.0391 0.1260 0.9913
vn -0.1841 0.0884 0.9789
vn 0.0019 -0.0136 0.9999
vn -0.2548 0.1602 0.9536
vn -0.0532 0.0253 0.9983
vn 0.0667 -0.1097 0.9917
vn 0.2874 -0.1124 0.9512
vn -0.1962 0.0721 0.9779
vn 0.5061 -0.2599 0.8224
vn 0.8191 0.2998 0.4890
vn 0.4114 0.2911 0.8637
vn 0.8267 0.0025 0.5626
vn 0.7076 0.2291 0.6685
vn 0.5555 -0.5463 0.6269
vn 0.7642 -0.1534 0.6265
vn 0.1866 0.2280 0.9556
vn 0.1297 0.1029 0.9862
vn -0.0146 0.0716 0.9973
vn -0.1816 0.0265 0.9830
vn -0.1076 -0.0093 0.9941
vn 0.0281 -0.0193 0.9994
vn 0.0166 -0.0665 0.9976
vn -0.0351 -0.2716 0.9618
vn -0.6062 -0.0400 0.7943
vn -0.4771 -0.0338 0.8782
vn 0.2529 -0.3793 0.8901
vn 0.3447 -0.1171 0.9314
vn 0.1878 -0.2977 0.9360
vn 0.2570 -0.1004 0.9612
vn -0.0624 -0.0293 0.9976
vn 0.4624 0.1138 0.8793
vn 0.7272 -0.2838 0.6250
vn 0.4116 -0.4733 0.7788
vn 0.6038 0.0807 0.7930
vn 0.3861 -0.3766 0.8421
vn -0.0195 -0.9450 -0.3265
vn 0.7257 -0.4658 -0.5065
vn 0.1181 -0.9930 -0.0006
vn -0.0580 0.1672 -0.9842
vn -0.2256 0.7837 -0.5788
vn -0.0986 0.4273 -0.8987
vn -0.2079 0.5459 -0.8117
vn -0.3317 0.3562 -0.8735
vn -0.1025 0.0710 -0.9922
vn -0.0198 -0.0149 -0.9997
vn -0.0036 -0.0472 -0.9989
vn -0.0315 -0.2040 -0.9785
vn -0.0379 -0.0237 -0.9990
vn 0.0351 0.0370 -0.9987
vn -0.0093 0.0136 -0.9999
vn 0.0445 0.0515 -0.9977
vn 0.0368 0.1758 -0.9837
vn -0.0791 0.8895 -0.4500
vn -0.2086 0.9709 0.1176
vn -0.2559 -0.7668 -0.5887
vn 0.1376 -0.8020 -0.5813
vn -0.3832 -0.8490 -0.3637
vn 0.2860 -0.4336 -0.8545
vn 0.0395 -0.0004 -0.9992
vn -0.1187 -0.2662 -0.9566
vn 0.0372 0.0112 -0.9992
vn -0.3783 -0.8304 -0.4090
vn -0.3042 -0.9347 -0.1839
vn -0.2914 -0.8599 -0.4191
vn -0.2188 -0.8830 -0.4152
vn -0.3624 -0.9307 -0.0490
vn -0.2496 -0.9181 0.3077
vn -0.0779 -0.9844 0.1576
vn -0.2466 -0.9284 0.2780
vn 0.8024 -0.5499 0.2319
vn -0.0279 0.9605 -0.2767
vn -0.2822 0.9593 0.0008
vn 0.0113 0.7503 -0.6610
vn 0.0838 0.9416 -0.3263
vn -0.2013 0.9693 -0.1411
vn -0.7348 0.6159 0.2842
vn -0.8037 0.5834 -0.1172
vn -0.2099 0.2236 -0.9518
vn -0.4041 0.4217 0.8117
vn -0.3709 0.5294 0.7630
vn -0.7494 0.6375 0.1790
vn -0.6025 0.5017 0.6207
vn -0.6171 0.5574 0.5554
vn -0.7373 0.6499 -0.1844
vn 0.0600 -0.2286 0.9717
vn 0.0841 -0.1042 0.9910
vn 0.1631 -0.2388 0.9573
vn -0.0087 -0.1063 0.9943
vn -0.7069 0.6507 0.2774
vn -0.7175 0.6952 0.0432
vn -0.4717 0.5319 -0.7033
vn -0.5872 0.8027 -0.1047
vn -0.5589 0.8287 0.0291
vn -0.4829 0.8267 -0.2889
vn -0.5525 0.8332 0.0227
vn -0.3573 0.9340 -0.0032
vn -0.3217 0.8901 -0.3227
vn -0.7132 0.6982 0.0614
vn -0.5474 0.7951 -0.2612
vn -0.4943 0.8652 -0.0848
vn -0.5970 0.7247 0.3441
vn -0.4786 0.8732 -0.0918
vn -0.3283 0.8143 0.4787
vn -0.3578 0.9063 -0.2250
vn -0.6085 0.6328 0.4789
vn -0.4688 0.7320 0.4944
vn -0.5715 0.5261 0.6297
vn -0.3045 0.3755 0.8753
vn -0.3898 0.4956 0.7761
vn -0.2870 0.6905 0.6640
vn -0.1729 0.4294 0.8864
vn -0.2636 0.5994 0.7558
vn -0.2845 0.5466 0.7876
vn -0.1439 0.5507 0.8222
vn -0.1826 0.9822 0.0440
vn -0.3393 0.9136 -0.2242
vn -0.2302 0.9727 0.0276
vn -0.2346 0.9283 -0.2885
vn -0.2649 0.9107 -0.3171
vn -0.2535 0.9673 -0.0134
vn -0.2275 0.8789 0.4193
vn -0.2059 0.9773 -0.0498
vn -0.2056 0.6622 0.7206
vn -0.0515 -0.0000 0.9987
vn -0.0862 0.3053 0.9483
vn -0.2582 0.3620 0.8957
vn 0.0358 0.2190 0.9751
vn 0.3012 -0.4831 0.8221
vn 0.4250 -0.9028 0.0662
vn 0.4217 -0.8303 0.3642
vn 0.3594 -0.6964 0.6211
vn -0.2980 0.9272 -0.2268
vn -0.1975 0.9417 0.2724
vn -0.2020 0.7367 0.6454
vn -0.0805 0.9639 -0.2537
vn 0.1579 0.9712 0.1787
vn 0.1317 0.9097 0.3938
vn 0.0374 0.9819 -0.1855
vn -0.0082 0.9229 0.3851
vn 0.0310 0.9741 -0.2241
vn -0.2022 0.9516 -0.2315
vn -0.0824 0.8049 0.5877
vn -0.0965 0.4595 0.8829
vn -0.0808 0.5292 0.8446
vn 0.0260 -0.0480 0.9985
vn -0.0079 0.3013 0.9535
vn -0.0233 0.2967 0.9547
vn -0.0387 -0.0684 0.9969
vn 0.0348 -0.3086 0.9506
vn 0.0420 -0.3330 0.9420
vn 0.1092 -0.3105 0.9443
vn 0.1131 -0.3271 0.9382
vn 0.1930 -0.5708 0.7981
vn 0.0870 -0.4445 0.8915
vn 0.0004 -0.5338 0.8456
vn -0.1188 0.3744 0.9196
vn -0.0179 0.3677 0.9298
vn -0.1392 0.3371 0.9311
vn -0.0574 0.1269 0.9902
vn -0.0980 0.4180 0.9031
vn 0.0926 0.7344 0.6723
vn 0.0061 0.5466 0.8374
vn -0.0639 0.3015 0.9513
vn 0.0190 0.6085 0.7933
vn -0.0662 -0.9680 0.2419
vn 0.1480 -0.9827 0.1110
vn -0.2509 -0.9487 0.1924
vn -0.1794 -0.8147 0.5514
vn 0.2476 -0.8812 0.4027
vn 0.1869 -0.7651 0.6162
vn 0.2980 -0.7831 0.5459
vn 0.4789 -0.8778 0.0125
vn -0.0496 -0.2639 0.9633
vn 0.1112 0.9771 -0.1814
vn 0.0077 -0.0117 -0.9999
vn -0.1296 -0.3438 -0.9300
vn 0.0039 0.0248 -0.9997
vn -0.0537 -0.0256 -0.9982
vn -0.0042 -0.0461 -0.9989
vn -0.0454 -0.0351 -0.9984
vn 0.0700 0.9673 -0.2437
vn 0.1283 0.9562 -0.2632
vn 0.1775 0.9643 -0.1966
vn 0.1993 0.9586 -0.2033
vn 0.0725 0.5936 -0.8015
vn 0.1696 0.9359 -0.3087
vn 0.0139 0.2189 -0.9756
vn 0.2374 0.9670 -0.0922
vn 0.2820 0.9327 -0.2249
vn 0.4601 0.8231 -0.3328
vn 0.2215 0.5423 -0.8104
vn 0.3690 0.9123 -0.1777
vn 0.0686 0.1096 -0.9916
vn 0.3087 0.2756 -0.9104
vn 0.4590 0.8171 -0.3489
vn 0.5331 0.6532 -0.5378
vn 0.3015 0.9415 -0.1508
vn 0.4980 0.8033 -0.3268
vn 0.3531 0.9323 -0.0779
vn 0.3881 0.9184 -0.0771
vn 0.4391 0.8981 -0.0247
vn 0.4350 0.8922 0.1212
vn 0.4651 0.8363 0.2905
vn 0.5628 0.7948 0.2273
vn 0.6447 0.5556 -0.5250
vn 0.6771 0.6572 -0.3312
vn 0.7222 0.6570 -0.2164
vn 0.7230 0.6308 -0.2817
vn 0.7593 0.6308 -0.1597
vn 0.7369 0.5499 -0.3932
vn 0.3866 0.9188 -0.0801
vn 0.4712 0.8248 -0.3125
vn 0.6684 0.6794 -0.3029
vn 0.6258 0.7375 0.2539
vn 0.7113 0.6972 -0.0891
vn 0.6363 0.7126 0.2954
vn 0.7395 0.6405 0.2070
vn 0.7832 0.6208 0.0337
vn 0.4174 0.7411 0.5259
vn 0.6063 0.6132 0.5063
vn 0.7290 0.6795 -0.0829
vn 0.4279 0.3589 0.8295
vn 0.6166 0.5470 0.5662
vn 0.2427 0.9666 0.0828
vn 0.4529 0.3853 0.8040
vn 0.0586 0.9976 -0.0366
vn -0.0769 -0.1267 0.9890
vn 0.0382 0.1786 0.9832
vn 0.1854 0.8673 0.4619
vn 0.3827 0.8764 0.2923
vn 0.1257 0.9253 0.3577
vn 0.0306 0.4483 0.8934
vn 0.1315 0.7429 0.6564
vn -0.0251 0.8968 0.4418
vn 0.0567 0.4755 0.8779
vn 0.1481 0.3535 0.9236
vn 0.1490 0.6501 0.7451
vn 0.2058 0.4926 0.8456
vn 0.3420 0.4333 0.8338
vn 0.3406 0.6772 0.6523
vn 0.2346 0.7987 0.5541
vn 0.2515 0.6264 0.7378
vn 0.2293 0.2320 0.9453
vn 0.0892 0.1779 0.9800
vn 0.1363 0.1086 0.9847
vn -0.0268 -0.0413 0.9988
vn -0.2077 -0.2719 0.9397
vn 0.0833 -0.0665 0.9943
vn -0.1633 -0.3916 0.9055
vn 0.0763 -0.0239 0.9968
vn 0.1662 0.1465 0.9752
vn 0.4015 0.2886 0.8692
vn -0.1647 -0.0722 -0.9837
vn 0.0006 -0.0158 -0.9999
vn 0.0682 0.0040 -0.9977
vn 0.5495 0.3896 -0.7391
vn 0.8256 0.3580 -0.4362
vn 0.8179 0.4492 -0.3595
vn 0.7333 0.6387 -0.2331
vn 0.3021 -0.0459 -0.9522
vn 0.0440 -0.0191 -0.9988
vn 0.0413 0.0099 -0.9991
vn 0.2660 -0.0125 -0.9639
vn 0.3766 0.0937 -0.9216
vn 0.6899 0.0118 -0.7238
vn 0.8787 0.2029 -0.4320
vn 0.9443 0.1717 -0.2808
vn 0.9788 0.0442 -0.2002
vn 0.4565 -0.1112 -0.8827
vn 0.7893 -0.2314 -0.5687
vn 0.9939 -0.0962 -0.0543
vn 0.9437 -0.2698 -0.1914
vn 0.9956 -0.0935 0.0099
vn 0.9936 -0.1085 0.0307
vn 0.9705 -0.2410 0.0039
vn 0.7388 -0.0311 -0.6732
vn 0.9942 -0.0460 -0.0968
vn 0.9756 0.1473 -0.1626
vn 0.9691 0.1661 -0.1823
vn 0.9801 -0.0155 -0.1978
vn 0.8000 0.2323 -0.5532
vn 0.9872 0.1575 0.0269
vn 0.9909 0.0998 0.0904
vn 0.9915 -0.1246 -0.0362
vn 0.9791 -0.1795 -0.0952
vn 0.9709 -0.1539 0.1832
vn 0.9947 -0.0544 -0.0877
vn 0.9815 -0.0120 -0.1912
vn 0.9854 -0.0610 0.1590
vn 0.9857 -0.1152 0.1231
vn 0.8610 -0.0047 0.5086
vn 0.5546 -0.1650 0.8156
vn 0.7636 0.0020 0.6457
vn 0.8272 -0.2256 0.5146
vn 0.8933 -0.1398 0.4272
vn 0.9253 -0.1407 0.3522
vn 0.9771 -0.1100 0.1821
vn 0.4053 -0.0786 0.9108
vn 0.6245 -0.0667 0.7781
vn 0.9141 0.1236 0.3861
vn 0.8503 0.4855 0.2030
vn 0.8260 0.5279 0.1976
vn 0.8608 0.4795 -0.1706
vn 0.6857 0.7152 -0.1353
vn 0.7362 0.6522 0.1806
vn 0.4436 0.8897 -0.1082
vn 0.7774 0.5874 0.2251
vn 0.3403 0.4116 0.8454
vn 0.4307 0.5287 0.7314
vn 0.6563 0.4258 0.6229
vn 0.7657 0.5799 0.2781
vn 0.7583 0.5007 0.4176
vn -0.0575 -0.1544 0.9863
vn 0.0315 0.0715 0.9969
vn 0.0152 0.2571 0.9663
vn -0.0631 -0.1414 0.9879
vn 0.2899 0.0635 0.9549
vn 0.8054 0.5821 -0.1114
vn 0.8728 0.4751 0.1119
vn 0.9027 0.3471 -0.2544
vn 0.9978 0.0036 0.0658
vn 0.9556 0.2508 0.1550
vn 0.8677 0.3687 0.3333
vn 0.1447 0.0020 0.9895
vn -0.1841 -0.2935 0.9380
vn 0.3080 -0.1087 0.9452
vn 0.2858 0.0736 0.9555
vn 0.2362 -0.0383 0.9709
vn -0.1427 -0.0948 0.9852
vn 0.2471 0.0996 0.9639
vn 0.1616 0.1237 0.9791
vn 0.3307 0.1454 0.9325
vn 0.5210 0.1699 0.8365
vn 0.4152 0.0578 0.9079
vn 0.7138 0.1435 0.6855
vn 0.5589 0.0991 0.8233
vn 0.8408 0.4313 0.3273
vn 0.8808 0.2814 0.3808
vn 0.9370 0.2076 0.2809
vn 0.7853 0.2818 0.5513
vn 0.7493 0.1837 0.6362
vn 0.7318 0.2208 0.6448
vn 0.6994 0.1965 0.6872
vn 0.3069 0.0466 0.9506
vn 0.6386 0.4605 0.6165
vn 0.7196 0.1095 0.6857
vn 0.4305 -0.3370 0.8373
vn 0.2473 0.0966 0.9641
vn 0.2438 -0.1672 0.9553
vn 0.6463 0.2536 0.7197
vn -0.1819 -0.3752 0.9089
vn -0.2576 -0.1112 -0.9598
vn 0.3432 -0.2055 0.9165
vn 0.4533 0.5021 -0.7365
vn 0.2598 0.6900 -0.6756
vn 0.1548 0.7866 -0.5977
vn 0.0144 0.0272 -0.9995
vn 0.0935 -0.1140 -0.9891
vn 0.0064 -0.0074 -1.0000
vn 0.2113 -0.6237 -0.7526
vn 0.3504 -0.9347 0.0592
vn 0.1425 -0.2244 -0.9640
vn 0.0300 -0.1017 -0.9944
vn 0.3102 -0.6278 -0.7139
vn 0.1378 -0.1503 -0.9790
vn 0.4058 -0.9050 -0.1277
vn 0.4366 -0.5883 -0.6807
vn 0.1838 -0.9806 0.0682
vn 0.3864 -0.8996 -0.2036
vn 0.3633 -0.7558 0.5448
vn 0.3386 -0.7867 -0.5162
vn 0.1975 -0.1586 -0.9674
vn 0.4505 -0.8919 0.0389
vn -0.0161 0.2340 -0.9721
vn -0.1306 0.7489 -0.6497
vn -0.1692 0.5224 -0.8358
vn -0.5471 0.4683 -0.6938
vn 0.0330 0.0203 -0.9992
vn 0.0709 -0.0596 -0.9957
vn 0.0799 -0.9961 0.0363
vn -0.0252 -0.1319 0.9909
vn -0.0019 -0.1759 0.9844
vn -0.0120 -0.1251 0.9921
vn 0.0324 -0.2148 0.9761
vn 0.0135 -0.1065 0.9942
vn -0.0880 0.0188 0.9959
vn -0.2073 0.4434 0.8720
vn -0.1817 0.2080 0.9611
vn -0.4511 0.4595 0.7651
vn -0.3331 0.5904 0.7351
vn -0.2523 0.3709 0.8938
vn -0.1630 0.3700 0.9146
vn 0.1994 -0.2827 0.9383
vn 0.0051 -0.0145 0.9999
vn -0.1160 0.9782 0.1723
vn -0.2463 0.9408 0.2329
vn -0.6667 0.7399 0.0897
vn -0.4595 0.7873 0.4112
vn -0.3784 0.4243 0.8227
vn -0.6364 0.6173 0.4625
vn -0.4500 0.4989 0.7406
vn -0.2213 0.2490 0.9429
vn 0.0245 0.0769 0.9967
vn -0.4012 0.2155 0.8903
vn 0.1761 -0.2405 0.9545
vn 0.3932 -0.7544 -0.5256
vn 0.3539 -0.9251 -0.1374
vn 0.4340 -0.8954 0.0995
vn 0.7042 -0.6779 -0.2110
vn 0.5585 -0.7690 0.3109
vn 0.6013 -0.7936 -0.0932
vn 0.6215 -0.7700 0.1441
vn 0.5401 -0.8398 0.0549
vn 0.5985 -0.7661 0.2343
vn 0.2785 -0.8694 0.4081
vn 0.3139 -0.8794 0.3580
vn 0.2671 -0.8971 0.3520
vn 0.1220 -0.7960 0.5929
vn 0.1533 -0.9162 0.3701
vn 0.1835 -0.6769 0.7129
vn 0.4022 -0.9148 -0.0377
vn 0.2571 -0.9576 0.1299
vn 0.4536 -0.8799 0.1417
vn 0.4302 -0.8907 0.1470
vn 0.6903 -0.7002 0.1819
vn 0.2911 -0.8418 0.4546
vn 0.4032 -0.6876 0.6039
vn 0.2648 -0.4961 0.8269
vn 0.0073 -0.4186 0.9081
vn 0.0664 -0.2806 0.9575
vn 0.0010 -0.3090 0.9511
vn 0.1066 -0.3382 0.9350
vn 0.1601 -0.3022 0.9397
vn 0.7029 -0.6346 0.3213
vn 0.5805 -0.5788 0.5727
vn 0.5789 -0.6903 0.4339
vn 0.1794 -0.3415 0.9226
vn 0.3540 -0.4943 0.7939
vn 0.2123 -0.2535 0.9437
vn 0.2188 -0.3983 0.8908
vn 0.4618 -0.5619 0.6863
vn 0.2072 -0.2581 0.9436
vn 0.2224 -0.2560 0.9407
vn 0.2499 -0.2254 0.9417
vn 0.3097 -0.3040 0.9009
vn 0.4568 -0.3530 -0.8165
vn 0.6474 -0.7001 0.3013
vn 0.7232 -0.6545 0.2204
vn 0.8030 -0.4614 0.3772
vn 0.7563 -0.6479 -0.0908
vn 0.7841 -0.6160 0.0764
vn 0.7543 -0.5330 0.3834
vn 0.6488 -0.5321 0.5440
vn 0.8578 -0.4885 -0.1597
vn 0.6723 -0.3716 0.6402
vn 0.4614 -0.3674 0.8076
vn 0.2313 -0.3718 0.8990
vn 0.4093 -0.3816 0.8288
vn 0.2560 -0.0816 0.9632
vn -0.5211 -0.8230 0.2261
vn -0.4655 -0.7521 -0.4664
vn -0.4013 -0.7776 0.4840
vn -0.2997 -0.6061 0.7368
vn -0.4943 -0.8187 -0.2921
vn -0.7486 -0.6507 0.1274
vn -0.5585 -0.7747 0.2967
vn -0.8258 -0.5203 0.2177
vn -0.3282 -0.9424 0.0647
vn -0.4562 -0.7784 -0.4312
vn -0.7234 -0.6415 -0.2552
vn -0.4836 -0.4540 -0.7484
vn -0.4095 -0.6771 0.6115
vn -0.4744 -0.8415 0.2584
vn -0.6231 -0.5921 0.5110
vn -0.5363 -0.5486 -0.6414
vn -0.7119 -0.2422 -0.6592
vn -0.4592 0.0294 -0.8878
vn -0.6418 -0.0628 -0.7643
vn -0.2840 0.5030 -0.8163
vn -0.5107 0.2418 -0.8251
vn -0.0881 0.1819 -0.9794
vn -0.3412 0.0271 -0.9396
vn -0.1961 0.0893 -0.9765
vn -0.9193 0.3220 -0.2261
vn -0.9645 -0.0794 0.2518
vn -0.5301 0.3959 -0.7498
vn -0.9374 0.3196 0.1384
vn -0.5958 -0.2918 -0.7482
vn -0.5192 0.3617 0.7743
vn -0.9932 0.0873 0.0775
vn -0.9873 0.1210 0.1028
vn -0.1275 0.4687 -0.8741
vn -0.0285 0.9745 0.2226
vn -0.9011 -0.3615 0.2393
vn -0.6262 0.7631 0.1596
vn -0.9109 0.3906 0.1330
vn -0.9873 0.0070 0.1590
vn -0.9414 0.3359 -0.0304
vn 0.0935 0.9250 0.3683
vn -0.8108 0.4020 0.4255
vn -0.9154 0.1310 0.3807
vn -0.8660 -0.3935 0.3084
vn -0.8053 -0.2758 0.5249
vn -0.7626 -0.0480 0.6451
vn -0.8181 0.0794 0.5695
vn -0.7718 0.2016 0.6031
vn -0.6762 0.3902 0.6249
vn 0.6944 -0.2621 -0.6702
vn 0.0543 -0.0393 -0.9977
vn 0.1346 -0.1314 -0.9821
vn 0.9312 -0.3606 -0.0538
vn 0.9125 -0.3450 0.2197
vn 0.9250 -0.3297 -0.1887
vn 0.8857 -0.4122 0.2135
vn 0.8911 -0.4123 0.1894
vn 0.9233 -0.3599 -0.1344
vn 0.8353 -0.2569 0.4861
vn 0.8909 -0.4394 -0.1150
vn 0.8362 -0.2111 0.5061
vn 0.4877 -0.0867 0.8687
vn 0.6281 -0.0990 0.7718
vn 0.1972 0.0106 0.9803
vn 0.1619 -0.0331 0.9862
vn -0.6749 0.0359 0.7371
vn -0.7712 -0.0360 0.6356
vn -0.5148 0.0422 0.8562
vn -0.2659 -0.0162 0.9639
vn -0.0798 -0.0819 0.9934
vn 0.1059 -0.1327 0.9855
vn 0.9206 -0.2938 0.2573
vn 0.0797 -0.0218 0.9966
vn 0.0565 0.0951 0.9939
vn 0.2696 -0.0508 0.9616
vn 0.1776 0.1725 0.9689
vn -0.1898 0.1059 0.9761
vn -0.1083 0.0374 0.9934
vn 0.9611 -0.2746 0.0307
vn 0.9274 -0.3619 0.0947
vn 0.7968 -0.3014 0.5238
vn 0.8470 -0.2160 0.4858
vn 0.5589 -0.1634 0.8130
vn 0.9564 -0.1911 0.2207
vn 0.9606 -0.2711 -0.0609
vn 0.9623 -0.2256 0.1523
vn -0.5085 -0.4617 0.7269
vn -0.4303 -0.4517 0.7815
vn -0.3033 -0.2414 0.9218
vn -0.5725 -0.2300 0.7870
vn -0.4785 0.0644 0.8757
vn -0.0247 0.0729 0.9970
vn 0.1461 0.0395 0.9885
vn -0.1887 -0.3066 0.9329
s 1
f 1/1/1 2/2/2 3/3/3
f 3/3/3 4/4/4 5/5/5
f 5/5/5 1/1/1 3/3/3
f 3/3/3 6/6/6 4/4/4
f 4/4/4 7/7/7 8/8/8
f 4/9/4 6/10/6 7/11/7
f 9/12/9 7/11/7 6/10/6
f 10/13/10 2/14/2 11/15/11
f 10/16/10 3/3/3 2/2/2
f 3/17/3 10/13/10 6/10/6
f 10/13/10 12/18/12 6/10/6
f 6/10/6 12/18/12 13/19/13
f 4/4/4 14/20/14 5/5/5
f 14/20/14 8/8/8 15/21/15
f 14/20/14 4/4/4 8/8/8
f 7/11/7 16/22/16 8/23/8
f 17/24/17 18/25/18 8/23/8
f 17/24/17 8/23/8 16/22/16
f 16/22/16 7/11/7 19/26/19
f 20/27/20 21/28/21 13/19/13
f 7/11/7 9/12/9 19/26/19
f 22/29/22 13/19/13 21/28/21
f 9/12/9 22/29/22 19/26/19
f 13/19/13 22/29/22 9/12/9
f 23/30/23 16/22/16 19/26/19
f 23/30/23 17/24/17 16/22/16
f 24/31/24 25/32/25 26/33/26
f 27/34/27 28/35/28 22/29/22
f 19/26/19 22/29/22 28/35/28
f 28/35/28 29/36/29 30/37/30
f 31/38/31 25/32/25 29/36/29
f 32/39/32 29/36/29 28/35/28
f 28/35/28 30/37/30 19/26/19
f 30/37/30 29/36/29 24/31/24
f 30/37/30 24/31/24 33/40/33
f 25/32/25 24/31/24 29/36/29
f 23/30/23 19/26/19 30/37/30
f 30/37/30 33/40/33 23/30/23
f 25/41/25 34/42/34 26/43/26
f 29/36/29 32/39/32 31/38/31
f 28/35/28 27/34/27 32/39/32
f 35/44/35 10/13/10 11/15/11
f 10/13/10 35/44/35 36/45/36
f 11/15/11 37/46/37 35/44/35
f 1/1/1 38/47/38 37/48/37
f 36/45/36 13/19/13 12/18/12
f 21/28/21 39/49/39 40/50/40
f 39/49/39 21/28/21 20/27/20
f 21/28/21 40/50/40 22/29/22
f 40/50/40 27/34/27 22/29/22
f 27/34/27 41/51/41 32/39/32
f 32/39/32 41/51/41 42/52/42
f 43/53/43 44/54/44 45/55/45
f 31/38/31 42/52/42 43/56/43
f 31/38/31 43/56/43 46/57/46
f 43/53/43 45/55/45 46/58/46
f 45/55/45 44/54/44 47/59/47
f 36/45/36 12/18/12 10/13/10
f 6/10/6 13/19/13 9/12/9
f 25/32/25 31/38/31 46/57/46
f 46/58/46 34/42/34 25/41/25
f 37/48/37 11/60/11 2/2/2
f 37/48/37 2/2/2 1/1/1
f 32/39/32 42/52/42 31/38/31
f 44/61/44 43/56/43 42/52/42
f 48/62/48 49/63/49 50/64/50
f 51/65/51 52/66/52 48/62/48
f 50/64/50 51/65/51 48/62/48
f 53/67/53 51/65/51 50/64/50
f 50/64/50 54/68/54 53/67/53
f 55/69/55 56/70/56 57/71/57
f 58/72/58 59/73/59 57/71/57
f 57/74/57 59/75/59 55/76/55
f 56/70/56 60/77/60 57/71/57
f 57/71/57 60/77/60 58/72/58
f 61/78/61 58/72/58 60/77/60
f 38/47/38 58/79/58 61/80/61
f 62/81/62 63/82/63 64/83/64
f 65/84/65 66/85/66 63/82/63
f 66/85/66 67/86/67 64/83/64
f 65/84/65 67/86/67 66/85/66
f 67/86/67 65/84/65 68/87/68
f 64/83/64 63/82/63 66/85/66
f 62/81/62 69/88/69 70/89/70
f 70/89/70 69/88/69 71/90/71
f 49/91/49 69/88/69 62/81/62
f 62/81/62 70/89/70 63/82/63
f 72/92/72 67/86/67 68/87/68
f 67/86/67 73/93/73 64/83/64
f 36/45/36 72/92/72 74/94/74
f 73/93/73 72/92/72 35/44/35
f 72/92/72 73/93/73 67/86/67
f 56/70/56 75/95/75 62/81/62
f 50/96/50 62/81/62 75/95/75
f 49/63/49 48/62/48 69/97/69
f 64/83/64 56/70/56 62/81/62
f 76/98/76 77/99/77 68/87/68
f 74/94/74 68/87/68 78/100/78
f 68/87/68 74/94/74 72/92/72
f 79/101/79 78/100/78 68/87/68
f 79/101/79 68/87/68 77/99/77
f 78/100/78 20/27/20 74/94/74
f 52/66/52 80/102/80 81/103/81
f 82/104/82 83/105/83 80/102/80
f 52/66/52 84/106/84 80/102/80
f 80/102/80 84/106/84 82/104/82
f 85/107/85 63/82/63 70/89/70
f 85/107/85 70/89/70 86/108/86
f 76/98/76 63/82/63 85/107/85
f 86/108/86 87/109/87 85/107/85
f 85/107/85 87/109/87 76/98/76
f 87/109/87 88/110/88 76/98/76
f 77/99/77 76/98/76 88/110/88
f 70/111/70 89/112/89 86/113/86
f 71/114/71 69/97/69 48/62/48
f 90/115/90 91/116/91 92/117/92
f 48/62/48 91/116/91 90/115/90
f 48/62/48 81/103/81 91/116/91
f 71/118/71 90/119/90 93/120/93
f 48/62/48 90/115/90 71/114/71
f 91/121/91 94/122/94 92/123/92
f 95/124/95 84/106/84 52/66/52
f 81/103/81 48/62/48 52/66/52
f 75/125/75 54/68/54 50/64/50
f 56/70/56 64/83/64 60/77/60
f 64/83/64 73/93/73 60/77/60
f 65/84/65 76/98/76 68/87/68
f 60/77/60 73/93/73 35/44/35
f 50/96/50 49/91/49 62/81/62
f 96/126/96 77/99/77 88/110/88
f 70/111/70 71/127/71 89/112/89
f 65/84/65 63/82/63 76/98/76
f 15/21/15 18/128/18 97/129/97
f 98/130/98 99/131/99 97/129/97
f 17/24/17 100/132/100 97/133/97
f 98/134/98 97/133/97 100/132/100
f 101/135/101 100/132/100 17/24/17
f 100/132/100 102/136/102 98/134/98
f 103/137/103 102/138/102 104/139/104
f 102/136/102 100/132/100 104/140/104
f 104/139/104 105/141/105 106/142/106
f 104/139/104 106/142/106 103/137/103
f 23/30/23 33/40/33 101/135/101
f 101/135/101 33/40/33 105/143/105
f 33/40/33 107/144/107 105/143/105
f 108/145/108 107/144/107 33/40/33
f 109/146/109 110/147/110 111/148/111
f 112/149/112 113/150/113 114/151/114
f 111/148/111 114/151/114 115/152/115
f 112/149/112 114/151/114 111/148/111
f 116/153/116 117/154/117 34/42/34
f 117/154/117 116/153/116 118/155/118
f 113/150/113 112/149/112 118/155/118
f 119/156/119 113/150/113 118/155/118
f 111/148/111 120/157/120 112/149/112
f 110/147/110 120/157/120 111/148/111
f 120/157/120 117/154/117 112/149/112
f 120/157/120 110/147/110 108/158/108
f 117/154/117 118/155/118 112/149/112
f 34/42/34 117/154/117 120/157/120
f 108/158/108 110/147/110 107/159/107
f 121/160/121 122/161/122 123/162/123
f 124/163/124 122/161/122 121/160/121
f 115/152/115 123/162/123 125/164/125
f 123/162/123 114/151/114 121/160/121
f 115/152/115 114/151/114 123/162/123
f 126/165/126 124/163/124 121/160/121
f 127/166/127 128/167/128 129/168/129
f 106/142/106 109/146/109 128/167/128
f 106/142/106 128/167/128 127/166/127
f 109/146/109 105/141/105 107/159/107
f 105/141/105 109/146/109 106/142/106
f 130/169/130 131/170/131 126/165/126
f 132/171/132 133/172/133 116/153/116
f 119/156/119 133/172/133 134/173/134
f 119/156/119 131/170/131 130/169/130
f 130/169/130 135/174/135 119/156/119
f 119/156/119 116/153/116 133/172/133
f 134/173/134 131/170/131 119/156/119
f 136/175/136 137/176/137 138/177/138
f 124/163/124 126/165/126 136/175/136
f 138/177/138 139/178/139 140/179/140
f 138/177/138 124/163/124 136/175/136
f 139/178/139 137/176/137 141/180/141
f 138/177/138 137/176/137 139/178/139
f 139/178/139 142/181/142 143/182/143
f 82/104/82 144/183/144 143/182/143
f 120/157/120 26/43/26 34/42/34
f 118/155/118 116/153/116 119/156/119
f 113/150/113 119/156/119 135/174/135
f 26/43/26 120/157/120 108/158/108
f 121/160/121 113/150/113 135/174/135
f 135/174/135 130/169/130 126/165/126
f 113/150/113 121/160/121 114/151/114
f 128/167/128 111/148/111 129/168/129
f 135/174/135 126/165/126 121/160/121
f 111/148/111 115/152/115 129/168/129
f 109/146/109 111/148/111 128/167/128
f 109/146/109 107/159/107 110/147/110
f 132/171/132 116/153/116 34/42/34
f 140/179/140 122/161/122 124/163/124
f 140/179/140 124/163/124 138/177/138
f 40/50/40 145/184/145 41/51/41
f 146/185/146 147/186/147 148/187/148
f 145/184/145 149/188/149 148/187/148
f 40/50/40 150/189/150 145/184/145
f 149/188/149 145/184/145 150/189/150
f 151/190/151 152/191/152 149/188/149
f 147/192/147 146/193/146 153/194/153
f 154/195/154 155/196/155 153/194/153
f 152/197/152 156/198/156 154/199/154
f 157/200/157 155/201/155 154/199/154
f 156/198/156 157/200/157 154/199/154
f 157/202/157 158/203/158 155/204/155
f 154/205/154 153/206/153 146/185/146
f 148/187/148 154/205/154 146/185/146
f 148/187/148 152/191/152 154/205/154
f 41/51/41 159/207/159 160/208/160
f 159/207/159 41/51/41 145/184/145
f 161/209/161 162/210/162 159/207/159
f 163/211/163 164/212/164 165/213/165
f 162/210/162 163/214/163 165/215/165
f 162/210/162 165/215/165 160/208/160
f 163/211/163 162/216/162 164/212/164
f 44/61/44 160/208/160 165/215/165
f 159/207/159 162/210/162 160/208/160
f 160/208/160 44/61/44 42/52/42
f 166/217/166 167/218/167 168/219/168
f 147/192/147 166/217/166 168/219/168
f 162/216/162 161/220/161 167/218/167
f 161/220/161 168/219/168 167/218/167
f 169/221/169 167/218/167 166/217/166
f 147/186/147 159/207/159 148/187/148
f 168/222/168 161/209/161 159/207/159
f 159/207/159 147/186/147 168/222/168
f 166/217/166 170/223/170 169/221/169
f 164/212/164 162/216/162 167/218/167
f 170/223/170 171/224/171 169/221/169
f 155/204/155 158/203/158 172/225/172
f 158/203/158 173/226/173 172/225/172
f 172/227/172 170/223/170 166/217/166
f 166/217/166 153/194/153 172/227/172
f 172/227/172 174/228/174 170/223/170
f 170/223/170 174/228/174 175/229/175
f 172/225/172 173/226/173 174/230/174
f 175/229/175 171/224/171 170/223/170
f 171/224/171 176/231/176 177/232/177
f 171/224/171 177/232/177 178/233/178
f 179/234/179 178/233/178 177/232/177
f 164/212/164 179/234/179 47/59/47
f 47/59/47 165/213/165 164/212/164
f 179/234/179 180/235/180 47/59/47
f 44/54/44 165/213/165 47/59/47
f 169/221/169 171/224/171 178/233/178
f 176/231/176 181/236/181 177/232/177
f 177/232/177 181/236/181 179/234/179
f 132/171/132 180/235/180 182/237/182
f 180/235/180 181/236/181 182/237/182
f 179/234/179 181/236/181 180/235/180
f 176/231/176 171/224/171 183/238/183
f 184/239/184 176/231/176 185/240/185
f 184/239/184 133/172/133 182/237/182
f 133/172/133 184/239/184 186/241/186
f 182/237/182 181/236/181 184/239/184
f 134/173/134 133/172/133 187/242/187
f 187/242/187 133/172/133 186/241/186
f 188/243/188 186/241/186 185/240/185
f 188/243/188 185/240/185 189/244/189
f 184/239/184 185/240/185 186/241/186
f 136/175/136 187/242/187 188/243/188
f 176/231/176 183/238/183 190/245/190
f 185/240/185 176/231/176 189/244/189
f 189/244/189 176/231/176 190/245/190
f 191/246/191 183/238/183 175/229/175
f 173/226/173 192/247/192 174/230/174
f 151/190/151 149/188/149 193/248/193
f 149/188/149 152/191/152 148/187/148
f 153/194/153 166/217/166 147/192/147
f 158/203/158 194/249/194 173/226/173
f 148/187/148 159/207/159 145/184/145
f 167/218/167 178/233/178 164/212/164
f 172/227/172 153/194/153 155/196/155
f 179/234/179 164/212/164 178/233/178
f 169/221/169 178/233/178 167/218/167
f 181/236/181 176/231/176 184/239/184
f 171/224/171 175/229/175 183/238/183
f 175/229/175 174/228/174 192/250/192
f 195/251/195 196/252/196 197/253/197
f 198/254/198 196/255/196 195/256/195
f 199/257/199 200/258/200 195/251/195
f 199/257/199 201/259/201 202/260/202
f 201/259/201 199/257/199 195/251/195
f 203/261/203 201/259/201 195/251/195
f 78/100/78 201/259/201 203/261/203
f 202/260/202 201/259/201 79/101/79
f 195/251/195 197/253/197 203/261/203
f 196/252/196 193/248/193 197/253/197
f 39/49/39 197/253/197 150/189/150
f 203/261/203 197/253/197 39/49/39
f 151/262/151 193/263/193 198/254/198
f 196/255/196 198/254/198 193/263/193
f 137/176/137 204/264/204 141/180/141
f 141/180/141 205/265/205 142/181/142
f 189/244/189 204/264/204 188/243/188
f 204/264/204 206/266/206 141/180/141
f 206/266/206 205/265/205 141/180/141
f 137/176/137 188/243/188 204/264/204
f 207/267/207 208/268/208 209/269/209
f 206/266/206 209/269/209 208/268/208
f 205/265/205 206/266/206 208/268/208
f 142/181/142 205/265/205 208/268/208
f 210/270/210 207/267/207 211/271/211
f 212/272/212 213/273/213 214/274/214
f 212/272/212 214/274/214 215/275/215
f 214/274/214 216/276/216 215/275/215
f 216/277/216 214/278/214 217/279/217
f 215/275/215 216/276/216 218/280/218
f 210/270/210 212/272/212 215/275/215
f 213/273/213 212/272/212 210/270/210
f 215/275/215 83/105/83 210/270/210
f 82/104/82 207/267/207 83/105/83
f 83/105/83 207/267/207 210/270/210
f 82/104/82 142/181/142 207/267/207
f 219/281/219 190/245/190 220/282/220
f 219/281/219 220/282/220 221/283/221
f 222/284/222 219/281/219 221/283/221
f 221/283/221 220/282/220 223/285/223
f 221/283/221 224/286/224 222/284/222
f 220/282/220 225/287/225 223/285/223
f 219/281/219 222/284/222 206/266/206
f 189/244/189 219/281/219 204/264/204
f 206/266/206 204/264/204 219/281/219
f 219/281/219 189/244/189 190/245/190
f 224/286/224 221/283/221 226/288/226
f 223/285/223 226/288/226 221/283/221
f 222/284/222 209/269/209 206/266/206
f 222/284/222 224/286/224 209/269/209
f 227/289/227 224/286/224 226/288/226
f 228/290/228 227/291/227 226/292/226
f 209/269/209 227/289/227 229/293/229
f 229/294/229 227/291/227 230/295/230
f 211/271/211 231/296/231 232/297/232
f 231/296/231 211/271/211 229/293/229
f 209/269/209 229/293/229 211/271/211
f 209/269/209 224/286/224 227/289/227
f 233/298/233 234/299/234 191/246/191
f 223/300/223 225/301/225 235/302/235
f 225/287/225 220/282/220 234/299/234
f 234/299/234 220/282/220 191/246/191
f 235/302/235 236/303/236 223/300/223
f 235/302/235 237/304/237 236/303/236
f 237/304/237 238/305/238 236/303/236
f 207/267/207 142/181/142 208/268/208
f 207/267/207 209/269/209 211/271/211
f 213/273/213 210/270/210 232/297/232
f 210/270/210 211/271/211 232/297/232
f 183/238/183 191/246/191 190/245/190
f 223/300/223 236/303/236 226/292/226
f 228/290/228 226/292/226 236/303/236
f 191/246/191 220/282/220 190/245/190
f 239/306/239 240/307/240 241/308/241
f 233/309/233 192/247/192 241/308/241
f 241/308/241 242/310/242 235/302/235
f 242/310/242 237/304/237 235/302/235
f 243/311/243 59/75/59 58/79/58
f 101/135/101 17/24/17 23/30/23
f 33/40/33 24/31/24 26/33/26
f 61/78/61 35/44/35 37/46/37
f 13/19/13 74/94/74 20/27/20
f 39/49/39 150/189/150 40/50/40
f 40/50/40 41/51/41 27/34/27
f 46/58/46 45/55/45 34/42/34
f 60/77/60 35/44/35 61/78/61
f 243/311/243 244/312/244 59/75/59
f 38/47/38 61/80/61 37/48/37
f 36/45/36 74/94/74 13/19/13
f 35/44/35 72/92/72 36/45/36
f 20/27/20 203/261/203 39/49/39
f 79/101/79 201/259/201 78/100/78
f 77/99/77 96/126/96 79/101/79
f 203/261/203 20/27/20 78/100/78
f 80/102/80 215/275/215 81/103/81
f 84/106/84 144/183/144 82/104/82
f 91/116/91 81/103/81 218/280/218
f 17/24/17 97/133/97 18/25/18
f 100/132/100 105/143/105 104/140/104
f 101/135/101 105/143/105 100/132/100
f 26/33/26 108/145/108 33/40/33
f 47/59/47 132/171/132 45/55/45
f 34/42/34 45/55/45 132/171/132
f 142/181/142 139/178/139 141/180/141
f 143/182/143 142/181/142 82/104/82
f 131/170/131 187/242/187 126/165/126
f 126/165/126 187/242/187 136/175/136
f 149/188/149 150/189/150 197/253/197
f 156/313/156 245/314/245 194/249/194
f 194/249/194 158/203/158 157/202/157
f 41/51/41 160/208/160 42/52/42
f 47/59/47 180/235/180 132/171/132
f 182/237/182 133/172/133 132/171/132
f 187/242/187 186/241/186 188/243/188
f 241/308/241 192/247/192 173/226/173
f 194/249/194 239/306/239 173/226/173
f 134/173/134 187/242/187 131/170/131
f 149/188/149 197/253/197 193/248/193
f 151/262/151 246/315/246 152/197/152
f 157/202/157 156/313/156 194/249/194
f 246/315/246 247/316/247 152/197/152
f 156/198/156 152/197/152 247/316/247
f 136/175/136 188/243/188 137/176/137
f 215/275/215 80/102/80 83/105/83
f 81/103/81 215/275/215 218/280/218
f 192/250/192 233/298/233 175/229/175
f 175/229/175 233/298/233 191/246/191
f 225/301/225 234/317/234 235/302/235
f 241/308/241 173/226/173 239/306/239
f 241/308/241 235/302/235 234/317/234
f 234/317/234 233/309/233 241/308/241
f 243/311/243 58/79/58 38/47/38
f 15/21/15 248/318/248 14/20/14
f 248/318/248 249/319/249 14/20/14
f 250/320/250 248/318/248 15/21/15
f 248/318/248 251/321/251 249/319/249
f 251/321/251 248/318/248 250/320/250
f 252/322/252 253/323/253 254/324/254
f 254/325/254 253/326/253 53/67/53
f 252/322/252 255/327/255 253/323/253
f 256/328/256 255/327/255 252/322/252
f 255/329/255 95/124/95 253/326/253
f 253/326/253 95/124/95 51/65/51
f 54/330/54 257/331/257 254/324/254
f 257/331/257 252/322/252 254/324/254
f 258/332/258 259/333/259 252/322/252
f 260/334/260 261/335/261 15/21/15
f 250/320/250 261/335/261 262/336/262
f 263/337/263 264/338/264 265/339/265
f 264/338/264 266/340/266 265/339/265
f 267/341/267 265/339/265 266/340/266
f 266/340/266 268/342/268 267/341/267
f 266/343/266 269/344/269 270/345/270
f 271/346/271 269/344/269 264/347/264
f 269/344/269 266/343/266 264/347/264
f 272/348/272 270/345/270 269/344/269
f 270/345/270 273/349/273 274/350/274
f 274/350/274 268/351/268 270/345/270
f 271/352/271 264/338/264 263/337/263
f 266/343/266 270/345/270 268/351/268
f 275/353/275 276/354/276 277/355/277
f 276/356/276 99/131/99 102/357/102
f 276/354/276 278/358/278 277/355/277
f 102/359/102 278/358/278 276/354/276
f 102/359/102 279/360/279 278/358/278
f 278/358/278 279/360/279 280/361/280
f 279/362/279 103/137/103 280/363/280
f 103/137/103 269/344/269 280/363/280
f 281/364/281 269/344/269 103/137/103
f 282/365/282 283/366/283 277/355/277
f 284/367/284 260/334/260 283/368/283
f 275/369/275 285/370/285 260/334/260
f 260/334/260 286/371/286 275/369/275
f 285/370/285 283/368/283 260/334/260
f 282/365/282 277/355/277 278/358/278
f 285/372/285 277/355/277 283/366/283
f 282/365/282 263/337/263 265/339/265
f 282/365/282 265/339/265 287/373/287
f 288/374/288 289/375/289 290/376/290
f 291/377/291 290/376/290 289/375/289
f 283/366/283 290/376/290 284/378/284
f 283/366/283 282/365/282 290/376/290
f 282/365/282 288/374/288 290/376/290
f 289/375/289 288/374/288 292/379/292
f 288/374/288 282/365/282 287/373/287
f 290/376/290 291/377/291 284/378/284
f 293/380/293 289/375/289 292/379/292
f 292/379/292 294/381/294 293/380/293
f 262/336/262 291/382/291 295/383/295
f 261/335/261 260/334/260 262/336/262
f 262/336/262 260/334/260 291/382/291
f 260/334/260 284/367/284 291/382/291
f 289/375/289 295/384/295 291/377/291
f 295/384/295 289/375/289 293/380/293
f 296/385/296 295/384/295 293/380/293
f 297/386/297 287/373/287 298/387/298
f 288/374/288 297/386/297 292/379/292
f 288/374/288 287/373/287 297/386/297
f 292/379/292 297/386/297 299/388/299
f 299/388/299 297/386/297 300/389/300
f 262/336/262 301/390/301 302/391/302
f 301/390/301 295/383/295 296/392/296
f 303/393/303 301/390/301 296/392/296
f 304/394/304 303/395/303 305/396/305
f 293/380/293 303/395/303 296/385/296
f 303/395/303 293/380/293 305/396/305
f 293/380/293 294/381/294 305/396/305
f 306/397/306 307/398/307 308/399/308
f 309/400/309 306/397/306 308/399/308
f 310/401/310 306/397/306 311/402/311
f 306/397/306 310/401/310 307/398/307
f 310/401/310 299/388/299 307/398/307
f 294/381/294 299/388/299 310/401/310
f 310/401/310 305/396/305 294/381/294
f 265/339/265 267/341/267 312/403/312
f 313/404/313 268/342/268 314/405/314
f 314/405/314 315/406/315 316/407/316
f 316/407/316 317/408/317 318/409/318
f 298/387/298 313/404/313 316/407/316
f 316/407/316 313/404/313 314/405/314
f 298/387/298 312/403/312 313/404/313
f 312/403/312 298/387/298 287/373/287
f 318/409/318 298/387/298 316/407/316
f 312/403/312 267/341/267 268/342/268
f 308/399/308 317/408/317 319/410/319
f 319/410/319 317/408/317 320/411/320
f 308/399/308 318/409/318 317/408/317
f 319/410/319 309/400/309 308/399/308
f 317/408/317 321/412/321 320/411/320
f 260/334/260 15/21/15 286/371/286
f 263/337/263 280/361/280 271/352/271
f 322/413/322 268/351/268 274/350/274
f 269/344/269 271/346/271 280/363/280
f 278/358/278 280/361/280 263/337/263
f 281/364/281 272/348/272 269/344/269
f 282/365/282 278/358/278 263/337/263
f 275/353/275 277/355/277 285/372/285
f 265/339/265 312/403/312 287/373/287
f 300/389/300 307/398/307 299/388/299
f 295/383/295 301/390/301 262/336/262
f 294/381/294 292/379/292 299/388/299
f 322/414/322 314/405/314 268/342/268
f 268/342/268 313/404/313 312/403/312
f 316/407/316 315/406/315 317/408/317
f 298/387/298 318/409/318 300/389/300
f 298/387/298 300/389/300 297/386/297
f 308/399/308 307/398/307 318/409/318
f 307/398/307 300/389/300 318/409/318
f 321/412/321 323/415/323 320/411/320
f 324/416/324 325/417/325 84/106/84
f 324/416/324 326/418/326 327/419/327
f 327/419/327 325/417/325 324/416/324
f 255/327/255 256/328/256 326/420/326
f 252/322/252 259/333/259 256/328/256
f 324/416/324 255/329/255 326/418/326
f 328/421/328 329/422/329 259/333/259
f 140/179/140 330/423/330 331/424/331
f 332/425/332 140/179/140 331/424/331
f 333/426/333 125/164/125 123/162/123
f 334/427/334 333/426/333 332/425/332
f 334/427/334 332/425/332 335/428/335
f 335/428/335 331/424/331 336/429/336
f 335/428/335 332/425/332 331/424/331
f 123/162/123 332/425/332 333/426/333
f 274/350/274 273/349/273 337/430/337
f 273/349/273 334/427/334 337/430/337
f 334/427/334 273/349/273 333/426/333
f 338/431/338 339/432/339 273/349/273
f 340/433/340 341/434/341 342/435/342
f 343/436/343 342/437/342 341/438/341
f 344/439/344 342/435/342 343/440/343
f 344/439/344 337/430/337 342/435/342
f 342/435/342 337/430/337 335/428/335
f 340/433/340 342/435/342 345/441/345
f 336/429/336 331/424/331 345/441/345
f 335/428/335 336/429/336 345/441/345
f 341/438/341 315/406/315 343/436/343
f 330/423/330 327/419/327 345/441/345
f 327/419/327 330/423/330 325/417/325
f 346/442/346 326/420/326 329/422/329
f 346/442/346 347/443/347 340/444/340
f 340/444/340 347/443/347 341/438/341
f 340/433/340 345/441/345 348/445/348
f 340/433/340 348/445/348 346/446/346
f 346/442/346 329/422/329 347/443/347
f 347/443/347 329/422/329 341/438/341
f 345/441/345 327/419/327 348/445/348
f 321/412/321 341/438/341 323/415/323
f 328/421/328 349/447/349 323/415/323
f 345/441/345 342/435/342 335/428/335
f 315/406/315 344/448/344 343/436/343
f 341/438/341 321/412/321 315/406/315
f 323/415/323 341/438/341 329/422/329
f 144/183/144 325/417/325 143/182/143
f 329/422/329 326/420/326 256/328/256
f 256/328/256 259/333/259 329/422/329
f 337/430/337 334/427/334 335/428/335
f 331/424/331 330/423/330 345/441/345
f 273/349/273 339/432/339 333/426/333
f 346/446/346 348/445/348 326/418/326
f 326/418/326 348/445/348 327/419/327
f 328/421/328 323/415/323 329/422/329
f 244/312/244 350/449/350 351/450/351
f 350/449/350 352/451/352 351/450/351
f 353/452/353 354/453/354 355/454/355
f 354/453/354 353/452/353 356/455/356
f 353/452/353 357/456/357 356/455/356
f 358/457/358 359/458/359 360/459/360
f 360/459/360 359/458/359 361/460/361
f 358/457/358 360/459/360 362/461/362
f 38/47/38 362/461/362 360/459/360
f 363/462/363 359/458/359 353/452/353
f 363/462/363 364/463/364 359/458/359
f 355/454/355 365/464/365 363/462/363
f 353/452/353 355/454/355 363/462/363
f 365/464/365 355/454/355 366/465/366
f 358/457/358 353/452/353 359/458/359
f 353/452/353 358/457/358 357/456/357
f 367/466/367 354/453/354 368/467/368
f 369/468/369 350/449/350 370/469/370
f 369/468/369 371/470/371 350/449/350
f 370/469/370 350/449/350 244/312/244
f 370/469/370 244/312/244 372/471/372
f 370/469/370 361/460/361 369/468/369
f 361/460/361 370/469/370 372/471/372
f 373/472/373 374/473/374 361/460/361
f 369/468/369 361/460/361 374/473/374
f 375/474/375 361/460/361 364/463/364
f 361/460/361 375/474/375 373/472/373
f 376/475/376 377/476/377 378/477/378
f 378/477/378 379/478/379 376/475/376
f 378/477/378 371/479/371 379/478/379
f 350/449/350 380/480/380 352/451/352
f 377/481/377 371/470/371 378/482/378
f 371/470/371 377/481/377 380/480/380
f 380/480/380 381/483/381 382/484/382
f 380/480/380 377/481/377 381/483/381
f 380/480/380 382/484/382 352/451/352
f 381/485/381 383/486/383 382/487/382
f 371/470/371 380/480/380 350/449/350
f 379/488/379 371/470/371 369/468/369
f 352/451/352 384/489/384 55/76/55
f 243/311/243 372/471/372 244/312/244
f 352/451/352 55/76/55 351/450/351
f 367/466/367 355/454/355 354/453/354
f 372/471/372 38/47/38 360/459/360
f 361/460/361 372/471/372 360/459/360
f 364/463/364 361/460/361 359/458/359
f 385/490/385 368/467/368 386/491/386
f 367/492/367 387/493/387 355/494/355
f 387/493/387 385/495/385 388/496/388
f 385/495/385 387/493/387 367/492/367
f 385/490/385 386/491/386 389/497/389
f 385/495/385 389/498/389 388/496/388
f 390/499/390 391/500/391 302/391/302
f 362/461/362 249/319/249 392/501/392
f 393/502/393 311/402/311 394/503/394
f 305/396/305 395/504/395 304/394/304
f 396/505/396 397/506/397 311/402/311
f 302/391/302 304/507/304 398/508/398
f 304/394/304 395/504/395 398/509/398
f 399/510/399 400/511/400 401/512/401
f 400/511/400 402/513/402 320/411/320
f 398/509/398 403/514/403 404/515/404
f 358/457/358 392/501/392 405/516/405
f 251/321/251 405/516/405 392/501/392
f 405/516/405 357/456/357 358/457/358
f 406/517/406 391/500/391 390/499/390
f 405/516/405 251/321/251 391/500/391
f 406/517/406 405/516/405 391/500/391
f 406/517/406 390/499/390 407/518/407
f 405/516/405 406/517/406 408/519/408
f 357/456/357 405/516/405 408/519/408
f 390/499/390 302/391/302 404/520/404
f 404/520/404 302/391/302 398/508/398
f 356/455/356 357/456/357 408/519/408
f 406/517/406 407/518/407 409/521/409
f 407/518/407 390/499/390 404/520/404
f 409/521/409 407/518/407 410/522/410
f 408/519/408 406/517/406 409/521/409
f 410/522/410 411/523/411 408/519/408
f 408/519/408 409/521/409 410/522/410
f 412/524/412 413/525/413 404/515/404
f 404/520/404 413/526/413 407/518/407
f 412/524/412 404/515/404 403/514/403
f 403/514/403 398/509/398 395/504/395
f 414/527/414 412/524/412 415/528/415
f 416/529/416 415/528/415 417/530/417
f 412/524/412 414/527/414 413/525/413
f 416/529/416 414/527/414 415/528/415
f 414/527/414 418/531/418 413/525/413
f 415/528/415 419/532/419 420/533/420
f 412/524/412 403/514/403 415/528/415
f 403/514/403 419/532/419 415/528/415
f 421/534/421 422/535/422 423/536/423
f 421/534/421 396/505/396 393/502/393
f 423/536/423 419/532/419 421/534/421
f 420/533/420 419/532/419 423/536/423
f 393/502/393 422/535/422 421/534/421
f 403/514/403 395/504/395 397/506/397
f 403/514/403 397/506/397 396/505/396
f 403/514/403 421/534/421 419/532/419
f 421/534/421 403/514/403 396/505/396
f 415/528/415 420/533/420 424/537/424
f 425/538/425 426/539/426 427/540/427
f 426/539/426 424/537/424 427/540/427
f 427/540/427 422/535/422 425/538/425
f 423/536/423 422/535/422 427/540/427
f 427/540/427 424/537/424 420/533/420
f 420/533/420 423/536/423 427/540/427
f 417/530/417 415/528/415 424/537/424
f 428/541/428 426/539/426 425/538/425
f 410/522/410 429/542/429 411/523/411
f 368/467/368 354/453/354 411/523/411
f 430/543/430 429/542/429 418/544/418
f 368/467/368 429/542/429 431/545/431
f 429/542/429 432/546/432 431/545/431
f 432/546/432 429/542/429 430/543/430
f 411/523/411 429/542/429 368/467/368
f 433/547/433 432/548/432 434/549/434
f 416/529/416 430/550/430 418/531/418
f 416/529/416 434/549/434 430/550/430
f 430/550/430 434/549/434 432/548/432
f 416/529/416 417/530/417 434/549/434
f 435/551/435 436/552/436 434/549/434
f 417/530/417 424/537/424 434/549/434
f 435/551/435 424/537/424 437/553/437
f 434/549/434 424/537/424 435/551/435
f 399/510/399 438/554/438 402/513/402
f 422/535/422 439/555/439 425/538/425
f 440/556/440 439/555/439 422/535/422
f 422/535/422 393/502/393 440/556/440
f 440/556/440 438/554/438 439/555/439
f 309/400/309 440/556/440 393/502/393
f 439/555/439 438/554/438 441/557/441
f 400/511/400 399/510/399 402/513/402
f 402/513/402 438/554/438 309/400/309
f 400/511/400 442/558/442 401/512/401
f 407/518/407 413/526/413 418/544/418
f 407/518/407 418/544/418 410/522/410
f 416/529/416 418/531/418 414/527/414
f 396/505/396 311/402/311 393/502/393
f 356/455/356 408/519/408 411/523/411
f 418/544/418 429/542/429 410/522/410
f 426/539/426 437/553/437 424/537/424
f 440/556/440 309/400/309 438/554/438
f 309/400/309 393/502/393 394/503/394
f 443/559/443 444/560/444 258/332/258
f 445/561/445 258/332/258 444/560/444
f 389/497/389 386/491/386 446/562/446
f 431/545/431 446/562/446 386/491/386
f 431/545/431 386/491/386 368/467/368
f 436/552/436 435/551/435 447/563/447
f 435/551/435 448/564/448 447/563/447
f 389/497/389 446/562/446 449/565/449
f 450/566/450 451/567/451 452/568/452
f 450/566/450 453/569/453 451/567/451
f 454/570/454 449/571/449 452/568/452
f 433/572/433 446/562/446 431/545/431
f 450/566/450 449/571/449 455/573/455
f 446/574/446 455/573/455 449/571/449
f 446/574/446 433/547/433 455/573/455
f 452/568/452 449/571/449 450/566/450
f 453/569/453 450/566/450 447/563/447
f 447/563/447 455/573/455 436/552/436
f 455/573/455 447/563/447 450/566/450
f 447/563/447 448/564/448 453/569/453
f 456/575/456 451/567/451 453/569/453
f 448/564/448 456/575/456 453/569/453
f 448/564/448 457/576/457 456/575/456
f 448/564/448 437/553/437 458/577/458
f 448/564/448 458/577/458 457/576/457
f 436/552/436 455/573/455 433/547/433
f 441/557/441 459/578/459 460/579/460
f 441/557/441 460/579/460 461/580/461
f 460/579/460 459/578/459 462/581/462
f 463/582/463 462/583/462 464/584/464
f 462/581/462 459/578/459 464/585/464
f 461/580/461 439/555/439 441/557/441
f 464/585/464 459/578/459 465/586/465
f 466/587/466 401/512/401 442/558/442
f 467/588/467 468/589/468 466/587/466
f 465/586/465 466/587/466 468/589/468
f 464/584/464 465/590/465 463/582/463
f 463/582/463 465/590/465 469/591/469
f 466/587/466 442/558/442 467/588/467
f 470/592/470 471/593/471 472/594/472
f 471/593/471 460/579/460 472/594/472
f 457/576/457 471/593/471 470/592/470
f 473/595/473 472/594/472 474/596/474
f 472/594/472 460/579/460 474/596/474
f 460/579/460 471/593/471 461/580/461
f 457/576/457 458/577/458 471/593/471
f 428/541/428 471/593/471 458/577/458
f 462/581/462 474/596/474 460/579/460
f 473/595/473 474/596/474 462/581/462
f 466/587/466 465/586/465 459/578/459
f 475/597/475 451/567/451 456/575/456
f 456/575/456 476/598/476 475/597/475
f 476/598/476 456/575/456 457/576/457
f 470/592/470 477/599/477 457/576/457
f 476/600/476 477/601/477 478/602/478
f 457/576/457 477/599/477 476/598/476
f 479/603/479 443/559/443 480/604/480
f 481/605/481 479/606/479 480/607/480
f 482/608/482 483/609/483 479/606/479
f 479/603/479 483/610/483 443/559/443
f 483/610/483 444/560/444 443/559/443
f 483/609/483 482/608/482 484/611/484
f 444/560/444 483/610/483 485/612/485
f 467/613/467 484/611/484 469/591/469
f 485/612/485 484/614/484 445/561/445
f 484/614/484 467/588/467 445/561/445
f 484/611/484 485/615/485 483/609/483
f 443/559/443 258/332/258 486/616/486
f 445/561/445 444/560/444 485/612/485
f 468/617/468 469/591/469 465/590/465
f 480/604/480 443/559/443 486/616/486
f 463/582/463 469/591/469 487/618/487
f 442/558/442 445/561/445 467/588/467
f 467/613/467 469/591/469 468/617/468
f 384/619/384 257/331/257 54/330/54
f 252/322/252 257/331/257 258/332/258
f 261/335/261 250/320/250 15/21/15
f 250/320/250 262/336/262 391/500/391
f 272/348/272 273/349/273 270/345/270
f 301/390/301 303/393/303 304/507/304
f 306/397/306 309/400/309 394/503/394
f 305/396/305 310/401/310 397/506/397
f 397/506/397 395/504/395 305/396/305
f 314/405/314 322/414/322 344/448/344
f 314/405/314 344/448/344 315/406/315
f 349/447/349 320/411/320 323/415/323
f 255/329/255 324/416/324 95/124/95
f 328/421/328 259/333/259 258/332/258
f 445/561/445 328/421/328 258/332/258
f 272/348/272 338/431/338 273/349/273
f 338/431/338 272/348/272 127/166/127
f 344/439/344 322/413/322 337/430/337
f 317/408/317 315/406/315 321/412/321
f 349/447/349 328/421/328 442/558/442
f 322/413/322 274/350/274 337/430/337
f 5/5/5 249/319/249 362/461/362
f 362/461/362 1/1/1 5/5/5
f 382/487/382 383/486/383 480/604/480
f 367/466/367 368/467/368 385/490/385
f 387/493/387 366/620/366 355/494/355
f 251/321/251 392/501/392 249/319/249
f 250/320/250 391/500/391 251/321/251
f 391/500/391 262/336/262 302/391/302
f 302/391/302 301/390/301 304/507/304
f 397/506/397 310/401/310 311/402/311
f 394/503/394 311/402/311 306/397/306
f 402/513/402 309/400/309 319/410/319
f 402/513/402 319/410/319 320/411/320
f 349/447/349 442/558/442 400/511/400
f 362/461/362 392/501/392 358/457/358
f 356/455/356 411/523/411 354/453/354
f 428/541/428 437/553/437 426/539/426
f 438/554/438 399/510/399 459/578/459
f 425/538/425 439/555/439 461/580/461
f 441/557/441 438/554/438 459/578/459
f 425/538/425 461/580/461 428/541/428
f 320/411/320 349/447/349 400/511/400
f 434/549/434 436/552/436 433/547/433
f 257/331/257 384/619/384 486/616/486
f 352/621/352 486/616/486 384/619/384
f 486/616/486 258/332/258 257/331/257
f 328/421/328 445/561/445 442/558/442
f 431/545/431 432/546/432 433/572/433
f 389/497/389 449/565/449 488/622/488
f 458/577/458 437/553/437 428/541/428
f 435/551/435 437/553/437 448/564/448
f 459/578/459 399/510/399 401/512/401
f 459/578/459 401/512/401 466/587/466
f 428/541/428 461/580/461 471/593/471
f 383/623/383 481/605/481 480/607/480
f 382/487/382 480/604/480 486/616/486
f 486/616/486 352/621/352 382/487/382
f 489/624/489 490/625/490 373/626/373
f 373/626/373 375/627/375 489/624/489
f 489/624/489 375/627/375 491/628/491
f 491/628/491 492/629/492 489/624/489
f 489/624/489 493/630/493 490/625/490
f 489/624/489 494/631/494 493/630/493
f 489/624/489 492/629/492 494/631/494
f 495/632/495 388/496/388 488/633/488
f 488/633/488 496/634/496 497/635/497
f 498/636/498 495/632/495 488/633/488
f 488/633/488 497/635/497 498/636/498
f 388/496/388 495/632/495 499/637/499
f 499/637/499 500/638/500 501/639/501
f 495/632/495 500/638/500 499/637/499
f 502/640/502 500/638/500 495/632/495
f 502/640/502 495/632/495 498/636/498
f 497/641/497 496/642/496 503/643/503
f 500/638/500 504/644/504 505/645/505
f 506/646/506 504/644/504 500/638/500
f 500/638/500 502/640/502 506/646/506
f 492/629/492 501/639/501 507/647/507
f 508/648/508 507/647/507 505/645/505
f 504/644/504 509/649/509 505/645/505
f 505/645/505 507/647/507 501/639/501
f 505/645/505 509/649/509 510/650/510
f 504/644/504 506/646/506 509/649/509
f 506/646/506 511/651/511 512/652/512
f 509/649/509 506/646/506 512/652/512
f 512/652/512 511/651/511 513/653/513
f 503/654/503 514/655/514 498/636/498
f 515/656/515 514/657/514 503/643/503
f 498/636/498 514/655/514 511/651/511
f 515/656/515 516/658/516 514/657/514
f 514/655/514 513/653/513 511/651/511
f 506/646/506 502/640/502 511/651/511
f 517/659/517 518/660/518 515/656/515
f 516/658/516 515/656/515 518/660/518
f 502/640/502 498/636/498 511/651/511
f 519/661/519 508/648/508 510/650/510
f 520/662/520 510/650/510 509/649/509
f 521/663/521 510/650/510 520/662/520
f 510/650/510 521/663/521 519/661/519
f 520/662/520 522/664/522 521/663/521
f 521/663/521 523/665/523 519/661/519
f 522/664/522 523/665/523 521/663/521
f 520/662/520 524/666/524 522/664/522
f 509/649/509 512/652/512 520/662/520
f 513/667/513 516/658/516 525/668/525
f 513/667/513 525/668/525 526/669/526
f 513/653/513 526/670/526 512/652/512
f 512/652/512 526/670/526 527/671/527
f 527/671/527 520/662/520 512/652/512
f 518/660/518 528/672/528 516/658/516
f 525/668/525 529/673/529 526/669/526
f 525/668/525 516/658/516 528/672/528
f 525/668/525 528/672/528 529/673/529
f 527/671/527 526/670/526 529/674/529
f 528/672/528 530/675/530 531/676/531
f 528/672/528 531/676/531 532/677/532
f 528/672/528 532/677/532 529/673/529
f 529/673/529 532/677/532 527/678/527
f 524/679/524 527/678/527 532/677/532
f 518/660/518 533/680/533 534/681/534
f 533/680/533 535/682/535 534/681/534
f 536/683/536 534/681/534 535/682/535
f 518/660/518 534/681/534 530/675/530
f 534/681/534 537/684/537 530/675/530
f 518/660/518 530/675/530 528/672/528
f 538/685/538 515/656/515 503/643/503
f 501/639/501 500/638/500 505/645/505
f 503/654/503 498/636/498 497/635/497
f 505/645/505 510/650/510 508/648/508
f 513/667/513 514/657/514 516/658/516
f 527/671/527 524/666/524 520/662/520
f 533/680/533 518/660/518 517/659/517
f 539/686/539 534/681/534 536/683/536
f 454/687/454 540/688/540 496/642/496
f 487/618/487 541/689/541 542/690/542
f 538/685/538 543/691/543 544/692/544
f 540/688/540 545/693/545 538/685/538
f 543/691/543 538/685/538 545/693/545
f 478/602/478 546/694/546 547/695/547
f 548/696/548 478/602/478 547/695/547
f 548/696/548 475/697/475 478/602/478
f 545/693/545 548/696/548 547/695/547
f 549/698/549 546/694/546 550/699/550
f 551/700/551 546/694/546 549/698/549
f 547/695/547 546/694/546 551/700/551
f 552/701/552 553/702/553 554/703/554
f 555/704/555 556/705/556 554/703/554
f 551/700/551 549/698/549 556/705/556
f 556/705/556 549/698/549 552/701/552
f 555/704/555 551/700/551 556/705/556
f 556/705/556 552/701/552 554/703/554
f 543/691/543 551/700/551 555/704/555
f 547/695/547 551/700/551 543/691/543
f 545/693/545 547/695/547 543/691/543
f 517/659/517 544/692/544 555/704/555
f 517/659/517 555/704/555 554/703/554
f 517/659/517 554/703/554 533/680/533
f 549/698/549 550/699/550 542/690/542
f 552/701/552 542/690/542 557/706/557
f 552/701/552 549/698/549 542/690/542
f 544/692/544 543/691/543 555/704/555
f 553/702/553 536/683/536 533/680/533
f 536/683/536 553/702/553 539/686/539
f 553/702/553 557/706/557 558/707/558
f 557/706/557 559/708/559 558/707/558
f 560/709/560 561/710/561 562/711/562
f 560/709/560 562/711/562 558/707/558
f 560/709/560 563/712/563 561/710/561
f 558/707/558 562/711/562 564/713/564
f 560/709/560 559/708/559 541/689/541
f 559/708/559 560/709/560 558/707/558
f 553/702/553 558/707/558 565/714/565
f 539/686/539 553/702/553 566/715/566
f 541/689/541 559/708/559 542/690/542
f 557/706/557 542/690/542 559/708/559
f 533/680/533 554/703/554 553/702/553
f 557/706/557 553/702/553 552/701/552
f 563/712/563 560/709/560 541/689/541
f 567/716/567 493/630/493 568/717/568
f 494/631/494 568/717/568 493/630/493
f 569/718/569 568/717/568 494/631/494
f 570/719/570 569/718/569 508/648/508
f 523/665/523 571/720/571 570/719/570
f 572/721/572 523/665/523 573/722/573
f 522/664/522 573/722/573 523/665/523
f 574/723/574 575/724/575 576/725/576
f 576/725/576 577/726/577 574/723/574
f 577/727/577 576/728/576 568/717/568
f 578/729/578 568/717/568 569/718/569
f 577/727/577 568/717/568 578/729/578
f 579/730/579 578/729/578 580/731/580
f 580/731/580 578/729/578 571/720/571
f 571/720/571 581/732/581 580/731/580
f 578/729/578 579/730/579 577/727/577
f 582/733/582 580/731/580 581/732/581
f 572/721/572 581/732/581 571/720/571
f 583/734/583 574/723/574 584/735/584
f 585/736/585 586/737/586 584/735/584
f 585/736/585 587/738/587 588/739/588
f 585/736/585 588/739/588 589/740/589
f 585/736/585 589/740/589 586/737/586
f 582/741/582 590/742/590 579/743/579
f 585/736/585 591/744/591 587/738/587
f 582/741/582 591/744/591 590/742/590
f 585/736/585 590/742/590 591/744/591
f 584/735/584 574/723/574 590/742/590
f 584/735/584 590/742/590 585/736/585
f 570/719/570 578/729/578 569/718/569
f 578/729/578 570/719/570 571/720/571
f 580/731/580 582/733/582 579/730/579
f 523/665/523 572/721/572 571/720/571
f 579/743/579 590/742/590 577/726/577
f 574/723/574 577/726/577 590/742/590
f 592/745/592 593/746/593 581/732/581
f 594/747/594 581/732/581 595/748/595
f 596/749/596 592/750/592 597/751/597
f 581/732/581 594/747/594 592/745/592
f 598/752/598 599/753/599 588/754/588
f 599/753/599 598/752/598 600/755/600
f 592/750/592 596/749/596 601/756/601
f 602/757/602 601/756/601 587/758/587
f 602/759/602 587/760/587 591/761/591
f 591/761/591 593/746/593 602/759/602
f 598/762/598 587/758/587 601/756/601
f 596/749/596 603/763/603 601/756/601
f 602/757/602 592/750/592 601/756/601
f 592/750/592 602/757/602 593/764/593
f 603/763/603 604/765/604 601/756/601
f 588/754/588 587/766/587 598/752/598
f 601/756/601 604/765/604 598/762/598
f 598/752/598 604/767/604 600/755/600
f 605/768/605 606/769/606 607/770/607
f 605/768/605 607/770/607 608/771/608
f 608/772/608 607/773/607 609/774/609
f 610/775/610 608/772/608 609/774/609
f 611/776/611 610/775/610 609/774/609
f 605/768/605 608/771/608 610/777/610
f 604/765/604 610/777/610 611/778/611
f 612/779/612 613/780/613 606/781/606
f 606/781/606 613/780/613 607/773/607
f 605/768/605 603/763/603 614/782/614
f 604/765/604 603/763/603 605/768/605
f 600/755/600 604/767/604 611/776/611
f 591/761/591 582/733/582 593/746/593
f 611/776/611 609/774/609 600/755/600
f 604/765/604 605/768/605 610/777/610
f 615/783/615 616/784/616 617/785/617
f 617/786/617 573/722/573 618/787/618
f 615/788/615 617/786/617 618/787/618
f 619/789/619 616/784/616 615/783/615
f 620/790/620 619/789/619 618/791/618
f 522/664/522 524/666/524 620/792/620
f 522/664/522 620/792/620 618/787/618
f 619/789/619 615/783/615 618/791/618
f 621/793/621 616/784/616 619/789/619
f 622/794/622 537/684/537 539/686/539
f 537/684/537 622/794/622 623/795/623
f 537/684/537 623/795/623 624/796/624
f 625/797/625 624/796/624 626/798/626
f 537/684/537 624/796/624 625/797/625
f 531/676/531 621/793/621 619/789/619
f 564/713/564 562/711/562 627/799/627
f 564/713/564 627/799/627 628/800/628
f 627/799/627 562/711/562 561/710/561
f 629/801/629 628/800/628 630/802/630
f 627/799/627 630/802/630 628/800/628
f 631/803/631 564/713/564 628/800/628
f 631/803/631 565/714/565 564/713/564
f 631/803/631 628/800/628 629/801/629
f 566/715/566 565/714/565 631/803/631
f 631/803/631 622/794/622 566/715/566
f 622/794/622 631/803/631 629/801/629
f 632/804/632 633/805/633 634/806/634
f 595/748/595 634/806/634 594/747/594
f 572/721/572 632/804/632 634/806/634
f 634/806/634 595/748/595 572/721/572
f 617/786/617 632/804/632 572/721/572
f 573/722/573 617/786/617 572/721/572
f 617/786/617 616/807/616 632/804/632
f 635/808/635 594/747/594 634/806/634
f 635/809/635 636/810/636 597/751/597
f 635/808/635 634/806/634 633/805/633
f 594/811/594 635/809/635 597/751/597
f 637/812/637 635/809/635 633/813/633
f 638/814/638 630/802/630 639/815/639
f 640/816/640 638/814/638 641/817/641
f 630/802/630 638/814/638 640/816/640
f 638/814/638 642/818/642 641/817/641
f 643/819/643 638/814/638 639/815/639
f 638/814/638 643/819/643 642/818/642
f 644/820/644 642/818/642 645/821/645
f 642/818/642 644/820/644 641/817/641
f 644/820/644 645/821/645 646/822/646
f 647/823/647 645/821/645 648/824/648
f 646/822/646 645/821/645 647/823/647
f 649/825/649 647/823/647 605/768/605
f 647/823/647 648/824/648 605/768/605
f 644/820/644 646/822/646 650/826/650
f 650/826/650 646/822/646 647/823/647
f 633/813/633 621/793/621 637/812/637
f 651/827/651 637/812/637 621/793/621
f 637/812/637 652/828/652 636/810/636
f 637/812/637 651/827/651 652/828/652
f 653/829/653 636/810/636 652/828/652
f 654/830/654 651/827/651 626/798/626
f 652/828/652 654/830/654 655/831/655
f 621/793/621 626/798/626 651/827/651
f 652/828/652 651/827/651 654/830/654
f 656/832/656 614/782/614 653/829/653
f 653/829/653 652/828/652 656/832/656
f 614/782/614 656/832/656 649/825/649
f 657/833/657 655/831/655 654/830/654
f 655/831/655 650/826/650 656/832/656
f 650/826/650 649/825/649 656/832/656
f 656/832/656 652/828/652 655/831/655
f 622/794/622 658/834/658 623/795/623
f 629/801/629 630/802/630 658/834/658
f 624/796/624 623/795/623 659/835/659
f 660/836/660 658/834/658 661/837/661
f 654/830/654 659/835/659 657/833/657
f 623/795/623 660/836/660 659/835/659
f 658/834/658 660/836/660 623/795/623
f 659/835/659 660/836/660 657/833/657
f 661/837/661 641/817/641 662/838/662
f 650/826/650 663/839/663 644/820/644
f 663/839/663 664/840/664 662/838/662
f 657/833/657 664/840/664 650/826/650
f 661/837/661 657/833/657 660/836/660
f 657/833/657 661/837/661 662/838/662
f 657/833/657 662/838/662 664/840/664
f 650/826/650 664/840/664 663/839/663
f 661/837/661 658/834/658 640/816/640
f 640/816/640 641/817/641 661/837/661
f 624/796/624 659/835/659 626/798/626
f 531/676/531 625/797/625 621/793/621
f 630/802/630 627/799/627 639/815/639
f 639/815/639 627/799/627 665/841/665
f 632/804/632 621/842/621 633/805/633
f 621/842/621 632/804/632 616/807/616
f 635/809/635 637/812/637 636/810/636
f 653/829/653 596/749/596 636/810/636
f 662/838/662 641/817/641 644/820/644
f 658/834/658 630/802/630 640/816/640
f 625/797/625 626/798/626 621/793/621
f 626/798/626 659/835/659 654/830/654
f 629/801/629 658/834/658 622/794/622
f 662/838/662 644/820/644 663/839/663
f 650/826/650 655/831/655 657/833/657
f 647/823/647 649/825/649 650/826/650
f 501/639/501 492/629/492 491/628/491
f 491/628/491 499/637/499 501/639/501
f 494/631/494 492/629/492 507/647/507
f 570/719/570 508/648/508 519/661/519
f 532/677/532 619/789/619 524/679/524
f 536/683/536 535/682/535 533/680/533
f 503/643/503 496/642/496 538/685/538
f 507/647/507 569/718/569 494/631/494
f 544/692/544 517/659/517 515/656/515
f 488/633/488 454/843/454 496/634/496
f 496/642/496 540/688/540 538/685/538
f 538/685/538 544/692/544 515/656/515
f 553/702/553 565/714/565 566/715/566
f 558/707/558 564/713/564 565/714/565
f 523/665/523 570/719/570 519/661/519
f 573/722/573 522/664/522 618/787/618
f 567/716/567 568/717/568 666/844/666
f 576/728/576 666/844/666 568/717/568
f 588/754/588 599/753/599 589/845/589
f 507/647/507 508/648/508 569/718/569
f 597/846/597 592/745/592 594/747/594
f 593/746/593 582/733/582 581/732/581
f 614/782/614 649/825/649 605/768/605
f 532/677/532 531/676/531 619/789/619
f 537/684/537 534/681/534 539/686/539
f 530/675/530 625/797/625 531/676/531
f 625/797/625 530/675/530 537/684/537
f 539/686/539 566/715/566 622/794/622
f 572/721/572 595/748/595 581/732/581
f 597/751/597 636/810/636 596/749/596
f 606/769/606 605/768/605 648/824/648
f 667/847/667 606/769/606 648/824/648
f 653/829/653 614/782/614 603/763/603
f 619/789/619 620/790/620 524/679/524
f 596/749/596 653/829/653 603/763/603
f 668/848/668 669/849/669 670/850/670
f 671/851/671 672/852/672 199/853/199
f 673/854/673 672/852/672 671/851/671
f 246/315/246 674/855/674 675/856/675
f 672/852/672 676/857/676 677/858/677
f 677/858/677 676/857/676 674/855/674
f 678/859/678 676/857/676 672/852/672
f 672/852/672 679/860/679 678/859/678
f 679/860/679 672/852/672 673/854/673
f 678/859/678 674/855/674 676/857/676
f 678/859/678 680/861/680 675/856/675
f 678/859/678 675/856/675 674/855/674
f 679/860/679 681/862/681 678/859/678
f 675/856/675 682/863/682 247/316/247
f 683/864/683 675/856/675 684/865/684
f 675/856/675 683/864/683 682/863/682
f 683/866/683 685/867/685 682/868/682
f 686/869/686 681/862/681 679/860/679
f 681/862/681 687/870/687 678/859/678
f 680/861/680 678/859/678 687/870/687
f 96/871/96 688/872/688 671/851/671
f 688/872/688 689/873/689 690/874/690
f 668/848/668 691/875/691 689/873/689
f 688/872/688 690/874/690 692/876/692
f 679/860/679 693/877/693 686/869/686
f 692/876/692 679/860/679 673/854/673
f 692/876/692 693/877/693 679/860/679
f 680/861/680 684/865/684 675/856/675
f 685/867/685 694/878/694 682/868/682
f 692/876/692 673/854/673 688/872/688
f 673/854/673 671/851/671 688/872/688
f 695/879/695 696/880/696 697/881/697
f 698/882/698 696/880/696 699/883/699
f 238/305/238 698/882/698 700/884/700
f 700/884/700 698/882/698 699/883/699
f 701/885/701 700/884/700 702/886/702
f 703/887/703 701/885/701 702/886/702
f 703/887/703 704/888/704 701/885/701
f 705/889/705 703/887/703 702/886/702
f 704/888/704 703/887/703 705/889/705
f 702/886/702 706/890/706 705/889/705
f 700/884/700 699/883/699 702/886/702
f 702/886/702 699/883/699 695/879/695
f 695/879/695 699/883/699 696/880/696
f 695/879/695 707/891/707 708/892/708
f 708/892/708 702/886/702 695/879/695
f 709/893/709 710/894/710 711/895/711
f 711/895/711 710/894/710 712/896/712
f 712/896/712 704/888/704 713/897/713
f 713/897/713 714/898/714 712/896/712
f 715/899/715 714/898/714 713/897/713
f 716/900/716 706/890/706 708/892/708
f 706/890/706 715/899/715 713/897/713
f 705/889/705 706/890/706 713/897/713
f 717/901/717 716/900/716 708/892/708
f 715/899/715 706/890/706 718/902/718
f 716/900/716 718/902/718 706/890/706
f 707/891/707 719/903/719 708/892/708
f 228/290/228 238/305/238 700/884/700
f 708/892/708 706/890/706 702/886/702
f 217/279/217 704/888/704 712/896/712
f 705/889/705 713/897/713 704/888/704
f 712/896/712 714/898/714 711/895/711
f 720/904/720 683/866/683 721/905/721
f 721/906/721 683/864/683 684/865/684
f 687/870/687 722/907/722 721/906/721
f 721/906/721 684/865/684 687/870/687
f 720/904/720 721/905/721 722/908/722
f 723/909/723 724/910/724 687/870/687
f 687/870/687 724/910/724 722/907/722
f 725/911/725 726/912/726 727/913/727
f 722/908/722 727/913/727 720/904/720
f 728/914/728 722/907/722 724/910/724
f 729/915/729 730/916/730 731/917/731
f 732/918/732 240/307/240 733/919/733
f 733/919/733 730/916/730 732/918/732
f 732/918/732 730/916/730 729/915/729
f 729/915/729 734/920/734 732/918/732
f 730/916/730 735/921/735 731/917/731
f 730/916/730 733/919/733 736/922/736
f 736/922/736 685/867/685 735/921/735
f 730/916/730 736/922/736 735/921/735
f 737/923/737 738/924/738 720/904/720
f 727/913/727 737/923/737 720/904/720
f 739/925/739 737/923/737 727/913/727
f 740/926/740 738/924/738 737/923/737
f 740/926/740 731/917/731 738/924/738
f 731/917/731 740/926/740 729/915/729
f 740/926/740 737/923/737 741/927/741
f 741/927/741 742/928/742 740/926/740
f 739/925/739 741/927/741 737/923/737
f 740/926/740 734/920/734 729/915/729
f 740/926/740 742/928/742 734/920/734
f 731/917/731 735/921/735 738/924/738
f 743/929/743 744/930/744 745/931/745
f 744/930/744 743/929/743 734/920/734
f 743/929/743 745/931/745 238/305/238
f 746/932/746 696/880/696 698/882/698
f 698/882/698 745/931/745 744/930/744
f 698/882/698 744/930/744 747/933/747
f 698/882/698 747/933/747 746/932/746
f 734/920/734 747/933/747 744/930/744
f 748/934/748 749/935/749 750/936/750
f 726/912/726 748/934/748 750/936/750
f 751/937/751 742/928/742 752/938/752
f 751/937/751 746/932/746 747/933/747
f 751/937/751 753/939/753 746/932/746
f 751/937/751 752/938/752 754/940/754
f 754/940/754 753/939/753 751/937/751
f 742/928/742 751/937/751 747/933/747
f 753/939/753 697/881/697 746/932/746
f 741/927/741 750/936/750 752/938/752
f 741/927/741 752/938/752 742/928/742
f 749/935/749 755/941/755 750/936/750
f 756/942/756 757/943/757 758/944/758
f 759/945/759 758/944/758 753/939/753
f 759/945/759 753/939/753 754/940/754
f 750/936/750 755/941/755 752/938/752
f 752/938/752 755/941/755 754/940/754
f 755/941/755 759/945/759 754/940/754
f 697/881/697 758/944/758 707/891/707
f 756/942/756 758/944/758 759/945/759
f 758/944/758 697/881/697 753/939/753
f 760/946/760 723/909/723 681/862/681
f 761/947/761 724/910/724 723/909/723
f 728/914/728 761/947/761 762/948/762
f 724/910/724 761/947/761 728/914/728
f 725/911/725 728/949/728 762/950/762
f 723/909/723 763/951/763 761/947/761
f 763/951/763 762/948/762 761/947/761
f 726/912/726 764/952/764 748/934/748
f 764/952/764 765/953/765 748/934/748
f 765/953/765 766/954/766 767/955/767
f 748/934/748 765/953/765 767/955/767
f 764/952/764 726/912/726 725/911/725
f 768/956/768 765/953/765 764/952/764
f 769/957/769 770/958/770 767/955/767
f 762/950/762 768/956/768 764/952/764
f 770/958/770 749/935/749 767/955/767
f 759/945/759 749/935/749 770/958/770
f 767/955/767 749/935/749 748/934/748
f 719/903/719 757/943/757 771/959/771
f 756/942/756 771/959/771 757/943/757
f 769/957/769 772/960/772 770/958/770
f 756/942/756 759/945/759 770/958/770
f 770/958/770 771/959/771 756/942/756
f 773/961/773 719/903/719 771/959/771
f 771/959/771 770/958/770 772/960/772
f 723/909/723 687/870/687 681/862/681
f 725/911/725 727/913/727 722/908/722
f 728/949/728 725/911/725 722/908/722
f 738/924/738 735/921/735 720/904/720
f 727/913/727 750/936/750 739/925/739
f 734/920/734 742/928/742 747/933/747
f 726/912/726 750/936/750 727/913/727
f 746/932/746 697/881/697 696/880/696
f 707/891/707 758/944/758 757/943/757
f 750/936/750 741/927/741 739/925/739
f 764/952/764 725/911/725 762/950/762
f 749/935/749 759/945/759 755/941/755
f 383/623/383 774/962/774 481/605/481
f 379/478/379 775/963/775 376/475/376
f 775/963/775 379/478/379 490/625/490
f 776/964/776 777/965/777 482/608/482
f 778/966/778 779/967/779 780/968/780
f 780/969/780 781/970/781 774/962/774
f 778/966/778 780/968/780 782/971/782
f 783/972/783 784/973/784 778/966/778
f 778/966/778 775/963/775 783/972/783
f 783/972/783 775/963/775 785/974/785
f 786/975/786 776/964/776 787/976/787
f 786/975/786 787/976/787 788/977/788
f 789/978/789 790/979/790 785/974/785
f 789/980/789 567/981/567 666/982/666
f 789/978/789 785/974/785 567/716/567
f 790/983/790 791/984/791 792/985/792
f 793/986/793 791/984/791 794/987/794
f 794/987/794 795/988/795 690/874/690
f 790/983/790 666/982/666 794/987/794
f 789/980/789 666/982/666 790/983/790
f 790/983/790 794/987/794 791/984/791
f 794/987/794 690/874/690 793/986/793
f 790/979/790 792/989/792 785/974/785
f 791/984/791 796/990/796 792/985/792
f 794/987/794 797/991/797 795/988/795
f 666/982/666 797/991/797 794/987/794
f 784/973/784 798/992/798 799/993/799
f 800/994/800 801/995/801 798/996/798
f 798/996/798 796/990/796 800/994/800
f 802/997/802 798/992/798 784/973/784
f 803/998/803 804/999/804 801/995/801
f 801/995/801 805/1000/805 799/1001/799
f 801/995/801 804/999/804 805/1000/805
f 806/1002/806 796/990/796 798/996/798
f 798/996/798 801/995/801 799/1001/799
f 801/995/801 800/994/800 807/1003/807
f 670/850/670 807/1003/807 800/994/800
f 801/995/801 807/1003/807 803/998/803
f 806/1002/806 802/1004/802 796/990/796
f 800/994/800 796/990/796 791/984/791
f 806/1005/806 798/992/798 802/997/802
f 792/989/792 802/997/802 785/974/785
f 802/1004/802 792/985/792 796/990/796
f 800/994/800 791/984/791 793/986/793
f 779/967/779 784/973/784 808/1006/808
f 781/970/781 780/969/780 808/1007/808
f 805/1008/805 808/1006/808 784/973/784
f 670/850/670 800/994/800 691/875/691
f 800/994/800 689/873/689 691/875/691
f 692/876/692 690/874/690 795/988/795
f 793/986/793 690/874/690 689/873/689
f 689/873/689 800/994/800 793/986/793
f 807/1003/807 809/1009/809 803/998/803
f 784/973/784 799/993/799 805/1008/805
f 810/1010/810 811/1011/811 812/1012/812
f 808/1007/808 811/1013/811 781/970/781
f 811/1011/811 808/1014/808 805/1015/805
f 805/1015/805 812/1012/812 811/1011/811
f 812/1012/812 805/1015/805 804/1016/804
f 803/998/803 809/1009/809 804/999/804
f 813/1017/813 809/1009/809 807/1003/807
f 809/1018/809 711/895/711 812/1012/812
f 810/1010/810 812/1012/812 711/895/711
f 809/1018/809 812/1012/812 804/1016/804
f 810/1010/810 711/895/711 814/1019/814
f 814/1019/814 815/1020/815 810/1010/810
f 781/970/781 811/1013/811 816/1021/816
f 811/1013/811 815/1022/815 816/1021/816
f 816/1021/816 817/1023/817 788/977/788
f 818/1024/818 814/1019/814 819/1025/819
f 815/1020/815 814/1019/814 818/1024/818
f 818/1026/818 819/1027/819 817/1023/817
f 819/1025/819 814/1019/814 820/1028/820
f 814/1019/814 821/1029/821 820/1028/820
f 816/1021/816 815/1022/815 817/1023/817
f 821/1029/821 814/1019/814 714/898/714
f 817/1023/817 815/1022/815 818/1026/818
f 718/902/718 820/1028/820 821/1029/821
f 693/877/693 692/876/692 795/988/795
f 781/970/781 787/976/787 774/962/774
f 808/1007/808 780/969/780 779/1030/779
f 778/966/778 784/973/784 779/967/779
f 783/972/783 802/997/802 784/973/784
f 816/1021/816 788/977/788 787/976/787
f 785/974/785 802/997/802 783/972/783
f 781/970/781 816/1021/816 787/976/787
f 811/1011/811 810/1010/810 815/1020/815
f 822/1031/822 583/734/583 586/737/586
f 584/735/584 586/737/586 583/734/583
f 823/1032/823 797/991/797 575/724/575
f 823/1032/823 824/1033/824 693/877/693
f 583/734/583 824/1033/824 823/1032/823
f 824/1033/824 822/1031/822 760/946/760
f 825/1034/825 723/909/723 822/1031/822
f 583/734/583 822/1031/822 824/1033/824
f 822/1031/822 586/737/586 826/1035/826
f 822/1031/822 826/1035/826 825/1034/825
f 723/909/723 760/946/760 822/1031/822
f 760/946/760 693/877/693 824/1033/824
f 825/1034/825 763/951/763 723/909/723
f 827/1036/827 828/1037/828 589/1038/589
f 826/1035/826 829/1039/829 825/1034/825
f 826/1035/826 828/1040/828 829/1039/829
f 827/1036/827 830/1041/830 828/1037/828
f 828/1037/828 830/1041/830 829/1042/829
f 830/1041/830 768/956/768 829/1042/829
f 828/1040/828 826/1035/826 831/1043/831
f 826/1035/826 586/737/586 831/1043/831
f 830/1041/830 832/1044/832 768/956/768
f 762/948/762 763/951/763 829/1039/829
f 829/1042/829 768/956/768 762/950/762
f 583/734/583 823/1032/823 575/724/575
f 829/1039/829 763/951/763 825/1034/825
f 828/1040/828 831/1043/831 589/740/589
f 833/1045/833 613/780/613 834/1046/834
f 834/1046/834 835/1047/835 833/1045/833
f 836/1048/836 837/1049/837 667/1050/667
f 612/779/612 834/1046/834 613/780/613
f 820/1028/820 838/1051/838 839/1052/839
f 820/1028/820 718/902/718 840/1053/840
f 840/1053/840 838/1051/838 820/1028/820
f 841/1054/841 838/1051/838 840/1053/840
f 842/1055/842 843/1056/843 841/1054/841
f 842/1055/842 841/1054/841 840/1053/840
f 830/1041/830 844/1057/844 832/1044/832
f 766/954/766 844/1057/844 769/957/769
f 844/1057/844 766/954/766 832/1044/832
f 832/1044/832 766/954/766 765/953/765
f 837/1049/837 842/1055/842 845/1058/845
f 836/1048/836 843/1056/843 837/1049/837
f 845/1058/845 846/1059/846 847/1060/847
f 846/1059/846 848/1061/848 847/1060/847
f 849/1062/849 850/1063/850 845/1058/845
f 842/1055/842 849/1062/849 845/1058/845
f 850/1063/850 846/1059/846 845/1058/845
f 834/1046/834 837/1049/837 847/1060/847
f 837/1049/837 845/1058/845 847/1060/847
f 834/1046/834 847/1060/847 835/1047/835
f 837/1049/837 843/1056/843 842/1055/842
f 846/1059/846 850/1063/850 717/901/717
f 718/902/718 850/1063/850 849/1062/849
f 849/1062/849 840/1053/840 718/902/718
f 846/1059/846 717/901/717 848/1061/848
f 851/1064/851 830/1041/830 827/1036/827
f 851/1064/851 852/1065/852 830/1041/830
f 853/1066/853 769/957/769 844/1057/844
f 853/1066/853 844/1057/844 852/1065/852
f 830/1041/830 852/1065/852 844/1057/844
f 854/1067/854 855/1068/855 853/1066/853
f 854/1067/854 835/1047/835 855/1068/855
f 856/1069/856 854/1067/854 853/1066/853
f 856/1069/856 853/1066/853 852/1065/852
f 847/1060/847 848/1061/848 855/1068/855
f 772/960/772 769/957/769 855/1068/855
f 772/960/772 855/1068/855 773/961/773
f 773/961/773 855/1068/855 848/1061/848
f 837/1049/837 612/779/612 667/1050/667
f 842/1055/842 840/1053/840 849/1062/849
f 612/779/612 837/1049/837 834/1046/834
f 855/1068/855 835/1047/835 847/1060/847
f 857/1070/857 851/1064/851 827/1036/827
f 833/1045/833 835/1047/835 854/1067/854
f 856/1069/856 851/1064/851 854/1067/854
f 833/1045/833 854/1067/854 858/1071/858
f 858/1071/858 854/1067/854 851/1064/851
f 851/1064/851 856/1069/856 852/1065/852
f 665/841/665 786/975/786 859/1072/859
f 665/841/665 860/1073/860 786/975/786
f 859/1072/859 861/1074/861 665/841/665
f 861/1074/861 862/1075/862 643/819/643
f 643/819/643 863/1076/863 864/1077/864
f 839/1078/839 863/1076/863 862/1075/862
f 864/1077/864 863/1076/863 841/1079/841
f 841/1079/841 865/1080/865 864/1077/864
f 860/1073/860 665/841/665 866/1081/866
f 862/1075/862 863/1076/863 643/819/643
f 862/1075/862 861/1074/861 859/1072/859
f 94/122/94 709/893/709 813/1082/813
f 813/1017/813 807/1003/807 94/1083/94
f 670/850/670 691/875/691 668/848/668
f 720/904/720 685/867/685 683/866/683
f 88/1084/88 669/849/669 688/872/688
f 669/849/669 668/848/668 689/873/689
f 760/946/760 686/869/686 693/877/693
f 669/849/669 689/873/689 688/872/688
f 695/879/695 697/881/697 707/891/707
f 709/893/709 809/1018/809 813/1082/813
f 711/895/711 809/1018/809 709/893/709
f 821/1029/821 714/898/714 715/899/715
f 850/1063/850 716/900/716 717/901/717
f 718/902/718 716/900/716 850/1063/850
f 717/901/717 708/892/708 719/903/719
f 720/904/720 735/921/735 685/867/685
f 687/870/687 684/865/684 680/861/680
f 736/922/736 694/878/694 685/867/685
f 745/931/745 698/882/698 238/305/238
f 760/946/760 681/862/681 686/869/686
f 769/957/769 767/955/767 766/954/766
f 832/1044/832 765/953/765 768/956/768
f 719/903/719 707/891/707 757/943/757
f 772/960/772 773/961/773 771/959/771
f 773/961/773 717/901/717 719/903/719
f 563/712/563 777/965/777 561/710/561
f 777/965/777 860/1073/860 561/710/561
f 778/966/778 782/971/782 376/475/376
f 775/963/775 778/966/778 376/475/376
f 777/965/777 776/964/776 786/975/786
f 786/975/786 860/1073/860 777/965/777
f 788/977/788 859/1072/859 786/975/786
f 670/850/670 89/112/89 807/1003/807
f 839/1078/839 817/1023/817 819/1027/819
f 839/1052/839 819/1025/819 820/1028/820
f 821/1029/821 715/899/715 718/902/718
f 797/991/797 823/1032/823 795/988/795
f 693/877/693 795/988/795 823/1032/823
f 714/898/714 814/1019/814 711/895/711
f 817/1023/817 839/1078/839 862/1075/862
f 841/1079/841 863/1076/863 838/1085/838
f 843/1086/843 865/1080/865 841/1079/841
f 863/1076/863 839/1078/839 838/1085/838
f 848/1061/848 717/901/717 773/961/773
f 561/710/561 860/1073/860 866/1081/866
f 788/977/788 862/1075/862 859/1072/859
f 817/1023/817 862/1075/862 788/977/788
f 865/1080/865 843/1086/843 836/1087/836
f 249/319/249 5/5/5 14/20/14
f 51/65/51 95/124/95 52/66/52
f 55/69/55 75/95/75 56/70/56
f 670/850/670 87/1088/87 86/113/86
f 88/1084/88 87/1088/87 669/849/669
f 93/120/93 90/119/90 92/123/92
f 92/123/92 94/122/94 93/120/93
f 89/112/89 71/127/71 93/1089/93
f 94/122/94 91/121/91 710/894/710
f 99/1090/99 98/134/98 102/136/102
f 281/364/281 106/142/106 127/166/127
f 106/142/106 281/364/281 103/137/103
f 97/129/97 99/131/99 275/369/275
f 339/432/339 115/152/115 125/164/125
f 338/431/338 115/152/115 339/432/339
f 338/431/338 129/168/129 115/152/115
f 325/417/325 139/178/139 143/182/143
f 200/1091/200 198/254/198 195/256/195
f 671/851/671 199/853/199 202/1092/202
f 202/1092/202 79/1093/79 671/851/671
f 96/871/96 671/851/671 79/1093/79
f 151/262/151 674/855/674 246/315/246
f 194/249/194 245/314/245 682/868/682
f 247/316/247 245/1094/245 156/198/156
f 213/1095/213 217/279/217 214/278/214
f 231/1096/231 229/294/229 230/295/230
f 227/291/227 228/290/228 230/295/230
f 700/884/700 231/1096/231 230/295/230
f 228/290/228 236/303/236 238/305/238
f 216/277/216 217/279/217 218/1097/218
f 231/1096/231 701/885/701 213/1095/213
f 231/1096/231 213/1095/213 232/1098/232
f 241/308/241 240/307/240 242/310/242
f 239/306/239 733/919/733 240/307/240
f 8/8/8 18/128/18 15/21/15
f 670/850/670 86/113/86 89/112/89
f 244/312/244 351/450/351 59/75/59
f 254/325/254 53/67/53 54/68/54
f 253/326/253 51/65/51 53/67/53
f 384/489/384 75/1099/75 55/76/55
f 384/619/384 54/330/54 75/1100/75
f 286/371/286 15/21/15 97/129/97
f 102/138/102 103/137/103 279/362/279
f 275/369/275 99/131/99 276/356/276
f 275/369/275 286/371/286 97/129/97
f 281/364/281 127/166/127 272/348/272
f 325/417/325 144/183/144 84/106/84
f 332/425/332 122/161/122 140/179/140
f 332/425/332 123/162/123 122/161/122
f 333/426/333 339/432/339 125/164/125
f 127/166/127 129/168/129 338/431/338
f 139/178/139 325/417/325 330/423/330
f 330/423/330 140/179/140 139/178/139
f 372/471/372 243/311/243 38/47/38
f 38/47/38 1/1/1 362/461/362
f 365/1101/365 364/1102/364 363/1103/363
f 780/969/780 383/623/383 381/1104/381
f 782/971/782 381/1105/381 377/476/377
f 782/971/782 780/968/780 381/1105/381
f 389/498/389 488/633/488 388/496/388
f 449/1106/449 454/843/454 488/633/488
f 452/1107/452 548/696/548 540/688/540
f 548/696/548 452/1107/452 451/1108/451
f 454/687/454 452/1107/452 540/688/540
f 487/618/487 542/690/542 473/1109/473
f 463/582/463 473/1109/473 462/583/462
f 473/1109/473 463/582/463 487/618/487
f 476/600/476 478/602/478 475/697/475
f 451/1108/451 475/697/475 548/696/548
f 470/1110/470 546/694/546 478/602/478
f 477/601/477 470/1110/470 478/602/478
f 479/606/479 787/976/787 776/964/776
f 481/605/481 787/976/787 479/606/479
f 777/965/777 469/591/469 484/611/484
f 484/611/484 482/608/482 777/965/777
f 84/106/84 95/124/95 324/416/324
f 351/450/351 55/76/55 59/75/59
f 365/1101/365 375/627/375 364/1102/364
f 375/627/375 365/1101/365 491/628/491
f 499/637/499 366/620/366 387/493/387
f 387/493/387 388/496/388 499/637/499
f 540/688/540 548/696/548 545/693/545
f 470/1110/470 472/1111/472 473/1109/473
f 542/690/542 550/699/550 473/1109/473
f 487/618/487 563/712/563 541/689/541
f 546/694/546 470/1110/470 473/1109/473
f 550/699/550 546/694/546 473/1109/473
f 785/974/785 493/630/493 567/716/567
f 576/725/576 575/724/575 666/982/666
f 831/1043/831 586/737/586 589/740/589
f 600/755/600 858/1071/858 599/753/599
f 858/1071/858 857/1070/857 599/753/599
f 833/1045/833 858/1071/858 600/755/600
f 609/774/609 607/773/607 613/780/613
f 833/1045/833 600/755/600 609/774/609
f 667/1050/667 612/779/612 606/781/606
f 627/799/627 866/1081/866 665/841/665
f 561/710/561 866/1081/866 627/799/627
f 639/815/639 665/841/665 861/1074/861
f 639/815/639 861/1074/861 643/819/643
f 643/819/643 864/1077/864 642/818/642
f 645/821/645 642/818/642 864/1077/864
f 645/821/645 865/1080/865 648/824/648
f 491/628/491 365/1101/365 499/637/499
f 366/620/366 499/637/499 365/1101/365
f 785/974/785 490/625/490 493/630/493
f 670/850/670 669/849/669 87/1088/87
f 93/1089/93 94/1083/94 807/1003/807
f 677/858/677 200/1091/200 199/853/199
f 199/853/199 672/852/672 677/858/677
f 200/1091/200 677/858/677 198/254/198
f 674/855/674 151/262/151 198/254/198
f 682/863/682 245/1094/245 247/316/247
f 682/868/682 694/878/694 194/249/194
f 246/315/246 675/856/675 247/316/247
f 217/279/217 213/1095/213 704/888/704
f 700/884/700 230/295/230 228/290/228
f 231/1096/231 700/884/700 701/885/701
f 712/896/712 710/894/710 217/279/217
f 710/894/710 218/1097/218 217/279/217
f 704/888/704 213/1095/213 701/885/701
f 732/918/732 242/310/242 240/307/240
f 237/304/237 242/310/242 743/929/743
f 238/305/238 237/304/237 743/929/743
f 734/920/734 743/929/743 732/918/732
f 732/918/732 743/929/743 242/310/242
f 490/625/490 374/1112/374 373/626/373
f 377/476/377 376/475/376 782/971/782
f 369/1113/369 490/625/490 379/478/379
f 374/1112/374 490/625/490 369/1113/369
f 482/608/482 479/606/479 776/964/776
f 487/618/487 469/591/469 563/712/563
f 563/712/563 469/591/469 777/965/777
f 583/734/583 575/724/575 574/723/574
f 589/845/589 599/753/599 857/1070/857
f 858/1071/858 851/1064/851 857/1070/857
f 609/774/609 613/780/613 833/1045/833
f 645/821/645 864/1077/864 865/1080/865
f 648/824/648 865/1080/865 667/847/667
f 93/1089/93 807/1003/807 89/112/89
f 194/249/194 694/878/694 736/922/736
f 736/922/736 239/306/239 194/249/194
f 688/872/688 96/871/96 88/1084/88
f 709/893/709 94/122/94 710/894/710
f 710/894/710 91/121/91 218/1097/218
f 736/922/736 733/919/733 239/306/239
f 481/605/481 774/962/774 787/976/787
f 774/962/774 383/623/383 780/969/780
f 490/625/490 785/974/785 775/963/775
f 666/982/666 575/724/575 797/991/797
f 857/1070/857 827/1036/827 589/845/589
f 667/847/667 865/1080/865 836/1087/836
f 855/1068/855 769/957/769 853/1066/853
f 674/855/674 198/254/198 677/858/677
