# www.textures.com
v -8.229005 0.283724 0.223866
v -8.655799 -0.038493 0.448212
v -8.963710 0.140971 0.607557
v -7.967841 -0.145962 0.058192
v -8.324181 -0.454320 0.298682
v -8.749382 -0.313794 0.600618
v -8.589106 -0.750614 0.869026
v -7.453510 0.219954 0.105250
v -7.522393 -0.419137 0.164011
v -8.345669 0.710105 0.465333
v -7.521605 0.919945 0.270077
v -7.969621 -0.808836 0.729032
v -8.306859 -0.666946 1.643661
v -6.373851 0.883377 0.110081
v -7.447461 -1.031204 1.258722
v -6.749207 -0.236338 0.097604
v -6.817574 -1.004921 0.555391
v -6.019120 0.195444 0.198057
v -6.439624 -0.611864 0.250575
v -6.117092 -0.593819 0.132715
v -5.637433 -0.150822 0.152426
v -5.690872 -0.978610 0.116032
v -6.069166 -1.610269 0.501538
v -6.941804 -1.447743 1.364143
v -6.458198 -1.099187 0.377282
v -7.344166 -1.181009 1.968129
v -6.359640 -1.826175 1.087319
v -7.951196 1.164176 0.669291
v -8.656698 1.085858 0.910244
v -9.225852 -0.329908 1.333229
v -7.931444 -0.462824 2.108073
v -8.661683 -0.495637 1.759911
v -8.588323 0.040269 1.973776
v -7.998585 0.100475 2.459504
v -8.637955 0.605930 1.921738
v -8.107695 0.616345 2.506529
v -8.275949 -0.017940 2.171164
v -9.307339 0.076807 1.437965
v -9.149276 0.509152 0.852215
v -9.011474 0.913030 1.050257
v -9.215619 0.810306 1.283810
v -9.358633 0.538788 1.441249
v -8.809465 1.110319 1.712104
v -7.311114 -0.722913 2.637547
v -7.659537 0.000195 2.765798
v -7.648409 -0.698795 2.338809
v -6.985594 -1.188606 2.300889
v -6.936240 -0.837834 2.895059
v -7.039655 -0.252809 3.012825
v -6.757514 -1.293181 2.541373
v -6.432326 -1.858246 1.795974
v -6.188816 -1.623314 2.727810
v -6.728551 -1.646426 1.755409
v -8.432624 1.298527 1.614742
v -6.904332 1.303740 0.279890
v -7.241034 1.430050 0.487228
v -7.031518 1.751414 0.758412
v -6.861298 1.892739 1.180864
v -6.593619 1.745278 0.564777
v -8.001950 1.537350 1.889875
v -8.242256 1.510926 1.257959
v -8.144197 1.169106 2.316164
v -7.582203 1.053066 2.697442
v -7.587956 1.553488 0.862286
v -7.437737 1.779639 1.374746
v -7.847896 1.527000 1.058325
v -7.175538 1.755230 2.061593
v -6.486922 1.990299 1.768409
v -7.031583 0.495418 3.081203
v -7.478082 0.436195 2.835611
v -6.517517 -0.118200 3.388899
v -5.561647 1.379845 2.683513
v -6.326093 1.565554 2.771279
v -6.094116 1.133547 3.021501
v -5.630852 0.184708 3.414632
v -6.473842 0.494157 3.436901
v -6.901731 1.671187 2.654312
v -6.626293 1.886070 2.475215
v -7.080119 0.772447 2.835886
v -7.127565 1.245304 2.729577
v -6.922002 0.820038 3.190568
v -5.205754 0.730254 3.238285
v -5.833584 -0.631651 3.360246
v -5.109167 -0.336941 3.404504
v -5.610411 1.047370 0.142479
v -5.967509 1.757283 0.410201
v -5.507579 1.531617 0.239705
v -5.734491 2.121092 1.222227
v -4.990413 0.675116 0.146599
v -4.533959 1.403344 0.088233
v -5.020282 2.218195 0.596045
v -6.424189 1.967293 1.144774
v -5.796986 1.872354 1.878861
v -5.428499 1.938647 2.350613
v -4.699559 2.461043 3.041900
v -5.056192 2.388145 2.304091
v -4.880061 2.560656 1.510345
v -5.050261 1.492018 3.138023
v -4.619550 1.892559 3.489643
v -4.581468 0.919114 3.846529
v -4.850757 -2.558674 1.962312
v -5.774891 -2.280035 1.280764
v -4.669141 -2.610080 1.105347
v -4.625456 -2.311986 2.628158
v -4.396933 -2.773245 2.055892
v -4.664575 -2.017674 0.372922
v -5.319465 -2.100343 0.632427
v -4.016418 -2.848616 1.320265
v -4.405616 -0.531030 0.280916
v -4.103195 -1.441013 0.136070
v -5.056282 -1.451661 0.107311
v -4.062669 -2.259413 0.448371
v -5.049417 -0.567868 0.153469
v -3.564709 -0.563899 0.463389
v -3.750237 -1.663364 0.316624
v -3.506121 -2.633701 0.413831
v -3.330632 -1.940406 0.247452
v -3.078877 -2.556634 0.479667
v -2.994794 -2.853093 0.566640
v -3.244059 -3.153047 1.056732
v -3.276397 -3.579286 1.013855
v -2.821764 -3.059220 0.504454
v -3.179388 -3.520082 0.489916
v -2.981416 -3.326166 0.178154
v -2.476041 -3.723099 0.345357
v -3.770686 -3.029214 2.240721
v -3.848015 -2.856648 2.949081
v -3.991475 -2.495759 2.816358
v -3.394127 -3.535330 2.369508
v -3.466747 -2.872137 3.205706
v -3.313135 -3.164771 2.955631
v -3.112943 -3.220893 3.092904
v -3.633075 -3.170476 1.708915
v -3.318547 -3.737945 1.406857
v -3.629576 -3.438798 2.021312
v -3.107482 -3.281089 1.474753
v -2.889144 -3.957802 1.383734
v -2.752041 -3.801450 2.472742
v -2.694168 -3.235729 3.333256
v -5.575904 -2.050618 2.338964
v -5.530061 -1.436240 3.055940
v -4.881811 -1.655068 2.938208
v -4.635514 -1.957539 2.918498
v -4.955030 -1.124457 3.209151
v -4.641162 -0.964112 3.591172
v -4.748901 -0.079269 3.650087
v -4.525773 -1.722999 3.315277
v -4.574519 -1.773241 3.180727
v -4.002389 -2.391799 3.201813
v -4.387981 -1.567751 3.538878
v -4.711692 -1.299663 3.300574
v -3.900894 -1.747965 3.618850
v -4.110301 -2.065066 3.415164
v -3.800929 -2.301372 3.467662
v -3.800672 0.826227 4.270422
v -3.589885 1.861173 3.804973
v -4.315768 1.536911 3.817405
v -4.346881 0.034553 4.062755
v -3.802903 0.378020 4.363513
v -3.402068 -0.254828 4.567292
v -3.068909 0.967850 4.346890
v -4.328197 -0.494789 4.005805
v -4.125160 -1.214694 3.948277
v -3.871728 -0.608288 4.451336
v -4.407765 -0.751343 3.786790
v -3.685735 -2.576081 3.352298
v -3.399629 -2.467628 3.768575
v -3.809481 -1.900068 3.914857
v -3.290142 -1.407942 4.447052
v -3.169428 -2.341628 4.055376
v -2.882263 -2.255429 4.180185
v -2.580889 -0.191742 4.675772
v -2.667147 -2.824996 3.848588
v -2.741248 -1.389410 4.583202
v -2.598820 -2.218467 4.351839
v -1.894926 -2.585073 4.154214
v -2.061059 -1.372703 4.416088
v -2.668187 1.671368 3.925807
v -2.867644 2.397099 3.357482
v -2.359132 0.635036 4.430678
v -2.350861 2.092857 4.190308
v -2.473348 2.766229 3.459943
v -2.263216 1.321699 4.459210
v -1.786092 2.177438 4.599445
v -1.752471 1.891517 4.789862
v -1.915201 2.807491 4.043577
v -1.914541 3.293323 4.068163
v -1.786632 2.415164 4.687617
v -1.581437 3.205530 4.445574
v -1.292175 2.248310 5.087385
v -2.222189 3.298594 3.271711
v -1.996359 3.666752 3.255302
v -1.781990 0.299571 5.108733
v -1.613402 1.113387 5.067996
v -1.456011 1.292352 5.339636
v -0.811914 3.054288 4.664561
v -0.463544 2.619020 5.216331
v -0.504846 1.975124 5.539221
v -0.918631 0.898276 5.737322
v -0.215270 1.258224 5.723633
v -1.737562 -0.739318 4.913362
v -1.284582 -0.570673 5.371667
v -1.408746 0.393590 5.359043
v -0.733976 -0.082270 5.781490
v -1.833948 -1.106359 4.576446
v -2.043436 -0.193647 4.719428
v -0.159278 0.282478 5.888380
v -1.209722 -1.524582 5.080467
v 0.365256 3.828836 2.198950
v 0.736355 3.851168 1.305869
v -0.417663 3.801005 1.483888
v 0.564819 3.739229 2.953708
v -0.124665 3.593390 2.643340
v -0.344665 3.534472 3.319768
v -0.865343 3.881144 2.088036
v -0.715862 3.612261 3.110903
v -0.366726 3.778388 2.086450
v 0.990414 3.841035 2.439287
v -1.177384 4.003875 2.490053
v -2.049702 3.781082 2.508037
v -1.357972 3.904534 3.113393
v -0.952645 3.649207 3.849738
v -0.114981 3.759342 0.860256
v 1.085139 3.754739 1.093042
v 1.270651 3.538463 0.764240
v 0.811329 3.794051 0.808555
v 1.575220 3.635888 1.688804
v 1.431585 3.666622 1.236159
v 0.556337 3.659481 3.599243
v -0.225300 3.343154 4.077595
v 0.770538 3.252032 4.078548
v 0.110712 3.474321 4.221568
v 0.749937 2.754500 4.589065
v 1.035441 3.437441 3.376881
v 0.837484 2.849449 4.152590
v 0.231589 2.743436 4.959889
v 0.373177 1.922392 5.257710
v -4.463733 2.194602 0.331275
v -4.832166 2.472493 0.869328
v -4.177048 2.918413 0.984555
v -4.036558 2.624115 0.551505
v -3.496680 2.196307 0.287329
v -3.155883 0.514671 0.422391
v -3.189092 0.027130 0.536890
v -3.892917 0.347151 0.252086
v -2.742437 1.940120 0.094146
v -3.186825 2.191354 0.247293
v -2.925598 2.803956 0.424690
v -3.471945 2.617318 0.477321
v -2.370061 0.213611 0.457203
v -2.982219 1.088234 0.296122
v -3.287890 0.925762 0.237030
v -3.254802 1.573946 0.235855
v -2.008652 1.118626 0.279861
v -2.599567 -0.263694 0.624885
v -1.148401 0.787504 0.314972
v -1.311179 0.028953 0.477172
v -2.126502 -0.894577 0.694980
v -1.601857 -0.680081 0.727675
v -2.000649 -1.364962 0.571777
v -2.548797 -2.233408 0.415965
v -2.711063 -1.776085 0.335937
v -3.010537 -1.163307 0.462205
v -1.703839 -2.001993 0.304798
v -2.245969 -2.504913 0.301894
v -2.190245 -3.113823 0.356467
v -2.587568 -3.007509 0.066284
v -2.647841 -2.984463 0.299631
v -2.557620 -2.576161 0.434250
v -1.015295 1.636781 0.081064
v -0.127347 1.636839 0.183267
v -0.073860 0.052308 0.496830
v -1.796247 2.554564 0.112534
v -4.348402 2.797863 2.506310
v -4.069132 2.941623 2.058689
v -3.561521 3.049667 1.420461
v -3.638759 2.946215 0.891491
v -3.179378 2.810700 0.474326
v -3.259945 2.909335 0.756283
v -2.352884 2.894851 0.320967
v -2.703747 3.189054 0.782924
v -2.761103 3.235894 1.113576
v -3.208590 3.032374 1.361621
v -3.946874 2.530446 3.171535
v -2.918281 2.867386 2.593158
v -3.197089 2.804524 2.691810
v -2.627455 2.940534 2.960212
v -3.341029 2.995763 2.075058
v -2.493629 3.418272 2.207349
v -2.837026 3.101285 2.246506
v -3.002686 3.040347 1.989735
v -3.094686 3.092948 1.562162
v -0.850313 2.613130 0.061513
v -1.323849 4.183556 1.600313
v -1.423019 3.893666 1.125554
v -1.890468 3.952587 2.006733
v -0.936555 3.795737 0.885551
v -0.807684 3.895052 1.136377
v -2.196150 3.581168 1.415465
v -1.638637 3.724427 0.913042
v -1.317943 3.387390 0.506024
v -0.610184 3.395801 0.405109
v -1.810611 3.323957 0.579250
v 0.050659 3.205308 0.230033
v 0.526418 3.341292 0.386434
v -1.987423 -2.538549 0.364309
v -1.413218 -3.781084 2.838127
v -1.835039 -3.122617 3.625149
v -2.031506 -3.787364 2.771605
v -0.708796 -3.564330 3.348073
v -0.540923 -3.010895 3.976066
v -0.994692 -3.028589 3.938090
v -0.322957 -3.354174 3.566344
v -1.730244 -2.824357 4.094470
v -0.212631 -3.524783 3.356625
v -0.213067 -3.564174 4.166350
v 0.094227 -4.224208 3.645336
v 0.003207 -3.789815 4.731738
v -0.851890 -2.634254 4.206057
v -0.592202 -2.835040 4.565032
v -0.232481 -3.357431 4.859913
v -1.531718 -2.452868 4.386926
v -1.252819 -2.255899 4.373598
v -0.281281 -2.842179 5.250811
v 0.261036 -4.545850 4.133505
v 0.552291 -4.022589 4.490917
v 0.406455 -3.088464 5.125028
v 0.926720 -3.226590 4.632376
v 1.018291 -4.278307 4.100006
v 1.125577 -2.624920 4.328362
v 1.072537 -2.232198 4.790428
v 1.247989 -2.540641 4.182541
v 1.095626 -3.154908 3.951315
v 1.301791 -2.958231 3.847614
v 0.885533 -2.251078 5.251273
v 0.607385 -2.024948 5.685326
v 0.572286 0.127745 5.853402
v 0.284705 0.865150 5.786456
v -1.476111 -1.767224 4.545438
v -0.836322 -2.268413 4.920794
v -0.676983 -2.072260 5.367793
v -0.972583 -1.202499 5.345374
v -0.821783 -0.764065 5.775404
v -0.736172 -1.620661 5.640009
v -0.274081 -2.163627 5.547343
v -0.217751 -0.212524 5.828032
v -0.390705 -1.235273 5.857975
v 0.619063 -1.239550 5.793454
v 0.806059 -0.921828 5.575050
v 0.566203 -0.380739 5.713092
v 0.044866 -1.550548 5.899068
v 0.337845 -0.581267 5.954787
v 0.173798 -2.484428 5.458122
v 0.799888 -1.589631 5.501871
v 1.112053 -1.339988 5.134887
v 1.186026 -2.009837 4.513104
v 1.385752 0.492347 4.506996
v 1.368199 0.734164 4.880730
v 1.358336 0.162652 4.583439
v 1.303565 0.082332 5.102041
v 1.273677 -0.197608 4.759577
v 1.418985 1.285379 4.758307
v 0.914980 1.387570 5.223197
v 0.914386 0.393957 5.536727
v 1.770134 -0.912972 4.708858
v 1.246798 -0.521753 4.898827
v 1.272742 -0.717465 4.990028
v 1.082928 -0.620592 5.383224
v 1.533942 -0.005936 4.707400
v 1.244112 -1.361555 4.778047
v 1.924924 0.690111 4.456273
v 1.696587 1.249959 4.453620
v 1.345981 1.906541 4.561465
v 0.998789 2.206393 4.680319
v 0.612735 0.964869 5.563559
v 1.402113 -1.962986 4.529583
v 1.798986 -2.606638 3.781505
v 2.384703 -2.169070 3.924256
v 2.131876 -1.769648 4.221524
v 2.821441 -1.015894 4.305973
v 2.983363 -1.895439 3.966251
v 2.510112 -0.519804 4.406502
v -2.038043 -4.036331 0.949028
v -1.792856 -3.717107 0.388411
v -1.422812 -3.886393 0.610586
v -1.641748 -4.078014 1.428477
v -1.380189 -2.964969 0.206292
v -1.071652 -3.568602 0.298573
v -0.763880 -2.333929 0.368771
v -1.103792 -2.225250 0.342942
v -0.915474 -1.807250 0.360420
v -0.335125 -2.226598 0.356611
v -0.622810 -2.622361 0.104970
v -1.537227 -2.453570 0.371753
v -1.329794 -2.159925 0.223618
v -0.724418 -0.697524 0.676225
v -1.082210 -4.003678 1.252878
v -0.092537 -1.855177 0.357581
v -0.448459 -3.392769 0.389412
v 0.008137 -3.099342 0.238902
v 0.283765 -3.373160 0.281008
v -0.341003 -4.086534 1.348694
v 0.598339 -3.721412 0.837769
v 0.284150 -4.091307 1.851569
v -0.257714 -3.841721 0.666050
v -2.365722 -4.114000 1.869192
v -0.556285 -3.929865 2.564952
v -1.180129 -4.074421 1.940759
v -1.823163 -3.856410 2.443863
v 0.067448 -3.918556 2.625375
v -0.141804 -4.109751 2.887398
v 0.597830 -4.656549 2.104813
v 0.188188 -4.638632 2.984149
v 0.532826 -3.995284 2.326536
v 0.687158 1.005643 0.300037
v 1.038530 -0.324513 0.560489
v 0.154782 -0.580726 0.628585
v 0.446859 -1.337920 0.650395
v 0.768179 -1.781593 0.336916
v 1.231221 -1.436453 0.483070
v 0.351549 -2.266045 0.211005
v 0.651236 -2.797803 0.137169
v 0.006469 -2.194082 0.449258
v 0.763544 -2.188029 0.236091
v 1.282108 -2.037994 0.293752
v 1.453432 -2.186573 0.033156
v 1.234549 -3.094301 0.394621
v 0.952409 -3.873245 1.845888
v 0.888120 -3.694505 1.158805
v 0.506629 -5.018098 2.636175
v 0.552937 -5.232188 3.096959
v 0.467279 -5.131617 3.577701
v 0.808137 -3.982117 2.226464
v 0.950012 -3.919787 2.726432
v 1.111961 -3.806774 2.355617
v 0.871558 -4.210495 2.336038
v 1.444574 -3.496263 3.010655
v 0.951358 -4.319934 2.557449
v 1.071970 -3.912780 3.407308
v 1.050513 -3.388923 3.463066
v 1.000476 -4.757850 2.590655
v 1.140718 -4.888253 3.277653
v 1.171569 -5.024756 2.869424
v 1.415258 -3.361442 3.446562
v 1.884479 -2.630511 0.229868
v 2.018183 -3.214355 0.930273
v 1.421649 -3.592857 1.332232
v 2.347411 -3.227073 1.528685
v 2.451275 -2.560345 0.527093
v 1.968780 -3.434194 1.877518
v 1.606642 -3.582244 2.378877
v 2.181837 -3.212059 2.659152
v 2.556477 -3.152277 2.311024
v 2.578732 -2.794838 3.271758
v 0.623652 2.157664 4.965567
v 2.785437 -2.396952 3.624009
v 1.291663 3.095852 3.730473
v 1.603010 3.131381 3.036993
v 1.509114 2.879190 3.638971
v 1.581175 2.094789 4.218804
v 1.688697 2.570711 3.616802
v 1.841072 2.204645 3.908254
v 1.840803 1.253640 4.228130
v 1.530043 1.752421 4.296865
v 2.602681 0.228130 4.337454
v 2.743505 1.312510 4.039502
v 3.441447 -0.634066 3.996770
v 1.460301 0.873287 0.302554
v 1.604102 -0.122847 0.552193
v 1.886983 -0.959423 0.544638
v 2.293365 -2.367460 0.422142
v 2.619071 -2.367268 0.942764
v 2.137630 -1.792357 0.335120
v 2.441004 -1.215295 0.570158
v 2.648467 -2.760317 1.061332
v 2.779381 -1.802153 0.604329
v 2.086415 -2.060397 0.193564
v 1.858311 -1.919262 0.295470
v 2.725930 -2.569612 1.093038
v 2.925266 -2.523005 1.597708
v 2.965783 -2.687137 2.008861
v 3.058419 -2.031282 1.106746
v 3.083130 -2.404813 1.982355
v 3.365184 -2.113309 1.795292
v 3.437288 -2.233680 2.501290
v 3.225996 -2.231438 2.486902
v 3.253368 -2.285724 2.980321
v 3.046175 -2.373259 3.294889
v 3.299449 -1.553797 3.753290
v 3.573272 -1.665353 3.150273
v 3.389215 -1.882891 3.319368
v 3.461196 -1.357401 3.604344
v 2.619409 -1.571621 0.428570
v 3.379300 -1.954831 2.344765
v 1.602923 1.793829 0.121995
v 0.742935 2.243257 0.031573
v 1.303169 2.342638 0.097253
v 2.106033 1.795827 0.268482
v 2.191900 1.238386 0.300226
v 1.883676 0.658733 0.391970
v 2.452578 0.192145 0.526668
v 2.445419 0.808182 0.233537
v 2.990816 1.323908 0.059365
v 1.224090 3.082891 0.361994
v 1.955266 2.618441 0.333785
v 1.586667 2.825272 0.244520
v 2.949309 2.385832 0.224332
v 2.250786 2.468377 0.400732
v 2.226563 2.975496 0.599197
v 1.597720 3.287336 0.649392
v 2.176612 3.218803 1.168504
v 2.669542 2.962445 1.112877
v 2.037722 3.411812 0.965672
v 1.752794 3.443073 0.841959
v 1.926664 3.499623 1.520943
v 2.138982 3.263714 1.959485
v 1.703469 3.365977 2.222683
v 1.358245 3.556859 2.589889
v 3.265765 2.797777 0.691199
v 2.513216 3.017191 1.812960
v 3.228545 2.996109 1.573501
v 2.351923 -0.569162 0.383716
v 3.214414 0.211530 0.214565
v 3.047045 -0.631571 0.240066
v 3.158046 -1.451362 0.588419
v 2.848332 -1.315574 0.612089
v 3.568207 -0.767112 0.200613
v 3.512441 -0.192933 0.135243
v 4.078189 0.402794 0.127547
v 3.741713 1.543418 0.065322
v 4.501443 1.287231 0.036018
v 3.795121 2.433022 0.504847
v 4.166371 2.090338 0.378992
v 2.243330 3.042653 2.542500
v 1.904883 3.003515 3.028815
v 2.505258 2.839647 2.487541
v 3.488373 2.535599 2.916263
v 3.275002 2.869627 2.212169
v 3.688081 2.892007 1.340528
v 3.644045 2.820155 1.892984
v 2.797068 2.320598 3.315995
v 3.532873 1.974588 3.611871
v 2.091131 2.655062 3.026212
v 2.156734 2.061260 3.673982
v 4.032305 0.137461 3.121515
v 4.291068 0.754841 3.014513
v 4.182970 0.671380 3.366633
v 3.457292 1.104890 4.012129
v 3.057606 0.618658 4.248090
v 3.788673 1.528101 3.607338
v 4.091499 1.079770 3.387229
v 3.855281 0.265687 3.683949
v 3.921035 2.203709 3.031044
v 3.955247 -0.539514 3.468210
v 3.418420 0.158729 4.088505
v 4.094095 2.658491 1.281673
v 3.960943 2.704369 2.085403
v 4.483141 2.325197 0.892415
v 4.471786 2.545241 1.607978
v 4.808793 2.370557 1.283299
v 5.039770 1.332954 0.201611
v 4.464250 1.999028 0.472606
v 4.967869 1.917010 0.552705
v 4.629228 2.397987 1.992532
v 4.340418 1.993301 2.742717
v 4.917550 1.980414 2.160964
v 4.720615 1.680231 2.485172
v 5.112833 2.279166 1.726080
v 4.560369 1.295674 2.809069
v 5.126615 2.282558 1.364794
v 5.451090 1.893413 0.637077
v 4.540518 -0.502281 0.150645
v 3.644782 -1.318545 0.557247
v 4.153794 -1.079520 0.308227
v 3.419527 -1.862845 1.179956
v 4.334181 -1.813759 1.329835
v 3.488164 -1.733845 2.736440
v 4.455286 -1.695866 2.175375
v 4.049674 -1.601416 2.544241
v 4.049524 -1.561102 0.735395
v 5.145562 -1.633385 1.255013
v 5.136798 -1.662712 1.930665
v 4.806583 -1.102624 0.423260
v 4.616845 -1.335127 2.631713
v 3.915799 -1.292187 2.762064
v 4.404695 -0.673059 3.079080
v 3.635487 -1.220508 3.015026
v 3.725245 -1.260015 3.319010
v 4.720749 0.444662 3.214408
v 5.135199 -0.776382 3.001832
v 5.155648 -1.050083 2.847738
v 3.970753 -0.643902 3.087807
v 5.186932 -0.124952 3.206312
v 3.611775 -0.789566 3.713101
v 5.331216 0.449223 0.155692
v 4.657973 0.424116 0.092116
v 5.095612 0.330485 0.166749
v 5.327654 -0.307567 0.376992
v 5.038445 -0.185230 0.153598
v 5.453450 -0.655367 0.591708
v 5.276987 0.762402 3.122682
v 5.488607 1.639031 2.581159
v 5.898139 1.239073 2.845322
v 5.974712 0.728169 3.053562
v 5.967749 -0.648086 1.111148
v 5.843024 -1.147613 1.619626
v 5.415355 -1.278046 1.025012
v 5.629455 -1.353689 1.903754
v 5.884790 -1.075823 2.272750
v 6.452767 -0.503922 2.078895
v 5.746316 -0.672300 2.952226
v 6.139874 -0.486492 2.630726
v 6.160010 -0.250080 2.789764
v 5.709610 -0.324485 0.526494
v 6.120472 -0.652052 0.535312
v 5.899331 -0.099728 3.091590
v 6.519458 0.260012 2.702161
v 6.403559 -0.461728 1.643240
v 6.153813 0.725321 0.090353
v 5.722860 2.009708 1.879613
v 6.305651 1.595027 2.414613
v 6.188847 1.740114 0.840881
v 5.876520 2.044329 1.286741
v 6.424430 1.813502 1.566368
v 6.204959 1.158387 2.810462
v 6.586010 -0.796168 1.072520
v 6.362824 -0.277004 0.110146
v 6.117729 -0.034241 0.093310
v 6.583759 -0.011931 0.165859
v 7.028286 0.348974 0.542279
v 7.187533 -0.053259 0.488367
v 6.687313 -0.461620 0.273198
v 6.769331 -0.799914 0.410808
v 7.128126 -0.782771 0.707167
v 7.385254 -0.528382 0.610612
v 7.161627 -0.412924 1.544490
v 7.771519 -0.269477 1.113301
v 7.463130 -0.059287 0.675081
v 7.053908 0.195336 2.101697
v 6.452110 1.280177 0.508135
v 6.839303 0.990376 0.743444
v 7.324962 0.683867 0.963208
v 6.773297 1.479887 1.121218
v 6.581867 1.612636 1.080600
v 7.331744 1.179139 1.487131
v 7.122321 1.405355 1.838863
v 7.860113 0.170551 1.280502
v 7.652792 0.815212 1.500560
v 7.868583 0.310770 1.617743
v 7.424454 0.325219 1.845056
v 7.390043 0.700972 2.042707
v 6.983674 0.751523 2.339375
v 6.824189 0.173358 2.381654
v 6.832908 1.079194 2.473070
v 6.564362 -0.050525 2.389797
vt 0.392065 0.902203
vt 0.373717 0.923463
vt 0.366639 0.911133
vt 0.413521 0.917434
vt 0.403414 0.923515
vt 0.381554 0.933901
vt 0.348709 0.778178
vt 0.352847 0.746882
vt 0.374247 0.766910
vt 0.429161 0.889399
vt 0.329999 0.796875
vt 0.310376 0.788537
vt 0.444820 0.904564
vt 0.373490 0.884944
vt 0.408635 0.860257
vt 0.322990 0.752276
vt 0.341563 0.708761
vt 0.458846 0.835221
vt 0.296059 0.725919
vt 0.280000 0.791833
vt 0.266723 0.765480
vt 0.470184 0.891847
vt 0.491482 0.855877
vt 0.258539 0.797221
vt 0.258445 0.816303
vt 0.242779 0.807022
vt 0.517587 0.858566
vt 0.539502 0.891289
vt 0.512068 0.884241
vt 0.486524 0.892966
vt 0.217258 0.762173
vt 0.261636 0.718064
vt 0.247032 0.775115
vt 0.286995 0.687607
vt 0.224549 0.730506
vt 0.217406 0.801201
vt 0.374922 0.854731
vt 0.343687 0.871462
vt 0.385285 0.778473
vt 0.401435 0.766895
vt 0.386690 0.728672
vt 0.334697 0.679460
vt 0.364185 0.705612
vt 0.380093 0.683869
vt 0.360365 0.143765
vt 0.326314 0.167704
vt 0.346360 0.119530
vt 0.313887 0.145801
vt 0.343858 0.158199
vt 0.362268 0.672491
vt 0.381335 0.119948
vt 0.342985 0.182506
vt 0.405641 0.721782
vt 0.422728 0.754292
vt 0.446571 0.753171
vt 0.432749 0.779645
vt 0.437191 0.737205
vt 0.422908 0.724678
vt 0.364094 0.074892
vt 0.374591 0.090475
vt 0.336765 0.092427
vt 0.346602 0.070024
vt 0.313749 0.221265
vt 0.307887 0.183742
vt 0.334866 0.210954
vt 0.312976 0.250608
vt 0.283195 0.242246
vt 0.277497 0.214051
vt 0.336314 0.238728
vt 0.295611 0.263168
vt 0.267821 0.666627
vt 0.253116 0.656617
vt 0.227165 0.696039
vt 0.220794 0.647727
vt 0.247369 0.698242
vt 0.313330 0.673178
vt 0.316291 0.088095
vt 0.331752 0.057077
vt 0.334756 0.884026
vt 0.266528 0.275695
vt 0.425358 0.829095
vt 0.405148 0.830974
vt 0.400491 0.809424
vt 0.396859 0.792087
vt 0.423811 0.799430
vt 0.286949 0.096843
vt 0.304472 0.066833
vt 0.300991 0.121201
vt 0.278354 0.142804
vt 0.379216 0.826975
vt 0.257864 0.071435
vt 0.241154 0.042147
vt 0.270068 0.046632
vt 0.362743 0.833582
vt 0.283159 0.055721
vt 0.348541 0.849987
vt 0.244232 0.103732
vt 0.227419 0.059362
vt 0.207169 0.090179
vt 0.258763 0.182427
vt 0.288171 0.172406
vt 0.239126 0.222109
vt 0.167619 0.154356
vt 0.203447 0.142893
vt 0.198185 0.169262
vt 0.193134 0.224879
vt 0.225850 0.198345
vt 0.230952 0.131605
vt 0.216045 0.121330
vt 0.262219 0.163562
vt 0.249879 0.144974
vt 0.240552 0.175543
vt 0.161921 0.205312
vt 0.222069 0.258020
vt 0.182392 0.261131
vt 0.486048 0.807617
vt 0.450362 0.787201
vt 0.476479 0.782660
vt 0.201351 0.033479
vt 0.167543 0.065796
vt 0.174603 0.034074
vt 0.521018 0.807036
vt 0.520556 0.763823
vt 0.136320 0.028828
vt 0.161986 0.014928
vt 0.203956 0.059578
vt 0.172552 0.101364
vt 0.150272 0.123000
vt 0.100533 0.141357
vt 0.122791 0.112129
vt 0.117265 0.071930
vt 0.138143 0.172642
vt 0.104066 0.173439
vt 0.119462 0.219288
vt 0.412462 0.790584
vt 0.142133 0.688855
vt 0.188212 0.718916
vt 0.132452 0.731416
vt 0.136670 0.652722
vt 0.115686 0.684913
vt 0.143842 0.776445
vt 0.171484 0.754560
vt 0.099277 0.722757
vt 0.578022 0.839319
vt 0.616622 0.865577
vt 0.579660 0.893444
vt 0.613563 0.901163
vt 0.644119 0.888679
vt 0.112621 0.773533
vt 0.554227 0.859567
vt 0.613337 0.815959
vt 0.639967 0.864496
vt 0.677899 0.890643
vt 0.665232 0.862714
vt 0.688075 0.877915
vt 0.056836 0.775775
vt 0.046846 0.763427
vt 0.059287 0.735695
vt 0.081061 0.772382
vt 0.027875 0.720391
vt 0.031125 0.761286
vt 0.010804 0.737014
vt 0.009867 0.756446
vt 0.539351 0.356344
vt 0.562213 0.379449
vt 0.533370 0.386439
vt 0.081015 0.672833
vt 0.084511 0.634460
vt 0.105828 0.642382
vt 0.050886 0.662204
vt 0.691893 0.364682
vt 0.671652 0.359680
vt 0.674112 0.345833
vt 0.056523 0.642176
vt 0.067296 0.628504
vt 0.073365 0.701156
vt 0.029121 0.698605
vt 0.057993 0.679870
vt 0.051016 0.715027
vt 0.588923 0.355346
vt 0.631665 0.362112
vt 0.597770 0.373029
vt 0.634052 0.333262
vt 0.678577 0.320175
vt 0.175842 0.795227
vt 0.184121 0.667735
vt 0.194069 0.623566
vt 0.161240 0.622693
vt 0.142416 0.627509
vt 0.224280 0.289513
vt 0.197528 0.301782
vt 0.170045 0.300283
vt 0.155182 0.258906
vt 0.135834 0.600468
vt 0.142469 0.608519
vt 0.100318 0.614536
vt 0.125729 0.594058
vt 0.194107 0.336455
vt 0.184083 0.338464
vt 0.188129 0.315505
vt 0.207694 0.323069
vt 0.170122 0.335295
vt 0.118961 0.585296
vt 0.110937 0.595392
vt 0.101710 0.601050
vt 0.173068 0.612026
vt 0.079017 0.238901
vt 0.055299 0.191078
vt 0.093902 0.196988
vt 0.121878 0.263383
vt 0.085488 0.260647
vt 0.075321 0.295899
vt 0.042355 0.244241
vt 0.131264 0.287288
vt 0.138386 0.325028
vt 0.103229 0.302918
vt 0.149822 0.299253
vt 0.154008 0.352427
vt 0.079385 0.610915
vt 0.711376 0.374727
vt 0.723934 0.351350
vt 0.728509 0.378941
vt 0.754581 0.384286
vt 0.740450 0.391658
vt 0.756290 0.361887
vt 0.129655 0.361313
vt 0.092045 0.347853
vt 0.105052 0.383258
vt 0.085396 0.387495
vt 0.037685 0.305888
vt 0.735495 0.333710
vt 0.708440 0.313025
vt 0.739961 0.319298
vt 0.064969 0.355865
vt 0.073858 0.396338
vt 0.726028 0.275928
vt 0.735434 0.303197
vt 0.034759 0.369023
vt 0.049595 0.419963
vt 0.013772 0.207755
vt 0.015176 0.161721
vt 0.014363 0.269299
vt 0.719118 0.762481
vt 0.745453 0.769947
vt 0.742924 0.823012
vt 0.718948 0.823141
vt 0.743107 0.726770
vt 0.728837 0.693687
vt 0.780477 0.760513
vt 0.784590 0.742028
vt 0.775502 0.799567
vt 0.797238 0.814788
vt 0.794832 0.766776
vt 0.814716 0.799325
vt 0.820261 0.748141
vt 0.770335 0.845361
vt 0.791943 0.854592
vt 0.767963 0.664338
vt 0.782250 0.701980
vt 0.804854 0.704958
vt 0.850190 0.786619
vt 0.863709 0.754245
vt 0.858010 0.722398
vt 0.830686 0.678876
vt 0.868723 0.689570
vt 0.756543 0.611394
vt 0.790830 0.616569
vt 0.795202 0.662895
vt 0.831617 0.635333
vt 0.743412 0.594385
vt 0.741556 0.644473
vt 0.014625 0.314772
vt 0.864253 0.647549
vt 0.780733 0.565825
vt 0.017330 0.361931
vt 0.914675 0.903945
vt 0.929788 0.945756
vt 0.874217 0.938183
vt 0.926376 0.866140
vt 0.890238 0.881780
vt 0.878503 0.851182
vt 0.852130 0.908644
vt 0.859850 0.862703
vt 0.878837 0.909344
vt 0.945648 0.892030
vt 0.831869 0.892737
vt 0.787675 0.888601
vt 0.823099 0.863886
vt 0.843874 0.830733
vt 0.886958 0.968611
vt 0.714848 0.653369
vt 0.697456 0.660189
vt 0.711200 0.638236
vt 0.975267 0.927176
vt 0.965601 0.948987
vt 0.947854 0.956348
vt 0.930757 0.965502
vt 0.919349 0.835648
vt 0.879201 0.814764
vt 0.931252 0.806769
vt 0.897414 0.807822
vt 0.929350 0.771602
vt 0.951906 0.836987
vt 0.946941 0.788666
vt 0.898446 0.762044
vt 0.903817 0.720680
vt 0.490190 0.742176
vt 0.505933 0.725029
vt 0.101735 0.017449
vt 0.119898 0.041182
vt 0.082647 0.043516
vt 0.082429 0.017025
vt 0.527215 0.700635
vt 0.546642 0.705776
vt 0.599736 0.762770
vt 0.612585 0.783568
vt 0.573360 0.790673
vt 0.657775 0.454297
vt 0.678621 0.436464
vt 0.704140 0.457362
vt 0.538447 0.684136
vt 0.621031 0.763527
vt 0.622872 0.431844
vt 0.572187 0.446388
vt 0.607144 0.422847
vt 0.583387 0.736358
vt 0.582248 0.753166
vt 0.569762 0.726487
vt 0.646027 0.427629
vt 0.561613 0.706110
vt 0.608798 0.476878
vt 0.641564 0.778940
vt 0.582985 0.512652
vt 0.549947 0.495470
vt 0.514617 0.446050
vt 0.518649 0.473117
vt 0.489256 0.445645
vt 0.549865 0.429212
vt 0.454615 0.408170
vt 0.479692 0.404515
vt 0.670793 0.843869
vt 0.650227 0.823263
vt 0.512543 0.402008
vt 0.453766 0.452143
vt 0.475680 0.384862
vt 0.482474 0.371957
vt 0.506008 0.355804
vt 0.511272 0.378784
vt 0.503341 0.386052
vt 0.488519 0.385330
vt 0.434645 0.400100
vt 0.435902 0.418729
vt 0.621372 0.530032
vt 0.609984 0.571719
vt 0.536635 0.554498
vt 0.672183 0.505171
vt 0.082611 0.113359
vt 0.070276 0.091680
vt 0.048647 0.060018
vt 0.058281 0.033870
vt 0.736034 0.985076
vt 0.723511 0.990011
vt 0.722638 0.973210
vt 0.697423 0.484436
vt 0.722168 0.479645
vt 0.749537 0.971728
vt 0.039536 0.025239
vt 0.041549 0.011422
vt 0.053934 0.018722
vt 0.744420 0.954667
vt 0.721566 0.946705
vt 0.030437 0.054450
vt 0.064370 0.147407
vt 0.010965 0.115472
vt 0.028394 0.121424
vt 0.003568 0.134024
vt 0.737442 0.854696
vt 0.035649 0.090283
vt 0.756677 0.899520
vt 0.732605 0.897113
vt 0.725368 0.880269
vt 0.725378 0.912263
vt 0.022624 0.066431
vt 0.016319 0.089382
vt 0.723241 0.934241
vt 0.663301 0.548711
vt 0.826112 0.931253
vt 0.817763 0.954994
vt 0.796883 0.913270
vt 0.842813 0.970479
vt 0.851260 0.955080
vt 0.775629 0.940174
vt 0.803491 0.967888
vt 0.709638 0.536990
vt 0.700081 0.568764
vt 0.731066 0.553965
vt 0.715774 0.513423
vt 0.682017 0.595999
vt 0.720915 0.597325
vt 0.729843 0.520254
vt 0.685960 0.620151
vt 0.785509 0.975832
vt 0.707729 0.445597
vt 0.555193 0.690332
vt 0.544578 0.674097
vt 0.475074 0.359592
vt 0.632267 0.260073
vt 0.682737 0.274968
vt 0.636454 0.294092
vt 0.649422 0.221819
vt 0.686677 0.206993
vt 0.690773 0.232420
vt 0.662582 0.201650
vt 0.708901 0.266435
vt 0.643227 0.195770
vt 0.782608 0.463478
vt 0.780175 0.435295
vt 0.809222 0.445821
vt 0.776945 0.419509
vt 0.815719 0.402940
vt 0.842345 0.451542
vt 0.713902 0.225386
vt 0.772716 0.490405
vt 0.798609 0.489463
vt 0.830838 0.473994
vt 0.729150 0.253943
vt 0.735151 0.241034
vt 0.834331 0.504132
vt 0.846167 0.403714
vt 0.866486 0.432274
vt 0.867219 0.485369
vt 0.898271 0.464974
vt 0.887599 0.408759
vt 0.936229 0.479711
vt 0.929629 0.508097
vt 0.947634 0.475991
vt 0.929512 0.446993
vt 0.943751 0.447065
vt 0.905660 0.520978
vt 0.885122 0.538957
vt 0.901300 0.634830
vt 0.892690 0.669553
vt 0.009249 0.419924
vt 0.013012 0.396189
vt 0.021374 0.414923
vt 0.793722 0.524808
vt 0.813428 0.540097
vt 0.799188 0.583162
vt 0.763861 0.518638
vt 0.822827 0.604494
vt 0.820606 0.564699
vt 0.840250 0.536285
vt 0.755224 0.552872
vt 0.856083 0.625410
vt 0.841685 0.580545
vt 0.895363 0.574932
vt 0.920767 0.585188
vt 0.908312 0.611346
vt 0.862364 0.565351
vt 0.881202 0.605988
vt 0.859995 0.518740
vt 0.909386 0.554390
vt 0.942176 0.556607
vt 0.953392 0.509608
vt 0.991525 0.659922
vt 0.973238 0.667073
vt 0.983166 0.633349
vt 0.962852 0.631383
vt 0.979657 0.615977
vt 0.974378 0.698602
vt 0.935599 0.699543
vt 0.931048 0.647167
vt 0.097925 0.520188
vt 0.103167 0.550575
vt 0.092731 0.549813
vt 0.962676 0.588295
vt 0.940999 0.596538
vt 0.114647 0.560903
vt 0.128852 0.550539
vt 0.973811 0.599205
vt 0.065819 0.531083
vt 0.961387 0.547939
vt 0.131240 0.565241
vt 0.168585 0.552629
vt 0.151351 0.577174
vt 0.188138 0.577259
vt 0.973056 0.734948
vt 0.951602 0.747500
vt 0.914122 0.675105
vt 0.032860 0.513248
vt 0.046920 0.508682
vt 0.037680 0.469843
vt 0.060169 0.453483
vt 0.072057 0.477328
vt 0.514637 0.013958
vt 0.520748 0.039438
vt 0.491797 0.033984
vt 0.019735 0.496782
vt 0.120694 0.468801
vt 0.089551 0.437820
vt 0.132958 0.495485
vt 0.557602 0.322450
vt 0.526232 0.327232
vt 0.531760 0.302821
vt 0.571420 0.295274
vt 0.485151 0.323245
vt 0.506845 0.296120
vt 0.428147 0.494717
vt 0.435977 0.481427
vt 0.454702 0.492243
vt 0.429555 0.294737
vt 0.455650 0.296285
vt 0.439176 0.310988
vt 0.445500 0.326714
vt 0.460379 0.343331
vt 0.443003 0.338560
vt 0.441343 0.467954
vt 0.507529 0.514153
vt 0.553200 0.272835
vt 0.425821 0.515087
vt 0.443317 0.530654
vt 0.490718 0.271174
vt 0.468832 0.257519
vt 0.477790 0.240063
vt 0.544593 0.234817
vt 0.494178 0.211582
vt 0.550150 0.193172
vt 0.513544 0.249076
vt 0.599912 0.322319
vt 0.604550 0.221355
vt 0.585729 0.262560
vt 0.617930 0.286810
vt 0.598303 0.189522
vt 0.826644 0.289543
vt 0.870087 0.294740
vt 0.833766 0.324213
vt 0.780115 0.385217
vt 0.803419 0.369910
vt 0.837592 0.272491
vt 0.764504 0.381743
vt 0.559450 0.166157
vt 0.572239 0.602238
vt 0.505435 0.602869
vt 0.501117 0.557725
vt 0.463025 0.563002
vt 0.434312 0.572237
vt 0.447717 0.599012
vt 0.421997 0.264581
vt 0.439290 0.239916
vt 0.415814 0.282938
vt 0.417200 0.563720
vt 0.415754 0.550131
vt 0.423467 0.533045
vt 0.410397 0.250209
vt 0.416401 0.591655
vt 0.389689 0.237189
vt 0.397843 0.222758
vt 0.443247 0.206600
vt 0.860089 0.268637
vt 0.519801 0.162651
vt 0.494955 0.190476
vt 0.867526 0.321275
vt 0.865226 0.344032
vt 0.853476 0.363836
vt 0.830177 0.370197
vt 0.544028 0.152129
vt 0.544342 0.124414
vt 0.525245 0.134712
vt 0.874690 0.266948
vt 0.885278 0.256887
vt 0.885564 0.274993
vt 0.513533 0.091839
vt 0.896621 0.274771
vt 0.894645 0.286369
vt 0.925547 0.401706
vt 0.950345 0.378926
vt 0.943553 0.419996
vt 0.540283 0.075122
vt 0.942864 0.359503
vt 0.895169 0.311141
vt 0.898026 0.362692
vt 0.926098 0.358684
vt 0.896977 0.337485
vt 0.906747 0.348512
vt 0.894639 0.357960
vt 0.521278 0.068345
vt 0.407004 0.195198
vt 0.435594 0.165397
vt 0.478492 0.166867
vt 0.438981 0.136370
vt 0.392648 0.170464
vt 0.466979 0.132353
vt 0.495496 0.120244
vt 0.469514 0.093923
vt 0.444072 0.101627
vt 0.454242 0.056106
vt 0.921466 0.737111
vt 0.437340 0.447576
vt 0.457965 0.019797
vt 0.065382 0.425713
vt 0.443933 0.031805
vt 0.970392 0.814079
vt 0.988572 0.850714
vt 0.986744 0.810324
vt 0.989565 0.751270
vt 0.261125 0.605889
vt 0.225340 0.608917
vt 0.239421 0.590622
vt 0.198646 0.565273
vt 0.207593 0.600157
vt 0.167655 0.508320
vt 0.220123 0.522964
vt 0.991346 0.720567
vt 0.152435 0.445776
vt 0.557610 0.636771
vt 0.506100 0.632822
vt 0.461358 0.636015
vt 0.007002 0.813137
vt 0.024154 0.839160
vt 0.003638 0.827845
vt 0.416603 0.635258
vt 0.443168 0.659349
vt 0.006202 0.838073
vt 0.051336 0.820267
vt 0.021313 0.800190
vt 0.376763 0.200102
vt 0.379695 0.178316
vt 0.407547 0.627523
vt 0.414936 0.619512
vt 0.008552 0.796978
vt 0.374163 0.213365
vt 0.018958 0.851610
vt 0.027862 0.877481
vt 0.009161 0.859409
vt 0.396258 0.116473
vt 0.408950 0.102790
vt 0.403047 0.146510
vt 0.057618 0.849897
vt 0.392300 0.099841
vt 0.035728 0.896660
vt 0.062920 0.886808
vt 0.385693 0.071846
vt 0.396066 0.071812
vt 0.409047 0.051338
vt 0.424199 0.040250
vt 0.406595 0.019661
vt 0.109977 0.423085
vt 0.079304 0.411501
vt 0.380773 0.032310
vt 0.396722 0.026550
vt 0.398273 0.018034
vt 0.047234 0.806320
vt 0.058475 0.915241
vt 0.599832 0.654126
vt 0.630489 0.619687
vt 0.630182 0.649059
vt 0.861304 0.178950
vt 0.838465 0.168880
vt 0.844503 0.143179
vt 0.573810 0.659348
vt 0.543387 0.654970
vt 0.507814 0.659109
vt 0.847951 0.090702
vt 0.863560 0.120834
vt 0.833167 0.118375
vt 0.800859 0.133281
vt 0.668834 0.651775
vt 0.857639 0.198883
vt 0.835783 0.209375
vt 0.845185 0.222146
vt 0.653248 0.666757
vt 0.788937 0.181606
vt 0.819791 0.198377
vt 0.815604 0.227149
vt 0.680796 0.674956
vt 0.810169 0.246135
vt 0.783218 0.234322
vt 0.820750 0.251851
vt 0.833964 0.252018
vt 0.397547 0.601528
vt 0.372927 0.610662
vt 0.388449 0.589332
vt 0.844003 0.236071
vt 0.399799 0.612144
vt 0.993405 0.936723
vt 0.978794 0.960826
vt 0.706456 0.669249
vt 0.693166 0.682223
vt 0.351264 0.594231
vt 0.334683 0.618705
vt 0.991215 0.898184
vt 0.969064 0.879952
vt 0.764189 0.205588
vt 0.392062 0.561507
vt 0.356436 0.566510
vt 0.371985 0.531621
vt 0.395103 0.531117
vt 0.477006 0.665695
vt 0.807463 0.079525
vt 0.831783 0.044387
vt 0.846917 0.060571
vt 0.461306 0.696639
vt 0.424486 0.690927
vt 0.432056 0.676470
vt 0.809306 0.028312
vt 0.841117 0.011759
vt 0.800723 0.055015
vt 0.417062 0.674647
vt 0.419759 0.659666
vt 0.765610 0.073792
vt 0.763897 0.132279
vt 0.730810 0.108506
vt 0.747746 0.176922
vt 0.734709 0.154727
vt 0.321181 0.583714
vt 0.296601 0.603544
vt 0.300110 0.620497
vt 0.280574 0.621390
vt 0.320835 0.559057
vt 0.306128 0.509876
vt 0.341367 0.525257
vt 0.383669 0.511505
vt 0.358536 0.507363
vt 0.276240 0.538107
vt 0.265577 0.499603
vt 0.290126 0.575694
vt 0.246791 0.565083
vt 0.212628 0.409189
vt 0.246303 0.417902
vt 0.232980 0.433165
vt 0.224310 0.486572
vt 0.193877 0.495055
vt 0.254613 0.477362
vt 0.249374 0.448944
vt 0.203763 0.443901
vt 0.296505 0.483286
vt 0.173964 0.414842
vt 0.184196 0.467177
vt 0.731306 0.219377
vt 0.715282 0.203328
vt 0.381239 0.498801
vt 0.348404 0.489062
vt 0.381731 0.485911
vt 0.707151 0.172302
vt 0.697270 0.196790
vt 0.691348 0.192890
vt 0.702111 0.104641
vt 0.718640 0.146912
vt 0.691725 0.137300
vt 0.684288 0.177798
vt 0.383286 0.442595
vt 0.370467 0.462569
vt 0.350406 0.451444
vt 0.305109 0.454890
vt 0.335978 0.424357
vt 0.310058 0.426291
vt 0.365416 0.423249
vt 0.281832 0.421396
vt 0.668427 0.178255
vt 0.664194 0.169706
vt 0.669255 0.128817
vt 0.761374 0.024747
vt 0.819590 0.004628
vt 0.794583 0.010484
vt 0.107705 0.821285
vt 0.079347 0.854478
vt 0.085256 0.819762
vt 0.117743 0.878017
vt 0.060703 0.947008
vt 0.046324 0.928305
vt 0.113023 0.921461
vt 0.090269 0.938069
vt 0.117730 0.843486
vt 0.156221 0.886198
vt 0.146537 0.916061
vt 0.162561 0.839910
vt 0.138257 0.818877
vt 0.120673 0.950839
vt 0.086424 0.962462
vt 0.044999 0.954212
vt 0.112081 0.977307
vt 0.377906 0.012003
vt 0.069691 0.976580
vt 0.057558 0.986300
vt 0.368635 0.008526
vt 0.190701 0.370783
vt 0.244693 0.389288
vt 0.209110 0.345047
vt 0.199246 0.351297
vt 0.177827 0.390374
vt 0.168486 0.375898
vt 0.153188 0.388736
vt 0.148426 0.965876
vt 0.233896 0.353435
vt 0.141936 0.400153
vt 0.151827 0.425879
vt 0.124503 0.413901
vt 0.702897 0.056441
vt 0.738743 0.065083
vt 0.718297 0.054107
vt 0.714545 0.020963
vt 0.729791 0.031228
vt 0.173054 0.814935
vt 0.194215 0.816543
vt 0.201504 0.849626
vt 0.148612 0.809966
vt 0.271837 0.374354
vt 0.321096 0.388434
vt 0.307208 0.361086
vt 0.286822 0.344256
vt 0.209093 0.830096
vt 0.222113 0.883254
vt 0.196132 0.908721
vt 0.178660 0.877531
vt 0.175468 0.919935
vt 0.189050 0.940625
vt 0.231600 0.943724
vt 0.181430 0.980070
vt 0.150904 0.982544
vt 0.209595 0.968044
vt 0.201835 0.977352
vt 0.229624 0.317084
vt 0.226674 0.842455
vt 0.697697 0.015049
vt 0.245114 0.859212
vt 0.258144 0.304322
vt 0.254317 0.325044
vt 0.289288 0.305974
vt 0.262005 0.292609
vt 0.238120 0.921375
vt 0.660622 0.058929
vt 0.362167 0.387920
vt 0.381600 0.412054
vt 0.339455 0.351851
vt 0.400131 0.356577
vt 0.392516 0.381055
vt 0.379780 0.351297
vt 0.638391 0.140463
vt 0.636121 0.115179
vt 0.312820 0.345646
vt 0.255606 0.893216
vt 0.659946 0.011893
vt 0.670161 0.023958
vt 0.645133 0.021202
vt 0.614795 0.036664
vt 0.613607 0.014349
vt 0.284444 0.851314
vt 0.278281 0.867282
vt 0.268703 0.835153
vt 0.242730 0.837422
vt 0.284229 0.886659
vt 0.304502 0.885911
vt 0.312263 0.858089
vt 0.278363 0.924853
vt 0.295609 0.838790
vt 0.313975 0.914794
vt 0.320540 0.887108
vt 0.272776 0.962676
vt 0.635930 0.084697
vt 0.612606 0.069825
vt 0.587990 0.053605
vt 0.594304 0.015235
vt 0.603235 0.097235
vt 0.612727 0.106728
vt 0.382149 0.291404
vt 0.391020 0.326334
vt 0.366804 0.311657
vt 0.575410 0.078273
vt 0.568098 0.033351
vt 0.555753 0.056300
vt 0.560798 0.040557
vt 0.325618 0.965446
vt 0.298445 0.959027
vt 0.319523 0.947958
vt 0.345957 0.277024
vt 0.350853 0.260398
vt 0.376355 0.265580
vt 0.318295 0.275471
vt 0.573664 0.012023
vt 0.328000 0.932964
vt 0.394802 0.344198
vt 0.329192 0.297358
vt 0.302047 0.281084
vt 0.330822 0.316906
vt 0.284196 0.283637
vt 0.258852 0.970279
vt 0.240277 0.967963
vt 0.251734 0.619473
vt 0.021730 0.768645
vt 0.012954 0.768532
vt 0.442788 0.377859
vt 0.957775 0.962807
vt 0.415617 0.386977
vt 0.422081 0.379230
vt 0.433367 0.432397
vt 0.429153 0.380047
vt 0.995073 0.699253
vn -0.3710 0.2039 -0.9060
vn -0.3592 -0.2601 -0.8963
vn -0.7012 -0.0387 -0.7119
vn -0.1937 -0.1143 -0.9744
vn -0.4019 -0.4884 -0.7746
vn -0.6482 -0.3928 -0.6523
vn -0.4187 -0.8815 -0.2184
vn -0.0553 0.0931 -0.9941
vn -0.0448 -0.5180 -0.8542
vn -0.3947 0.4640 -0.7930
vn -0.2530 0.4075 -0.8775
vn -0.1005 -0.9327 -0.3465
vn -0.2484 -0.9053 0.3445
vn -0.0095 0.1682 -0.9857
vn -0.4767 -0.8607 -0.1790
vn 0.0540 -0.2247 -0.9729
vn -0.4208 -0.6271 -0.6555
vn 0.0095 -0.0237 -0.9997
vn -0.2108 -0.2471 -0.9458
vn -0.2141 -0.0404 -0.9760
vn -0.0215 0.0299 -0.9993
vn -0.1340 -0.1602 -0.9779
vn -0.3997 -0.5960 -0.6965
vn -0.6054 -0.7702 -0.2006
vn -0.4039 -0.3771 -0.8335
vn -0.5591 -0.8018 0.2111
vn -0.5721 -0.7399 -0.3540
vn -0.3282 0.6622 -0.6737
vn -0.4878 0.7111 -0.5063
vn -0.8507 -0.5116 0.1204
vn -0.5699 -0.6223 0.5366
vn -0.4907 -0.6366 0.5950
vn -0.6016 -0.1298 0.7882
vn -0.6694 -0.2969 0.6810
vn -0.6406 0.0464 0.7665
vn -0.6073 0.0598 0.7922
vn -0.5019 -0.4342 0.7480
vn -0.9346 -0.1776 0.3083
vn -0.7804 0.2050 -0.5908
vn -0.5887 0.6930 -0.4161
vn -0.7967 0.5963 -0.0982
vn -0.9456 0.1404 0.2936
vn -0.6342 0.6549 0.4110
vn -0.5580 -0.5308 0.6379
vn -0.5469 -0.2015 0.8126
vn -0.6657 -0.5733 0.4777
vn -0.5718 -0.7307 0.3729
vn -0.5042 -0.4799 0.7180
vn -0.5167 -0.1988 0.8328
vn -0.6089 -0.6749 0.4168
vn -0.5234 -0.8386 0.1507
vn -0.3657 -0.7032 0.6097
vn -0.6566 -0.7461 0.1104
vn -0.5414 0.8269 0.1523
vn -0.1209 0.4734 -0.8725
vn -0.3415 0.6296 -0.6978
vn -0.2579 0.8559 -0.4482
vn -0.1967 0.9676 -0.1584
vn -0.1711 0.7680 -0.6172
vn -0.4252 0.8394 0.3386
vn -0.4775 0.8567 -0.1953
vn -0.5216 0.5203 0.6762
vn -0.3712 0.3956 0.8401
vn -0.3965 0.7772 -0.4886
vn -0.2928 0.9534 -0.0726
vn -0.3340 0.8192 -0.4662
vn -0.3656 0.8806 0.3013
vn -0.0743 0.9852 0.1546
vn -0.6119 0.0916 0.7856
vn -0.4094 0.1254 0.9037
vn -0.3085 -0.1763 0.9347
vn -0.2539 0.6592 0.7078
vn 0.0811 0.6704 0.7376
vn 0.0475 0.5542 0.8311
vn 0.0579 0.1408 0.9883
vn -0.1623 0.2120 0.9637
vn -0.4106 0.5867 0.6980
vn 0.0710 0.9160 0.3948
vn -0.6226 0.2321 0.7474
vn -0.3869 0.4930 0.7793
vn -0.5314 0.3422 0.7749
vn -0.4074 0.2709 0.8721
vn -0.1050 -0.2886 0.9517
vn -0.2918 -0.1052 0.9507
vn 0.0028 0.1362 -0.9907
vn -0.1849 0.6555 -0.7322
vn -0.1116 0.3220 -0.9401
vn -0.3014 0.9517 -0.0582
vn 0.0199 -0.0215 -0.9996
vn -0.0480 0.1259 -0.9909
vn -0.3208 0.7291 -0.6045
vn -0.1866 0.9639 -0.1900
vn -0.1954 0.9011 0.3872
vn -0.7044 0.5860 0.4005
vn -0.4980 0.6811 0.5368
vn -0.6730 0.7298 0.1201
vn -0.5156 0.8567 -0.0143
vn -0.7189 0.2921 0.6307
vn -0.5200 0.4331 0.7362
vn -0.6047 0.1400 0.7841
vn -0.3963 -0.8941 0.2087
vn -0.4324 -0.8901 -0.1439
vn -0.2560 -0.9059 -0.3375
vn -0.4041 -0.6896 0.6009
vn -0.4522 -0.8695 0.1985
vn -0.1275 -0.5823 -0.8029
vn -0.2822 -0.7181 -0.6361
vn -0.4050 -0.8620 -0.3049
vn 0.1585 0.0354 -0.9867
vn 0.1492 -0.0896 -0.9847
vn -0.0817 -0.2566 -0.9631
vn -0.2062 -0.5432 -0.8139
vn 0.1055 0.0249 -0.9941
vn 0.2151 0.0633 -0.9745
vn 0.1337 -0.1382 -0.9813
vn -0.1454 -0.5872 -0.7963
vn 0.0043 -0.0076 -1.0000
vn 0.0062 -0.3968 -0.9179
vn -0.5320 -0.2340 -0.8138
vn -0.8041 -0.4919 -0.3339
vn -0.9697 0.0033 -0.2444
vn -0.7197 0.3337 -0.6088
vn -0.8795 -0.2184 -0.4228
vn -0.6453 0.0425 -0.7628
vn -0.0549 -0.6757 -0.7351
vn -0.7180 -0.6725 0.1794
vn -0.7424 -0.5807 0.3339
vn -0.7233 -0.6296 0.2836
vn -0.5578 -0.7694 0.3113
vn -0.4729 -0.6771 0.5638
vn -0.4894 -0.7037 0.5151
vn -0.4270 -0.7251 0.5404
vn -0.7295 -0.6249 -0.2781
vn -0.6857 -0.7175 -0.1222
vn -0.8318 -0.5529 0.0491
vn -0.8137 -0.0124 -0.5811
vn -0.3558 -0.9301 -0.0916
vn -0.3099 -0.8699 0.3838
vn -0.2530 -0.7614 0.5969
vn -0.3384 -0.8155 0.4694
vn -0.1321 -0.5397 0.8314
vn -0.4030 -0.5423 0.7372
vn -0.5859 -0.5733 0.5727
vn -0.3708 -0.3841 0.8456
vn -0.6120 -0.2684 0.7439
vn -0.6452 -0.0533 0.7621
vn -0.6896 -0.4590 0.5601
vn -0.6871 -0.4967 0.5302
vn -0.6666 -0.5897 0.4560
vn -0.4525 -0.3328 0.8273
vn -0.6738 -0.3887 0.6284
vn -0.7314 -0.4035 0.5498
vn -0.5747 -0.4730 0.6678
vn -0.6261 -0.5007 0.5977
vn -0.2973 0.2637 0.9176
vn -0.1075 0.5638 0.8189
vn -0.3612 0.3876 0.8481
vn -0.6307 0.0115 0.7759
vn -0.3667 0.1746 0.9138
vn -0.1865 0.0511 0.9811
vn -0.0481 0.3759 0.9254
vn -0.7307 -0.1937 0.6547
vn -0.6615 -0.3916 0.6396
vn -0.4731 -0.1354 0.8706
vn -0.6784 -0.1836 0.7114
vn -0.5652 -0.5777 0.5889
vn -0.5095 -0.6218 0.5948
vn -0.7329 -0.4120 0.5414
vn -0.3328 -0.2788 0.9008
vn -0.3653 -0.5348 0.7619
vn -0.3077 -0.4657 0.8297
vn -0.0721 0.0604 0.9956
vn -0.2530 -0.6911 0.6771
vn -0.0307 -0.1918 0.9810
vn -0.1480 -0.3967 0.9059
vn -0.2367 -0.3929 0.8886
vn -0.0822 -0.2100 0.9742
vn -0.4085 0.4288 0.8058
vn -0.3294 0.6602 0.6750
vn -0.4040 0.2106 0.8902
vn -0.7071 0.3394 0.6204
vn -0.6822 0.5069 0.5269
vn -0.7131 0.1262 0.6896
vn -0.8735 0.2019 0.4429
vn -0.6917 0.1995 0.6941
vn -0.8688 0.2334 0.4366
vn -0.7024 0.5293 0.4759
vn -0.8239 0.1509 0.5464
vn -0.3456 0.6522 0.6747
vn -0.4511 0.3747 0.8100
vn -0.7903 0.5093 0.3407
vn -0.5720 0.7694 0.2844
vn -0.6656 -0.0007 0.7463
vn -0.7592 0.0808 0.6458
vn -0.6730 0.1401 0.7262
vn -0.0811 0.7317 0.6767
vn -0.0500 0.6000 0.7984
vn -0.0530 0.3679 0.9284
vn -0.3575 0.1110 0.9273
vn 0.0730 0.2783 0.9577
vn -0.7250 -0.2558 0.6395
vn -0.6325 -0.1667 0.7564
vn -0.5922 -0.0066 0.8058
vn -0.3465 -0.0226 0.9378
vn -0.5586 -0.2960 0.7748
vn -0.5014 -0.1014 0.8592
vn -0.0680 0.0556 0.9961
vn -0.6683 -0.3508 0.6560
vn -0.0992 0.9884 0.1149
vn 0.0870 0.9948 -0.0526
vn 0.1469 0.9891 0.0029
vn 0.0500 0.9809 0.1877
vn -0.0543 0.9805 0.1887
vn 0.0364 0.9910 0.1289
vn 0.3683 0.9188 0.1421
vn 0.2874 0.9488 0.1310
vn 0.0696 0.9858 0.1529
vn 0.2591 0.9422 0.2126
vn 0.1790 0.9679 0.1762
vn -0.5392 0.8293 0.1468
vn -0.0005 0.9693 0.2459
vn 0.0885 0.9272 0.3640
vn 0.0093 0.9148 -0.4038
vn 0.3170 0.9329 -0.1707
vn 0.2992 0.7627 -0.5734
vn 0.1528 0.8754 -0.4586
vn 0.4095 0.9093 0.0735
vn 0.3513 0.9248 -0.1459
vn 0.1945 0.9407 0.2780
vn -0.1325 0.9646 0.2279
vn 0.6613 0.5539 0.5058
vn -0.0179 0.9125 0.4088
vn 0.6630 0.5010 0.5563
vn 0.5041 0.7936 0.3406
vn 0.7092 0.4889 0.5080
vn 0.3178 0.5726 0.7557
vn 0.3946 0.3907 0.8317
vn -0.2437 0.4863 -0.8391
vn -0.5359 0.7712 -0.3435
vn -0.3165 0.8968 -0.3093
vn -0.1911 0.6602 -0.7264
vn -0.0577 0.2849 -0.9568
vn 0.1369 -0.2540 -0.9575
vn 0.1606 -0.1455 -0.9762
vn 0.1638 -0.1403 -0.9765
vn -0.1043 0.0252 -0.9942
vn -0.1740 0.2255 -0.9586
vn -0.2229 0.5707 -0.7903
vn -0.1945 0.5628 -0.8034
vn -0.0253 -0.2507 -0.9677
vn 0.0692 -0.1745 -0.9822
vn 0.2133 -0.1632 -0.9633
vn -0.0224 -0.0203 -0.9995
vn -0.0252 -0.1830 -0.9828
vn 0.0725 -0.1334 -0.9884
vn 0.0003 -0.2231 -0.9748
vn -0.0178 -0.2530 -0.9673
vn 0.0986 0.1365 -0.9857
vn -0.0377 -0.0295 -0.9989
vn 0.0157 0.2662 -0.9638
vn -0.0379 -0.0159 -0.9992
vn 0.1883 0.0789 -0.9789
vn 0.1605 0.1710 -0.9721
vn -0.0990 0.1683 -0.9807
vn -0.0484 0.0855 -0.9952
vn 0.2101 -0.0823 -0.9742
vn -0.1516 0.3021 -0.9411
vn -0.7087 0.5849 -0.3945
vn -0.3416 0.0913 -0.9354
vn 0.0074 -0.1458 -0.9893
vn 0.0214 -0.1282 -0.9915
vn 0.0004 -0.2087 -0.9780
vn -0.0774 0.2262 -0.9710
vn -0.2987 0.9235 0.2408
vn -0.2326 0.9647 0.1237
vn -0.0887 0.9943 -0.0585
vn -0.0738 0.9109 -0.4060
vn -0.2450 0.7112 -0.6589
vn -0.2657 0.8734 -0.4081
vn -0.1772 0.5274 -0.8309
vn -0.3342 0.8385 -0.4304
vn -0.4568 0.8824 -0.1125
vn -0.1975 0.9636 -0.1801
vn -0.1135 0.7815 0.6136
vn -0.3901 0.8345 0.3892
vn -0.0401 0.9082 0.4167
vn -0.7015 0.6120 0.3653
vn -0.0786 0.9712 0.2248
vn -0.6396 0.7592 0.1204
vn -0.6493 0.7023 0.2917
vn -0.3533 0.9177 0.1816
vn -0.1972 0.9785 0.0608
vn 0.0036 0.1851 -0.9827
vn -0.0729 0.9869 -0.1436
vn -0.2375 0.8687 -0.4347
vn -0.5008 0.8655 0.0107
vn -0.0332 0.8421 -0.5383
vn 0.1484 0.9500 -0.2747
vn -0.4918 0.8447 -0.2113
vn -0.3528 0.7839 -0.5108
vn -0.1344 0.6003 -0.7884
vn -0.0621 0.6215 -0.7809
vn -0.2471 0.6748 -0.6954
vn 0.0360 0.4573 -0.8886
vn 0.0947 0.5597 -0.8233
vn 0.0722 -0.0428 -0.9965
vn -0.0821 -0.8967 0.4350
vn -0.1256 -0.7962 0.5919
vn -0.0706 -0.8837 0.4626
vn -0.0393 -0.8290 0.5579
vn -0.5495 -0.7182 0.4269
vn -0.0555 -0.6940 0.7179
vn -0.4961 -0.7798 0.3818
vn -0.1604 -0.6574 0.7363
vn -0.5902 -0.7309 0.3425
vn -0.8683 -0.4914 0.0679
vn -0.9096 -0.4010 0.1086
vn -0.4649 -0.6120 0.6398
vn -0.3939 -0.6764 0.6224
vn -0.8131 -0.5302 0.2404
vn -0.6353 -0.5369 0.5552
vn -0.1200 -0.3701 0.9212
vn -0.2024 -0.4674 0.8606
vn -0.4411 -0.5220 0.7300
vn -0.4692 -0.6807 0.5626
vn 0.2973 -0.5241 0.7981
vn 0.2428 -0.5065 0.8274
vn 0.8070 -0.2874 0.5159
vn 0.7582 -0.3791 0.5305
vn 0.8981 -0.2467 0.3642
vn 0.9348 -0.1746 0.3093
vn 0.6277 -0.4389 0.6430
vn 0.9197 -0.2933 0.2609
vn 0.5564 -0.5484 0.6242
vn 0.8129 -0.2477 0.5271
vn 0.4467 -0.3054 0.8409
vn 0.4692 0.0309 0.8825
vn 0.2516 0.2664 0.9305
vn -0.5120 -0.3648 0.7777
vn -0.7288 -0.5245 0.4402
vn -0.6465 -0.4337 0.6277
vn -0.7071 -0.2587 0.6581
vn -0.4912 -0.0844 0.8669
vn -0.6344 -0.3284 0.6998
vn -0.2782 -0.4063 0.8704
vn -0.1777 -0.0349 0.9835
vn -0.2373 -0.1312 0.9625
vn 0.5641 -0.0701 0.8228
vn 0.6938 -0.0263 0.7197
vn 0.6763 -0.0535 0.7347
vn -0.0474 -0.2366 0.9704
vn 0.2656 0.0160 0.9640
vn -0.0328 -0.4496 0.8926
vn 0.7953 -0.0987 0.5981
vn 0.8654 -0.1507 0.4779
vn 0.6196 -0.3721 0.6911
vn 0.6697 0.0427 0.7414
vn 0.9225 0.0387 0.3840
vn 0.5884 0.2369 0.7731
vn 0.9239 -0.0207 0.3821
vn 0.6897 0.2070 0.6939
vn 0.7622 0.1219 0.6358
vn 0.5789 0.3111 0.7537
vn 0.6702 0.1223 0.7321
vn 0.3845 -0.1195 0.9154
vn 0.8980 0.1510 0.4132
vn 0.8128 -0.0027 0.5825
vn 0.7424 -0.0780 0.6654
vn 0.0862 0.2901 0.9531
vn 0.6808 -0.2704 0.6807
vn 0.2232 0.2182 0.9500
vn 0.6954 0.1900 0.6930
vn 0.6492 0.3788 0.6596
vn 0.5880 0.4471 0.6741
vn 0.4909 0.3041 0.8164
vn 0.2612 -0.4427 0.8578
vn 0.3926 -0.5962 0.7003
vn 0.2068 -0.5746 0.7919
vn 0.3168 -0.4247 0.8481
vn 0.3937 -0.1680 0.9038
vn 0.5179 -0.4584 0.7223
vn 0.3503 0.0485 0.9354
vn -0.0487 -0.9593 -0.2783
vn 0.0684 -0.5371 -0.8407
vn 0.1556 -0.8232 -0.5461
vn 0.0484 -0.9981 -0.0384
vn -0.0981 -0.0384 -0.9944
vn -0.0319 -0.4969 -0.8672
vn 0.0679 0.4220 -0.9041
vn 0.1325 0.0243 -0.9909
vn 0.0231 0.1804 -0.9833
vn -0.0310 0.3337 -0.9422
vn -0.0691 0.1490 -0.9864
vn -0.0832 0.0298 -0.9961
vn 0.0687 -0.1246 -0.9898
vn -0.0346 0.0122 -0.9993
vn 0.0203 -0.9729 -0.2303
vn -0.0104 0.1215 -0.9925
vn 0.0434 -0.3867 -0.9212
vn -0.0688 -0.2859 -0.9558
vn 0.1936 -0.5087 -0.8389
vn 0.0402 -0.9793 -0.1983
vn 0.3303 -0.8247 -0.4591
vn 0.1397 -0.9894 -0.0384
vn 0.0667 -0.8224 -0.5651
vn -0.1208 -0.9819 0.1459
vn -0.0234 -0.9469 0.3208
vn -0.0668 -0.9900 0.1245
vn 0.0232 -0.9674 0.2523
vn -0.5963 -0.7601 -0.2580
vn -0.9476 -0.2004 -0.2488
vn -0.0522 -0.3923 -0.9184
vn -0.8641 -0.4923 -0.1047
vn -0.3645 -0.6835 -0.6325
vn -0.0183 -0.1993 -0.9798
vn -0.0247 -0.0967 -0.9950
vn -0.0038 -0.0569 -0.9984
vn 0.0459 0.2339 -0.9712
vn -0.0290 0.3730 -0.9274
vn -0.0600 0.2313 -0.9710
vn -0.0507 0.2695 -0.9617
vn 0.0742 -0.2209 -0.9725
vn -0.1991 0.3489 -0.9158
vn -0.0835 0.2725 -0.9585
vn -0.0823 0.5689 -0.8182
vn -0.0185 0.2864 -0.9579
vn 0.2051 -0.6418 -0.7389
vn 0.3701 -0.9164 -0.1526
vn 0.3494 -0.8757 -0.3333
vn -0.3346 -0.8110 -0.4800
vn -0.2280 -0.9700 -0.0844
vn -0.2893 -0.8636 0.4128
vn 0.5625 -0.7163 -0.4129
vn 0.9266 -0.3705 -0.0636
vn 0.4900 -0.8715 0.0223
vn 0.8829 -0.0677 -0.4647
vn 0.4411 -0.8244 0.3545
vn 0.9396 0.0292 -0.3409
vn 0.9970 0.0374 -0.0681
vn 0.8119 -0.5200 0.2653
vn 0.7833 -0.3248 -0.5300
vn 0.8741 -0.4309 0.2244
vn 0.8121 -0.4883 -0.3196
vn 0.4523 -0.7623 0.4630
vn 0.3144 -0.4346 -0.8439
vn 0.4144 -0.7900 -0.4519
vn 0.3333 -0.8990 -0.2839
vn 0.5615 -0.8069 -0.1834
vn 0.7364 -0.1938 -0.6482
vn 0.3970 -0.9177 -0.0171
vn 0.4303 -0.8962 0.1077
vn 0.4281 -0.8711 0.2407
vn 0.5674 -0.8177 0.0972
vn 0.4634 -0.7514 0.4697
vn 0.5194 0.3978 0.7563
vn 0.4148 -0.6712 0.6144
vn 0.4991 0.6718 0.5474
vn 0.5100 0.7881 0.3449
vn 0.6982 0.5030 0.5093
vn 0.6894 0.3349 0.6423
vn 0.6950 0.4990 0.5176
vn 0.5995 0.4951 0.6288
vn 0.5646 0.3544 0.7454
vn 0.8269 0.1637 0.5381
vn 0.2673 0.0978 0.9586
vn 0.1363 0.4244 0.8951
vn 0.6352 -0.1745 0.7524
vn 0.0347 -0.2065 -0.9778
vn -0.0161 -0.0952 -0.9953
vn -0.0511 0.0320 -0.9982
vn 0.6952 0.0291 -0.7183
vn 0.7244 -0.2244 -0.6518
vn 0.2646 0.1680 -0.9496
vn 0.0263 0.0210 -0.9994
vn 0.7758 -0.4914 -0.3959
vn 0.4546 -0.4412 -0.7737
vn 0.4458 0.1905 -0.8746
vn -0.0299 0.4998 -0.8657
vn 0.7799 -0.3127 -0.5423
vn 0.8232 -0.5012 -0.2666
vn 0.8055 -0.5764 -0.1375
vn 0.5972 -0.6188 -0.5103
vn 0.8301 -0.5108 -0.2236
vn 0.5292 -0.8459 -0.0664
vn 0.7465 -0.6422 0.1742
vn 0.5455 -0.7426 0.3885
vn 0.8129 -0.5635 0.1475
vn 0.6993 -0.6184 0.3586
vn 0.7747 -0.3537 0.5242
vn 0.9256 -0.3566 0.1270
vn 0.6950 -0.5457 0.4681
vn 0.7860 -0.3350 0.5197
vn 0.3481 0.0417 -0.9365
vn 0.7854 -0.6190 -0.0074
vn 0.1483 -0.0585 -0.9872
vn -0.0134 0.0547 -0.9984
vn 0.1386 0.1713 -0.9754
vn 0.0651 0.0732 -0.9952
vn -0.1100 -0.0945 -0.9894
vn 0.0014 -0.2298 -0.9732
vn -0.1955 -0.1310 -0.9719
vn -0.2366 -0.1954 -0.9518
vn -0.1023 -0.0161 -0.9946
vn 0.1409 0.5036 -0.8524
vn 0.3395 0.2345 -0.9109
vn 0.1934 0.3903 -0.9002
vn 0.0251 0.4719 -0.8813
vn 0.0412 0.2694 -0.9622
vn 0.3781 0.6594 -0.6498
vn 0.2418 0.6388 -0.7304
vn 0.6690 0.7396 -0.0741
vn 0.2495 0.9384 -0.2391
vn 0.5484 0.7936 -0.2634
vn 0.2871 0.8238 -0.4887
vn 0.5141 0.8570 0.0362
vn 0.5094 0.8417 0.1788
vn 0.5151 0.8120 0.2743
vn 0.5567 0.7752 0.2987
vn 0.1296 0.8552 -0.5019
vn 0.3363 0.9364 0.1006
vn 0.1506 0.9885 0.0109
vn -0.1819 -0.0413 -0.9825
vn -0.2047 -0.0617 -0.9769
vn -0.2038 -0.1709 -0.9640
vn 0.0973 -0.5167 -0.8506
vn 0.0330 -0.1668 -0.9854
vn -0.0723 -0.3102 -0.9479
vn -0.1084 -0.0156 -0.9940
vn -0.0579 -0.0447 -0.9973
vn 0.0498 0.1745 -0.9834
vn 0.1199 0.2076 -0.9708
vn 0.3621 0.6676 -0.6505
vn 0.2848 0.5954 -0.7513
vn 0.5226 0.7597 0.3870
vn 0.5771 0.6714 0.4650
vn 0.3281 0.8514 0.4093
vn 0.2591 0.8312 0.4919
vn 0.1766 0.9447 0.2762
vn 0.3389 0.9314 -0.1328
vn 0.2571 0.9553 0.1463
vn 0.0939 0.7441 0.6615
vn 0.3407 0.5606 0.7548
vn 0.5166 0.6296 0.5802
vn 0.3953 0.5653 0.7240
vn 0.7349 -0.1640 0.6580
vn 0.5751 -0.0322 0.8174
vn 0.8470 -0.0936 0.5233
vn 0.4456 0.2280 0.8657
vn 0.2134 0.1315 0.9681
vn 0.6937 0.2724 0.6668
vn 0.7181 0.1661 0.6758
vn 0.7086 -0.0267 0.7051
vn 0.5859 0.5956 0.5495
vn 0.8929 -0.2364 0.3832
vn 0.5253 -0.0207 0.8507
vn 0.4254 0.8748 -0.2320
vn 0.3893 0.8810 0.2689
vn 0.3890 0.7881 -0.4771
vn 0.4181 0.9083 -0.0125
vn 0.3188 0.9148 -0.2479
vn 0.1931 0.3640 -0.9112
vn 0.3398 0.6470 -0.6826
vn 0.2003 0.7150 -0.6698
vn 0.4696 0.7941 0.3858
vn 0.6339 0.4784 0.6077
vn 0.3433 0.6952 0.6316
vn 0.3669 0.5283 0.7657
vn 0.3359 0.9014 0.2733
vn 0.3855 0.4001 0.8314
vn 0.2994 0.9398 -0.1645
vn 0.2157 0.7474 -0.6284
vn 0.1280 -0.2181 -0.9675
vn -0.0085 -0.6465 -0.7628
vn 0.0282 -0.5018 -0.8645
vn 0.2501 -0.8366 -0.4873
vn 0.2041 -0.9478 -0.2451
vn 0.8967 -0.4108 0.1649
vn 0.2450 -0.9010 0.3579
vn 0.2795 -0.6963 0.6610
vn 0.0820 -0.7865 -0.6121
vn 0.3986 -0.8590 -0.3212
vn 0.3355 -0.9136 0.2298
vn 0.3081 -0.5419 -0.7820
vn 0.1598 -0.7006 0.6955
vn 0.3189 -0.4896 0.8115
vn 0.0024 -0.3195 0.9476
vn 0.8843 -0.4075 0.2279
vn 0.9210 -0.3521 0.1667
vn -0.0760 0.1671 0.9830
vn 0.0878 -0.4047 0.9102
vn 0.1908 -0.6682 0.7191
vn 0.5911 -0.3877 0.7073
vn 0.0695 -0.1204 0.9903
vn 0.7153 -0.3365 0.6125
vn 0.0044 -0.1435 -0.9896
vn 0.0309 -0.0612 -0.9976
vn 0.1644 -0.1914 -0.9676
vn 0.4189 -0.2897 -0.8606
vn 0.3396 -0.1940 -0.9204
vn 0.4965 -0.4611 -0.7355
vn 0.0405 0.3123 0.9491
vn 0.0711 0.7168 0.6937
vn 0.1347 0.5331 0.8353
vn 0.3128 0.1727 0.9340
vn 0.3066 -0.9064 -0.2906
vn 0.6843 -0.7028 -0.1946
vn 0.5878 -0.6364 -0.4995
vn 0.6022 -0.7971 0.0447
vn 0.6071 -0.7253 0.3246
vn 0.7624 -0.6266 0.1615
vn 0.4190 -0.5078 0.7527
vn 0.7067 -0.5023 0.4983
vn 0.6778 -0.3853 0.6262
vn -0.0294 -0.6125 -0.7900
vn -0.3881 -0.8164 -0.4277
vn 0.3992 -0.1734 0.9003
vn 0.6330 -0.2031 0.7471
vn 0.5078 -0.8422 0.1812
vn 0.2227 0.2316 -0.9470
vn 0.2705 0.9041 0.3307
vn 0.3555 0.7550 0.5510
vn 0.4070 0.7818 -0.4724
vn 0.3435 0.9287 -0.1401
vn 0.4486 0.8933 0.0278
vn 0.3651 0.4328 0.8242
vn -0.0235 -0.9669 0.2542
vn -0.0314 -0.3674 -0.9295
vn -0.1651 -0.2599 -0.9514
vn 0.3798 0.0527 -0.9236
vn 0.5482 0.3312 -0.7680
vn 0.5042 0.1342 -0.8531
vn 0.2274 -0.3542 -0.9071
vn 0.1707 -0.7511 -0.6378
vn 0.4660 -0.8716 -0.1521
vn 0.6849 -0.5111 -0.5193
vn 0.3815 -0.7267 0.5713
vn 0.8517 -0.5238 -0.0132
vn 0.6918 0.1593 -0.7043
vn 0.6265 -0.4497 0.6366
vn 0.4792 0.5229 -0.7050
vn 0.6525 0.4626 -0.6002
vn 0.6579 0.4522 -0.6022
vn 0.6152 0.6894 -0.3825
vn 0.5362 0.7770 -0.3298
vn 0.7469 0.6473 -0.1518
vn 0.6788 0.6907 0.2494
vn 0.9449 0.1815 -0.2723
vn 0.8854 0.4648 -0.0113
vn 0.8784 0.0055 0.4779
vn 0.6429 -0.2971 0.7060
vn 0.7580 0.0910 0.6459
vn 0.6926 0.0271 0.7208
vn 0.6704 -0.3886 0.6321
vn 0.6524 0.3050 0.6938
vn 0.6210 -0.5221 0.5846
s 1
f 1/1/1 2/2/2 3/3/3
f 1/1/1 4/4/4 5/5/5
f 1/1/1 5/5/5 6/6/6
f 1/1/1 6/6/6 2/2/2
f 5/7/5 7/8/7 6/9/6
f 8/10/8 4/4/4 1/1/1
f 5/7/5 4/11/4 9/12/9
f 9/13/9 4/4/4 8/10/8
f 1/1/1 10/14/10 11/15/11
f 8/10/8 1/1/1 11/15/11
f 5/7/5 9/12/9 12/16/12
f 12/16/12 7/8/7 5/7/5
f 7/8/7 12/16/12 13/17/13
f 8/10/8 11/15/11 14/18/14
f 12/16/12 15/19/15 13/17/13
f 12/16/12 9/12/9 15/19/15
f 9/12/9 16/20/16 17/21/17
f 14/18/14 16/22/16 8/10/8
f 14/18/14 18/23/18 16/22/16
f 19/24/19 17/21/17 16/20/16
f 18/25/18 20/26/20 19/24/19
f 21/27/21 22/28/22 20/29/20
f 18/23/18 19/30/19 16/22/16
f 20/29/20 18/23/18 21/27/21
f 23/31/23 24/32/24 17/21/17
f 17/21/17 25/33/25 23/31/23
f 9/12/9 17/21/17 15/19/15
f 15/19/15 24/32/24 26/34/26
f 17/21/17 24/32/24 15/19/15
f 25/33/25 19/24/19 20/26/20
f 25/33/25 17/21/17 19/24/19
f 23/31/23 27/35/27 24/32/24
f 22/36/22 25/33/25 20/26/20
f 23/31/23 25/33/25 22/36/22
f 10/14/10 1/1/1 3/3/3
f 28/37/28 10/14/10 29/38/29
f 11/15/11 10/14/10 28/37/28
f 2/39/2 6/9/6 3/40/3
f 3/40/3 6/9/6 30/41/30
f 31/42/31 13/17/13 15/19/15
f 31/42/31 32/43/32 13/17/13
f 32/43/32 7/8/7 13/17/13
f 32/43/32 33/44/33 30/41/30
f 33/45/33 34/46/34 35/47/35
f 35/47/35 34/46/34 36/48/36
f 34/46/34 33/45/33 37/49/37
f 32/43/32 37/50/37 33/44/33
f 31/42/31 37/50/37 32/43/32
f 33/45/33 35/47/35 38/51/38
f 34/46/34 37/49/37 31/52/31
f 30/41/30 33/44/33 38/53/38
f 39/54/39 3/40/3 38/53/38
f 40/55/40 10/56/10 39/54/39
f 40/55/40 39/54/39 41/57/41
f 38/53/38 42/58/42 39/54/39
f 41/59/41 42/60/42 43/61/43
f 43/61/43 42/60/42 35/47/35
f 39/54/39 42/58/42 41/57/41
f 38/53/38 3/40/3 30/41/30
f 35/47/35 42/60/42 38/51/38
f 40/62/40 41/59/41 43/61/43
f 7/8/7 32/43/32 30/41/30
f 44/63/44 45/64/45 46/65/46
f 47/66/47 48/67/48 44/63/44
f 44/63/44 48/67/48 49/68/49
f 26/69/26 47/66/47 44/63/44
f 47/66/47 50/70/50 48/67/48
f 47/71/47 26/34/26 24/32/24
f 26/69/26 44/63/44 46/65/46
f 34/46/34 46/65/46 45/64/45
f 50/72/50 51/73/51 52/74/52
f 50/72/50 47/71/47 53/75/53
f 53/75/53 51/73/51 50/72/50
f 53/75/53 27/35/27 51/73/51
f 30/41/30 6/9/6 7/8/7
f 8/10/8 16/22/16 9/13/9
f 10/56/10 3/40/3 39/54/39
f 31/42/31 15/19/15 26/34/26
f 26/34/26 46/76/46 31/42/31
f 54/77/54 29/78/29 40/62/40
f 40/79/40 29/38/29 10/14/10
f 24/32/24 53/75/53 47/71/47
f 34/46/34 31/52/31 46/65/46
f 27/35/27 53/75/53 24/32/24
f 50/70/50 52/80/52 48/67/48
f 14/18/14 11/15/11 55/81/55
f 56/82/56 55/81/55 11/15/11
f 55/81/55 56/82/56 57/83/57
f 58/84/58 59/85/59 57/83/57
f 59/85/59 55/81/55 57/83/57
f 54/77/54 60/86/60 61/87/61
f 62/88/62 60/86/60 54/77/54
f 63/89/63 60/86/60 62/88/62
f 11/15/11 64/90/64 56/82/56
f 56/82/56 64/90/64 57/83/57
f 65/91/65 57/92/57 64/93/64
f 66/94/66 64/90/64 28/37/28
f 64/90/64 11/15/11 28/37/28
f 65/91/65 64/93/64 66/95/66
f 61/87/61 65/91/65 66/95/66
f 66/94/66 28/37/28 61/96/61
f 61/87/61 60/86/60 65/91/65
f 67/97/67 65/91/65 60/86/60
f 58/98/58 57/92/57 65/91/65
f 58/98/58 65/91/65 68/99/68
f 35/47/35 36/48/36 62/88/62
f 45/64/45 44/63/44 49/68/49
f 69/100/69 70/101/70 49/68/49
f 70/101/70 45/64/45 49/68/49
f 49/68/49 48/67/48 71/102/71
f 36/48/36 70/101/70 62/88/62
f 45/64/45 70/101/70 36/48/36
f 34/46/34 45/64/45 36/48/36
f 72/103/72 73/104/73 74/105/74
f 75/106/75 74/105/74 76/107/76
f 67/97/67 77/108/77 78/109/78
f 68/99/68 78/109/78 73/104/73
f 73/104/73 78/109/78 77/108/77
f 79/110/79 70/101/70 69/100/69
f 63/89/63 70/101/70 79/110/79
f 79/110/79 80/111/80 63/89/63
f 79/110/79 81/112/81 80/111/80
f 69/100/69 81/112/81 79/110/79
f 81/112/81 69/100/69 76/107/76
f 80/111/80 81/112/81 74/105/74
f 74/105/74 81/112/81 76/107/76
f 77/108/77 80/111/80 73/104/73
f 73/104/73 80/111/80 74/105/74
f 80/111/80 77/108/77 67/97/67
f 69/100/69 71/102/71 76/107/76
f 49/68/49 71/102/71 69/100/69
f 65/91/65 67/97/67 68/99/68
f 68/99/68 67/97/67 78/109/78
f 67/97/67 60/86/60 80/111/80
f 60/86/60 63/89/63 80/111/80
f 74/105/74 75/106/75 82/113/82
f 71/102/71 83/114/83 75/106/75
f 83/114/83 71/102/71 48/67/48
f 83/114/83 84/115/84 75/106/75
f 85/116/85 14/18/14 86/117/86
f 85/116/85 86/117/86 87/118/87
f 85/116/85 18/23/18 14/18/14
f 59/119/59 88/120/88 86/121/86
f 89/122/89 21/27/21 85/116/85
f 21/27/21 18/23/18 85/116/85
f 90/123/90 89/122/89 87/118/87
f 87/118/87 89/122/89 85/116/85
f 91/124/91 87/125/87 86/121/86
f 86/121/86 88/120/88 91/124/91
f 92/126/92 68/99/68 88/120/88
f 14/18/14 59/85/59 86/117/86
f 92/126/92 58/98/58 68/99/68
f 88/120/88 59/119/59 92/126/92
f 72/103/72 93/127/93 73/104/73
f 94/128/94 93/127/93 72/103/72
f 95/129/95 96/130/96 94/128/94
f 88/120/88 94/128/94 97/131/97
f 93/127/93 94/128/94 88/120/88
f 94/128/94 96/130/96 97/131/97
f 98/132/98 95/129/95 94/128/94
f 98/132/98 94/128/94 72/103/72
f 82/113/82 72/103/72 74/105/74
f 91/124/91 88/120/88 97/131/97
f 68/99/68 73/104/73 93/127/93
f 95/129/95 98/132/98 99/133/99
f 82/113/82 100/134/100 98/132/98
f 54/77/54 43/61/43 62/88/62
f 43/61/43 35/47/35 62/88/62
f 92/135/92 59/85/59 58/84/58
f 63/89/63 62/88/62 70/101/70
f 76/107/76 71/102/71 75/106/75
f 82/113/82 75/106/75 84/115/84
f 93/127/93 88/120/88 68/99/68
f 59/85/59 14/18/14 55/81/55
f 72/103/72 82/113/82 98/132/98
f 101/136/101 102/137/102 103/138/103
f 104/139/104 101/136/101 105/140/105
f 106/141/106 103/138/103 107/142/107
f 102/137/102 107/142/107 103/138/103
f 108/143/108 101/136/101 103/138/103
f 102/137/102 51/73/51 27/35/27
f 23/31/23 102/137/102 27/35/27
f 107/142/107 102/137/102 23/31/23
f 109/144/109 110/145/110 111/146/111
f 110/145/110 106/147/106 111/146/111
f 112/148/112 106/147/106 110/145/110
f 106/141/106 112/149/112 103/138/103
f 111/146/111 22/28/22 113/150/113
f 22/28/22 21/27/21 113/150/113
f 111/146/111 113/150/113 109/144/109
f 114/151/114 110/145/110 109/144/109
f 109/144/109 113/150/113 89/122/89
f 89/122/89 113/150/113 21/27/21
f 112/148/112 110/145/110 115/152/115
f 116/153/116 117/154/117 118/155/118
f 117/154/117 116/153/116 112/148/112
f 118/156/118 119/157/119 120/158/120
f 118/156/118 120/158/120 116/159/116
f 121/160/121 122/161/122 123/162/123
f 122/161/122 121/160/121 119/157/119
f 124/163/124 123/162/123 122/161/122
f 121/160/121 120/158/120 119/157/119
f 125/164/125 123/165/123 124/166/124
f 116/159/116 108/143/108 112/149/112
f 112/149/112 108/143/108 103/138/103
f 120/158/120 108/143/108 116/159/116
f 126/167/126 127/168/127 128/169/128
f 126/167/126 129/170/129 127/168/127
f 130/171/130 131/172/131 132/173/132
f 129/170/129 131/174/131 127/168/127
f 131/174/131 130/175/130 127/168/127
f 133/176/133 134/177/134 135/178/135
f 108/143/108 120/158/120 133/176/133
f 121/160/121 134/177/134 133/176/133
f 136/179/136 133/176/133 120/158/120
f 126/167/126 105/140/105 133/176/133
f 133/176/133 135/178/135 126/167/126
f 101/136/101 108/143/108 105/140/105
f 133/176/133 105/140/105 108/143/108
f 135/178/135 129/170/129 126/167/126
f 137/180/137 129/181/129 134/182/134
f 129/170/129 135/178/135 134/177/134
f 137/180/137 138/183/138 129/181/129
f 136/179/136 120/158/120 121/160/121
f 123/162/123 134/177/134 121/160/121
f 123/165/123 137/180/137 134/182/134
f 123/165/123 125/164/125 137/180/137
f 139/184/139 132/173/132 138/183/138
f 136/179/136 121/160/121 133/176/133
f 132/173/132 129/181/129 138/183/138
f 107/142/107 23/31/23 111/185/111
f 22/36/22 111/185/111 23/31/23
f 111/185/111 106/141/106 107/142/107
f 112/148/112 115/152/115 117/154/117
f 132/173/132 131/172/131 129/181/129
f 128/169/128 105/140/105 126/167/126
f 140/186/140 52/74/52 51/73/51
f 140/186/140 141/187/141 52/74/52
f 140/186/140 142/188/142 141/187/141
f 142/188/142 140/186/140 104/139/104
f 142/188/142 104/139/104 143/189/143
f 143/189/143 104/139/104 128/169/128
f 83/114/83 141/190/141 84/115/84
f 141/190/141 144/191/144 84/115/84
f 84/115/84 145/192/145 146/193/146
f 147/194/147 148/195/148 149/196/149
f 147/194/147 149/196/149 150/197/150
f 148/198/148 147/199/147 151/200/151
f 151/200/151 144/191/144 142/201/142
f 145/192/145 151/200/151 147/199/147
f 145/192/145 144/191/144 151/200/151
f 145/192/145 147/199/147 150/202/150
f 152/203/152 150/197/150 153/204/153
f 150/197/150 149/196/149 153/204/153
f 154/205/154 153/204/153 149/196/149
f 149/196/149 148/195/148 143/189/143
f 143/189/143 128/169/128 149/196/149
f 148/195/148 142/188/142 143/189/143
f 142/201/142 148/198/148 151/200/151
f 142/188/142 144/206/144 141/187/141
f 144/191/144 145/192/145 84/115/84
f 155/207/155 156/208/156 157/209/157
f 158/210/158 100/134/100 146/193/146
f 158/210/158 155/207/155 100/134/100
f 84/115/84 146/193/146 82/113/82
f 82/113/82 146/193/146 100/134/100
f 155/207/155 157/209/157 100/134/100
f 159/211/159 160/212/160 161/213/161
f 155/207/155 159/211/159 161/213/161
f 162/214/162 163/215/163 164/216/164
f 159/211/159 164/216/164 160/212/160
f 158/210/158 162/214/162 164/216/164
f 155/207/155 158/210/158 159/211/159
f 164/216/164 159/211/159 158/210/158
f 146/193/146 145/192/145 165/217/165
f 146/193/146 165/217/165 162/214/162
f 145/192/145 163/215/163 165/217/165
f 152/218/152 145/192/145 150/202/150
f 145/192/145 152/218/152 163/215/163
f 162/214/162 165/217/165 163/215/163
f 149/196/149 166/219/166 154/205/154
f 166/220/166 167/221/167 154/222/154
f 167/221/167 166/220/166 130/171/130
f 154/222/154 152/223/152 153/224/153
f 167/221/167 168/225/168 154/222/154
f 154/222/154 168/225/168 152/223/152
f 152/218/152 168/226/168 163/215/163
f 127/168/127 149/196/149 128/169/128
f 169/227/169 170/228/170 171/229/171
f 172/230/172 160/212/160 169/227/169
f 170/231/170 168/225/168 167/221/167
f 170/228/170 169/227/169 168/226/168
f 167/221/167 173/232/173 170/231/170
f 171/233/171 170/231/170 173/232/173
f 172/230/172 169/227/169 174/234/174
f 175/235/175 174/234/174 171/229/171
f 169/227/169 171/229/171 174/234/174
f 176/236/176 175/237/175 173/232/173
f 173/232/173 175/237/175 171/233/171
f 177/238/177 175/235/175 176/239/176
f 104/139/104 140/186/140 101/136/101
f 158/210/158 146/193/146 162/214/162
f 168/226/168 169/227/169 163/215/163
f 160/212/160 164/216/164 169/227/169
f 163/215/163 169/227/169 164/216/164
f 139/184/139 173/232/173 167/221/167
f 28/37/28 29/38/29 61/96/61
f 61/87/61 29/78/29 54/77/54
f 83/114/83 52/80/52 141/190/141
f 83/114/83 48/67/48 52/80/52
f 98/132/98 100/134/100 99/133/99
f 157/209/157 99/133/99 100/134/100
f 40/62/40 43/61/43 54/77/54
f 101/136/101 140/186/140 102/137/102
f 104/139/104 105/140/105 128/169/128
f 130/171/130 132/173/132 167/221/167
f 130/175/130 166/219/166 127/168/127
f 149/196/149 127/168/127 166/219/166
f 139/184/139 167/221/167 132/173/132
f 51/73/51 102/137/102 140/186/140
f 156/208/156 161/213/161 178/240/178
f 179/241/179 156/208/156 178/240/178
f 180/242/180 178/240/178 161/213/161
f 178/243/178 181/244/181 182/245/182
f 182/245/182 179/246/179 178/243/178
f 181/244/181 178/243/178 183/247/183
f 183/247/183 178/243/178 180/248/180
f 184/249/184 181/244/181 185/250/185
f 182/245/182 181/244/181 186/251/186
f 181/244/181 184/249/184 186/251/186
f 187/252/187 188/253/188 189/254/189
f 189/254/189 188/253/188 190/255/190
f 186/251/186 184/249/184 188/253/188
f 191/256/191 182/245/182 186/251/186
f 187/252/187 186/251/186 188/253/188
f 191/256/191 186/251/186 187/252/187
f 192/257/192 191/256/191 187/252/187
f 172/230/172 180/242/180 161/213/161
f 193/258/193 183/247/183 180/248/180
f 185/250/185 183/247/183 194/259/194
f 183/247/183 193/258/193 194/259/194
f 185/250/185 195/260/195 190/255/190
f 196/261/196 190/255/190 197/262/197
f 189/254/189 190/255/190 196/261/196
f 185/250/185 194/259/194 195/260/195
f 188/253/188 184/249/184 185/250/185
f 190/255/190 188/253/188 185/250/185
f 190/255/190 195/260/195 198/263/198
f 198/263/198 199/264/199 200/265/200
f 195/260/195 199/264/199 198/263/198
f 201/266/201 202/267/202 193/258/193
f 193/258/193 202/267/202 203/268/203
f 203/268/203 195/260/195 194/259/194
f 194/259/194 193/258/193 203/268/203
f 204/269/204 203/268/203 202/267/202
f 205/270/205 201/266/201 206/271/206
f 193/258/193 180/248/180 206/271/206
f 180/242/180 172/230/172 206/272/206
f 199/264/199 203/268/203 204/269/204
f 207/273/207 199/264/199 204/269/204
f 195/260/195 203/268/203 199/264/199
f 193/258/193 206/271/206 201/266/201
f 201/266/201 208/274/208 202/267/202
f 190/255/190 198/263/198 197/262/197
f 183/247/183 185/250/185 181/244/181
f 205/275/205 206/272/206 177/238/177
f 200/265/200 199/264/199 207/273/207
f 209/276/209 210/277/210 211/278/211
f 212/279/212 213/280/213 214/281/214
f 213/280/213 215/282/215 216/283/216
f 214/281/214 213/280/213 216/283/216
f 217/284/217 215/282/215 213/280/213
f 209/276/209 212/279/212 218/285/218
f 209/276/209 211/278/211 217/284/217
f 209/276/209 217/284/217 213/280/213
f 213/280/213 212/279/212 209/276/209
f 219/286/219 220/287/220 221/288/221
f 219/286/219 221/288/221 216/283/216
f 221/288/221 222/289/222 216/283/216
f 220/287/220 192/257/192 221/288/221
f 216/283/216 222/289/222 214/281/214
f 215/282/215 219/286/219 216/283/216
f 210/277/210 223/290/223 211/278/211
f 224/291/224 225/292/225 226/293/226
f 210/277/210 227/294/227 228/295/228
f 210/277/210 218/285/218 227/294/227
f 224/296/224 226/297/226 210/277/210
f 229/298/229 212/279/212 214/281/214
f 230/299/230 229/298/229 214/281/214
f 222/289/222 230/299/230 214/281/214
f 231/300/231 232/301/232 233/302/233
f 230/299/230 232/301/232 229/298/229
f 231/300/231 229/298/229 232/301/232
f 234/303/234 212/279/212 229/298/229
f 234/303/234 229/298/229 231/300/231
f 235/304/235 231/300/231 233/302/233
f 198/263/198 236/305/236 197/262/197
f 237/306/237 236/305/236 198/263/198
f 196/261/196 197/262/197 236/305/236
f 196/261/196 236/305/236 232/301/232
f 236/305/236 233/302/233 232/301/232
f 230/299/230 196/261/196 232/301/232
f 218/285/218 210/277/210 209/276/209
f 230/299/230 222/289/222 196/261/196
f 91/307/91 238/308/238 90/123/90
f 238/309/238 239/310/239 240/311/240
f 238/309/238 240/311/240 241/312/241
f 97/131/97 240/311/240 239/310/239
f 241/313/241 242/314/242 238/308/238
f 243/315/243 244/316/244 245/317/245
f 114/151/114 245/317/245 244/316/244
f 246/318/246 247/319/247 248/320/248
f 242/314/242 241/313/241 249/321/249
f 243/315/243 250/322/250 244/316/244
f 251/323/251 250/324/250 243/325/243
f 251/326/251 243/315/243 252/327/252
f 252/327/252 253/328/253 251/326/251
f 253/329/253 247/319/247 246/318/246
f 246/318/246 251/323/251 253/329/253
f 90/123/90 242/314/242 253/328/253
f 90/123/90 252/327/252 245/317/245
f 247/330/247 253/328/253 242/314/242
f 253/328/253 252/327/252 90/123/90
f 242/314/242 90/123/90 238/308/238
f 252/327/252 243/315/243 245/317/245
f 254/331/254 250/324/250 251/323/251
f 255/332/255 244/316/244 250/322/250
f 254/331/254 256/333/256 257/334/257
f 258/335/258 259/336/259 260/337/260
f 257/334/257 250/324/250 254/331/254
f 259/336/259 255/338/255 250/324/250
f 257/334/257 259/336/259 250/324/250
f 259/336/259 258/335/258 255/338/255
f 244/316/244 255/332/255 114/151/114
f 260/337/260 261/339/261 262/340/262
f 262/341/262 115/152/115 263/342/263
f 260/337/260 262/340/262 263/343/263
f 110/145/110 114/151/114 263/342/263
f 255/332/255 263/342/263 114/151/114
f 258/335/258 260/337/260 263/343/263
f 255/338/255 258/335/258 263/343/263
f 260/337/260 264/344/264 261/339/261
f 117/345/117 262/340/262 261/339/261
f 265/346/265 266/347/266 267/348/267
f 265/346/265 268/349/268 269/350/269
f 265/346/265 267/348/267 268/349/268
f 269/351/269 261/339/261 265/352/265
f 270/353/270 271/354/271 256/333/256
f 272/355/272 257/334/257 256/333/256
f 273/356/273 254/331/254 246/318/246
f 273/356/273 270/353/270 254/331/254
f 91/124/91 239/310/239 238/309/238
f 254/331/254 251/323/251 246/318/246
f 256/333/256 254/331/254 270/353/270
f 274/357/274 97/131/97 96/130/96
f 240/311/240 275/358/275 276/359/276
f 275/358/275 240/311/240 97/131/97
f 274/357/274 275/358/275 97/131/97
f 277/360/277 240/311/240 276/359/276
f 248/361/248 278/362/278 279/363/279
f 280/364/280 248/320/248 281/365/281
f 248/361/248 279/363/279 281/366/281
f 277/360/277 276/359/276 279/367/279
f 278/368/278 249/369/249 279/367/279
f 281/366/281 279/363/279 282/370/282
f 277/360/277 279/367/279 249/369/249
f 279/363/279 283/371/283 282/370/282
f 279/367/279 276/359/276 283/372/283
f 99/133/99 156/208/156 284/373/284
f 179/241/179 284/373/284 156/208/156
f 285/374/285 286/375/286 179/241/179
f 179/241/179 286/375/286 284/373/284
f 285/374/285 179/241/179 287/376/287
f 179/246/179 182/245/182 287/377/287
f 274/357/274 284/373/284 286/375/286
f 275/358/275 286/375/286 288/378/288
f 275/358/275 274/357/274 286/375/286
f 191/256/191 289/379/289 287/377/287
f 290/380/290 287/377/287 289/379/289
f 290/380/290 285/381/285 287/377/287
f 289/379/289 282/370/282 291/382/291
f 290/380/290 289/379/289 291/382/291
f 292/383/292 283/372/283 276/359/276
f 276/359/276 288/378/288 292/383/292
f 291/384/291 292/383/292 288/378/288
f 288/378/288 286/375/286 291/384/291
f 291/382/291 285/381/285 290/380/290
f 291/384/291 286/375/286 285/374/285
f 291/382/291 282/370/282 292/385/292
f 284/373/284 274/357/274 95/129/95
f 271/354/271 270/353/270 293/386/293
f 294/387/294 295/388/295 296/389/296
f 294/387/294 296/389/296 219/286/219
f 297/390/297 295/388/295 298/391/298
f 295/388/295 294/387/294 298/391/298
f 211/278/211 298/391/298 294/387/294
f 294/387/294 215/282/215 211/278/211
f 219/286/219 215/282/215 294/387/294
f 299/392/299 296/389/296 295/388/295
f 220/287/220 296/389/296 299/392/299
f 281/366/281 282/370/282 299/392/299
f 299/392/299 289/379/289 220/287/220
f 191/256/191 192/257/192 220/287/220
f 295/388/295 300/393/300 299/392/299
f 273/356/273 246/318/246 280/364/280
f 293/386/293 273/356/273 301/394/301
f 293/386/293 301/394/301 302/395/302
f 301/394/301 297/396/297 302/395/302
f 303/397/303 273/356/273 280/364/280
f 273/356/273 303/397/303 301/394/301
f 303/397/303 280/364/280 281/365/281
f 293/386/293 304/398/304 271/354/271
f 304/398/304 293/386/293 302/395/302
f 298/391/298 223/290/223 297/390/297
f 302/395/302 297/396/297 223/399/223
f 302/395/302 223/399/223 304/398/304
f 300/400/300 297/396/297 301/394/301
f 211/278/211 223/290/223 298/391/298
f 300/400/300 301/394/301 303/397/303
f 305/401/305 304/398/304 223/399/223
f 288/378/288 276/359/276 275/358/275
f 282/370/282 283/371/283 292/385/292
f 284/373/284 95/129/95 99/133/99
f 282/370/282 289/379/289 299/392/299
f 289/379/289 191/256/191 220/287/220
f 295/388/295 297/390/297 300/393/300
f 303/402/303 281/366/281 299/392/299
f 303/402/303 299/392/299 300/393/300
f 222/289/222 187/252/187 189/254/189
f 189/254/189 196/261/196 222/289/222
f 191/256/191 287/377/287 182/245/182
f 222/289/222 221/288/221 187/252/187
f 221/288/221 192/257/192 187/252/187
f 305/401/305 223/399/223 226/293/226
f 223/290/223 210/277/210 226/297/226
f 220/287/220 219/286/219 296/389/296
f 278/403/278 248/320/248 247/319/247
f 247/404/247 242/314/242 249/321/249
f 278/405/278 247/404/247 249/321/249
f 280/364/280 246/318/246 248/320/248
f 241/312/241 277/360/277 249/369/249
f 211/278/211 215/282/215 217/284/217
f 270/353/270 273/356/273 293/386/293
f 240/311/240 277/360/277 241/312/241
f 265/346/265 306/406/306 266/347/266
f 307/407/307 308/408/308 309/409/309
f 308/408/308 307/407/307 310/410/310
f 311/411/311 312/412/312 310/410/310
f 311/411/311 310/410/310 313/413/313
f 314/414/314 308/408/308 312/412/312
f 310/410/310 312/412/312 308/408/308
f 310/410/310 315/415/315 313/413/313
f 311/416/311 313/417/313 316/418/316
f 313/417/313 315/419/315 316/418/316
f 317/420/317 318/421/318 316/418/316
f 319/422/319 312/412/312 311/411/311
f 319/423/319 311/416/311 320/424/320
f 316/418/316 321/425/321 320/424/320
f 311/416/311 316/418/316 320/424/320
f 314/414/314 312/412/312 322/426/322
f 322/426/322 319/422/319 323/427/323
f 322/426/322 312/412/312 319/422/319
f 320/424/320 321/425/321 324/428/324
f 317/420/317 325/429/325 318/421/318
f 318/421/318 321/425/321 316/418/316
f 326/430/326 318/421/318 325/429/325
f 327/431/327 321/425/321 318/421/318
f 328/432/328 327/431/327 326/430/326
f 326/430/326 327/431/327 318/421/318
f 329/433/329 328/432/328 326/430/326
f 330/434/330 331/435/331 328/432/328
f 332/436/332 333/437/333 334/438/334
f 330/434/330 333/437/333 332/436/332
f 330/434/330 328/432/328 333/437/333
f 329/433/329 333/437/333 328/432/328
f 324/428/324 321/425/321 327/431/327
f 331/435/331 335/439/335 328/432/328
f 327/431/327 328/432/328 336/440/336
f 335/439/335 336/440/336 328/432/328
f 207/273/207 337/441/337 338/442/338
f 323/443/323 339/444/339 322/445/322
f 340/446/340 324/428/324 341/447/341
f 341/447/341 342/448/342 208/274/208
f 208/274/208 340/446/340 341/447/341
f 323/449/323 319/423/319 340/446/340
f 340/446/340 208/274/208 323/449/323
f 343/450/343 342/448/342 344/451/344
f 345/452/345 344/451/344 341/447/341
f 342/448/342 341/447/341 344/451/344
f 208/274/208 339/453/339 323/449/323
f 346/454/346 343/450/343 347/455/347
f 348/456/348 349/457/349 350/458/350
f 351/459/351 352/460/352 347/455/347
f 346/454/346 347/455/347 352/460/352
f 350/458/350 352/460/352 348/456/348
f 348/456/348 352/460/352 351/459/351
f 350/458/350 337/441/337 352/460/352
f 344/451/344 345/452/345 347/455/347
f 344/451/344 347/455/347 343/450/343
f 204/269/204 343/450/343 346/454/346
f 353/461/353 324/428/324 327/431/327
f 348/456/348 351/459/351 336/440/336
f 353/461/353 351/459/351 345/452/345
f 345/452/345 324/428/324 353/461/353
f 351/459/351 347/455/347 345/452/345
f 341/447/341 324/428/324 345/452/345
f 336/440/336 351/459/351 353/461/353
f 349/457/349 348/456/348 354/462/354
f 331/435/331 355/463/355 335/439/335
f 355/463/355 354/462/354 335/439/335
f 354/462/354 336/440/336 335/439/335
f 336/440/336 354/462/354 348/456/348
f 337/441/337 207/273/207 352/460/352
f 356/464/356 330/434/330 332/436/332
f 319/423/319 320/424/320 340/446/340
f 356/464/356 331/435/331 330/434/330
f 326/430/326 325/429/325 329/433/329
f 324/428/324 340/446/340 320/424/320
f 327/431/327 336/440/336 353/461/353
f 349/457/349 354/462/354 355/463/355
f 357/465/357 358/466/358 359/467/359
f 358/466/358 360/468/360 359/467/359
f 359/467/359 360/468/360 361/469/361
f 362/470/362 363/471/363 358/466/358
f 358/466/358 364/472/364 360/468/360
f 365/473/365 366/474/366 367/475/367
f 367/476/367 368/477/368 355/463/355
f 360/468/360 368/477/368 367/476/367
f 368/477/368 350/458/350 349/457/349
f 361/478/361 366/474/366 369/479/369
f 369/479/369 366/474/366 365/473/365
f 360/468/360 366/480/366 361/469/361
f 360/468/360 364/472/364 368/477/368
f 368/477/368 364/472/364 350/458/350
f 367/476/367 366/480/366 360/468/360
f 370/481/370 365/473/365 367/475/367
f 367/476/367 355/463/355 370/482/370
f 370/482/370 355/463/355 356/464/356
f 359/483/359 361/478/361 369/479/369
f 359/483/359 371/484/371 357/485/357
f 371/484/371 372/486/372 357/485/357
f 362/470/362 358/466/358 357/465/357
f 359/483/359 369/479/369 371/484/371
f 373/487/373 374/488/374 363/471/363
f 363/471/363 237/306/237 375/489/375
f 338/442/338 337/441/337 375/489/375
f 363/471/363 375/489/375 364/472/364
f 337/441/337 364/472/364 375/489/375
f 364/472/364 337/441/337 350/458/350
f 363/471/363 362/470/362 373/487/373
f 356/490/356 376/491/376 370/481/370
f 370/481/370 376/491/376 365/473/365
f 377/492/377 378/493/378 379/494/379
f 332/495/332 334/496/334 377/497/377
f 377/492/377 376/491/376 332/498/332
f 376/491/376 377/492/377 379/494/379
f 379/494/379 365/473/365 376/491/376
f 365/473/365 379/494/379 380/499/380
f 379/494/379 378/493/378 381/500/381
f 365/473/365 380/499/380 382/501/382
f 363/471/363 364/472/364 358/466/358
f 383/502/383 125/164/125 384/503/384
f 383/502/383 384/503/384 385/504/385
f 385/504/385 386/505/386 383/502/383
f 384/503/384 125/164/125 266/347/266
f 387/506/387 384/503/384 266/347/266
f 388/507/388 385/504/385 387/506/387
f 387/506/387 385/504/385 384/503/384
f 389/508/389 390/509/390 391/510/391
f 392/511/392 393/512/393 389/513/389
f 389/513/389 393/512/393 390/514/390
f 394/515/394 387/506/387 306/406/306
f 394/515/394 390/514/390 387/506/387
f 393/512/393 387/506/387 390/514/390
f 395/516/395 390/514/390 394/515/394
f 391/510/391 390/509/390 395/517/395
f 391/510/391 259/336/259 396/518/396
f 385/504/385 397/519/397 386/505/386
f 392/520/392 389/508/389 391/510/391
f 392/520/392 391/510/391 398/521/398
f 393/512/393 399/522/399 387/506/387
f 388/507/388 387/506/387 399/522/399
f 393/512/393 400/523/400 399/522/399
f 399/522/399 400/523/400 401/524/401
f 402/525/402 403/526/403 404/527/404
f 403/526/403 402/525/402 405/528/405
f 403/526/403 405/528/405 401/524/401
f 405/528/405 388/507/388 399/522/399
f 405/528/405 399/522/399 401/524/401
f 405/528/405 402/525/402 397/519/397
f 405/528/405 397/519/397 388/507/388
f 385/504/385 388/507/388 397/519/397
f 406/529/406 137/180/137 383/502/383
f 404/527/404 407/530/407 408/531/408
f 408/531/408 402/525/402 404/527/404
f 397/519/397 408/531/408 386/505/386
f 406/529/406 383/502/383 386/505/386
f 307/407/307 409/532/409 408/531/408
f 408/531/408 407/530/407 307/407/307
f 386/505/386 409/532/409 406/529/406
f 309/409/309 406/529/406 409/532/409
f 404/527/404 410/533/410 407/530/407
f 397/519/397 402/525/402 408/531/408
f 409/532/409 386/505/386 408/531/408
f 407/530/407 310/410/310 307/407/307
f 411/534/411 412/535/412 413/536/413
f 310/410/310 407/530/407 410/533/410
f 411/537/411 413/538/413 317/420/317
f 310/410/310 410/533/410 315/415/315
f 412/535/412 411/534/411 410/539/410
f 411/537/411 315/419/315 410/540/410
f 414/541/414 410/533/410 404/527/404
f 415/542/415 416/543/416 272/355/272
f 417/544/417 416/543/416 418/545/418
f 419/546/419 418/545/418 420/547/420
f 416/543/416 420/547/420 418/545/418
f 419/546/419 398/521/398 418/545/418
f 417/544/417 418/545/418 398/521/398
f 421/548/421 393/512/393 392/511/392
f 421/548/421 422/549/422 393/512/393
f 421/548/421 392/511/392 423/550/423
f 419/546/419 424/551/424 398/521/398
f 398/521/398 424/551/424 421/552/421
f 398/521/398 421/552/421 423/553/423
f 400/523/400 393/512/393 422/549/422
f 421/548/421 424/554/424 422/549/422
f 425/555/425 424/551/424 419/546/419
f 401/524/401 400/523/400 422/549/422
f 272/355/272 417/544/417 396/518/396
f 417/544/417 272/355/272 416/543/416
f 398/521/398 396/518/396 417/544/417
f 398/521/398 391/510/391 396/518/396
f 419/546/419 420/547/420 425/555/425
f 425/556/425 426/557/426 424/554/424
f 424/554/424 426/557/426 422/549/422
f 426/557/426 427/558/427 422/549/422
f 403/526/403 401/524/401 422/549/422
f 414/559/414 412/535/412 410/539/410
f 398/521/398 423/553/423 392/520/392
f 428/560/428 404/527/404 429/561/429
f 430/562/430 413/536/413 412/535/412
f 413/536/413 431/563/431 432/564/432
f 430/562/430 431/563/431 413/536/413
f 432/565/432 325/429/325 317/420/317
f 432/564/432 329/433/329 325/429/325
f 414/541/414 404/527/404 433/566/433
f 434/567/434 433/566/433 435/568/435
f 433/569/433 434/570/434 436/571/436
f 428/560/428 433/566/433 404/527/404
f 435/568/435 433/566/433 428/560/428
f 434/567/434 435/568/435 437/572/437
f 412/535/412 433/569/433 436/571/436
f 434/573/434 438/574/438 436/571/436
f 438/574/438 412/535/412 436/571/436
f 412/535/412 414/559/414 433/569/433
f 439/575/439 434/576/434 440/577/440
f 437/572/437 440/578/440 434/567/434
f 434/576/434 439/575/439 438/579/438
f 441/580/441 412/535/412 438/574/438
f 430/562/430 412/535/412 441/580/441
f 439/575/439 442/581/442 441/582/441
f 442/581/442 439/575/439 329/433/329
f 441/580/441 443/583/443 431/563/431
f 441/582/441 442/581/442 443/584/443
f 431/563/431 443/583/443 442/585/442
f 442/581/442 432/564/432 431/563/431
f 437/572/437 444/586/444 440/578/440
f 333/437/333 329/433/329 439/575/439
f 438/579/438 439/575/439 441/582/441
f 445/587/445 446/588/446 427/558/427
f 429/561/429 403/526/403 427/558/427
f 427/558/427 446/588/446 447/589/447
f 429/561/429 427/558/427 447/589/447
f 446/588/446 448/590/448 447/589/447
f 447/589/447 428/560/428 429/561/429
f 427/558/427 426/557/426 445/587/445
f 449/591/449 446/588/446 445/587/445
f 450/592/450 447/589/447 448/590/448
f 437/572/437 435/568/435 451/593/451
f 451/593/451 450/592/450 452/594/452
f 428/560/428 451/593/451 435/568/435
f 450/592/450 453/595/453 452/594/452
f 448/590/448 453/595/453 450/592/450
f 451/593/451 428/560/428 447/589/447
f 450/592/450 451/593/451 447/589/447
f 437/572/437 377/497/377 444/586/444
f 444/586/444 377/497/377 334/496/334
f 452/594/452 437/572/437 451/593/451
f 452/594/452 454/596/454 437/572/437
f 454/596/454 377/497/377 437/572/437
f 441/580/441 431/563/431 430/562/430
f 432/564/432 442/581/442 329/433/329
f 453/595/453 454/596/454 452/594/452
f 137/180/137 125/164/125 383/502/383
f 346/454/346 207/273/207 204/269/204
f 176/236/176 314/414/314 322/426/322
f 237/306/237 363/471/363 455/597/455
f 272/355/272 396/518/396 257/334/257
f 309/409/309 308/408/308 139/184/139
f 315/419/315 317/420/317 316/418/316
f 207/273/207 338/442/338 200/265/200
f 355/463/355 368/477/368 349/457/349
f 455/597/455 363/471/363 374/488/374
f 375/489/375 237/306/237 338/442/338
f 332/498/332 376/491/376 356/490/356
f 356/464/356 355/463/355 331/435/331
f 264/344/264 395/517/395 394/598/394
f 266/347/266 306/406/306 387/506/387
f 391/510/391 395/517/395 264/344/264
f 403/526/403 429/561/429 404/527/404
f 309/409/309 138/183/138 406/529/406
f 307/407/307 309/409/309 409/532/409
f 411/537/411 317/420/317 315/419/315
f 272/355/272 271/354/271 415/542/415
f 422/549/422 427/558/427 403/526/403
f 413/538/413 432/565/432 317/420/317
f 444/586/444 334/496/334 440/578/440
f 333/437/333 440/577/440 334/438/334
f 440/577/440 333/437/333 439/575/439
f 378/599/378 377/497/377 454/596/454
f 381/500/381 378/493/378 456/600/456
f 454/596/454 456/601/456 378/599/378
f 457/602/457 458/603/458 234/303/234
f 235/304/235 374/488/374 457/602/457
f 459/604/459 373/487/373 460/605/460
f 461/606/461 460/607/460 462/608/462
f 372/486/372 371/484/371 463/609/463
f 373/487/373 362/470/362 460/605/460
f 462/608/462 460/607/460 464/610/464
f 371/484/371 465/611/465 466/612/466
f 466/612/466 463/609/463 371/484/371
f 463/609/463 462/608/462 372/486/372
f 462/608/462 464/610/464 372/486/372
f 464/613/464 460/605/460 362/470/362
f 380/499/380 465/611/465 382/501/382
f 467/614/467 380/499/380 381/500/381
f 457/602/457 374/488/374 459/604/459
f 459/604/459 374/488/374 373/487/373
f 415/542/415 468/615/468 416/543/416
f 416/543/416 468/615/468 469/616/469
f 469/616/469 470/617/470 416/543/416
f 471/618/471 472/619/472 449/620/449
f 473/621/473 470/617/470 474/622/474
f 472/619/472 475/623/475 449/620/449
f 476/624/476 472/619/472 473/625/473
f 477/626/477 471/627/471 445/587/445
f 473/621/473 477/628/477 478/629/478
f 473/625/473 471/618/471 477/630/477
f 471/618/471 473/625/473 472/619/472
f 477/626/477 426/557/426 478/631/478
f 445/587/445 471/627/471 449/591/449
f 475/623/475 472/619/472 479/632/479
f 480/633/480 475/634/475 479/632/479
f 480/635/480 481/636/481 475/637/475
f 475/637/475 481/636/481 448/590/448
f 479/632/479 472/619/472 482/638/482
f 482/638/482 480/633/480 479/632/479
f 480/635/480 483/639/483 481/636/481
f 483/640/483 480/633/480 484/641/484
f 485/642/485 481/636/481 483/639/483
f 486/643/486 481/636/481 485/642/485
f 486/643/486 487/644/487 481/636/481
f 481/636/481 487/644/487 453/595/453
f 482/638/482 484/641/484 480/633/480
f 488/645/488 487/644/487 489/646/489
f 489/647/489 381/500/381 488/648/488
f 490/649/490 487/644/487 486/643/486
f 491/650/491 492/651/492 489/646/489
f 491/650/491 489/646/489 487/644/487
f 473/625/473 493/652/493 476/624/476
f 483/640/483 484/641/484 494/653/494
f 495/654/495 415/542/415 496/655/496
f 496/655/496 497/656/497 495/654/495
f 495/657/495 498/658/498 499/659/499
f 499/660/499 468/615/468 495/654/495
f 495/654/495 468/615/468 415/542/415
f 468/615/468 500/661/500 469/616/469
f 501/662/501 469/616/469 500/661/500
f 501/663/501 500/664/500 502/665/502
f 502/665/502 500/664/500 499/659/499
f 502/665/502 499/659/499 503/666/503
f 499/659/499 498/658/498 503/666/503
f 468/615/468 499/660/499 500/661/500
f 497/656/497 496/655/496 504/667/504
f 497/668/497 505/669/505 498/658/498
f 498/658/498 495/657/495 497/668/497
f 505/669/505 497/668/497 506/670/506
f 504/667/504 506/671/506 497/656/497
f 498/658/498 507/672/507 503/666/503
f 508/673/508 507/672/507 498/658/498
f 507/672/507 508/673/508 509/674/509
f 498/658/498 505/669/505 508/673/508
f 509/674/509 508/673/508 505/669/505
f 505/669/505 506/670/506 509/674/509
f 504/667/504 225/292/225 510/675/510
f 504/667/504 510/675/510 506/671/506
f 509/674/509 511/676/511 512/677/512
f 509/674/509 513/678/513 511/676/511
f 509/674/509 514/679/514 513/678/513
f 513/680/513 515/681/515 511/682/511
f 506/670/506 510/683/510 509/674/509
f 513/680/513 514/684/514 515/681/515
f 227/294/227 515/685/515 514/686/514
f 514/686/514 228/295/228 227/294/227
f 225/292/225 228/687/228 514/688/514
f 510/675/510 225/292/225 514/688/514
f 514/679/514 509/674/509 510/683/510
f 516/689/516 515/681/515 517/690/517
f 227/294/227 517/691/517 515/685/515
f 518/692/518 517/691/517 227/294/227
f 519/693/519 507/672/507 512/677/512
f 512/694/512 511/682/511 520/695/520
f 516/689/516 520/695/520 511/682/511
f 512/694/512 521/696/521 519/697/519
f 469/616/469 501/662/501 522/698/522
f 502/665/502 523/699/523 501/663/501
f 502/665/502 503/666/503 523/699/523
f 501/663/501 523/699/523 524/700/524
f 522/701/522 501/663/501 524/700/524
f 522/698/522 524/702/524 474/622/474
f 470/617/470 522/698/522 474/622/474
f 525/703/525 526/704/526 524/702/524
f 474/622/474 524/702/524 526/704/526
f 524/700/524 527/705/527 525/706/525
f 524/700/524 528/707/528 527/705/527
f 523/699/523 528/707/528 524/700/524
f 525/703/525 476/708/476 526/704/526
f 493/709/493 526/704/526 476/708/476
f 523/699/523 529/710/529 528/707/528
f 493/709/493 474/622/474 526/704/526
f 523/699/523 530/711/530 529/710/529
f 529/710/529 530/711/530 531/712/531
f 530/711/530 523/699/523 503/666/503
f 507/672/507 530/711/530 503/666/503
f 532/713/532 530/711/530 507/672/507
f 530/711/530 532/713/532 533/714/533
f 530/711/530 533/714/533 531/712/531
f 511/682/511 515/681/515 516/689/516
f 509/674/509 512/677/512 507/672/507
f 532/713/532 507/672/507 519/693/519
f 534/715/534 516/689/516 535/716/535
f 535/716/535 517/690/517 458/717/458
f 458/717/458 459/718/459 535/716/535
f 461/606/461 535/716/535 459/718/459
f 536/719/536 537/720/537 538/721/538
f 521/696/521 520/695/520 538/721/538
f 521/696/521 538/721/538 539/722/539
f 539/722/539 538/721/538 540/723/540
f 519/697/519 521/696/521 539/722/539
f 520/695/520 534/715/534 536/719/536
f 520/695/520 516/689/516 534/715/534
f 520/695/520 536/719/536 538/721/538
f 537/720/537 536/719/536 541/724/541
f 537/720/537 541/724/541 542/725/542
f 542/725/542 541/724/541 466/612/466
f 536/719/536 543/726/543 541/724/541
f 543/726/543 544/727/544 541/724/541
f 543/726/543 536/719/536 534/715/534
f 535/716/535 543/726/543 534/715/534
f 544/727/544 543/726/543 461/606/461
f 544/727/544 461/606/461 462/608/462
f 541/724/541 544/727/544 466/612/466
f 466/612/466 544/727/544 463/609/463
f 545/728/545 546/729/546 547/730/547
f 542/725/542 466/612/466 548/731/548
f 548/731/548 466/612/466 549/732/549
f 466/612/466 465/611/465 549/732/549
f 542/725/542 548/731/548 550/733/550
f 550/733/550 548/731/548 551/734/551
f 551/734/551 548/731/548 552/735/552
f 547/730/547 551/734/551 552/735/552
f 550/733/550 553/736/553 542/725/542
f 547/730/547 552/735/552 554/737/554
f 548/731/548 555/738/555 552/735/552
f 555/738/555 548/731/548 549/732/549
f 555/738/555 549/732/549 465/611/465
f 467/614/467 552/735/552 555/738/555
f 467/614/467 555/738/555 380/499/380
f 532/713/532 539/739/539 556/740/556
f 539/741/539 557/742/557 556/743/556
f 557/742/557 539/741/539 540/723/540
f 532/713/532 556/740/556 533/714/533
f 533/714/533 556/740/556 558/744/558
f 558/744/558 559/745/559 560/746/560
f 558/744/558 556/740/556 559/745/559
f 561/747/561 562/748/562 563/749/563
f 558/744/558 560/750/560 562/748/562
f 563/749/563 562/748/562 560/750/560
f 533/714/533 558/744/558 562/748/562
f 562/748/562 561/747/561 531/712/531
f 542/725/542 553/736/553 537/720/537
f 538/721/538 537/720/537 557/742/557
f 540/723/540 538/721/538 557/742/557
f 560/751/560 559/752/559 564/753/564
f 565/754/565 566/755/566 564/753/564
f 557/742/557 553/736/553 565/754/565
f 564/753/564 557/742/557 565/754/565
f 565/754/565 567/756/567 566/755/566
f 568/757/568 564/753/564 566/755/566
f 553/736/553 551/734/551 565/754/565
f 565/754/565 551/734/551 569/758/569
f 546/729/546 569/758/569 547/730/547
f 567/756/567 565/754/565 569/758/569
f 547/730/547 569/758/569 551/734/551
f 553/736/553 557/742/557 537/720/537
f 559/752/559 557/742/557 564/753/564
f 568/757/568 560/751/560 564/753/564
f 560/750/560 568/759/568 570/760/570
f 543/726/543 535/716/535 461/606/461
f 554/737/554 552/735/552 467/614/467
f 556/743/556 557/742/557 559/752/559
f 571/761/571 563/749/563 570/760/570
f 563/749/563 560/750/560 570/760/570
f 553/736/553 550/733/550 551/734/551
f 572/762/572 527/705/527 528/707/528
f 573/763/573 527/705/527 574/764/574
f 573/765/573 575/766/575 525/767/525
f 575/766/575 482/638/482 525/767/525
f 576/768/576 484/641/484 575/766/575
f 484/641/484 482/638/482 575/766/575
f 577/769/577 485/770/485 494/653/494
f 578/771/578 494/653/494 484/641/484
f 579/772/579 494/653/494 578/771/578
f 579/772/579 577/769/577 494/653/494
f 578/771/578 484/641/484 576/768/576
f 580/773/580 575/766/575 573/765/573
f 581/774/581 582/775/582 576/768/576
f 583/776/583 580/773/580 574/777/574
f 576/768/576 580/773/580 583/776/583
f 578/771/578 584/778/584 579/772/579
f 582/775/582 584/778/584 578/771/578
f 580/773/580 576/768/576 575/766/575
f 576/768/576 582/775/582 578/771/578
f 577/769/577 579/772/579 585/779/585
f 577/769/577 490/780/490 485/770/485
f 586/781/586 585/779/585 584/778/584
f 490/649/490 492/782/492 491/650/491
f 587/783/587 490/780/490 577/769/577
f 587/783/587 588/784/588 490/780/490
f 585/779/585 587/783/587 577/769/577
f 492/782/492 490/649/490 588/785/588
f 545/728/545 586/786/586 589/787/589
f 590/788/590 586/786/586 591/789/591
f 586/786/586 545/728/545 592/790/592
f 592/790/592 585/791/585 586/786/586
f 585/791/585 592/790/592 587/792/587
f 592/790/592 554/737/554 587/792/587
f 586/781/586 584/778/584 591/793/591
f 545/728/545 554/737/554 592/790/592
f 593/794/593 586/786/586 590/788/590
f 588/795/588 594/796/594 492/797/492
f 588/795/588 587/792/587 554/737/554
f 492/797/492 467/614/467 489/647/489
f 554/737/554 594/796/594 588/795/588
f 486/643/486 485/642/485 490/649/490
f 585/779/585 579/772/579 584/778/584
f 546/729/546 545/728/545 589/787/589
f 531/712/531 595/798/595 596/799/596
f 595/798/595 597/800/597 596/799/596
f 531/712/531 596/799/596 529/710/529
f 598/801/598 599/802/599 597/800/597
f 596/799/596 599/802/599 572/762/572
f 596/799/596 572/762/572 529/710/529
f 572/803/572 599/804/599 600/805/600
f 597/800/597 599/802/599 596/799/596
f 572/803/572 574/777/574 527/806/527
f 572/803/572 583/776/583 574/777/574
f 601/807/601 569/758/569 589/787/589
f 602/808/602 566/755/566 567/756/567
f 602/808/602 567/756/567 569/758/569
f 569/758/569 601/807/601 602/808/602
f 602/808/602 601/807/601 603/809/603
f 603/809/603 601/807/601 604/810/604
f 589/787/589 593/794/593 601/807/601
f 600/805/600 599/804/599 598/811/598
f 605/812/605 606/813/606 607/814/607
f 605/812/605 607/814/607 600/805/600
f 600/805/600 607/814/607 583/776/583
f 581/774/581 576/768/576 583/776/583
f 606/813/606 608/815/608 607/814/607
f 581/774/581 607/814/607 608/815/608
f 582/775/582 581/774/581 608/815/608
f 583/776/583 607/814/607 581/774/581
f 608/815/608 609/816/609 582/775/582
f 606/813/606 610/817/610 609/816/609
f 609/816/609 608/815/608 606/813/606
f 609/816/609 591/793/591 582/775/582
f 611/818/611 591/793/591 609/816/609
f 591/793/591 611/818/611 590/819/590
f 609/816/609 612/820/612 611/818/611
f 612/820/612 613/821/613 611/818/611
f 611/822/611 593/794/593 590/788/590
f 614/823/614 600/805/600 598/811/598
f 598/801/598 595/798/595 614/824/614
f 605/812/605 614/823/614 615/825/615
f 613/826/613 616/827/616 611/822/611
f 616/827/616 613/826/613 617/828/617
f 617/828/617 604/810/604 616/827/616
f 617/828/617 613/826/613 612/829/612
f 604/810/604 593/794/593 616/827/616
f 574/777/574 580/773/580 573/765/573
f 582/775/582 591/793/591 584/778/584
f 589/787/589 586/786/586 593/794/593
f 595/798/595 598/801/598 597/800/597
f 604/810/604 601/807/601 593/794/593
f 605/812/605 600/805/600 614/823/614
f 618/830/618 610/817/610 606/813/606
f 616/827/616 593/794/593 611/822/611
f 600/805/600 583/776/583 572/803/572
f 609/816/609 610/817/610 612/820/612
f 605/812/605 618/830/618 606/813/606
f 561/747/561 595/798/595 531/712/531
f 595/798/595 561/747/561 619/831/619
f 563/749/563 571/761/571 561/747/561
f 571/761/571 619/831/619 561/747/561
f 566/755/566 602/808/602 620/832/620
f 570/833/570 568/757/568 620/832/620
f 568/757/568 566/755/566 620/832/620
f 621/834/621 602/808/602 603/809/603
f 622/835/622 623/836/623 624/837/624
f 623/836/623 620/832/620 624/837/624
f 620/832/620 621/834/621 624/837/624
f 602/808/602 621/834/621 620/832/620
f 571/761/571 623/838/623 622/839/622
f 620/832/620 623/836/623 570/833/570
f 603/809/603 625/840/625 621/834/621
f 571/761/571 570/760/570 623/838/623
f 626/841/626 605/812/605 615/825/615
f 626/841/626 618/830/618 605/812/605
f 627/842/627 628/843/628 629/844/629
f 619/831/619 628/843/628 595/798/595
f 619/831/619 629/844/629 628/843/628
f 629/844/629 619/831/619 630/845/630
f 630/845/630 631/846/631 629/844/629
f 595/798/595 628/843/628 614/824/614
f 615/825/615 632/847/632 633/848/633
f 627/849/627 615/825/615 628/850/628
f 614/823/614 628/850/628 615/825/615
f 627/849/627 632/847/632 615/825/615
f 633/848/633 632/847/632 634/851/634
f 626/841/626 615/825/615 633/848/633
f 635/852/635 634/851/634 632/847/632
f 634/851/634 626/841/626 633/848/633
f 631/853/631 635/852/635 632/847/632
f 626/841/626 634/851/634 636/854/636
f 629/855/629 632/847/632 627/849/627
f 631/853/631 632/847/632 629/855/629
f 637/856/637 636/854/636 635/852/635
f 631/853/631 638/857/638 635/852/635
f 618/830/618 636/854/636 639/858/639
f 639/858/639 610/817/610 618/830/618
f 637/856/637 635/852/635 638/857/638
f 636/854/636 618/830/618 626/841/626
f 635/852/635 636/854/636 634/851/634
f 630/845/630 640/859/640 641/860/641
f 630/845/630 642/861/642 638/862/638
f 643/863/643 640/859/640 644/864/644
f 641/860/641 640/859/640 643/863/643
f 645/865/645 643/866/643 646/867/646
f 641/860/641 645/868/645 642/861/642
f 641/860/641 643/863/643 645/868/645
f 641/860/641 642/861/642 630/845/630
f 642/861/642 647/869/647 638/862/638
f 648/870/648 649/871/649 642/861/642
f 642/861/642 649/871/649 647/869/647
f 648/872/648 650/873/650 649/874/649
f 651/875/651 650/876/650 648/877/648
f 650/876/650 651/875/651 639/878/639
f 648/870/648 642/861/642 645/868/645
f 646/867/646 651/875/651 645/865/645
f 645/865/645 651/875/651 648/877/648
f 639/858/639 636/854/636 650/873/650
f 638/862/638 647/869/647 637/879/637
f 637/856/637 649/874/649 650/873/650
f 636/854/636 637/856/637 650/873/650
f 647/880/647 649/874/649 637/856/637
f 640/859/640 630/845/630 619/831/619
f 644/881/644 624/837/624 643/866/643
f 646/867/646 624/837/624 621/834/621
f 643/866/643 624/837/624 646/867/646
f 640/859/640 622/839/622 644/864/644
f 644/881/644 622/835/622 624/837/624
f 651/875/651 652/882/652 639/878/639
f 652/882/652 653/883/653 639/878/639
f 646/867/646 621/834/621 654/884/654
f 652/882/652 651/875/651 646/867/646
f 652/882/652 646/867/646 654/884/654
f 654/884/654 604/810/604 617/828/617
f 655/885/655 653/883/653 617/828/617
f 639/858/639 653/886/653 610/817/610
f 655/887/655 610/817/610 653/886/653
f 655/885/655 617/828/617 612/829/612
f 621/834/621 625/840/625 654/884/654
f 625/840/625 603/809/603 604/810/604
f 654/884/654 625/840/625 604/810/604
f 652/882/652 617/828/617 653/883/653
f 654/884/654 617/828/617 652/882/652
f 640/859/640 619/831/619 571/761/571
f 571/761/571 622/839/622 640/859/640
f 630/845/630 638/862/638 631/846/631
f 459/888/459 460/607/460 461/606/461
f 489/647/489 467/614/467 381/500/381
f 473/621/473 420/547/420 470/617/470
f 473/621/473 478/629/478 420/547/420
f 493/709/493 473/621/473 474/622/474
f 494/653/494 485/770/485 483/640/483
f 490/649/490 491/650/491 487/644/487
f 518/692/518 458/603/458 517/691/517
f 522/698/522 470/617/470 469/616/469
f 525/767/525 482/638/482 476/624/476
f 532/713/532 519/693/519 539/739/539
f 516/689/516 517/690/517 535/716/535
f 457/602/457 459/604/459 458/603/458
f 512/694/512 520/695/520 521/696/521
f 545/728/545 547/730/547 554/737/554
f 467/614/467 594/796/594 554/737/554
f 465/611/465 380/499/380 555/738/555
f 562/748/562 531/712/531 533/714/533
f 462/608/462 463/609/463 544/727/544
f 573/763/573 525/706/525 527/705/527
f 482/638/482 472/619/472 476/624/476
f 594/796/594 467/614/467 492/797/492
f 529/710/529 572/762/572 528/707/528
f 569/758/569 546/729/546 589/787/589
f 655/887/655 612/820/612 610/817/610
f 245/317/245 109/144/109 89/122/89
f 124/163/124 122/161/122 268/889/268
f 268/889/268 267/890/267 124/163/124
f 308/408/308 173/232/173 139/184/139
f 175/235/175 177/238/177 174/234/174
f 90/123/90 87/118/87 91/307/91
f 90/123/90 245/317/245 89/122/89
f 261/339/261 118/891/118 117/345/117
f 308/408/308 314/414/314 173/232/173
f 99/133/99 157/209/157 156/208/156
f 314/414/314 176/236/176 173/232/173
f 174/234/174 177/238/177 172/230/172
f 206/272/206 172/230/172 177/238/177
f 205/275/205 177/238/177 339/444/339
f 339/453/339 208/274/208 205/270/205
f 208/274/208 342/448/342 202/267/202
f 201/266/201 205/270/205 208/274/208
f 204/269/204 202/267/202 343/450/343
f 161/213/161 160/212/160 172/230/172
f 228/295/228 224/296/224 210/277/210
f 225/892/225 224/296/224 228/295/228
f 518/692/518 227/294/227 218/285/218
f 212/279/212 518/692/518 218/285/218
f 518/692/518 212/279/212 234/303/234
f 234/303/234 231/300/231 235/304/235
f 455/597/455 233/302/233 236/305/236
f 198/263/198 200/265/200 237/306/237
f 114/151/114 109/144/109 245/317/245
f 396/518/396 259/336/259 257/334/257
f 117/154/117 115/152/115 262/341/262
f 261/339/261 264/344/264 265/352/265
f 268/893/268 122/894/122 269/351/269
f 265/352/265 264/344/264 306/895/306
f 272/355/272 256/333/256 271/354/271
f 304/398/304 496/655/496 271/354/271
f 305/401/305 496/655/496 304/398/304
f 96/130/96 95/129/95 274/357/274
f 239/310/239 91/124/91 97/131/97
f 263/342/263 115/152/115 110/145/110
f 118/891/118 261/339/261 269/351/269
f 155/207/155 161/213/161 156/208/156
f 269/351/269 119/896/119 118/891/118
f 269/351/269 122/894/122 119/896/119
f 137/180/137 406/529/406 138/183/138
f 177/238/177 322/445/322 339/444/339
f 177/238/177 176/239/176 322/445/322
f 202/267/202 342/448/342 343/450/343
f 374/488/374 235/304/235 233/302/233
f 233/302/233 455/597/455 374/488/374
f 236/305/236 237/306/237 455/597/455
f 237/306/237 200/265/200 338/442/338
f 391/510/391 260/337/260 259/336/259
f 125/164/125 267/348/267 266/347/266
f 306/895/306 264/344/264 394/598/394
f 362/470/362 357/465/357 372/897/372
f 465/611/465 371/484/371 369/479/369
f 369/479/369 382/501/382 465/611/465
f 362/470/362 372/897/372 464/613/464
f 381/500/381 380/499/380 379/494/379
f 382/501/382 369/479/369 365/473/365
f 416/543/416 470/617/470 420/547/420
f 478/631/478 426/557/426 425/556/425
f 487/644/487 488/645/488 454/596/454
f 456/601/456 454/596/454 488/645/488
f 454/596/454 453/595/453 487/644/487
f 125/164/125 124/166/124 267/348/267
f 309/409/309 139/184/139 138/183/138
f 260/337/260 391/510/391 264/344/264
f 478/629/478 425/555/425 420/547/420
f 504/667/504 305/401/305 226/293/226
f 225/292/225 504/667/504 226/293/226
f 457/602/457 234/303/234 235/304/235
f 458/603/458 518/692/518 234/303/234
f 504/667/504 496/655/496 305/401/305
f 477/626/477 445/587/445 426/557/426
f 448/590/448 446/588/446 475/637/475
f 481/636/481 453/595/453 448/590/448
f 456/600/456 488/648/488 381/500/381
f 449/591/449 475/637/475 446/588/446
f 415/542/415 271/354/271 496/655/496
f 346/454/346 352/460/352 207/273/207
