# www.textures.com
v 0.226780 -2.411181 5.284374
v 0.311411 -2.494194 5.075862
v 0.418921 -2.361556 5.198838
v -0.195463 -2.078319 5.917324
v -0.204610 -1.900711 5.880134
v -0.131140 -2.005062 5.824414
v -0.047368 -1.978960 5.969852
v -0.176806 -2.119537 6.001375
v -0.075076 -2.213521 5.879025
v -0.221396 -2.264186 6.030668
v -0.058858 -2.368853 5.909361
v -0.112877 -2.408895 5.917477
v -0.131833 -2.295357 5.908162
v 0.000390 -2.185449 5.611791
v 0.203187 -2.223967 5.534702
v 0.128275 -2.117547 5.649503
v 0.016000 -2.146000 5.843300
v 0.091000 -2.210200 5.865300
v 0.193242 -1.978491 5.803394
v 0.174000 -2.144800 5.855800
v 0.244037 -2.040977 5.874680
v 1.415930 -1.954399 5.176717
v 1.607525 -1.749896 5.180842
v 1.481205 -1.798595 5.251673
v -0.265738 -2.216902 6.022484
v -0.235227 -2.338063 6.085797
v -0.141100 -2.480000 6.074700
v -0.165100 -2.360800 6.131000
v -0.306200 -2.130400 6.107000
v -0.075392 -2.471441 6.025505
v -0.198449 -2.108311 6.105155
v -0.204664 -2.238096 5.666913
v -0.113004 -2.117362 5.753920
v -0.331333 -2.096484 5.784290
v -0.050372 -2.082695 5.785139
v 0.062690 -2.047112 5.721514
v 0.069252 -2.630574 4.511821
v -0.098967 -2.619711 4.412681
v 0.036682 -2.607212 4.353331
v -0.201361 -1.772357 5.938219
v -0.280409 -1.782890 6.121201
v -0.197500 -1.643100 5.992800
v -0.324600 -1.664900 6.013400
v -0.367213 -1.843843 5.901835
v -0.294053 -1.965400 6.083850
v -0.178002 -1.804298 6.093785
v -0.018100 -1.773300 6.058800
v -0.250941 -1.986915 5.855614
v -0.287400 -1.909800 6.184800
v -0.241455 -1.979110 6.203151
v -0.210959 -2.108835 6.168866
v -0.125945 -1.839729 6.209341
v -0.234328 -1.765593 6.174088
v -0.198853 -1.843774 6.245532
v 0.262253 -1.922916 5.793388
v 0.175700 -1.874300 5.739900
v 0.279100 -1.740100 5.765200
v 0.239970 -1.916774 5.683084
v 0.341201 -1.693992 5.694478
v 0.123500 -2.048900 5.755800
v 0.343000 -1.592000 5.770400
v 0.366206 -1.857081 5.652135
v 0.073150 -2.243900 5.863600
v 0.347500 -1.792600 5.889700
v 0.339700 -1.842400 5.861500
v 0.231234 -1.548754 5.863520
v 0.275978 -1.718479 5.817239
v 0.291930 -1.459985 5.870132
v 0.174746 -1.688162 5.915584
v 0.400619 -1.681840 5.841476
v -0.023594 -2.213087 5.836560
v 0.028593 -1.622107 6.066868
v 0.029347 -2.031266 5.755428
v 0.392700 -1.990433 5.599271
v 0.266055 -1.959422 5.591541
v 0.341476 -2.145191 5.532312
v 0.151600 -1.364600 5.946500
v 0.079281 -1.384919 6.061117
v -1.713248 -1.555360 3.679725
v -1.863262 -1.412796 3.718289
v -1.712387 -1.443461 3.530928
v -0.612359 -1.845329 5.896891
v -0.464028 -1.948402 5.818917
v -0.525302 -1.814040 5.942643
v -0.481602 -1.755520 5.986977
v -0.632220 -2.005053 5.781586
v -0.741905 -1.816372 5.885296
v -0.779828 -1.888505 5.818906
v -0.326918 -2.496090 5.255944
v -0.354641 -2.368478 5.430528
v -0.506573 -2.423569 5.332891
v 0.777532 -2.331731 4.961600
v 0.645289 -2.402043 4.905498
v 0.793072 -2.411654 4.742920
v -0.847111 -1.564717 5.901784
v -0.898146 -1.739876 5.847591
v -0.772006 -1.706704 5.950906
v -0.189614 -2.345654 5.513175
v -0.366278 -2.248132 5.628553
v -0.601633 -2.555257 4.737344
v -0.843975 -2.499918 4.765025
v -0.743451 -2.545001 4.628552
v -0.148812 -2.423118 5.411107
v -0.152016 -2.499033 5.286900
v -0.267870 -2.556233 5.107893
v -0.057093 -2.545879 5.143478
v 0.046303 -2.342930 5.449022
v 0.073957 -2.429208 5.336504
v -0.910268 -2.263040 5.350199
v -1.083586 -2.167316 5.336595
v -1.050241 -2.251109 5.214166
v -0.661799 -2.510700 4.968111
v -0.734597 -2.443496 5.121369
v -0.925254 -2.428813 4.936635
v -0.648609 -2.332395 5.453453
v -0.779705 -2.349699 5.259271
v -0.337413 -2.630844 4.676295
v -0.250826 -2.628011 4.497761
v -0.104149 -2.634959 4.651182
v -0.878996 -2.379771 5.120178
v -0.597750 -2.472871 5.185730
v -0.775578 -2.107597 5.646901
v -0.811690 -2.246011 5.473338
v -0.636266 -2.206866 5.625908
v -0.058863 -2.289603 5.519769
v -0.514251 -2.315764 5.519055
v -0.471690 -2.158900 5.701693
v -1.032960 -2.400584 4.759949
v -1.138818 -2.310973 4.856803
v -0.897011 -1.984499 5.645448
v -0.925810 -2.115447 5.523555
v -0.989931 -2.011131 5.586410
v -1.143414 -1.990180 5.528347
v -1.046774 -2.113679 5.448192
v -0.704538 -1.857512 6.003764
v -1.050830 -2.315016 5.053931
v -1.202034 -2.195100 5.110443
v -1.289755 -2.070366 5.227378
v -1.209709 -2.047966 5.372687
v -1.313424 -1.941297 5.404833
v 0.107464 -2.510076 5.141031
v -0.415098 -1.699201 6.019392
v 0.607883 -2.154634 5.220228
v 0.504366 -2.397613 5.066465
v 0.705377 -2.184121 5.132046
v -1.163322 -2.156761 5.249927
v 0.614890 -2.461795 4.704194
v 0.739766 -2.433619 4.570445
v 0.468660 -2.196739 5.336396
v -0.304799 -2.605751 4.858617
v -0.812834 -2.502757 4.246531
v -0.959417 -2.454601 4.349700
v -0.855460 -2.465560 4.115058
v -0.484819 -2.577333 4.836028
v -0.066058 -2.612853 4.860574
v -0.198081 -2.578166 4.978426
v -0.611158 -1.681808 5.981401
v 0.081566 -2.629223 4.724640
v 1.419044 -1.703576 5.352769
v 1.445033 -2.220566 4.689916
v 1.343419 -2.315580 4.530197
v 1.550692 -2.169420 4.452957
v 0.384950 -2.542575 4.865023
v 0.210893 -2.582959 4.913822
v 0.242258 -2.596968 4.661880
v 0.379420 -2.563581 4.600545
v -0.422444 -2.585455 4.305790
v -0.531949 -2.546790 4.115400
v -0.375863 -2.572195 4.163740
v 0.061047 -2.584812 4.987246
v -0.432635 -2.612330 4.491027
v 0.484476 -2.512499 4.793950
v 0.508594 -2.520630 4.517365
v 0.923200 -1.530700 5.692000
v 0.916101 -1.779116 5.590715
v 1.101553 -1.676834 5.602411
v -1.193565 -2.289777 4.171652
v -1.325717 -2.192480 4.143105
v -1.232056 -2.221043 4.043622
v -0.620986 -2.585011 4.447457
v -0.601942 -2.592793 4.588126
v -0.736980 -2.548081 4.364633
v -0.819778 -2.521909 4.428986
v -0.913893 -2.477583 4.493360
v -0.008949 -0.876207 0.624956
v 0.108004 -1.026114 0.780249
v -0.041181 -1.022172 0.707362
v 0.731936 -0.412731 0.835272
v 0.724023 -0.356177 0.759942
v 0.835669 -0.228376 0.933205
v -0.255913 -2.588879 4.245612
v -0.492399 -2.543810 5.018006
v -1.040281 -2.414201 4.512981
v -1.142584 -2.353286 4.545735
v -1.307582 -2.186130 4.911544
v -1.457248 -2.051386 4.979219
v -1.436742 -2.103098 4.844709
v -1.203392 0.381380 0.693464
v -1.070878 0.536377 0.542505
v -1.093411 0.337060 0.556713
v -1.130627 -2.364306 4.357375
v -1.081530 -2.356113 4.115489
v -1.539718 -2.018827 4.835295
v -1.620489 -1.975203 4.681725
v -1.508987 -2.079578 4.607611
v -1.428203 -2.017237 5.114762
v -1.602177 -1.846647 5.119563
v -0.859167 -2.502246 4.643940
v -1.290222 -2.255435 4.466610
v -1.278102 -2.253076 4.285024
v -1.453002 -2.131566 4.473390
v -1.494917 -2.086655 4.271124
v -1.343261 -2.206228 4.622598
v -1.256340 -2.262915 4.679151
v -0.303164 -2.447973 3.703834
v -0.482348 -2.457414 3.769265
v -0.414299 -2.396088 3.593159
v -1.424036 -2.130558 4.737831
v -0.641236 -2.516380 4.110109
v -0.608242 -2.565169 4.274058
v -1.753289 -1.844041 4.218561
v -1.632983 -1.947009 4.139368
v -1.606797 -2.000261 4.381162
v 0.950920 -2.349490 4.891985
v 0.914325 -2.209975 5.116326
v -1.769265 -1.847887 4.393466
v -1.273154 -2.229932 4.810562
v -1.087397 0.911794 0.803529
v -1.244252 0.834759 0.964250
v -1.160027 0.975307 0.986701
v -1.910800 -1.692159 4.219974
v -1.813665 -1.761721 4.069026
v 0.422800 -1.502200 5.771000
v 0.690000 -1.457400 5.769800
v 0.384956 -1.377930 5.793841
v 0.641196 -1.724134 5.698942
v 0.503288 -1.822232 5.712862
v 0.556781 -1.880815 5.641982
v 1.114111 -1.994864 5.340560
v 1.215150 -2.116688 5.193638
v 1.301678 -1.893066 5.322626
v -0.271735 1.779424 6.277125
v -0.342437 2.006303 6.164183
v -0.446544 1.903248 6.270763
v 0.542395 -1.992188 5.516296
v 0.627790 -2.070859 5.367071
v 0.809520 -2.002350 5.468151
v 0.793970 -2.073090 5.331988
v 1.050158 -1.875656 5.481874
v 0.762677 -1.873763 5.595859
v 0.362200 -1.045000 5.980200
v 0.413044 -1.262335 5.923362
v 0.379704 -1.180627 5.832742
v 0.359729 -0.944747 5.889059
v 0.435519 -1.415502 5.867444
v 0.255935 -1.138296 5.942866
v 0.412700 -1.404600 5.917000
v 0.407200 -1.600400 5.891400
v 1.092569 -2.224936 3.369415
v 0.924287 -2.293155 3.385077
v 0.997671 -2.110264 3.132209
v 0.662820 -2.459797 4.432089
v 0.837444 -1.627989 5.683839
v 1.366881 -2.177472 4.940129
v 1.191305 -2.208097 5.091692
v 1.265923 -2.268600 4.895384
v 0.631800 -1.305500 5.807000
v 0.524639 -1.069320 5.841538
v 0.483131 -0.881113 5.869307
v -0.259000 -1.601200 6.210000
v -0.150000 -1.582700 6.309300
v 0.119284 -1.160465 6.056538
v -0.013000 -1.440400 6.123200
v -0.200068 -1.538403 6.221686
v -0.423132 -1.612443 6.369571
v -0.252197 -1.658218 6.399714
v -0.194200 -1.386800 6.441700
v -0.170800 -1.575800 6.408400
v -0.335398 -1.360547 6.427863
v -0.224000 -1.511100 6.140100
v -0.245247 -1.571801 6.039073
v -0.254600 -1.607900 6.251999
v -0.281225 -1.586866 6.242987
v -0.205600 -1.371000 6.235900
v -0.194689 -1.413748 6.329940
v -0.134422 -1.172728 6.283413
v -0.145164 -1.543530 6.273793
v -0.228600 -1.472500 6.334500
v -0.118774 -1.364279 6.414282
v -0.272300 -1.748300 6.392799
v -0.354696 -1.716100 6.272059
v -0.376587 -1.860687 6.383972
v -0.035929 -1.234333 6.152750
v 0.045246 -0.699532 6.115816
v 0.261040 -0.763683 6.044003
v 0.221338 -0.616553 5.960337
v 0.139727 -0.925292 6.080875
v -0.048037 -0.811510 6.146647
v -0.001958 -1.043183 6.141537
v 0.311952 -0.833757 5.962625
v -0.069084 -0.991838 6.263808
v -0.105704 -0.860043 6.307479
v -0.064007 -0.997648 6.381992
v -0.154200 -1.085200 6.325700
v -0.076757 -1.163818 6.413372
v -0.205680 -1.241282 6.350962
v -0.223885 -1.061513 6.456037
v -0.656267 -1.449756 6.293654
v -0.588127 -1.732556 6.270246
v -0.829300 -1.666900 6.379800
v -0.701181 -1.586343 6.420604
v -0.963700 -1.695800 6.457500
v -0.777083 -1.876380 6.406507
v -0.922311 -1.560192 6.481726
v -0.533319 -1.505853 6.377215
v -0.573953 -1.787256 6.353898
v -0.715530 -1.138647 6.536952
v -0.842378 -1.345457 6.535031
v -0.615906 -1.404965 6.487899
v -0.473200 -1.338700 6.410900
v -0.704329 -1.876630 6.351088
v -0.916657 -1.831890 6.429070
v -0.998500 -1.814800 6.469100
v -1.054800 -1.593800 6.450500
v -0.949900 -1.533100 6.428600
v -1.026777 -1.349990 6.455619
v -1.060700 -1.551500 6.505400
v -1.049200 -1.368900 6.502700
v -0.979200 -1.782000 6.483400
v -0.946500 -1.209400 6.442400
v -0.699497 -1.162545 6.356215
v -0.958300 -1.135600 6.487500
v -0.742576 -2.069452 6.458225
v -0.780200 -2.108100 6.542600
v -0.897900 -1.919100 6.515399
v -0.448700 -1.910300 6.349700
v -0.601800 -1.954600 6.406200
v -0.540800 -1.997800 6.428300
v -0.682300 -2.055000 6.481100
v -0.446300 -1.462000 6.218400
v -0.262400 -1.473800 6.091500
v -0.499882 -1.466666 6.055263
v -0.261834 -1.408473 6.110745
v -0.629420 -1.528040 6.031795
v -0.498155 -1.280073 6.079176
v -0.294600 -1.316900 6.074100
v -0.390857 -1.279616 6.173931
v -0.533595 -1.117767 6.218661
v -0.802134 -1.262840 6.103950
v -0.784437 -1.379594 6.068604
v -0.619269 -1.177491 6.102939
v -0.764744 -1.625198 6.048334
v -0.819513 -1.553285 6.079945
v -0.733609 -1.561718 6.109927
v -1.192256 -1.711205 5.718274
v -1.035784 -1.607195 5.808811
v -1.229782 -1.522584 5.779194
v -0.780400 -1.547300 5.965500
v -0.736771 -1.291830 6.005419
v -0.864501 -1.084996 5.929083
v -0.854135 -1.341822 5.941964
v -0.684100 -1.197900 5.982100
v -0.505067 -1.142098 6.504478
v -0.420020 -1.074599 6.474231
v -0.466090 -0.653157 6.335757
v -0.333302 -0.783910 6.395947
v -0.248109 -0.555274 6.283249
v -0.634600 -0.714300 6.309599
v -0.764900 -0.837800 6.449200
v -0.114375 -0.704512 6.229869
v -0.504541 -0.892420 6.123906
v -0.560537 -0.816254 6.277656
v -0.496500 -0.753600 6.160200
v -0.818282 -0.892379 6.392121
v -0.448735 -1.092913 6.108385
v -0.651400 -1.071700 6.049900
v -0.755200 -0.996200 6.376000
v -0.830500 -0.932400 6.483000
v -0.594700 -1.077000 5.963600
v -0.556339 -0.922332 5.944527
v -0.416343 -0.930703 6.465738
v -0.635900 -0.949100 6.506600
v -0.747700 -1.018400 5.945700
v -0.190100 -0.377500 6.012000
v -0.292317 -0.362575 6.038821
v -0.239755 -0.467925 6.180158
v -0.312300 -0.298800 6.064700
v -0.374606 -0.414248 6.137645
v -0.135544 -0.526784 6.107374
v -0.470212 -0.485718 6.214315
v -0.519631 -0.576248 6.136509
v -0.374451 -0.496166 6.185419
v -0.420336 -0.454837 6.316812
v -0.623600 -0.492900 6.270600
v -0.490000 -0.618600 6.237000
v -0.483501 -0.682383 6.208981
v -0.234152 -0.357976 6.235575
v -0.816369 -0.784291 5.948929
v -0.788263 -0.811281 6.112964
v -0.961603 -0.897779 6.116439
v -0.722800 -0.789500 5.951600
v -0.569000 -0.824200 6.001900
v -0.664107 -0.811619 6.069710
v -0.626400 -0.773200 6.121700
v -0.869350 -0.597230 6.247694
v -0.748227 -0.692478 6.175761
v -0.967500 -0.761900 6.197600
v -0.299500 -0.274700 5.949700
v -0.273707 -0.191388 5.988924
v -0.115300 -0.417400 5.906400
v -0.118700 -0.386600 5.767600
v -0.053300 -0.668300 6.024800
v 0.043900 -0.534700 5.931400
v -0.167660 -0.215984 5.723432
v -0.181838 -0.081619 5.799116
v 0.066424 -0.450173 5.839400
v -1.098145 -0.758713 6.049922
v -1.157657 -0.892775 6.190054
v -1.191506 -0.899702 5.859924
v -1.052091 -0.839791 5.933898
v -1.293220 -0.851474 5.889145
v -1.230241 -0.567931 5.945837
v -1.031500 -0.681200 5.954900
v -1.213285 -0.774069 6.105714
v -1.098900 -0.852100 6.214600
v -1.057000 -1.002800 5.937400
v 0.313511 -0.499436 5.781764
v 0.441721 -0.671771 5.863187
v 0.037236 -0.292741 5.672317
v 0.187645 -0.396251 5.671456
v -0.980972 -1.319905 5.914493
v -1.002114 -1.181867 5.856945
v -1.111642 -1.303334 5.831942
v -1.027988 -1.431192 5.879607
v -1.195409 -1.028947 5.885821
v -1.330305 -1.112854 5.841378
v -1.309820 -1.722690 5.623542
v -1.395877 -1.553164 5.662957
v -1.439434 -0.392682 6.097422
v -1.538281 -0.362486 6.056714
v -1.410271 -0.503088 5.971129
v -2.014249 -1.487957 4.809219
v -1.902707 -1.652402 4.783498
v -1.925188 -1.522575 4.989359
v -1.031894 -1.074205 5.916158
v -2.134974 -1.388500 4.534808
v -2.081022 -1.427016 4.706135
v -2.214338 -1.187976 4.782727
v -1.976718 -1.605997 4.607757
v -1.917702 -1.627318 4.034104
v -1.789470 -1.707317 3.912530
v -2.128142 -1.411138 4.348303
v -1.807540 -1.638510 5.065165
v -1.633061 -1.892222 4.969848
v -1.816165 -1.719687 4.893179
v -1.445811 -1.763021 5.444217
v -1.441719 -1.642991 5.556617
v -1.584308 -1.617733 5.429436
v -0.839129 -1.928989 5.749085
v -1.039553 -1.831002 5.742464
v -1.526724 -1.439730 5.600849
v -1.379295 -1.404562 5.742723
v -1.133703 -1.913263 5.626531
v -1.223652 -2.222864 4.985051
v -1.473114 -1.073410 5.788591
v -1.716398 -1.862740 4.801825
v -1.717377 -1.895014 4.560506
v -1.297101 -1.848390 5.537128
v -1.541445 -1.790064 5.299134
v -1.724599 -1.626427 5.236859
v -1.188581 -1.166335 5.879743
v -1.645224 -1.404042 5.526348
v -2.037295 -1.232302 5.150941
v -2.072886 -1.056886 5.281738
v -2.194507 -1.007357 5.111646
v -1.894239 -1.274437 5.334172
v -1.771027 -1.318091 5.470620
v -1.862831 -1.169523 5.463099
v -1.871846 -1.026264 5.543970
v -1.683112 -1.179310 5.639769
v -1.735513 -0.974292 5.666843
v -1.892086 -1.418782 5.199463
v -1.824598 -1.768208 4.690032
v -1.928362 -1.678125 4.448902
v -1.501753 -1.256269 5.735647
v -1.280466 -1.311183 5.813730
v -1.612273 -0.978910 5.755078
v -1.585761 -0.832259 5.806329
v -1.929106 -0.872359 5.586024
v -1.739972 -1.479702 5.374055
v -2.068213 -1.320923 4.968218
v -1.496403 -0.628098 5.881803
v -1.595183 -0.715080 5.845804
v -1.362992 -0.674774 5.908441
v -1.761722 -0.730708 5.770603
v -1.924063 -0.748638 5.672287
v -2.301191 -0.948108 4.958854
v -2.336595 -1.025491 4.709898
v -2.214653 -1.104404 4.949951
v -1.413272 0.572305 6.502882
v -1.335252 0.373016 6.505668
v -1.143947 0.480032 6.509941
v -2.052350 -0.912400 5.423242
v -2.091892 -1.404825 4.084923
v -2.248369 -1.222317 4.208398
v -1.442554 -0.855848 5.879698
v -1.927415 -1.475405 3.863208
v -2.002210 -1.263834 3.734476
v -2.237741 -1.235933 4.474064
v -2.143619 -1.188103 3.844860
v -2.060748 -1.358566 3.917323
v -2.338058 -1.065169 4.535778
v -2.491522 -0.807051 4.385247
v -2.380245 -1.014670 4.343693
v -2.442980 -0.891897 4.537097
v -2.512228 -0.717699 4.617338
v -2.411772 -0.878459 4.764816
v -2.446616 -0.879446 4.192092
v -2.108911 -0.454660 3.271497
v -2.014696 -0.554317 3.123451
v -2.012279 -0.660003 3.175645
v -2.180596 -1.245488 4.044650
v -2.286412 -1.064611 3.988041
v -2.488069 -0.701912 4.065063
v -2.523941 -0.665468 4.187864
v -2.569090 -0.573711 4.330519
v -2.598654 -0.374143 4.254265
v -2.558868 -0.521563 4.137517
v -1.048147 0.675213 6.524043
v -1.219739 0.632995 6.555875
v -0.169100 -0.140400 6.116900
v -0.162700 -0.209900 6.269800
v -0.150315 -0.047051 6.126610
v -0.117186 0.071034 6.102564
v -0.121303 0.035781 5.934968
v 0.049514 -0.117207 5.916325
v 0.007853 0.037623 5.975469
v -0.794879 1.410196 6.592773
v -0.684849 1.568457 6.531022
v -0.807165 1.622903 6.485054
v -1.325519 -2.123388 5.063838
v -1.426913 -1.933176 5.263114
v 0.301363 -2.589065 4.422432
v 0.324648 -2.305516 5.378264
v -0.806985 -0.218751 6.629951
v -0.960017 -0.297101 6.673030
v -0.750500 -0.364600 6.575600
v -0.785186 -0.492598 6.350897
v -0.652654 -0.575620 6.418278
v -0.874473 -0.618143 6.515414
v -0.914336 -0.505519 6.622110
v -0.518119 -0.255762 6.524211
v -0.564295 -0.394386 6.459924
v -0.302676 -0.295502 6.417102
v -1.280617 -0.433386 6.719424
v -1.196957 -0.578290 6.639146
v -1.102993 -0.429680 6.699013
v -1.325400 -0.530300 6.717500
v -1.284184 -0.422892 6.584075
v -1.071737 -0.552995 6.523067
v -1.466751 -0.334130 6.788237
v -1.435887 -0.476179 6.732053
v -1.571596 -0.215033 6.872701
v -1.570752 -0.343057 6.870625
v -1.587200 -0.252300 6.979100
v -1.554000 -0.275200 6.879100
v -1.403378 -0.330259 6.636901
v -1.392700 -0.203800 6.767099
v -1.444235 -0.032432 6.837298
v -1.552300 -0.235000 7.003099
v -1.534100 -0.008200 7.008100
v -1.501194 -0.079450 7.172088
v -1.564000 -0.075900 7.186600
v -1.565235 -0.026051 6.964592
v -1.062767 0.005263 6.414755
v -1.189400 -0.101300 6.362800
v -1.176600 -0.136000 6.402000
v -1.382540 -0.166101 6.651616
v -1.252566 -0.202338 6.539808
v -1.227959 -0.198215 6.715868
v -1.286480 -0.198444 6.468047
v -1.168823 -0.123318 6.533233
v -1.096462 -0.030171 6.726181
v -1.210200 -0.035100 6.584300
v -1.155706 -0.329789 6.464220
v -1.277676 0.012705 6.791262
v -1.393000 0.091000 6.808300
v -1.002776 -0.417059 6.470667
v -0.891200 -0.478100 6.406700
v -1.422592 -0.293237 6.174238
v -1.457651 -0.191136 6.307600
v -1.305967 -0.268589 6.293417
v -1.256600 -0.444000 6.098199
v -1.243100 -0.336300 6.184599
v -1.969293 -0.410864 5.849054
v -1.825402 -0.368828 5.961787
v -1.891428 -0.263652 6.033759
v -1.188700 -0.224400 6.334700
v -1.366700 -0.275100 6.405400
v -1.414900 0.002000 6.413199
v -1.595866 -0.001632 6.384649
v -1.255328 0.132184 6.416923
v -1.735209 -0.031977 6.295812
v -1.690106 -0.173822 6.257566
v -1.381097 -0.460619 6.257595
v -1.730781 -0.566969 6.423359
v -1.842616 -0.520747 6.600250
v -1.723800 -0.340500 6.616499
v -1.467100 -0.353400 6.406200
v -1.407969 -0.322464 6.493097
v -1.717200 -0.518000 6.514700
v -1.582800 -0.494200 6.455700
v -1.669200 -0.363200 6.607399
v -1.785022 -0.424690 6.652123
v -1.839356 -0.562532 6.616001
v -1.884700 -0.592700 6.778900
v -1.908804 -0.630713 6.775422
v -1.830600 -0.651100 6.562000
v -1.899600 -0.654600 6.709000
v -1.850900 -0.652400 6.572400
v -1.617382 -0.615083 6.348830
v -1.724537 -0.707376 6.432569
v -1.315405 -0.467505 6.417337
v -1.566360 -0.282840 6.602524
v -1.409200 -0.207000 6.560200
v -1.071011 -0.553214 6.339797
v -1.402335 -0.569791 6.333849
v -1.164291 -0.672451 6.228882
v -1.354795 -0.679172 6.183972
v -1.571500 -0.687300 6.291300
v -1.455936 -0.687414 6.257063
v -1.422700 -0.790800 6.271900
v -1.583400 -0.773300 6.324399
v -1.125300 -0.513700 6.011600
v -1.301300 -0.842400 6.250400
v -1.345883 -0.856326 6.231709
v -1.402054 2.282738 4.060054
v -1.491715 2.215068 4.142428
v -1.428568 2.340436 4.293049
v -1.860244 0.149939 6.308997
v -2.004980 0.160626 6.207395
v -1.886725 -0.000244 6.207906
v -1.684233 0.139276 6.401987
v -1.608456 -0.543038 5.871659
v -1.819144 -0.497268 5.846279
v -1.905241 -0.590960 5.750733
v -1.995125 -0.121267 6.059484
v -2.056667 0.038231 6.100541
v -1.815859 -0.191069 6.161664
v -2.291285 -0.760878 5.176004
v -2.047735 -0.586008 5.649112
v -2.093708 -0.697262 5.501741
v -2.185746 -0.823542 5.307375
v -2.210216 -0.633825 5.396420
v -2.417114 -0.669306 5.004428
v -2.433636 -0.526878 5.091286
v -1.560325 0.489239 6.500848
v -1.613345 0.727259 6.481342
v -2.074991 -0.230023 5.906623
v -2.214046 -0.225865 5.724666
v -2.114859 -0.366175 5.734985
v -2.253284 -0.356658 5.568881
v -2.310415 -0.532547 5.317976
v -2.207051 -0.510890 5.507722
v -2.405306 0.031000 5.622472
v -2.383139 -0.129000 5.558364
v -2.253080 -0.080268 5.777826
v -2.179811 0.299850 6.050259
v -2.563016 0.192480 5.190872
v -2.493210 0.249397 5.425500
v -2.546894 0.379933 5.218558
v -1.884039 0.305480 6.339696
v -2.348984 0.122558 5.768058
v -2.473674 0.503190 5.449424
v -2.447781 0.359160 5.553807
v -2.432324 0.198073 5.610519
v -2.536785 -0.429924 4.913109
v -2.501498 -0.150610 5.227445
v -2.484237 0.019873 5.438940
v -2.531295 0.012732 5.287903
v -2.439410 -0.358524 5.211032
v -2.530062 -0.321058 5.008609
v -0.941200 0.935200 6.587800
v -1.075645 0.985838 6.575304
v -0.942986 0.754977 6.533340
v -2.296500 0.249748 5.878231
v -2.391189 0.331683 5.720530
v -2.200395 -0.468955 3.421644
v -2.329302 -0.339037 3.579929
v -2.221678 -0.209721 3.385553
v -2.572967 -0.095039 5.005843
v -2.566521 0.019744 5.127765
v -2.534759 0.401209 4.289256
v -2.542434 0.505675 4.380716
v -2.472820 0.577414 4.154990
v -2.619975 0.248650 4.614558
v -2.588065 0.412131 4.522606
v -2.576128 0.274132 4.334040
v -2.617307 0.042664 4.924025
v -2.627036 -0.097300 4.824861
v -2.613111 -0.233390 4.305391
v -2.614443 -0.353473 4.507371
v -2.627566 -0.116634 4.489038
v -2.260178 0.608966 3.732545
v -2.230611 0.753497 3.786271
v -2.156145 0.720084 3.629496
v -2.626526 -0.224916 4.604672
v -2.587068 0.025133 4.171192
v -2.601436 0.123085 4.426822
v -2.591257 0.356527 4.997356
v -2.614936 0.182364 4.886609
v -2.558988 0.563698 5.090990
v -2.574754 0.597910 4.883929
v -2.467596 0.989133 4.671964
v -2.369323 1.112013 4.494114
v -2.421434 0.980379 4.489855
v -2.634712 0.098892 4.637943
v -2.642209 -0.047100 4.675820
v -2.612621 0.322482 4.777818
v -2.583581 -0.507133 4.561745
v -2.578601 -0.436560 4.760135
v -2.215604 0.117085 5.959126
v -2.618032 -0.235120 4.794335
v -2.614367 -0.034188 4.330358
v -2.600525 -0.140807 4.211687
v -2.313148 0.463067 5.883190
v -2.380774 0.551974 5.736130
v -2.526929 0.657285 4.429574
v -2.426977 0.772137 4.188724
v -2.514827 0.785612 5.154028
v -2.536745 0.809912 4.949195
v -2.516235 0.569313 5.277627
v -2.552991 0.235315 4.149153
v -2.557884 0.117921 4.094460
v -2.347131 0.529604 3.840695
v -2.371446 0.668699 3.984950
v -0.703308 -0.005385 6.622128
v -0.625400 -0.158900 6.608200
v -0.450611 -0.081789 6.553571
v -0.561222 0.176312 6.654335
v -0.361504 0.069308 6.522435
v -0.114400 -0.025800 6.300900
v -0.113023 0.029806 6.390567
v -0.159600 -0.148900 6.376500
v -0.173942 -0.020729 6.471933
v -0.423500 -0.206000 6.531100
v -0.250900 0.334100 6.598700
v -0.241285 0.143596 6.511612
v -0.119073 0.274143 6.454110
v -0.229600 0.089600 6.553100
v -0.444547 0.226700 6.738963
v -0.365481 0.343037 6.678427
v -0.125700 0.146000 6.355100
v -0.071300 0.243600 6.347200
v -0.071300 0.338200 6.491200
v 0.050938 0.287756 6.455731
v -0.140659 0.361235 6.660245
v -0.230700 0.424200 6.622700
v -0.190206 0.449643 6.710344
v -0.031424 0.418244 6.595318
v 0.035700 0.296100 6.376299
v -0.042400 0.313300 6.295700
v -0.004872 0.323246 6.208962
v -0.707457 0.225483 6.709284
v -0.905400 -0.056200 6.677200
v -1.381001 0.024473 7.124138
v -1.459331 0.055726 6.920629
v -1.520200 -0.002500 7.161500
v -1.205200 0.279000 7.065100
v -1.357163 0.203593 6.961565
v -1.238710 0.168219 6.796578
v -1.237400 0.207200 7.149100
v -0.910690 0.057198 6.638370
v -1.019000 0.159800 6.698699
v -1.398878 0.156343 6.423266
v -1.541844 0.298887 6.493847
v -1.483314 0.143138 7.008324
v -1.347828 0.216041 7.120710
v -1.093241 0.210467 6.448409
v -1.283700 0.241000 6.474600
v -1.008600 0.236800 6.472800
v -1.032783 0.116416 6.507451
v -1.256127 0.246630 6.831923
v -0.998740 0.258102 6.557800
v -1.145077 0.292550 6.880284
v -0.580922 0.291041 6.681540
v -0.683300 0.304000 6.858200
v -1.032000 0.320200 7.073700
v -1.119100 0.296900 7.121500
v -1.028000 0.345700 7.056600
v -0.870800 0.319200 7.012600
v -0.819000 0.332500 6.953400
v -0.938938 0.298401 6.832413
v -0.784200 0.313600 6.908700
v -0.875700 0.338100 6.829599
v -1.090855 0.349452 6.863801
v -1.037100 0.450100 6.900000
v -1.103361 0.422406 6.880843
v -1.233529 0.301027 7.088878
v -0.973400 0.316900 6.764300
v -0.867593 0.332418 6.735112
v -0.877600 0.506100 6.607100
v -0.892100 0.334100 6.487800
v -1.043400 0.414200 6.738400
v -0.828506 0.478631 6.493423
v -0.846516 0.623895 6.493653
v -0.920000 0.375300 6.446100
v -0.660800 0.403600 6.743999
v -1.203727 0.824450 6.535884
v -1.936010 0.445221 6.300531
v -1.841211 0.522000 6.360909
v -0.165344 1.264514 7.081391
v -0.226300 1.192100 7.230199
v -0.359696 1.056804 7.076865
v -0.283700 1.042600 7.262700
v -0.194406 1.262946 7.154697
v -0.336294 1.151951 7.208443
v -0.183300 1.275100 7.343900
v -0.249100 1.107800 7.315000
v -0.345000 0.939100 7.217300
v -0.979900 0.797000 7.383000
v -0.927745 0.868971 7.317939
v -1.082075 0.820380 7.192363
v -0.975600 0.987700 7.203199
v -1.033302 0.805437 7.198667
v -0.955800 0.968500 7.118299
v -1.031700 0.709100 7.307200
v -0.374339 0.840865 7.118500
v -0.392247 0.718803 7.037095
v -0.385520 0.840274 6.992832
v -0.378563 0.693845 6.850431
v -0.354700 0.603700 6.923500
v -0.948106 0.984942 7.098076
v -0.253500 1.105800 6.828900
v -0.411066 0.944910 7.013558
v -0.252922 1.212368 6.984368
v -0.353100 0.889500 6.778699
v -0.266488 0.996746 6.817465
v -0.272100 0.823000 6.714600
v -0.307767 0.666683 6.804551
v -0.202148 0.714774 6.693132
v -0.146160 0.591397 6.656567
v -0.244900 1.178100 6.978100
v -0.368305 0.576416 6.881184
v -0.385892 0.830110 6.468247
v -0.437906 0.856481 6.592847
v -0.252900 0.697500 6.538200
v -0.257663 0.796649 6.601391
v -0.282000 0.601200 6.642200
v -0.985178 0.754603 7.048993
v -1.154264 0.604181 7.096962
v -1.083272 0.630240 6.963765
v -1.099646 0.636577 7.214479
v -0.926800 0.566400 6.928000
v -0.656835 0.518251 6.828454
v -0.961800 0.668600 6.835800
v -0.986500 0.858600 7.026400
v -0.959700 0.828600 7.044900
v -0.787661 0.632027 6.904046
v -0.797100 0.709100 6.682000
v -0.817893 0.870627 6.828015
v -0.933300 0.971900 7.044800
v -0.787048 0.765976 6.871815
v -0.515000 0.857700 6.533800
v -0.557600 0.959300 6.722100
v -0.763900 0.653800 6.553500
v -0.687100 0.735600 6.559200
v -0.641900 0.789100 6.498200
v -0.572731 0.868398 6.517116
v -0.622500 0.866000 6.625100
v -0.663808 0.963407 6.822359
v -0.468600 0.356600 6.719900
v -0.753972 0.989572 6.902759
v -0.450773 0.599640 6.678259
v -0.617433 0.745394 6.725972
v -0.289700 0.491300 6.646400
v -0.290100 0.442700 6.766300
v -0.569802 1.230782 6.561675
v -0.694764 1.167707 6.515922
v -0.528601 1.048284 6.519882
v -1.339295 0.741347 6.554435
v -0.882360 1.119994 6.589602
v -0.267696 1.620767 6.368337
v -0.459988 1.691841 6.456076
v -1.344701 0.994514 6.533608
v -0.682700 0.923200 6.534600
v -0.688445 1.765216 6.407253
v -0.681454 1.898658 6.297285
v -0.649747 2.002138 6.204417
v -0.613333 1.485134 6.565317
v -0.878765 1.294509 6.584224
v -0.965843 2.379778 5.480269
v -1.144720 2.343582 5.377545
v -1.084967 2.276775 5.654526
v -0.125070 1.699763 6.183385
v -0.170493 1.926010 6.051052
v -1.342286 1.221975 6.481082
v -1.219943 1.078641 6.551391
v -1.169020 1.237984 6.515332
v -1.067946 1.417952 6.534682
v -1.014972 1.226853 6.567047
v 0.052997 1.731188 6.019329
v -0.006133 1.535007 6.075827
v 0.106566 1.651016 6.011404
v -0.992142 1.684145 6.417105
v -1.055409 1.561784 6.487149
v -0.105983 0.951421 6.678253
v -0.167434 0.848332 6.689174
v -0.139328 1.095637 6.814423
v -0.202443 0.760477 6.466270
v -0.224471 0.851415 6.456410
v -0.294157 0.815047 6.386582
v -0.391656 1.172830 6.498401
v -0.054247 1.783174 6.051104
v -0.467397 1.476106 6.523625
v -0.609970 2.582380 5.265368
v -0.635648 2.659276 5.071986
v -0.776415 2.587516 5.099566
v -2.241077 0.527005 6.001073
v -2.132720 0.448473 6.139669
v -2.511585 0.794215 4.567028
v -2.460990 0.836549 4.416982
v -2.055202 1.319005 3.971607
v -2.146877 1.042689 3.923024
v -2.206805 1.125800 4.061327
v -2.408072 0.754065 5.604365
v -2.462465 0.864674 5.366302
v -2.482439 0.715327 5.353270
v -1.338445 2.168485 5.554334
v -1.211646 2.232722 5.597316
v -2.055569 0.556693 6.209217
v -2.018764 0.779378 6.226718
v -2.158830 0.662420 6.096493
v -1.906827 0.711876 6.323025
v -1.306274 1.881935 3.166933
v -1.077446 1.969227 3.055317
v -1.186884 1.904582 3.052466
v -2.036238 0.367009 6.228305
v -1.713994 0.283098 6.432663
v -1.716120 0.442655 6.446684
v -2.474570 1.064821 5.024673
v -2.451697 1.014245 5.269092
v -2.396598 1.186775 5.191317
v -1.763108 1.274193 6.233427
v -1.703688 1.042400 6.379512
v -1.543562 1.147772 6.442081
v -1.984083 0.996625 6.191464
v -1.808130 0.881358 6.363053
v -1.858047 1.149772 6.228990
v -1.761606 0.611601 6.415246
v -2.152671 1.224831 5.828093
v -1.988367 1.253608 6.046757
v -2.043756 1.371885 5.843995
v -1.646854 1.322661 6.286398
v -1.469541 1.338354 6.385791
v -1.888783 1.464712 5.946893
v -1.547155 2.029545 5.514932
v -1.528823 2.094514 5.368664
v -1.325141 1.438104 6.413070
v -1.487226 1.522862 6.260512
v -1.800680 1.419403 6.087180
v -1.739775 1.749681 5.738228
v -1.658806 1.881220 5.638071
v -1.848274 1.722295 5.623466
v -1.418657 1.871112 5.961580
v -1.399698 1.750163 6.119113
v -1.210432 1.891846 6.111575
v -0.752297 2.397190 5.564749
v -0.908804 2.426605 5.374248
v -1.441813 2.000783 5.754253
v -0.818457 2.688415 4.772660
v -0.707643 2.761389 4.622534
v -0.903192 2.683732 4.529035
v -1.706346 1.937260 5.440766
v -1.591035 1.709033 5.979036
v -1.540226 1.673388 6.073746
v -1.597754 1.816280 5.828951
v -1.737450 1.632642 5.911944
v -1.300811 2.043194 5.850542
v -0.741707 2.491855 5.326238
v -0.581137 2.500201 5.456810
v -1.106200 2.491945 4.940158
v -1.054073 2.564350 4.773426
v -1.276077 2.429255 4.730078
v -1.308393 1.714356 6.224747
v -1.347562 1.567017 6.321796
v -2.231829 1.187168 5.717246
v -2.183773 1.313141 5.664110
v -1.655924 1.507358 6.135286
v -1.980925 1.577973 5.652261
v -2.127923 1.453127 5.575522
v -2.038338 1.471640 5.719829
v -2.217300 1.368986 5.503769
v -1.887124 1.556245 5.827601
v -2.305258 1.397998 5.090575
v -2.428265 1.201072 4.924871
v -2.021063 1.741675 5.206944
v -2.098615 1.671453 5.110020
v -2.115581 1.591719 5.327356
v -2.152622 0.992396 5.964638
v -2.200429 1.091103 5.842777
v -2.269143 0.917527 5.816848
v -2.092575 1.069743 6.016590
v -1.970065 1.671336 4.316380
v -1.831075 1.855261 4.295052
v -1.862426 1.757813 4.184763
v -2.199158 0.806435 6.005452
v -2.287227 0.676219 5.910862
v -0.927567 1.821041 6.317097
v -2.004024 1.781506 5.034251
v -2.346143 1.268439 4.663400
v -1.203530 1.652959 6.337670
v -1.788679 2.004148 5.021583
v -1.781280 1.957006 5.243703
v -1.663175 2.096246 5.104798
v -2.320425 1.003823 5.685031
v -2.322834 0.778678 5.781365
v -2.292523 0.895307 4.022726
v -2.249139 0.840448 3.903804
v -2.369381 0.992160 5.587017
v -2.392483 1.081320 5.432477
v -2.409434 1.202101 4.778366
v -1.800386 1.984045 4.787824
v -1.912144 1.865478 4.868493
v -1.997631 1.763738 4.781725
v -1.883167 1.868178 4.638869
v -2.226676 1.450860 4.688104
v -2.192988 1.430855 4.460908
v -2.293572 1.288755 4.506190
v -2.104445 1.475553 4.293762
v -2.013347 1.681813 4.486670
v -2.123164 1.544675 4.511241
v -2.307985 1.109323 4.296915
v -2.253761 1.236336 4.315648
v -2.381329 0.984664 4.339384
v -1.882434 1.900289 5.110635
v -2.178752 1.553127 4.864105
v -2.321494 1.369131 4.896913
v -2.126401 1.598201 4.694585
v -2.044516 1.686640 4.613785
v -1.997486 1.697998 5.396884
v -1.887933 1.838906 5.314433
v -2.170264 1.563714 5.197990
v -2.193970 1.460875 5.393939
v -2.069242 1.681163 4.750785
v -2.137515 1.620482 4.934319
v -2.212972 1.526882 5.021911
v -2.088780 1.550704 5.489619
v -2.316527 1.305895 5.299665
v -2.312742 1.187866 5.536160
v -2.484975 1.006432 4.811572
v -1.600095 0.941781 6.477307
v -2.095923 0.921324 6.084345
v -1.126739 1.804188 6.246570
v -2.427690 0.575920 5.595054
v -1.717995 2.083551 4.857762
v -1.929649 1.793776 4.474714
v -1.778236 1.963940 4.484934
v -1.890436 1.818424 4.392054
v -1.720258 2.053544 4.664400
v -1.625451 2.164908 4.765596
v -1.649731 -0.282554 6.160275
v -1.689831 -0.401848 5.979626
v -1.518509 0.104409 6.434874
v -2.131809 -0.036849 5.981456
v -2.216614 1.482478 5.256550
v -2.556716 0.636845 4.621652
v -2.579364 0.533512 4.703785
v -2.538055 0.796917 4.768709
v -1.478667 0.829613 6.535382
v -1.008086 1.912451 6.196681
v 1.315311 -1.779086 5.514134
v 1.270800 -1.820300 5.584099
v 1.118885 -1.743652 5.678571
v 1.367800 -1.828800 5.544400
v 1.313667 -1.700122 5.685634
v 0.862912 -1.444769 5.819473
v 0.794800 -1.409400 5.745500
v 0.935000 -1.604500 5.736500
v 1.092856 -1.506914 5.828775
v 1.296680 -1.510121 5.827339
v 1.031222 -1.233709 5.888400
v 1.133368 -1.677501 5.588674
v 0.714974 -1.248595 5.790724
v 1.199500 -1.346600 5.882699
v 1.225652 -1.712705 5.464931
v 0.982412 -2.123757 5.254697
v 0.997356 -2.057005 5.378068
v 1.087481 -2.256950 5.053764
v 1.347590 -2.105373 5.074393
v -0.037421 -2.576632 4.144248
v -0.132341 -2.594059 4.276170
v 0.676700 -1.100000 5.778299
v 0.651022 -0.999860 5.848150
v 0.810600 -1.206000 5.863600
v 0.764022 -0.923604 5.884441
v 0.938078 -1.000299 5.898786
v 1.308981 -1.213455 5.896690
v 1.113279 -2.354849 4.794446
v 0.984077 -2.420738 4.645884
v 1.188927 -2.385635 4.571154
v 1.577389 -2.065544 4.783929
v 1.687821 -1.887499 4.887554
v 1.501339 -2.043751 4.923295
v 1.666464 -1.844937 3.442157
v 1.758401 -1.876934 3.648086
v 1.595868 -1.958928 3.523199
v 1.281645 -1.612835 5.491079
v 1.060188 -0.843381 5.896871
v 0.908554 -0.752053 5.919516
v 1.642653 -1.488177 5.393968
v 1.725152 -1.753667 5.400274
v 1.515978 -1.713233 5.412659
v 1.624300 -1.526100 5.526200
v 1.486534 -1.410111 5.783137
v 1.486900 -1.577700 5.662500
v 1.623376 -1.677624 5.447857
v 1.544200 -1.521200 5.387000
v 1.683800 -1.784500 5.404699
v 1.539000 -1.635300 5.316599
v 1.970400 -1.523500 5.473000
v 1.980800 -1.471000 5.499100
v 1.838988 -1.479953 5.486886
v 1.912316 -1.683555 5.375538
v 1.799500 -1.624100 5.406200
v 1.841482 -1.458465 5.399992
v 1.584403 -1.394797 5.383304
v 1.711748 -1.515191 5.253244
v 1.649192 -1.188729 5.330179
v 1.534538 -1.325335 5.462605
v 1.724103 -1.237560 5.495474
v 1.939734 -1.249493 5.543069
v 1.982526 -1.315851 5.582843
v 1.870034 -1.230425 5.541075
v 1.458784 -1.226344 5.537931
v 1.585679 -1.255055 5.537084
v 1.852321 -1.310646 5.599357
v 1.687800 -1.362500 5.696900
v 1.571970 -1.243028 5.810824
v 1.822647 -1.163573 5.227041
v 1.738700 -1.292000 5.296999
v 1.884245 -1.365701 5.185180
v 1.285109 -2.315706 4.710269
v 1.650563 -2.088259 4.569335
v 1.763860 -1.970354 4.709902
v 1.538819 -1.914886 5.043893
v 1.757121 -1.748035 5.012919
v 1.894737 -1.820680 4.821545
v 2.149088 -1.596033 4.570003
v 2.036847 -1.727082 4.685898
v 2.035848 -1.751758 4.488295
v 1.667500 -1.042500 5.370999
v 1.620900 -1.132900 5.494800
v 1.508500 -1.122500 5.531900
v 1.787226 -1.161141 5.452561
v 1.783400 -1.039500 5.450900
v 1.637679 -0.916593 5.480186
v 1.616265 -1.117119 5.632298
v 1.775274 -1.143401 5.617925
v 1.873400 -1.132900 5.526500
v 1.990300 -1.207500 5.467700
v 2.046055 -1.136142 5.411585
v 1.638400 -1.138400 5.693100
v 1.722984 -1.056612 5.737194
v 1.837100 -0.958800 5.818500
v 1.990700 -1.207200 5.616199
v 1.884900 -1.048700 5.714799
v 1.702839 -1.043065 5.828559
v 1.824125 -1.071655 5.338981
v 1.951300 -1.182000 5.674200
v 1.902300 -1.179900 5.677300
v 1.806100 -0.950800 5.846600
v 1.299972 -1.013265 5.754531
v 1.535068 -1.083824 5.737671
v 1.431745 -1.043025 5.672349
v 1.446800 -0.981500 5.791000
v 1.424200 -0.913700 5.640400
v 1.307148 -0.828757 5.861188
v 1.232422 -0.860767 5.767890
v 1.308237 -0.815977 5.950800
v 1.355147 -1.008925 5.943750
v 1.230200 -1.006400 5.938500
v 1.358410 -0.635525 5.939631
v 1.510025 -0.929078 5.840478
v 1.740900 -0.859600 5.856900
v 1.716600 -0.825200 5.917000
v 1.587400 -1.049500 5.837700
v 1.516316 -0.877780 5.959782
v 1.553400 -0.724300 5.975000
v 1.534520 -0.740990 5.928297
v 1.261500 -0.745400 5.865399
v 1.067648 -0.569302 5.816120
v 1.037696 -0.665143 5.814777
v 1.220000 -0.610400 5.912000
v 1.215545 -0.629251 5.766204
v 1.271600 -0.593800 5.885400
v 1.663737 -0.859853 5.445310
v 1.447606 -0.738368 5.585813
v 1.459604 -0.821960 5.555498
v 1.700152 -0.698381 5.420166
v 1.270695 -0.734586 5.678183
v 1.353700 -0.594100 5.677200
v 1.468570 -0.531032 5.607920
v 1.830385 -0.861578 5.366154
v 1.851435 -0.959783 5.346192
v 2.007700 -1.046800 5.341000
v 1.934204 -0.923856 5.237615
v 1.770000 -1.003300 5.240400
v 1.808900 -0.979500 5.146800
v 1.823456 -0.782444 5.190341
v 1.995453 -0.840015 5.274757
v 2.075300 -1.134300 5.350100
v 2.076300 -1.033600 5.260300
v 1.920568 -1.119394 5.057640
v 2.203933 -1.112025 5.347658
v 1.914721 -0.951255 5.104224
v 2.392943 -0.991064 4.624265
v 2.380278 -0.922156 4.678414
v 2.304458 -1.045200 4.763226
v 1.995356 -0.869902 5.043609
v 2.408922 -0.602284 4.935358
v 2.346350 -0.749792 4.934422
v 2.496517 -0.701321 4.746833
v 1.947500 -0.703500 5.201300
v 2.039300 -0.824100 5.325100
v 2.249217 -0.769303 5.272964
v 1.934434 -0.700627 5.342488
v 2.087853 -0.599653 5.283312
v 2.193497 -0.877858 4.980106
v 2.149460 -0.765169 5.083726
v 2.021818 -0.774301 5.125922
v 2.202500 -0.733700 5.236700
v 1.286725 -0.212027 5.913381
v 1.519006 -0.223962 5.783453
v 1.400123 -0.100304 5.902534
v 1.275661 -0.336490 5.810647
v 1.471123 -0.403614 5.640701
v 1.253959 -0.463829 5.745758
v 1.581107 -0.095188 5.853765
v 1.642013 -0.356495 5.516487
v 1.731500 -0.256200 5.551099
v 1.777557 -0.210910 5.704858
v 1.598361 -0.508094 5.500479
v 2.130995 -0.571631 5.111978
v 2.174500 -0.495100 5.181900
v 2.094200 -0.592400 5.167100
v 1.871998 -0.532812 5.364759
v 1.849887 -0.336464 5.414558
v 2.122149 -0.413288 5.315253
v 2.048023 -0.294461 5.431469
v 2.005249 -0.242424 5.560472
v 1.883354 -1.894958 4.581758
v 2.043467 -0.653416 5.145303
v 2.178915 -0.264699 5.181177
v 2.031800 -0.175700 5.328900
v 2.162100 -0.381600 5.182150
v 2.090900 -0.254300 5.303900
v 2.154300 -0.355200 5.236899
v 1.969505 -0.144007 5.413957
v 2.629532 0.436631 4.985525
v 2.693815 0.625704 4.895708
v 2.613196 0.625448 5.049347
v 2.029217 -0.140756 5.485581
v 2.357930 -0.247749 5.109269
v 2.314326 -0.444406 5.096413
v 2.166369 -1.141684 4.907866
v 2.234301 -0.967456 4.887966
v 2.033472 -1.027385 5.023096
v 2.270306 -0.334407 5.312798
v 2.334206 -0.243088 5.503859
v 2.441373 -0.379822 5.406910
v 2.252200 -0.585000 5.191400
v 2.349160 -0.458790 5.296564
v 2.301397 -0.624303 5.254817
v 2.495044 0.162231 5.129649
v 2.427518 0.276406 5.252497
v 2.358700 0.172190 5.279484
v 2.283116 -0.325553 5.391527
v 2.486902 -0.266268 5.541203
v 2.284299 -0.253604 5.523397
v 2.364400 -0.750900 5.254500
v 2.394131 -0.707270 5.277777
v 1.643090 0.038538 5.938428
v 1.461700 0.009400 5.943000
v 1.943600 0.158900 6.170000
v 1.738500 0.204700 6.024500
v 1.877700 0.155900 6.060100
v 2.011500 0.216800 6.244699
v 1.808010 0.282365 6.113420
v 1.513393 0.493600 6.102822
v 1.457414 0.269767 6.020687
v 1.605519 0.256060 5.991016
v 1.669029 0.420815 6.143754
v 1.397000 0.094100 5.935000
v 1.647525 0.108529 5.919559
v 1.847200 0.130600 6.040599
v 1.754596 0.221588 5.937567
v 1.484485 0.065165 5.828083
v 1.885400 -0.059700 5.832100
v 1.549700 0.095800 5.767900
v 1.645300 0.279700 5.885500
v 1.718900 0.137100 5.847100
v 1.895300 0.057900 5.913000
v 2.034700 0.011500 5.881000
v 1.554324 0.170517 5.762661
v 1.574211 0.305640 5.797735
v 1.825706 0.092280 5.844786
v 1.805174 0.096023 5.931202
v 1.678500 0.356300 5.866400
v 2.087474 0.046568 5.843489
v 2.105500 -0.000900 5.873300
v 1.521299 0.069332 5.714628
v 1.582900 0.063100 5.765400
v 1.634409 -0.006598 5.634418
v 1.886781 0.013803 5.717493
v 1.695400 0.133900 5.604200
v 1.905700 0.224800 5.602600
v 1.969967 0.136083 5.494304
v 1.766305 -0.015950 5.568392
v 2.081006 0.009794 5.469535
v 1.777600 -0.087100 5.576400
v 1.885798 -0.094051 5.480020
v 1.997100 -0.093900 5.610800
v 2.245438 -0.178872 5.627015
v 2.079450 -0.117475 5.754310
v 2.248585 -0.034558 5.805817
v 2.240800 -0.133100 5.708700
v 2.163700 -0.069422 5.351031
v 2.365832 -0.036324 5.181418
v 2.247323 0.053470 5.344061
v 2.267393 -0.177811 5.235661
v 1.944700 -0.086500 5.424500
v 2.203000 0.152800 5.461300
v 2.225466 0.156162 5.361272
v 2.050300 0.010200 5.413200
v 2.322800 0.155200 5.403600
v 2.185421 -0.105070 5.659914
v 2.413100 -0.150600 5.716800
v 2.502200 -0.264600 5.650200
v 2.533677 -0.304526 5.580697
v 2.307400 -0.097200 5.781300
v 2.462500 -0.272400 5.578100
v 2.207285 0.297692 5.522146
v 2.359017 0.280574 5.461262
v 2.212800 0.242900 5.355299
v 2.513009 -0.358626 5.478785
v 1.862100 0.293200 5.677800
v 1.642900 0.372000 5.911399
v 1.060500 -0.434500 5.889999
v 0.946100 -0.443533 5.910051
v 1.121400 -0.288800 5.941500
v 1.203704 -0.023422 5.925558
v 1.138658 -0.144783 5.969857
v 1.055400 -0.035600 5.916600
v 0.996890 -0.145055 5.989055
v 0.930104 -0.066914 5.853013
v 0.894931 -0.431726 5.790514
v 0.922600 -0.480900 5.770100
v 0.874023 -0.372231 5.889628
v 1.285300 0.133800 5.971100
v 1.146700 0.034300 5.948800
v 1.032120 0.034529 6.053399
v 1.346800 0.035600 5.888700
v 1.247493 0.266550 6.115331
v 1.369819 0.408764 6.114379
v 1.023001 0.105662 6.149897
v 0.975241 0.231468 6.196772
v 1.152800 0.406700 6.159300
v 0.909590 0.069459 5.924364
v 1.636317 0.923182 6.597775
v 1.778555 0.816615 6.494977
v 1.488900 0.919800 6.467700
v 1.372856 0.882021 6.336725
v 1.510700 0.890700 6.472499
v 1.511058 0.792916 6.327975
v 1.794981 0.846271 6.647829
v 1.772700 0.898200 6.743199
v 1.732574 0.772218 6.443790
v 1.713700 0.764300 6.365300
v 2.097521 0.322312 6.435016
v 2.109700 0.324200 6.549600
v 2.076349 0.240425 6.362130
v 2.105500 0.529900 6.796000
v 2.006200 0.624600 6.955800
v 2.045100 0.597000 6.849700
v 2.015307 0.516944 6.489707
v 2.005311 0.388115 6.408247
v 2.107500 0.365800 6.645700
v 2.104894 0.428058 6.607330
v 1.999943 0.660310 6.621102
v 2.081600 0.450500 6.768900
v 1.998766 0.678796 6.940828
v 2.100989 0.636270 6.791167
v 2.026584 0.798959 6.769710
v 1.992676 0.555008 6.432670
v 1.957412 0.787249 6.726838
v 2.061500 0.659800 6.670400
v 1.924200 0.819400 6.831900
v 1.892849 0.863377 6.701726
v 1.885353 0.480549 6.280776
v 1.847074 0.550055 6.337393
v 1.848808 0.347368 6.232908
v 1.687374 0.619634 6.291230
v 2.244815 0.905526 6.336083
v 2.322900 0.802600 6.442400
v 2.294939 0.951114 6.527565
v 2.216511 0.800468 6.254430
v 2.269410 0.720940 6.302180
v 2.349100 0.901500 6.593000
v 2.317536 0.864009 6.344795
v 2.176660 1.037921 6.374556
v 2.186100 1.036300 6.480200
v 2.024598 1.131762 6.396978
v 2.030300 1.087700 6.313100
v 1.933560 1.027507 6.207417
v 2.215182 0.658112 6.237991
v 2.142344 0.534145 6.156258
v 1.965802 0.702661 6.042799
v 2.056694 0.682571 6.129441
v 1.840300 1.203600 6.313300
v 1.777535 1.121211 6.193260
v 1.671200 1.218300 6.270600
v 1.568722 1.162418 6.158266
v 2.165998 0.829686 6.195549
v 1.930583 1.012124 6.152236
v 1.926600 0.920800 6.101399
v 2.068587 0.883908 6.212144
v 1.853507 0.866777 6.118554
v 1.857200 1.186100 6.346900
v 1.663000 1.147100 6.205999
v 1.702030 0.409450 6.067266
v 1.279389 0.627664 6.069786
v 1.467199 0.692995 6.064126
v 1.430114 0.821118 6.007543
v 1.329488 0.745055 6.154550
v 1.307500 0.609700 6.206900
v 1.395182 0.700295 6.207910
v 1.570531 0.709931 6.294096
v 1.535008 0.701404 6.138681
v 1.468170 1.128705 6.201252
v 1.532440 1.014043 6.073202
v 1.662900 0.572500 6.131800
v 1.659545 0.852804 6.058372
v 1.571094 0.636894 6.027046
v 1.616417 0.539092 5.989708
v 1.760200 0.754600 6.033100
v 2.017700 0.426600 6.063000
v 1.835600 0.500000 5.954299
v 1.883743 0.473548 6.019873
v 1.656700 0.956700 5.980800
v 1.216600 0.743600 6.042000
v 1.264702 0.782355 6.254122
v 1.168700 0.630700 6.261199
v 1.124967 0.545054 6.234429
v 1.316400 0.874500 6.257700
v 1.270374 0.883233 6.050935
v 1.890900 1.709000 6.093400
v 2.052700 1.755300 6.084900
v 1.777809 1.703248 6.064268
v 1.726982 0.399987 5.926773
v 1.809800 0.370300 5.924300
v 1.426159 0.924406 5.943398
v 1.558432 0.836253 5.883596
v 1.437300 0.828700 5.876300
v 1.713346 0.783018 5.924193
v 1.483252 0.725277 5.854342
v 1.752800 0.609300 5.881100
v 1.804981 0.463259 5.904958
v 1.624110 1.706242 6.047182
v 1.493039 1.593612 5.946980
v 1.916286 0.396297 5.791454
v 1.988600 0.448900 5.854700
v 2.154800 0.408900 5.783000
v 2.205504 0.389545 5.615920
v 1.902200 0.493700 5.798800
v 2.066600 0.390400 5.647800
v 2.359300 0.376800 5.563000
v 2.393300 0.362900 5.595200
v 2.191400 0.327000 5.567900
v 2.465473 1.666652 4.913821
v 2.564471 1.589195 4.775651
v 2.434032 1.760923 4.791912
v 1.668400 0.390500 5.832200
v 1.932100 0.396800 5.578100
v 2.058628 0.527062 5.550610
v 1.867286 0.422893 5.626280
v 2.110423 0.732291 5.623060
v 1.865001 0.613611 5.734256
v 2.113900 0.336800 5.449800
v 2.529265 0.341418 5.529293
v 1.721000 0.481300 5.715100
v 1.672200 0.611695 5.803831
v 1.912100 0.772100 5.749200
v 2.243400 0.361500 5.484100
v 2.258432 0.388120 5.401735
v 1.998588 0.958611 5.699651
v 2.130979 0.953441 5.632570
v 2.361440 1.179386 5.407391
v 2.273612 1.054086 5.511728
v 2.399368 0.947703 5.393782
v 2.420296 0.799269 5.391122
v 2.266497 0.731896 5.503312
v 2.357434 0.552058 5.391722
v 2.031364 1.417006 5.627692
v 1.978878 1.321220 5.693581
v 2.164671 1.360867 5.532725
v 2.208052 0.576462 5.485500
v 2.471288 1.137212 5.276149
v 1.443832 0.981295 5.840878
v 1.536066 1.151722 5.834004
v 1.564800 0.825400 5.832600
v 1.619400 0.948100 5.807300
v 1.695366 0.823025 5.824100
v 1.993282 1.561211 6.019152
v 1.849230 1.470658 5.940307
v 1.938800 1.381200 5.954800
v 1.886900 1.280200 5.942699
v 2.125232 1.115477 5.626783
v 2.200581 1.201570 5.557783
v 2.140652 1.503498 5.453143
v 2.010494 1.561627 5.578792
v 2.329796 1.406185 5.346172
v 2.515573 1.308928 5.165532
v 1.770558 1.392048 5.858717
v 1.821848 1.540009 5.916718
v 1.849863 0.929978 5.764711
v 1.808572 1.111436 5.810589
v 1.721508 1.070892 5.876737
v 1.853264 1.492535 5.661970
v 1.734585 1.419645 5.687788
v 1.854700 1.197300 5.913800
v 1.719082 1.251557 5.804254
v 1.701100 1.271500 5.846100
v 1.715400 1.101300 5.821100
v 1.734400 1.257400 5.777900
v 1.712300 1.199900 5.799600
v 1.763600 1.160700 5.899099
v 1.612751 1.349270 5.743920
v 1.506490 1.342714 5.796253
v 2.209031 2.043243 4.658221
v 2.433248 1.797801 4.643179
v 2.312145 1.949228 4.569798
v 2.128256 1.639901 5.382276
v 1.874045 1.613768 6.013972
v 1.654969 1.488049 5.910908
v 1.960008 1.675547 6.037552
v 1.720958 1.633080 5.950378
v 2.099087 1.720231 6.076323
v 1.554528 1.369864 5.896779
v 1.581901 1.591797 5.906144
v 2.532671 0.935723 5.231936
v 2.574586 1.094579 5.139349
v 1.488764 1.475162 5.732338
v 1.866353 1.945483 5.286722
v 1.712944 1.964514 5.357508
v 1.816943 1.816948 5.442061
v 2.391311 1.645507 5.063157
v 2.215777 1.857966 5.067912
v 2.273605 1.606058 5.235938
v 1.986830 1.875190 5.298627
v 1.281700 0.916200 5.955200
v 1.317671 0.926695 5.911052
v 1.970843 1.711662 5.478834
v 1.607706 1.875767 5.489941
v 1.453415 1.826097 5.535618
v 1.581831 1.638489 5.654075
v 0.946107 -0.673640 5.850372
v 0.836906 -0.520313 5.919487
v 1.232550 0.924534 6.004404
v 0.552677 -0.661698 5.922011
v 0.577100 -0.851800 5.837600
v 0.688499 -0.650146 5.978119
v 0.584712 -0.703723 5.979347
v 0.667533 -0.522539 5.921685
v 0.424400 -0.575600 5.835300
v 0.466901 -0.406710 5.718532
v 0.291856 -0.416814 5.663126
v 0.294362 -0.257536 5.776667
v 0.350000 -0.317000 5.634800
v 0.582900 -0.447900 5.819600
v 0.485826 -0.325703 5.586314
v 0.806281 -0.434880 5.785695
v 0.697297 -0.323757 5.700012
v 0.781900 -0.311600 5.716000
v 0.268063 -0.105363 6.009946
v 0.172200 -0.234300 5.827400
v 0.459540 -0.226747 5.575785
v 0.493277 -0.118594 5.722924
v 0.573670 -0.152369 5.517194
v 0.778500 0.102800 5.742500
v 0.772092 0.122628 5.907264
v 0.787239 0.007230 5.682454
v 0.805954 -0.146929 5.796971
v 0.695588 -0.160802 5.596662
v 0.130996 0.120710 6.013422
v 0.206673 0.235433 5.935923
v 0.012667 0.247737 5.910742
v 0.203575 0.103469 5.908049
v 0.122926 -0.093354 6.105546
v 0.320946 0.033631 5.916162
v 0.387924 -0.032295 5.856837
v 0.103207 0.363639 5.827452
v 0.667058 0.211047 5.700017
v 0.509000 0.053000 5.786399
v 0.484707 0.159845 5.825032
v 0.597683 0.111710 5.612393
v 0.526845 0.278428 5.674014
v 0.446324 0.268514 5.798844
v 0.545338 -0.056393 5.573924
v 0.898078 0.325691 6.203147
v 1.013800 0.403700 6.183100
v 0.813033 0.469794 6.210197
v 1.035405 0.611973 6.086801
v 0.795897 0.278343 6.137694
v 0.672846 0.397862 5.964578
v 0.765900 0.455000 6.079800
v 0.694300 0.500900 6.106400
v 0.796400 0.344800 6.098600
v 0.614500 0.579800 6.131899
v 0.542641 0.552572 6.028814
v 0.577700 0.584500 6.231800
v 0.460465 0.549444 6.256031
v 0.388900 0.540800 5.923100
v 0.388059 0.560685 6.122853
v 0.257053 0.569223 6.113126
v 0.142544 0.503485 5.956694
v 0.683250 0.256329 5.918463
v 0.852200 0.159800 6.143200
v 0.631373 0.396700 5.797922
v 0.844500 0.097600 6.031400
v 0.401067 0.372530 5.706759
v 0.238319 0.457668 5.793741
v 0.157660 0.418236 6.165389
v -0.031067 0.292256 6.010489
v 0.265700 0.513300 6.328900
v 0.224635 0.402815 6.300447
v 0.242000 0.550900 6.397600
v 0.184347 0.424102 6.488468
v 0.122656 0.334144 6.357872
v 0.259900 0.631500 6.300000
v 0.358897 0.605849 6.400884
v 0.519655 0.604282 6.363072
v 0.286548 0.717143 6.380508
v 0.097335 0.679834 6.553881
v 0.049200 0.607700 6.624700
v 1.002319 0.730238 6.162496
v 0.905884 0.635301 6.197113
v 0.874900 0.612800 6.142800
v 1.082029 0.831552 6.176853
v 0.908010 0.914025 6.101080
v 1.051400 0.780200 6.064700
v 1.021131 1.035173 6.054753
v 1.196588 1.065743 5.996019
v 1.161000 0.888300 6.044300
v 0.763973 0.639072 6.173927
v 0.840528 0.768107 6.148048
v 0.741845 0.797231 6.196221
v 1.111300 1.203400 5.973000
v 0.949268 1.261911 6.110290
v 0.772300 1.120300 6.187700
v 0.785700 1.323894 6.148221
v 0.809500 1.296100 6.072900
v 0.686631 1.190184 6.170810
v 0.953800 1.432200 6.142000
v 0.987425 1.428250 6.024197
v 0.642506 1.115615 6.029908
v 1.126900 1.538700 6.057500
v 0.941558 1.166411 6.317808
v 0.976937 1.445535 6.334119
v 1.165400 1.399321 6.443452
v 1.083400 1.153000 6.387100
v 0.782773 1.228418 5.960259
v 0.641039 1.252774 5.977236
v 1.050023 1.269853 5.849514
v 0.914766 1.257530 5.886756
v 1.117034 1.418335 6.001155
v 1.299650 1.595307 6.027564
v 1.268900 1.609500 6.017700
v 1.128289 1.518130 5.987436
v 0.738373 1.040175 6.195630
v 0.722620 1.242435 6.335335
v 0.776700 1.067500 6.268300
v 0.564600 1.084800 6.147600
v 0.326200 1.233900 6.044000
v 0.472566 1.042569 6.027690
v 0.472224 1.311781 6.017623
v 0.589900 1.162600 6.008400
v 0.402574 1.097079 6.254324
v 0.609500 1.071100 6.201600
v 0.370425 0.960651 6.103611
v 0.583400 1.152200 6.241800
v 0.825800 0.808300 6.274100
v 0.975325 0.995951 6.357122
v 0.786396 0.957047 6.388005
v 1.038681 1.159791 6.460173
v 0.892900 0.951200 6.265900
v 0.825530 1.188792 6.517235
v 0.764699 0.743549 6.275898
v 0.511288 0.738832 6.437566
v 0.662521 0.605213 6.256814
v 0.622500 0.713000 6.430900
v 0.343900 0.774900 6.432300
v 0.409137 0.962480 6.375475
v 0.628000 0.942000 6.505300
v 0.514582 1.053930 6.488389
v 1.122095 1.570376 6.380987
v 1.182500 1.540100 6.464300
v 1.018858 1.522851 6.502078
v 0.686154 1.213925 6.602791
v 0.259244 0.793599 6.428667
v 0.257665 1.147539 6.130327
v 0.310348 1.326834 6.016441
v 0.220278 0.784487 6.510571
v 1.165700 1.309300 5.844400
v 1.301000 1.494900 5.887200
v 1.371800 1.655800 6.010400
v 1.404400 1.602000 5.927100
v 1.268630 1.418687 5.915636
v 1.204200 1.353300 5.792400
v 1.222300 1.528050 5.729639
v 1.356043 1.295489 5.811840
v 1.127100 1.492200 5.770200
v 1.392535 1.599454 5.663046
v 1.305004 1.704722 5.626715
v 1.127396 1.803129 5.721936
v 1.269993 1.579066 5.694737
v 0.358227 2.490357 5.561363
v 0.170383 2.610173 5.459964
v 0.130745 2.527803 5.596530
v 1.134935 1.995743 5.657143
v 1.292563 1.851613 5.599329
v 1.339853 2.084977 5.449262
v 1.563217 2.089930 5.313391
v 1.394859 2.165831 5.337778
v 1.661243 1.546548 5.684805
v 1.259262 2.327444 5.275522
v 1.404349 2.292845 5.204813
v 1.231079 2.270798 5.361507
v 1.485712 2.198187 5.254251
v 1.153937 2.392571 5.295407
v 1.141033 2.302611 5.414201
v 1.316890 2.031096 5.512078
v 1.315699 1.958640 5.552288
v 0.890729 1.803215 5.842436
v 0.772538 1.993833 5.820925
v 0.687779 1.758332 5.910414
v 2.156465 2.001579 4.882534
v 2.322873 1.864305 4.881378
v 0.925455 2.055781 5.738233
v 1.001230 1.945307 5.731818
v 1.054573 2.188633 5.587180
v 1.179618 2.147891 5.537852
v 1.241222 2.190577 5.432084
v 0.870164 1.553831 5.870327
v 1.084029 1.637107 5.768697
v 1.042400 1.840200 6.392700
v 1.011373 2.090680 6.523636
v 1.118900 1.910800 6.483200
v 1.133400 1.791400 6.486900
v 0.906500 2.108300 6.525000
v 0.947736 1.869316 6.517747
v 0.725016 2.072968 6.585038
v 0.689600 1.887700 6.685800
v 0.761230 1.924000 6.544493
v 0.670769 2.225387 6.679981
v 0.330285 1.954619 6.784570
v 0.472475 2.018161 6.699656
v 0.382298 1.686563 6.671110
v 0.229821 1.803168 6.757867
v 0.242100 1.909800 6.837500
v 0.947600 1.932800 6.414300
v 0.895376 1.675610 6.376320
v 0.733243 1.859349 6.429121
v 0.568806 1.625922 6.439341
v 0.608000 1.911200 6.499100
v 1.164300 1.725900 6.454700
v 0.773695 1.441003 6.362185
v 0.561000 1.360500 6.390700
v 0.450887 1.409134 6.474747
v 0.845192 1.626069 6.560483
v 0.774243 1.506171 6.603494
v 0.711266 1.718387 6.625477
v 0.579417 1.912449 6.792328
v 0.192800 1.638800 6.733700
v 0.367179 1.627570 6.828082
v 0.265100 1.875600 6.856800
v 0.422400 1.782000 6.864500
v 0.358256 2.017012 6.901944
v 0.177800 1.419400 6.586600
v 0.271827 1.420892 6.672502
v 0.483432 1.785731 6.602334
v 0.317291 1.513697 6.602968
v 0.236500 1.693000 6.679500
v 0.614092 1.582678 6.741471
v 0.653474 1.354703 6.672911
v 0.516875 1.180507 6.560539
v 0.173788 1.580191 6.617970
v 0.423000 1.412800 6.731500
v 0.329557 1.180521 6.482482
v 0.459604 1.230028 6.357938
v 0.200619 1.267779 6.256929
v 0.203199 1.245839 6.419161
v 0.202300 1.342000 6.316700
v 0.308225 1.359606 6.446079
v 0.233700 1.317500 6.089600
v 0.292148 1.321909 6.262574
v 0.165320 1.475895 6.522488
v 0.210830 1.425418 6.408329
v 0.080880 1.242388 6.422778
v 0.099235 1.431830 6.341453
v 0.221454 1.106357 6.284060
v 0.102470 1.530723 6.193479
v 0.079120 1.083950 6.482499
v 0.253900 1.038300 6.330500
v 0.184200 0.999900 6.425700
v 0.156700 0.939300 6.472100
v 0.234400 1.427500 6.017600
v 0.017400 1.456100 6.468500
v 0.023100 1.646900 6.467500
v -0.113778 1.443038 6.547858
v -0.143819 1.193957 6.479899
v -0.223654 1.656178 6.668506
v -0.081079 1.689473 6.606016
v -0.137861 1.486104 6.310403
v -0.203067 1.381518 6.377231
v -0.221961 1.559583 6.538375
v 0.028800 0.897500 6.495100
v -0.144197 1.024098 6.481630
v -0.128010 0.852251 6.502158
v 0.126345 0.871411 6.508823
v -0.009400 1.088000 6.761800
v -0.084000 1.198600 6.820600
v -0.090800 1.235900 6.929800
v 0.136500 0.877600 6.611800
v -0.023024 1.028721 6.639860
v 0.072043 1.024925 6.659997
v -0.257314 1.529773 6.658053
v -0.306167 1.362535 6.621592
v -0.340531 1.495341 6.416753
v -0.336409 1.395860 6.558303
v -0.311500 1.288100 6.439200
v -0.330600 1.155600 6.545700
v -0.028300 2.062800 6.642200
v 0.028233 2.091364 6.628335
v -0.015100 1.971600 6.595500
v -0.065438 1.928293 6.671008
v 0.785905 2.087409 6.442596
v 0.848035 2.175385 6.556038
v 0.837500 2.329100 6.584000
v 0.958270 2.193681 6.570678
v 0.578000 2.022900 6.558800
v 0.585800 2.191100 6.624300
v 0.484500 2.095500 6.826399
v 0.494513 2.267954 6.806123
v 0.644524 2.422651 6.744637
v 0.795630 2.305242 6.591908
v 0.355400 2.171700 6.906600
v 0.371300 2.187300 6.831600
v 0.552621 2.391426 6.749594
v 0.654000 2.497700 6.845100
v 0.479200 2.344300 6.873000
v 0.923400 2.279700 6.601500
v 0.848500 2.356900 6.675799
v 0.676082 2.401822 6.649531
v 0.755700 2.542200 6.865600
v 0.840400 2.397500 6.697999
v 0.725471 2.494096 6.860043
v 0.459800 1.527200 5.998700
v 0.186700 1.533700 6.011600
v -0.044600 1.486100 6.200700
v -0.035232 1.642245 6.371799
v 0.008771 1.665341 6.187049
v 0.247584 1.832344 5.987758
v 0.202055 1.660032 6.002445
v 0.321680 1.691254 5.996154
v 0.145800 1.674700 6.117099
v 0.483026 1.676641 5.986731
v 0.484445 2.169239 5.792601
v 0.482751 2.331779 5.688092
v 0.332712 2.293098 5.740491
v 0.099766 1.774553 6.194264
v -0.007022 1.792132 6.393571
v 0.560595 1.984982 5.843680
v 0.436046 1.975390 5.900393
v 0.094091 1.952829 5.982813
v 0.068710 1.708289 6.313366
v 0.055943 1.831037 6.265693
v 0.613500 1.619200 5.961300
v 0.190641 2.189261 5.888183
v 0.317103 2.107223 5.894746
v 0.342622 2.752144 5.078279
v 0.481125 2.763138 4.984529
v 0.387495 2.833585 4.793569
v 0.071498 1.901710 6.453769
v 0.025100 1.985600 6.373799
v 0.045041 2.121287 6.502442
v -0.147181 1.772875 6.600109
v -0.164200 1.749000 6.679200
v 0.072613 2.026476 6.490534
v 0.093431 2.009237 6.354845
v 0.095921 2.135387 6.451666
v 0.079597 2.194537 6.571691
v -0.355469 2.851987 4.676216
v -0.176292 2.868113 4.667492
v -0.261566 2.866253 4.525259
v 1.816221 2.164073 5.035119
v 1.673753 2.187974 5.112441
v 1.775636 2.062200 5.215117
v 0.045156 2.169439 5.900309
v 0.649423 2.110197 5.775731
v -0.395012 2.190718 5.997686
v -0.540434 2.107090 6.089719
v 0.473056 2.858968 4.441970
v 0.503137 2.835154 4.711453
v 0.646232 2.830281 4.576277
v 1.215622 2.673401 4.422124
v 1.072556 2.708204 4.163949
v 1.003005 2.761728 4.427917
v 0.493086 2.460076 5.550561
v 0.681555 2.282483 5.669548
v 0.913817 2.472446 5.351214
v 0.995608 2.532393 5.202052
v 0.741003 2.587486 5.253243
v 0.266589 2.675296 5.305864
v 0.498973 2.664824 5.201611
v 0.809026 2.102892 5.751803
v 0.905419 2.332913 5.525723
v 0.719877 2.418116 5.499528
v 0.658816 2.539422 5.362488
v -0.392489 2.807597 4.862525
v -0.124485 2.842446 4.828774
v 2.304176 1.964725 4.407052
v 2.128701 2.115019 4.393010
v -0.245498 2.709399 5.132551
v -0.027832 2.726273 5.184568
v -0.118461 2.763592 5.033626
v -1.282436 2.314216 5.196619
v -1.443203 2.183482 5.273145
v -1.312645 2.243763 5.368609
v -0.001267 2.441515 5.730113
v -0.070122 2.544688 5.605858
v -0.151741 2.385226 5.797876
v -1.658056 2.100379 4.434527
v -0.248886 2.123249 5.989026
v -0.929235 2.312995 5.699919
v -0.966221 2.231161 5.822235
v -0.742140 2.264990 5.853931
v -0.578443 2.387993 5.692946
v -0.724053 2.348816 5.702644
v -0.499178 2.315489 5.847543
v -0.331629 2.331597 5.852222
v -0.608080 2.228564 5.934422
v 0.130984 2.323281 5.814041
v -0.136055 2.202968 5.913404
v -1.061987 2.064723 6.000761
v -0.873643 2.166775 5.947296
v -1.118966 2.150514 5.851161
v -0.923074 2.047686 6.081138
v -1.089900 2.581063 4.555129
v -1.231167 2.483923 4.399632
v -1.219480 2.477999 4.570773
v -0.713819 2.111351 6.079266
v -0.824717 1.953126 6.220202
v 0.014084 2.684684 5.318791
v -0.034827 2.627253 5.459797
v -1.566415 2.198162 4.350173
v -1.477389 2.297517 4.507748
v 0.238851 2.403887 5.682035
v -0.865534 2.481903 5.242402
v -0.919985 2.534925 5.064587
v -1.069373 2.445509 5.129785
v -0.900781 2.596669 4.929376
v -1.583858 2.194349 4.622947
v -0.270639 2.521317 5.609311
v -1.244056 2.468508 4.202993
v -1.017779 2.599325 4.350297
v -1.317875 2.367188 4.943834
v -1.465194 2.301570 4.715432
v -1.448871 2.294205 4.901169
v -1.448752 2.235677 5.102851
v -0.404783 2.433378 5.719288
v -0.666693 2.708738 4.915292
v -0.591794 2.766700 4.817280
v -0.532412 2.815830 4.673996
v -0.428205 2.638608 5.295708
v -0.205259 2.678767 5.308064
v 0.435065 2.573411 5.397476
v -0.222018 2.602508 5.477329
v 0.151523 2.734973 5.181567
v 0.099834 2.786905 5.038807
v -1.367522 2.382476 4.489758
v -0.400062 2.571892 5.446432
v 0.619000 -0.968100 5.818700
v 1.320751 1.205541 5.949503
v 2.133458 1.792863 5.261229
v -0.039675 2.025218 5.989616
v 0.467198 1.827142 5.952603
v 0.862082 2.221098 5.655424
v 1.835271 -1.670678 3.448472
v -1.112600 -0.601000 5.979800
v -2.490559 -0.685601 4.785628
v -2.374632 -0.847717 4.909898
v -2.555367 -0.626229 4.492565
v -0.076113 0.153762 5.901566
v -2.362643 -0.446386 3.712434
v -2.429847 -0.518514 3.830697
v -2.467154 -0.272710 3.859398
v -2.524516 -0.205026 5.089612
v -1.280353 2.130696 5.737191
v -1.211354 2.009654 5.970078
v -1.573524 2.136057 5.167391
v 0.877300 -0.234800 5.926400
v 1.053530 0.416271 6.217588
v 1.310200 1.040400 6.176300
v 1.117600 0.501900 6.117400
v 1.139300 0.610700 6.047200
v 1.722580 1.757098 5.553373
v 1.352039 1.405367 5.757907
v 1.503513 1.985821 5.423316
v -0.487891 2.696757 5.106515
v -1.583198 2.193865 4.942322
v 1.314002 -2.334505 4.326356
v 1.465770 -2.224348 4.350945
v 0.980874 -2.405856 3.857106
v 1.170103 -2.364970 3.902612
v 1.002777 -2.416031 4.014708
v 1.396891 -2.232909 3.936863
v 1.310109 -2.315010 4.111073
v 1.301034 -2.299628 3.868207
v 1.881817 -1.821704 3.832845
v 1.910113 -1.758714 3.712303
v 1.181416 -2.232981 3.480958
v 1.143602 -2.344816 3.720019
v 1.000512 -2.357582 3.606144
v 1.323240 -2.217991 3.614988
v 0.484348 -2.488812 4.005378
v 0.222617 -2.491734 3.906633
v 0.388060 -2.456895 3.861029
v 0.620804 -2.432986 3.803417
v 0.813462 -2.422440 3.790841
v 0.744674 -2.445464 3.991106
v 0.560700 -2.493001 4.119653
v 0.779953 -2.265367 3.262158
v 0.560113 -2.314528 3.309189
v 0.658243 -2.180876 3.074006
v 1.462754 -2.202685 4.155517
v 0.391558 -2.346760 3.443064
v 0.242309 -2.351976 3.512993
v 0.165264 -2.299071 3.326500
v 0.608867 -2.353693 3.460801
v 0.764310 -2.346363 3.478362
v -0.197382 -2.565943 4.075673
v 0.644683 -2.392882 3.615871
v 0.316269 -2.404956 3.713547
v 0.508925 -2.404020 3.683765
v 0.595892 -2.100094 2.814536
v 0.356815 -2.129121 2.774676
v 0.523862 -2.034973 2.637627
v 1.619492 -2.002186 3.681976
v 0.955254 -2.435176 4.303852
v 0.854667 -2.433720 4.204285
v 0.900450 -2.428608 4.052131
v 0.166543 -2.581803 4.201225
v 0.288224 -2.545559 4.096123
v 0.282803 -2.582472 4.279777
v 0.442646 -2.174923 2.949739
v 0.244324 -2.181100 2.916824
v 0.054610 -1.220788 0.992027
v 0.202969 -1.120302 0.945675
v 0.203343 -1.272231 1.123626
v 1.603858 -2.094435 4.240824
v 0.453858 -2.232811 3.152374
v 0.137608 -2.234291 3.039892
v 0.275586 -2.085789 2.619626
v 0.428037 -1.994706 2.493349
v -0.099501 -2.397557 3.607948
v -0.071298 -2.323898 3.422021
v 0.078806 -2.359116 3.553178
v 0.792803 -2.102378 2.983095
v 0.741570 -1.967864 2.670758
v 0.775550 -2.031744 2.795027
v 0.978896 -1.922914 2.754727
v 0.943416 -2.015377 2.895072
v 1.089362 -2.009774 3.076902
v 1.125864 -2.132700 3.238380
v 1.165641 -2.381549 4.027426
v 0.866678 -2.142570 3.118579
v 0.675874 -1.935960 2.543043
v 0.624864 -1.864446 2.404870
v 0.807602 -1.807127 2.417031
v 0.416812 -1.865577 2.319229
v 0.246147 -1.864305 2.230154
v 0.495289 -1.760087 2.125510
v -0.358165 -2.221177 3.013018
v -0.400583 -2.123907 2.855383
v -0.235080 -2.157152 2.811224
v -0.110397 -2.117899 2.702352
v -0.285217 -2.080482 2.553006
v -0.366698 -1.714432 1.885977
v -0.300336 -1.802719 2.039731
v -0.443938 -1.794396 2.105361
v -0.305330 -2.299886 3.397036
v -0.132621 -2.281277 3.268369
v -0.426089 -2.075405 2.656631
v -0.555934 -1.920500 2.461667
v -0.357185 -2.007904 2.409694
v -0.287914 -2.258054 3.232282
v -0.186479 -2.248946 3.051947
v -0.004365 -2.232544 3.029504
v -0.029522 -2.203454 2.865939
v 0.066703 -2.123068 2.682886
v -1.359692 -2.016694 3.752072
v -1.219806 -2.115603 3.649600
v -1.245660 -2.160176 3.824416
v -0.280553 -1.688503 1.794687
v -0.180696 -2.508380 3.863204
v 0.065736 -2.419810 3.715055
v -0.398381 -2.518761 3.954803
v -0.520341 -2.348443 3.453402
v -0.204742 -2.368013 3.516784
v -0.198913 -2.008210 2.347914
v -0.082485 -2.056803 2.508624
v -0.521314 -2.277965 3.252867
v -0.049449 -1.991226 2.355283
v -0.910254 -2.364225 3.803412
v -0.830375 -2.442210 3.948493
v -1.007383 -2.353289 3.938550
v -1.376261 -2.088688 3.907616
v 0.128563 -2.544934 4.018417
v 0.313861 -2.285475 3.251374
v -0.001942 -2.261701 3.220622
v 0.570590 -1.791568 2.271529
v 1.722149 -1.938105 3.800375
v 1.615956 -2.030090 3.835943
v -0.210160 -1.586026 1.526880
v -0.044143 -1.628161 1.614423
v -0.179192 -1.665072 1.698778
v 1.374020 -1.271795 2.424074
v 1.246120 -1.225472 2.250159
v 1.367543 -1.143529 2.316573
v 0.232722 -1.919620 2.400641
v 0.124321 -1.983488 2.449857
v 1.547929 -2.115897 4.060499
v 1.479558 -2.149166 3.814862
v 0.842392 -1.861394 2.600771
v 0.958332 -1.762163 2.450279
v 1.088399 -1.807653 2.612191
v 1.456445 -1.969512 3.356799
v 1.266895 -2.092969 3.311991
v 1.433053 -1.892581 3.193073
v 2.196578 -1.494640 3.839911
v 2.263257 -1.300529 3.751554
v 2.269372 -1.447709 3.961220
v 1.154575 -1.909712 2.953701
v 1.251608 -1.981779 3.133022
v 0.396232 -1.582990 1.807578
v 0.612941 -1.449924 1.794082
v 0.532624 -1.549975 1.858320
v 1.120832 -1.695551 2.481463
v 2.292706 -1.354707 4.480402
v 2.303415 -1.176715 4.657040
v 2.225702 -1.396553 4.609651
v 1.749399 -1.995275 4.401625
v 1.861018 -1.854439 4.082294
v 1.797974 -1.919824 4.260026
v 1.703977 -1.973643 4.065172
v 1.015784 -2.433985 4.484593
v 1.954185 -1.793948 4.187715
v 2.023024 -1.740027 4.036332
v 0.746797 -1.710503 2.218328
v 1.879195 -1.872539 4.382083
v 2.051179 -1.727307 4.296619
v 2.128443 -1.628364 3.946022
v 2.015644 -1.725900 3.900135
v 2.066974 -1.576057 3.705548
v 2.258328 -0.775727 3.300853
v 2.255019 -0.965421 3.461936
v 2.163463 -0.964815 3.325320
v 2.158656 -1.620383 4.161116
v 2.159475 -1.620183 4.381876
v 2.507608 -0.357680 4.882118
v 2.555565 -0.164495 4.918883
v 2.475219 -0.278796 4.981783
v 2.146986 -1.465206 4.772895
v 2.642056 -0.227793 4.749091
v 1.475531 -2.108013 3.622823
v 2.234555 -1.525403 4.355917
v 2.318844 -1.406805 4.285462
v 2.337087 -1.381338 4.126064
v 2.393804 -1.252618 4.249649
v 2.382270 -1.206351 4.422988
v 2.130625 -1.205166 3.493529
v 2.251793 -1.093514 3.565526
v 2.328647 -1.050576 3.642476
v 2.331428 -1.133489 3.723309
v 2.073893 -1.465785 3.604726
v 1.740370 -1.323656 2.994954
v 1.599830 -1.425081 2.864372
v 1.670226 -1.225354 2.771628
v 2.129797 -0.826526 3.154948
v 2.475197 -1.056704 4.190153
v 2.389532 -1.252438 3.963862
v 1.747718 -1.663031 5.133460
v 2.443445 -1.100863 4.295640
v 2.499519 -0.955052 4.383481
v 2.168150 -1.308422 3.612388
v 1.129303 -1.130785 2.109133
v 1.017410 -1.229394 2.009419
v 1.087775 -1.040265 1.985335
v 2.510726 -0.950673 3.886136
v 2.436766 -1.087948 3.876254
v 2.416946 -0.967342 3.715307
v 0.821578 -2.383204 3.610245
v 0.811192 -2.428972 4.358009
v 0.470194 -2.536928 4.307864
v 1.473087 -1.591220 2.848724
v 1.465169 -1.488983 2.725762
v 1.711992 -1.709932 3.338984
v 1.583398 -1.761219 3.229758
v 1.676076 -1.632179 3.192597
v 1.502626 -1.344031 2.642927
v 0.548209 -1.117026 1.253813
v 0.367865 -1.165203 1.084340
v 0.560428 -1.004699 1.129216
v 1.613369 -1.524791 2.989489
v 1.319500 -1.680667 2.739273
v 1.385652 -1.750997 2.951531
v 1.502819 -1.734675 3.060952
v 1.242853 -1.817054 2.887089
v 1.138080 -1.859542 2.787901
v 0.883602 -0.377222 1.150823
v 0.890355 -0.482429 1.285394
v 0.809194 -0.571647 1.193552
v 1.935820 -1.653772 3.589082
v 1.702879 -1.498231 3.088631
v 1.812127 -1.512545 3.262957
v 1.904672 -1.357832 3.285522
v 2.051194 -1.347795 3.469627
v 1.963124 -1.487775 3.464333
v 2.072708 -1.062364 3.282973
v 1.995130 -1.242670 3.328175
v 2.020011 -1.013382 3.139555
v 1.893237 -1.215300 3.143274
v 1.973890 -0.897963 2.983641
v 2.478662 -1.073865 3.980432
v 2.517925 -1.011583 4.064431
v 1.531362 -1.192996 2.583256
v 1.764753 -1.171774 2.880724
v 1.900730 -1.040683 2.975837
v 0.407482 -2.538346 4.160336
v 0.617679 -2.480036 4.289444
v 1.660208 -1.083019 2.663402
v 0.616273 -0.280522 0.639511
v 0.723668 -0.277666 0.727899
v 1.589907 -0.183673 2.088598
v 1.648300 -0.297675 2.272289
v 1.486934 -0.343819 2.119238
v 1.249642 -1.614241 2.563044
v 1.188416 -0.316510 1.709500
v 1.086135 -0.468588 1.612696
v 1.127546 -0.258575 1.557766
v 1.160389 -0.491905 1.827413
v 1.298297 -0.278598 1.840157
v 1.324301 -0.426773 1.989991
v 1.240154 -0.537902 1.955073
v 1.419057 -0.484257 2.131264
v 1.440315 -0.143324 1.904167
v 1.355543 -0.289594 1.940883
v 0.622353 -0.467961 0.744827
v 0.703102 -0.520847 0.892551
v 0.578727 -0.630619 0.827919
v 1.596654 -1.015884 2.535563
v 1.486992 -1.107455 2.445660
v 0.960462 -0.620432 1.506739
v 0.968021 -0.744348 1.641312
v 0.875550 -0.736785 1.453942
v 1.483777 -0.970944 2.381060
v 1.049718 -0.649825 1.716637
v 1.057621 -0.816931 1.836805
v 0.999866 -0.619013 1.608397
v 0.894366 -0.905617 1.631225
v 0.999873 -0.974075 1.837790
v 0.831590 -0.332954 0.998418
v 0.762759 -0.879137 1.386393
v 0.786613 -0.702352 1.242870
v 0.906279 -0.566914 1.367414
v 0.686563 -0.866218 1.200876
v 0.641186 -1.003595 1.328349
v 1.369913 -1.454650 2.573499
v 1.214625 -1.518495 2.419062
v 0.552079 -1.185043 1.381300
v 0.350135 -1.262433 1.198543
v 0.702429 -1.056460 1.495060
v 0.499733 -0.236879 0.530728
v 0.396331 -0.294826 0.449377
v 0.408491 -0.132086 0.427665
v 0.507171 -0.925436 1.003127
v 0.554325 -0.786195 0.912000
v 0.663472 -0.747013 1.058886
v 0.297764 -0.917909 0.783041
v 0.297143 -1.028135 0.894643
v 0.331055 -0.766525 0.745911
v 0.223599 -0.715729 0.592723
v 0.417437 -0.665547 0.708905
v 0.593513 -0.028775 0.540983
v 0.578642 -1.646097 2.027443
v 2.087905 -1.309987 4.955746
v 2.044684 -1.531388 4.892103
v 1.311008 -0.094246 1.725843
v 0.931203 -1.123520 1.838821
v 2.431147 0.299960 3.076047
v 2.481961 0.181280 3.135153
v 2.404810 0.128859 3.029569
v 1.574817 -0.880833 2.448255
v 1.717644 -0.889797 2.634290
v 1.024028 -0.061584 1.251917
v 0.964039 -0.325015 1.329144
v 0.913819 -0.180854 1.138925
v 1.802016 0.517006 2.065591
v 1.746602 0.595146 1.992423
v 1.871502 0.666399 2.164376
v 0.991594 -0.423896 1.445812
v 1.628970 -0.452354 2.360902
v 1.718996 -0.379856 2.448169
v 1.770075 0.710814 2.015656
v 0.799425 -0.503484 1.057722
v 0.749275 -0.618643 1.072106
v 1.217430 -1.053640 2.164456
v -1.207571 0.743563 0.806209
v 1.366406 -1.063687 2.293019
v 1.000683 -0.496338 1.489940
v 1.074430 -1.552092 2.303675
v 1.248252 -1.375397 2.345734
v 0.681796 0.056300 0.638653
v 0.775566 0.126416 0.743510
v 0.762786 -0.097286 0.791721
v 0.215445 -0.353811 0.345915
v 0.301677 -0.202738 0.362228
v 0.613717 1.098059 0.839189
v 0.721567 1.151485 0.960640
v 0.732659 1.017960 0.781861
v 0.675853 -0.116494 0.643980
v 0.522759 0.057773 0.484287
v 1.103585 0.059775 1.287191
v 1.103365 -0.127563 1.407093
v 0.411597 -1.048330 1.026784
v 0.420818 -0.865533 0.846376
v 0.143064 -0.826689 0.654120
v 0.046161 -0.726932 0.496892
v 0.500109 -0.533458 0.667056
v 1.188331 -0.668791 1.939696
v 0.872987 -1.324256 1.945053
v 1.228361 -0.063764 1.540982
v 1.661597 0.705610 1.854422
v 0.601806 -1.246050 1.593740
v 0.620310 -1.344285 1.698943
v 0.439938 -1.344651 1.475574
v 0.776799 -1.117963 1.654630
v 0.800171 -1.239598 1.786365
v 1.136818 -1.332116 2.215407
v 1.024098 -1.429661 2.169825
v 2.381822 -1.120868 4.538349
v 1.703688 -0.547638 2.487560
v 1.594046 -0.668023 2.431369
v 2.108529 -0.576929 2.918010
v 2.034209 -0.751504 2.974164
v 1.948975 -0.677005 2.781205
v 1.866251 -0.770007 2.730326
v 1.822909 -0.950627 2.802453
v 1.812057 -0.529239 2.600642
v 2.140702 0.670345 2.600771
v 2.028215 0.717972 2.437006
v 2.103088 0.864702 2.616404
v 1.721732 -0.741315 2.559899
v 2.416593 1.726702 3.997700
v 2.542656 1.553346 4.058833
v 2.516306 1.518769 3.900801
v 1.346132 -0.915394 2.228529
v 1.449031 -0.915438 2.342794
v 1.794597 -1.041545 2.829724
v 2.312878 -0.528509 3.179498
v 2.409692 -0.565281 3.365994
v 1.205222 -0.911412 2.049797
v 2.428093 0.509274 3.099385
v 2.525440 0.382261 3.223599
v 1.454150 -0.743680 2.299617
v 1.991849 0.983269 2.414057
v 1.340998 -0.771495 2.141263
v 1.257075 -0.948458 2.128722
v 2.574466 -0.890408 4.140979
v -0.255420 0.178242 0.101189
v -0.183032 0.049725 0.087941
v -0.258567 -0.079937 0.071176
v -0.067395 -1.536964 1.428586
v -0.243133 -1.497501 1.375093
v -0.173239 -1.745279 1.877507
v 2.067522 -1.167728 3.379328
v 0.882526 -1.402978 2.005242
v 0.982407 -1.307187 2.030809
v -0.184127 -1.909510 2.161327
v -0.354034 -1.899722 2.228253
v 0.761632 -1.381075 1.885262
v -0.137675 -1.348146 1.110866
v -0.106980 -1.259841 0.977668
v 0.912575 -1.583683 2.202826
v 0.766253 -1.548291 2.060841
v 0.644789 -1.495887 1.900621
v 0.412497 -1.445957 1.644819
v -0.237364 -1.054089 0.717175
v -0.172851 -0.869964 0.571420
v 0.211713 -1.798579 2.066501
v 0.152909 -1.727581 1.942902
v 0.335238 -1.673884 1.955224
v -0.008197 -1.760810 1.924411
v -0.012727 -1.819345 2.023808
v -0.184175 -1.815793 2.022416
v 0.066018 -1.638681 1.700116
v 0.128385 -1.681742 1.803660
v 0.228942 -1.619149 1.732816
v 0.262428 -1.534856 1.604322
v 0.382873 -1.312700 1.327824
v 0.249515 -1.403067 1.354722
v -0.358046 -0.910993 0.608415
v 0.133656 -1.511891 1.446464
v -0.144031 -1.155654 0.828184
v 1.497782 -0.637812 2.322994
v 0.470327 -0.399075 0.570372
v 1.346966 -0.849458 2.193174
v -0.146113 -1.432261 1.255830
v 0.038795 -1.374109 1.234713
v 1.293212 -0.677201 2.068366
v 1.440761 -0.583294 2.200669
v 2.643111 0.885842 3.528620
v 2.602820 0.659403 3.393112
v 2.534752 0.920608 3.323919
v 1.506229 -0.456376 2.257102
v -0.137552 -0.737873 0.448148
v 1.164984 -0.837761 1.984400
v 2.224787 -1.258787 4.793090
v 1.933308 -1.619923 5.003224
v 2.008822 -1.696864 4.817977
v -0.386071 -1.392005 1.223946
v -0.293636 -1.302022 1.027632
v 1.346463 -2.123589 3.466482
v 0.859499 0.058571 0.931989
v 0.313986 -0.504498 0.521313
v -1.494263 -1.944869 3.855270
v -2.317420 -1.118274 4.276291
v -2.377653 -0.680189 3.795705
v -2.285131 -0.852268 3.760182
v -2.408497 -0.832628 3.948756
v -0.684995 -2.205466 3.222223
v -0.784266 -2.110586 3.097934
v -0.626165 -2.154144 3.007894
v -0.567608 -2.081057 2.828418
v -0.259436 -0.245517 0.123908
v -0.425100 -0.170858 0.087720
v -0.682459 -1.783858 2.325149
v -0.500573 -1.866737 2.271699
v -0.598893 -1.452840 1.518733
v -0.771744 -1.290539 1.446574
v -0.638599 -1.349632 1.357055
v -1.726534 -1.286018 3.344531
v -1.582470 -1.492079 3.388198
v -1.054264 -2.212133 3.609473
v -1.103963 -2.248562 3.821053
v -0.899312 -1.635176 2.324224
v -0.794977 -1.644439 2.208609
v -1.175327 -1.105412 2.052965
v -1.204175 -1.150051 2.213996
v -1.280056 -0.958966 2.120263
v -1.357904 -1.144176 2.623179
v -1.487002 -1.004312 2.584180
v -1.320421 -1.120679 2.445984
v -1.103568 -1.581233 2.630927
v -0.946726 -1.726220 2.607143
v -1.032440 -1.710910 2.726299
v -1.111668 -1.390486 2.314506
v -1.051039 -1.360415 2.141730
v -1.007080 -1.514831 2.334959
v -0.946483 -1.663268 2.461912
v -1.077647 -1.487157 2.469098
v -0.897734 -1.427134 1.940892
v -0.812213 -1.535744 2.015396
v -0.959696 -1.469263 2.136761
v -0.994207 -2.184846 3.449164
v -0.887094 -2.312013 3.625708
v -0.740372 -2.310294 3.409689
v -0.659631 -2.387597 3.619948
v -1.451243 -1.883385 3.666552
v -1.363843 -2.137863 3.987301
v -1.494085 -2.040348 4.012491
v -0.646899 -2.444985 3.774596
v -1.126331 -1.958056 3.252405
v -1.151581 -2.061541 3.488300
v -1.485117 -1.613461 3.355424
v -1.507524 -1.668303 3.474958
v -2.036941 -1.513190 4.213615
v -1.343700 -1.851254 3.415444
v -1.246582 -1.860477 3.241356
v -0.620903 -1.735736 2.160810
v -1.286081 -1.974264 3.544193
v -0.485265 -1.654436 1.826397
v -0.511429 -1.715991 2.018084
v -1.362742 -1.779419 3.327185
v -1.417255 -1.837288 3.519145
v -1.522657 -1.743179 3.582403
v -1.545815 -1.857434 3.768577
v -1.587250 -1.931018 3.940105
v -1.651070 -1.778159 3.801903
v -1.766943 -1.604121 3.795901
v 0.229644 0.062082 0.258368
v 0.063653 0.026186 0.159913
v 0.154730 0.146643 0.212304
v -0.996822 -2.069735 3.271419
v -0.972159 -2.006032 3.145035
v -0.890788 -2.170361 3.299935
v -1.305788 0.583999 0.900129
v -1.320493 0.434593 0.962072
v -1.367202 0.524726 1.072767
v -1.141321 -1.410724 2.457841
v -0.841919 -1.858494 2.715416
v -1.124215 -1.866268 3.056667
v -1.020054 -1.890174 2.932067
v -1.115227 -1.702849 2.851122
v -0.721047 -1.995091 2.819311
v -0.861326 -2.028409 2.955015
v -1.290584 -0.306703 1.163298
v -1.357944 -0.264577 1.420914
v -1.346439 -0.125943 1.257532
v -1.017978 -1.054217 1.644423
v -1.039868 -1.186266 1.852286
v -1.103056 -0.974240 1.723624
v 0.070935 -0.508884 0.338170
v -0.063186 -0.620648 0.370204
v -1.469488 0.066653 1.661497
v -1.428627 -0.129664 1.695307
v -1.486475 0.034518 1.832073
v -1.359504 -1.580572 3.050785
v -1.410737 -1.418167 2.981920
v -1.311770 -1.473380 2.841535
v -1.245594 -1.738395 3.044975
v -1.203081 -1.417958 2.636816
v -1.233948 -1.583018 2.830752
v -1.648816 -1.271462 3.160139
v -1.722152 -1.151500 3.119857
v -1.607220 -1.686707 3.665678
v -1.545810 -1.431054 3.232397
v -1.531558 -1.295891 3.004649
v -1.566355 -1.190367 2.957660
v -1.524197 -1.384016 3.119419
v -0.866133 -0.426668 0.639492
v -0.927017 -0.453207 0.732277
v -1.037441 -0.369556 0.746206
v -0.755611 -1.814379 2.520949
v -1.442649 -1.253871 2.824147
v -1.702911 -1.846536 3.991644
v -0.718340 -1.137936 1.087134
v -0.879658 -1.048197 1.285948
v -0.890142 -0.932454 1.166729
v -1.606304 -1.587452 3.537077
v -0.590233 -1.975763 2.637048
v -1.171641 -1.292132 2.313362
v -1.722165 -0.919156 2.906242
v -1.785071 -0.974615 3.114544
v -1.865178 -0.814866 3.064666
v -1.560032 -0.858229 2.530441
v -1.598029 -0.988175 2.741802
v -1.387601 -1.199457 2.715843
v -1.531510 -1.100333 2.836109
v -1.434973 -0.970581 2.465326
v -1.271257 -1.274668 2.595341
v -1.368914 -1.336970 2.793364
v -1.254472 -1.247483 2.472498
v -1.677375 -1.046364 2.972560
v -1.341953 -1.706879 3.186506
v -1.301575 -1.030520 2.284325
v -1.651308 1.185185 2.763193
v -1.634929 1.302004 2.908688
v -1.535025 1.403217 2.804197
v -1.429316 -0.889716 2.330039
v -1.562742 -0.733907 2.394634
v -0.688514 -1.596172 1.957086
v -1.357616 -0.830123 2.076996
v -1.451135 -0.786212 2.200526
v -1.429561 -0.682452 2.064308
v -0.586544 -1.658979 1.976545
v -1.444930 -0.554482 1.985265
v -1.391844 -0.537583 1.801868
v -1.349476 -0.741076 1.937227
v -1.861998 0.538817 2.712577
v -1.906994 0.540254 2.901044
v -1.834734 0.685894 2.737618
v -1.818453 -0.734230 2.930553
v -1.740917 -0.787564 2.823575
v -1.904957 -0.561456 2.975521
v -2.020855 -0.403644 3.061222
v -1.870315 -0.318603 2.832391
v -1.934687 -0.050527 2.939072
v -2.044526 -0.103866 3.125061
v -1.978729 0.018462 3.036632
v -1.944331 -0.913723 3.260818
v -0.752078 -1.213394 1.267353
v -1.837629 -0.612150 2.850021
v -1.909306 0.679771 3.000374
v -1.965445 0.652326 3.152055
v -1.906675 0.819434 3.093877
v -1.773386 -0.607516 2.704646
v -1.663979 -0.853474 2.751510
v -1.688958 -0.715141 2.615328
v -1.786689 0.599206 2.508002
v -1.803831 0.438971 2.510149
v -2.094243 -0.630439 3.330978
v -2.140911 -0.733946 3.429662
v -2.266548 -0.573012 3.551512
v -2.268397 -0.716802 3.626972
v -2.374665 -0.998386 4.122018
v -2.412539 -0.224245 3.720671
v -2.127276 -0.266933 3.231676
v -1.949803 0.439435 2.998211
v -1.998366 0.528416 3.183501
v -2.031343 0.303885 3.231761
v -2.085222 0.441649 3.327884
v -2.538168 -0.113917 4.033359
v -2.550531 -0.272409 4.066333
v -2.116163 0.594506 3.457381
v -2.218023 0.487986 3.584787
v -2.006993 0.745756 3.307721
v -1.989635 -0.787061 3.216782
v -2.246499 -0.994938 3.801664
v -2.143568 -0.944713 3.581104
v -2.132232 -1.109275 3.715670
v -1.867492 -0.125084 2.823659
v -1.888562 0.063172 2.829986
v -1.880527 -1.057308 3.279598
v -1.601106 -0.316026 2.251331
v -1.542652 -0.486107 2.158652
v -1.613331 -0.482364 2.317014
v -1.932361 -1.114705 3.426648
v -1.663484 -0.545319 2.450300
v -1.535365 -0.659895 2.291021
v -0.673344 -1.552448 1.808739
v -1.575206 -0.126627 2.164912
v -1.523643 -0.257043 2.062333
v -1.682113 -0.293599 2.383422
v -1.746954 -0.239457 2.530943
v -1.707787 -0.043293 2.433103
v -1.650884 -0.067161 2.300119
v -1.604774 0.066313 2.159109
v -1.841321 0.143477 2.655702
v -1.930851 0.227031 2.903871
v -1.808861 -0.069378 2.653062
v -1.843736 -1.291105 3.552369
v -1.999036 -1.145335 3.582595
v -1.973696 0.162385 3.061365
v -1.982257 0.318214 3.092902
v -1.851568 0.792190 2.903518
v -1.931617 0.114219 2.927958
v -1.994442 0.187390 3.151224
v -1.974114 -0.183410 2.971250
v -1.785254 0.221772 2.502022
v -1.761900 0.007990 2.549900
v -1.826158 -0.455408 2.771369
v -1.938176 0.369168 2.914624
v -1.976760 -0.283257 2.977436
v -1.820482 -0.302455 2.683973
v -1.742287 -0.458672 2.575856
v -1.854648 0.996209 3.106826
v -1.421895 1.359524 2.471811
v -1.564524 1.222025 2.546426
v -1.509563 1.354539 2.654745
v -1.655809 0.261753 2.115430
v -1.703644 0.251893 2.296706
v -1.698509 0.477970 2.238022
v -1.744391 0.380863 2.387810
v -1.707519 0.742061 2.361431
v -1.687525 0.597666 2.242473
v -1.629625 0.808197 2.221494
v -1.602977 0.670304 2.031941
v -1.884563 0.361671 2.710422
v -1.942255 0.940902 3.269184
v -2.120572 -0.027627 3.263635
v -2.091332 0.184379 3.330071
v -2.192184 0.034283 3.384650
v -2.182837 0.381563 3.473565
v -2.217187 0.222719 3.476445
v -2.314245 0.241810 3.615847
v -2.414786 0.175950 3.814935
v -2.411475 -0.021081 3.735358
v -2.321561 0.374142 3.724088
v -2.390446 0.396621 3.872730
v -2.032832 1.244508 3.823831
v -2.307114 -0.145568 3.557266
v -2.274368 0.022950 3.510237
v -2.465063 -0.621782 3.916358
v -2.537241 -0.444565 4.015614
v -1.974062 0.918238 3.337830
v -1.917185 1.041688 3.318559
v -1.631336 0.428348 2.018262
v -0.431352 -1.552490 1.580881
v -0.413631 -1.481204 1.420873
v -0.920048 -1.116500 1.465835
v -0.888816 -1.251248 1.617971
v -0.764673 -1.403908 1.657444
v -1.455854 -0.154613 1.852368
v -1.229808 0.151516 0.762625
v -1.280101 0.379669 0.858124
v -1.511434 -0.050200 1.972601
v -0.595150 -1.526090 1.662939
v -1.116516 -0.317327 0.840678
v -1.101659 -0.439534 0.922674
v -1.208817 -0.401453 1.046217
v -0.653162 -1.033619 0.868144
v -0.794068 -0.942892 0.951350
v -0.641958 -0.903175 0.724887
v -0.897155 -1.343428 1.777927
v -1.197059 -0.543641 1.239772
v -1.293031 -0.406424 1.361818
v -1.142369 -0.531984 1.116360
v -0.531049 -1.287905 1.146848
v -1.419244 0.988060 1.835601
v -1.530812 0.920769 2.069309
v -1.422863 1.034493 1.988813
v -0.535606 -0.779925 0.583845
v -0.488635 -0.919342 0.641395
v -0.797942 -0.801867 0.829612
v -0.905815 -0.788987 0.999919
v -0.535643 -1.168391 0.919091
v -1.061037 -0.697204 1.161911
v -1.071097 -0.751787 1.268459
v -1.154486 -0.819164 1.591163
v -1.244521 -0.739169 1.707493
v -1.169276 -0.918141 1.810240
v -1.286320 -0.747836 1.805372
v -1.038195 -0.836714 1.326225
v -1.208431 -0.662884 1.490240
v -1.160091 -0.666592 1.362666
v -1.131512 -0.758859 1.456139
v -1.029559 -0.917868 1.444419
v -1.287273 0.133637 0.975697
v -1.363421 0.046195 1.243259
v -1.339483 0.225711 1.121408
v -1.396657 0.376449 1.190068
v -1.449995 0.195788 1.424213
v -1.310855 -0.096364 1.074519
v -1.273334 -0.020631 0.896481
v -0.981479 -0.783612 1.133941
v -1.259258 -0.211998 0.956004
v -0.890910 -0.611005 0.848637
v -1.426429 0.032201 1.488755
v -1.406406 -0.189289 1.571213
v -0.992229 -0.642627 0.980240
v -1.277975 -0.612720 1.636330
v -1.215152 -0.923488 1.906509
v -1.550319 0.803439 1.983563
v -1.482385 0.831743 1.725633
v -1.333093 -0.473146 1.575258
v -1.260588 -0.534931 1.414824
v -1.577772 0.562150 1.850318
v -1.536680 0.716734 1.764096
v -1.399103 -0.354447 1.668456
v -1.455189 -0.368550 1.938643
v -1.243361 -0.935705 1.979082
v -1.152764 -1.035405 1.915375
v -1.577060 0.373719 1.822293
v -1.519144 0.350235 1.586936
v -1.505512 0.515073 1.453593
v -1.466178 0.321473 1.391873
v -1.489574 0.715405 1.560582
v -1.539859 0.541455 1.661519
v -1.575308 0.165809 1.954149
v -0.997171 -1.310995 1.939917
v -1.169799 -0.195087 0.781333
v -0.460817 -1.042660 0.742465
v -0.393148 -1.187790 0.872973
v -1.161788 -0.029912 0.643776
v -1.083506 -0.198119 0.581717
v -1.391803 -0.122110 1.440505
v -1.532985 0.219175 1.721814
v -1.431238 0.560035 1.240896
v -0.362074 -0.763998 0.514677
v -0.510162 -0.626211 0.500138
v -0.239605 -0.587871 0.330444
v -1.147449 0.169038 0.621475
v -1.058696 0.162583 0.492276
v -1.456057 0.722581 1.434523
v -0.722260 -0.676707 0.700144
v -0.640255 -0.285823 0.197863
v -0.617081 -0.453905 0.408075
v -0.738373 -0.349145 0.344269
v -0.718776 -0.519465 0.591609
v -0.099193 0.019874 0.112988
v -0.100643 -0.130797 0.116862
v 0.192305 0.270818 0.265309
v 0.411323 0.172887 0.374435
v -0.121554 -0.505678 0.252799
v -0.251243 -0.414614 0.199670
v 0.161910 -0.622023 0.475042
v -0.890766 -0.211037 0.314572
v -0.037857 0.178697 0.137690
v 0.603246 0.196520 0.536074
v -1.345605 0.679830 1.059590
v -1.377803 0.784317 1.205545
v -1.030104 -0.023848 0.441192
v -1.194297 0.611594 0.710479
v -0.864129 -0.321682 0.421817
v -0.771207 -0.399708 0.490954
v -0.927516 0.302640 0.349721
v -0.899968 0.172874 0.292405
v -0.979050 -0.309696 0.561356
v -0.989323 -0.197101 0.431323
v 0.305636 -0.031665 0.341753
v 0.182753 -0.060388 0.278021
v -0.972243 0.429691 0.425466
v -0.851103 -0.021982 0.242062
v -1.044487 0.699517 0.587247
v 0.080564 -0.235667 0.229115
v -0.055693 -0.325470 0.211051
v 0.423314 0.015354 0.444268
v -0.379396 0.388964 0.150174
v -0.308596 0.532959 0.209155
v -0.173583 0.404715 0.174561
v -0.441783 -0.467027 0.317497
v -0.437012 -0.351852 0.171428
v -1.074105 1.104329 1.071729
v -1.194777 1.069598 1.182728
v -0.480523 0.110566 0.094197
v -0.536532 -0.070287 0.098165
v -0.680361 -0.111852 0.146536
v -0.661935 0.952374 0.618450
v -0.881349 0.903375 0.636039
v -0.889199 0.973134 0.720776
v -0.012886 0.328172 0.191638
v 0.149674 0.430721 0.273676
v 0.339521 0.340997 0.340606
v -0.651896 0.613058 0.329581
v -0.482059 0.790587 0.426216
v -0.456478 0.597248 0.264924
v -1.266713 0.935377 1.125546
v 0.444484 0.443762 0.364196
v 0.552849 0.350353 0.418262
v -0.144348 0.629761 0.260084
v -0.900183 0.817980 0.562777
v -1.016808 0.832448 0.659831
v -0.585234 0.446547 0.225957
v -0.422219 0.252916 0.116894
v -0.748047 -0.158683 0.194310
v -0.686262 0.023028 0.141978
v -0.616701 0.164798 0.142357
v -0.564811 0.074228 0.109600
v 0.012010 0.532912 0.236250
v -0.779819 0.841616 0.535406
v -0.804483 0.747590 0.473564
v -0.753740 0.302029 0.239351
v -0.809327 0.469257 0.333264
v -0.624378 0.270388 0.175371
v -0.763676 0.118592 0.188275
v -0.883684 0.575858 0.419262
v -0.330260 0.982882 0.623268
v -0.261805 0.846962 0.416818
v -0.788999 -2.399687 3.745106
v -1.105494 -1.230080 2.067619
v -0.728058 1.518742 1.932932
v -0.920435 1.478031 1.953994
v -0.815724 1.548389 2.106729
v 2.458905 -0.878677 4.561232
v 2.784747 0.495030 4.640030
v 2.791390 0.305049 4.568001
v 2.829380 0.426494 4.408402
v 2.582036 -0.814020 3.906640
v 2.204220 -0.664616 3.111877
v 1.454402 -0.000206 1.821182
v 1.905811 -0.313426 2.569024
v 1.990706 -0.484005 2.727270
v 2.144677 -0.399267 2.872323
v 2.668639 -0.499984 4.434419
v 2.603202 -0.552273 4.641474
v 2.584167 -0.664810 4.518814
v 2.530994 -0.471205 4.790195
v 2.675012 -0.388362 4.576308
v 2.480025 -0.096423 5.032392
v 2.388494 -0.843109 4.754936
v 2.584979 -0.730242 4.360354
v 2.633498 -0.668805 4.227674
v 2.781853 0.640000 3.822972
v 2.714631 0.857872 3.706823
v 2.765199 0.860396 3.909520
v 2.657233 -0.017584 4.818008
v 2.725474 -0.041629 4.652491
v 2.633287 -0.742593 4.043261
v 2.695470 -0.523380 4.078253
v 2.768193 -0.281648 4.197580
v 2.701207 -0.459127 4.282988
v 2.833132 -0.020481 4.190833
v 2.793767 -0.130004 4.330669
v 2.829839 -0.012742 4.019781
v 2.781368 -0.255481 4.044557
v 2.744612 -0.290164 4.385697
v 2.727597 -0.167524 4.570263
v 2.674916 1.038638 4.909791
v 2.715798 1.120109 4.767210
v 2.648770 1.312275 4.891543
v 2.837453 0.403797 4.069962
v 2.834286 0.473773 4.249119
v 2.851754 0.238585 4.183672
v 2.669374 -0.609194 3.943065
v 2.759489 -0.240631 3.818078
v 2.710588 -0.454996 3.878308
v 2.680331 -0.423957 3.725229
v 2.498139 -0.809302 3.714480
v 2.399201 -0.694743 3.454282
v 2.519924 -0.673990 3.633226
v 2.694512 0.705961 3.590928
v 2.759456 -0.030320 3.670400
v 2.785830 -0.100080 3.835285
v 2.837428 0.262570 4.314109
v 2.804531 0.031752 4.407004
v 2.737629 0.106079 4.685379
v 2.746335 0.278331 4.703245
v 2.826608 0.583196 4.317164
v 2.805565 0.191204 4.453351
v 2.360170 -0.849753 3.524414
v 2.780177 0.936295 4.501108
v 2.778911 0.808682 4.595119
v 2.793852 0.807951 4.465785
v 2.746904 0.963192 4.713293
v 2.744031 1.130608 4.585109
v 2.811458 0.633520 4.498714
v 2.693588 0.527341 3.531200
v 2.722035 0.326901 3.547293
v 2.654158 0.400721 3.408307
v 2.761012 0.535320 3.711300
v 2.773493 0.367279 3.719197
v 2.836313 0.208377 3.987204
v 2.806660 0.119492 3.838290
v 2.813241 0.390019 3.880262
v 2.814917 0.597172 3.995006
v 2.587853 -0.312846 3.434432
v 2.524644 -0.544280 3.522341
v 2.436338 -0.445599 3.311854
v 2.331253 0.393588 2.938960
v 2.237030 0.562027 2.847013
v 2.665266 0.779008 4.954978
v 2.740750 0.696802 4.784871
v 2.717641 0.861392 4.829806
v 2.820469 0.654759 4.168535
v 2.798531 0.853723 4.123425
v 2.809145 0.766792 4.331755
v 2.788993 0.930579 4.318264
v 2.600616 1.392503 3.931813
v 2.712214 1.201371 4.130615
v 2.734608 1.102505 4.076373
v 2.678313 1.257247 3.995471
v 2.643942 1.457325 4.367578
v 2.541682 1.649309 4.372947
v 2.572862 1.617653 4.540194
v 2.761167 1.056170 4.229651
v 2.706868 0.485182 4.826735
v 2.776500 0.639166 4.678862
v 2.624888 0.915365 5.039272
v 2.394970 0.416334 5.316680
v 2.640326 1.435969 4.714208
v 2.655619 1.432609 4.543547
v 2.695786 1.264262 4.673531
v 0.968461 0.081057 1.107504
v 2.690946 1.316307 4.245397
v 2.715839 1.270232 4.426152
v 2.743262 1.164379 4.328812
v 2.408233 1.640877 3.825259
v 2.703414 1.117840 3.879509
v 2.720818 0.085385 3.505657
v 2.774993 0.192674 3.679664
v 2.159758 0.398729 2.692560
v 2.624945 1.429786 4.133677
v 2.706255 -0.217735 3.609121
v 2.579251 0.733338 5.149692
v 2.614877 -0.629884 3.788215
v 2.449396 1.498126 5.116033
v 2.554308 1.478224 4.963911
v 2.609021 1.279550 5.030353
v 2.566092 0.534197 3.285044
v 2.608362 0.148845 3.317411
v -0.173686 0.960186 0.543618
v 0.005562 1.046126 0.621868
v 0.074121 0.909632 0.474405
v 2.526461 1.392841 3.716532
v 2.612973 1.175827 3.670636
v 2.487866 1.349971 3.565259
v 2.612625 1.320309 3.836330
v 2.630070 1.034182 3.598173
v 2.535778 1.114995 3.449668
v 2.450305 1.136542 3.254294
v 2.436089 1.302192 3.402038
v 2.237507 0.753002 2.777277
v 1.788181 -0.228537 2.414223
v 1.689665 -0.139619 2.210108
v 1.788076 -0.009458 2.248687
v 2.476787 1.492615 3.754386
v 2.561410 1.570122 4.252023
v 2.456156 1.752120 4.204173
v 2.393167 1.559626 3.663377
v 2.305356 1.765285 3.830985
v 2.452638 1.793662 4.348509
v 1.775183 2.331278 4.199539
v 2.020949 2.165848 4.208863
v 1.888606 2.230701 4.064015
v 1.657468 2.398918 4.721386
v 1.785837 2.330734 4.684402
v 1.702006 2.416054 4.507164
v 2.425743 1.823141 4.481298
v 1.880416 2.100552 3.741131
v 1.792074 2.227590 3.809988
v 1.974326 2.138319 3.961692
v 1.721717 2.327737 3.958667
v 2.110543 2.036184 3.998863
v 2.547634 0.526302 5.140566
v 2.475015 0.587511 5.270400
v 2.532187 0.359724 5.149847
v 1.601747 2.257254 3.647942
v 1.713914 2.161929 3.590273
v 1.531099 0.958957 1.736734
v 1.427747 1.048425 1.663339
v 1.519991 1.135483 1.860134
v 2.236147 1.918255 3.992192
v 2.192113 1.548267 3.370153
v 2.043883 1.635519 3.243309
v 2.140610 1.660235 3.432020
v 1.886644 1.887434 3.366589
v 1.792484 2.034760 3.489593
v 1.874301 2.017830 3.597997
v 2.003372 2.020258 3.788723
v 1.356812 0.555537 1.420118
v 1.289174 0.544296 1.268659
v 1.312765 0.755169 1.321826
v 2.189222 2.031050 4.211488
v 2.230489 0.866559 5.556170
v 1.946671 2.258260 4.381027
v 1.200304 2.638651 4.079778
v 1.458385 2.536866 4.156870
v 1.335458 2.541326 3.947786
v 2.037368 1.975516 5.119896
v 1.410579 2.592478 4.351238
v 1.586439 2.486655 4.378276
v 1.701591 2.043782 3.362417
v 1.550459 2.153686 3.377712
v 1.751652 2.290063 4.858151
v 1.607382 2.343163 4.917713
v 1.224014 2.473294 5.112946
v 1.346537 2.460486 5.010329
v 1.255426 2.550855 4.933148
v 2.058681 2.181812 4.519193
v 1.929603 2.257058 4.604626
v 1.916880 2.189115 4.825910
v 2.049631 2.140620 4.728020
v 2.039182 2.080371 4.898975
v 1.920148 2.083567 5.067852
v 1.436799 2.541805 4.590830
v 1.207006 2.651782 4.630296
v 1.357927 2.546528 4.741851
v 1.545047 2.290611 5.083613
v 1.529832 2.485085 4.635950
v 1.516137 2.444870 4.810870
v 1.432684 2.436677 4.961320
v 1.235729 2.507797 3.734159
v 1.084874 2.546951 3.698025
v 1.163324 2.580286 3.851522
v 1.369767 2.481701 3.805115
v 1.435604 2.499995 3.967953
v 1.444073 2.402474 3.711850
v 1.396595 1.626401 2.397852
v 1.483860 1.640203 2.505121
v 1.625965 1.547389 2.531877
v 1.012217 2.374951 5.427876
v 1.207614 2.675486 4.233020
v 1.386254 2.587977 4.214476
v -1.083822 1.291744 1.544323
v -0.944312 1.312856 1.450259
v -1.175104 1.187675 1.414042
v 1.565719 2.441862 3.990130
v 1.587851 2.379655 3.845310
v 1.603531 2.440296 4.125447
v 1.291028 1.911816 2.787444
v 1.105815 1.915757 2.667017
v 1.118277 2.047554 2.886009
v 2.071803 1.818724 3.557367
v 2.130817 1.313883 2.944331
v 1.979451 1.483751 2.911500
v 2.038641 1.512601 3.063639
v 1.088499 2.716139 4.542099
v 0.683041 2.773051 4.843194
v 1.428629 2.305471 3.513153
v 2.101547 1.868221 3.673288
v 1.516754 1.510511 2.318342
v 1.638377 1.420895 2.335684
v 1.572881 1.378597 2.194628
v 2.039166 1.773142 3.443206
v 1.985138 1.749261 3.296927
v -1.079713 1.443415 2.045472
v -1.187489 1.358150 2.013395
v -1.250779 1.389052 2.186450
v 1.161638 2.497267 3.648044
v 1.041726 2.445443 3.457828
v 0.787983 2.669183 3.807797
v 0.904343 2.697679 3.970615
v 1.026714 2.645385 3.899897
v 1.200455 2.397808 3.480656
v 1.210302 2.309044 3.333769
v 0.726582 2.710733 5.015150
v 0.756752 2.822597 4.416258
v 0.893775 2.785516 4.268027
v 0.847668 2.782936 4.602021
v 2.248693 1.647173 3.547944
v 2.307757 -0.294568 3.012458
v 2.244332 -0.476998 3.036300
v 2.358664 1.527643 3.555590
v 1.495587 -0.232166 2.036108
v 2.361696 -0.100183 3.038732
v 2.262500 -0.124991 2.929604
v 2.133214 -0.083185 2.752430
v 2.253162 0.055017 2.874083
v 2.435352 -0.324598 3.204151
v 2.480325 -0.179986 3.168424
v 2.518187 -0.021299 3.184956
v 2.592031 -0.135141 3.313728
v 2.147408 -0.251810 2.821456
v 2.014651 -0.332002 2.694815
v 2.006912 -0.180893 2.670994
v 2.614626 -0.423808 3.570943
v 2.134908 0.124073 2.710124
v 2.010926 0.507891 2.449471
v 2.135971 0.521044 2.623399
v 2.034033 0.373183 2.549644
v 2.047103 0.021870 2.617497
v 1.959171 0.351158 2.376704
v 1.894131 -0.152139 2.480996
v 1.910716 0.000283 2.462875
v 2.000015 0.182909 2.504535
v 1.886209 0.182197 2.309204
v 1.777803 0.177261 2.140851
v 1.362692 0.090809 1.657571
v 1.497040 0.192541 1.770100
v 1.668676 -0.003758 2.087723
v 2.405601 0.658997 3.050383
v 1.853671 0.380465 2.167527
v 1.918544 0.507807 2.255616
v 1.536305 0.114983 1.873825
v 1.590720 0.005686 2.005083
v 1.626330 0.348937 1.866142
v 1.556758 0.465537 1.743451
v 1.700800 0.433843 1.946069
v 1.755224 0.315821 2.051680
v 1.650810 0.151937 1.999809
v 1.935701 0.640311 2.323030
v 1.945357 0.817702 2.293645
v 1.673623 0.279331 1.948026
v 1.602768 0.599250 1.771637
v 2.244242 0.252424 2.854829
v 2.425459 0.900222 3.155084
v 2.498673 0.696803 3.210032
v 2.038652 1.250850 2.704489
v 2.149687 1.164032 2.786510
v 2.078299 1.082186 2.600971
v 1.970615 1.172588 2.497217
v 1.925395 1.347425 2.643188
v 1.750822 0.970344 2.097985
v 1.690762 0.967741 1.996869
v 1.647076 1.088500 1.968225
v 2.182065 1.878052 3.808696
v 1.340118 1.499343 2.106055
v 1.902817 1.741659 3.130796
v 1.046345 0.494600 0.900641
v 0.984427 0.720288 0.827966
v 1.099545 0.666491 0.981363
v 1.735587 0.839187 2.050117
v 2.207758 0.976571 2.740151
v 2.295712 1.004972 2.938869
v 2.334886 0.874566 2.939052
v 2.324539 1.116467 3.050032
v 2.762643 1.080639 4.445611
v 2.673124 -0.063417 3.422511
v 1.825192 0.841383 2.148889
v -1.267648 1.320514 2.076498
v -1.281823 1.247546 1.982596
v 1.704718 1.911261 3.104179
v 1.641007 1.849365 2.962725
v 1.564350 1.964466 3.051038
v 1.873286 1.661365 2.941137
v 1.860128 1.543357 2.760519
v -1.341332 1.150749 1.985063
v -1.277113 1.211758 1.869104
v 1.769685 1.468745 2.552091
v 1.834578 1.341827 2.464132
v 1.739071 1.139293 2.127452
v 1.752900 1.245587 2.265759
v 1.848903 1.039394 2.250449
v 1.864214 1.127802 2.366065
v 1.651310 1.245321 2.094546
v 1.629750 0.951982 1.874811
v 1.379159 1.181416 1.716626
v 1.734001 0.773863 1.981522
v 1.971698 1.403155 2.793543
v 1.490594 0.333700 1.738512
v 1.481806 0.535630 1.607965
v 1.504476 0.732328 1.688700
v 1.350993 0.256076 1.554741
v 0.916965 0.946750 0.882582
v 0.807698 0.852901 0.715006
v 1.211995 0.196493 1.339113
v 1.274061 0.061692 1.534382
v 0.659571 0.822105 0.573815
v 0.743483 0.630266 0.585827
v 0.652768 0.529299 0.513161
v 1.214561 0.380339 1.232676
v 1.099345 0.246031 1.142143
v 1.116407 0.386341 1.041293
v 1.201159 0.571742 1.113047
v 1.413184 0.756096 1.476382
v 0.866440 0.719853 0.714889
v 0.902348 0.548398 0.699339
v 1.392346 0.404454 1.502415
v 0.425219 0.913075 0.576093
v 0.472422 0.777427 0.469112
v 1.220254 0.735371 1.166766
v 1.164205 0.932347 1.175239
v 1.237730 1.028995 1.334425
v 1.312146 1.080619 1.507543
v 1.401157 0.902673 1.512951
v 0.293954 0.857651 0.470214
v 0.177640 0.972155 0.551861
v 0.555573 0.640781 0.454561
v -1.269526 1.067094 1.331858
v -1.374366 0.991872 1.559208
v -1.263995 1.125827 1.518659
v 0.885810 0.338681 0.790240
v 1.083670 0.841558 0.980882
v 1.035531 0.985354 1.029363
v 1.258490 1.197140 1.574284
v 1.273184 1.294116 1.717862
v 1.630732 0.836788 1.838518
v 1.075781 1.162195 1.288725
v 0.996800 1.135244 1.146245
v 0.959654 1.276028 1.339915
v 0.894353 1.793615 2.349444
v 0.686296 1.804467 2.263232
v 0.783000 1.877166 2.414777
v 0.333730 2.023947 2.516935
v 0.590688 1.937782 2.431554
v 0.450933 1.948988 2.416867
v -0.447790 1.673472 2.167792
v -0.543068 1.574865 2.009797
v -0.625490 1.622713 2.161349
v 0.312844 1.712294 2.076395
v 0.357908 1.615954 1.895862
v 0.196125 1.617146 1.919708
v 1.763616 1.775034 2.945080
v 1.586188 1.814638 2.847480
v 1.745134 1.660439 2.747916
v 1.598912 2.037776 3.220274
v 1.363012 2.153923 3.197206
v -0.506247 1.880769 2.548169
v -0.469661 1.787985 2.368730
v -0.653937 1.727961 2.387492
v 1.422877 1.886475 2.828584
v 1.163271 1.195774 1.429269
v 1.432375 2.216192 3.363063
v 0.491080 1.815227 2.232601
v 1.410756 1.973310 2.945190
v 1.746197 1.936894 3.212373
v 1.257527 2.455850 3.630909
v 0.967822 2.226549 3.043966
v 1.167605 2.228342 3.158025
v 0.939844 2.136045 2.888554
v 0.919685 2.739777 4.756044
v 1.528423 1.278672 1.985399
v 1.260070 1.460656 1.958606
v 1.181510 1.572380 2.127350
v 0.786810 1.316447 1.271464
v 0.564146 1.366253 1.304291
v 0.662271 1.425970 1.469636
v 1.100016 1.325861 1.564138
v 1.414734 1.425165 2.055702
v 1.382944 1.331234 1.887509
v -0.831430 1.209468 1.117834
v -0.630309 1.211419 1.043049
v -0.735528 1.157085 0.939660
v 1.193983 1.429713 1.859527
v 1.076606 1.404495 1.732646
v 1.013570 1.485368 1.858958
v -0.895995 1.366786 1.544410
v 1.123184 1.520586 1.994890
v 1.030821 1.598308 2.097749
v 0.998468 1.565694 2.028523
v 1.270918 1.779962 2.565639
v 1.492083 1.698185 2.597966
v 1.263936 1.646896 2.353162
v 1.086488 1.666786 2.263240
v 1.089096 1.756414 2.432532
v 1.335926 1.540226 2.195067
v 0.914504 1.716795 2.233458
v 0.803773 1.519000 1.777793
v 0.888238 1.534735 1.891417
v 1.580654 1.737528 2.710634
v 0.737594 2.750229 4.087786
v 2.308052 1.405466 3.331100
v 1.411669 1.779065 2.657512
v 0.794698 2.577912 3.576011
v 0.955753 2.597715 3.710253
v 0.906102 2.540483 3.548806
v 0.701890 2.006737 2.583585
v 0.456492 2.110915 2.666532
v 0.057058 2.882576 4.355037
v 0.197610 2.861983 4.259989
v 0.067142 2.838674 4.153389
v 0.698755 0.341407 0.531076
v 0.866884 1.381495 1.460166
v 0.621822 1.717235 2.107809
v 0.789002 1.611894 1.991864
v 0.653688 1.622126 1.953010
v -0.400161 1.530689 1.855771
v -0.304749 1.596680 1.995251
v -0.083427 1.616124 1.976069
v 0.090094 1.566218 1.826540
v -0.133888 1.542703 1.820774
v 0.923740 1.442764 1.648549
v 0.658070 1.486567 1.623521
v 0.769286 0.246551 0.647457
v 0.077496 1.311606 1.045515
v -0.076464 1.246471 0.957970
v -0.159365 1.299119 1.081310
v 0.959489 0.194029 0.998651
v 0.943715 0.265344 0.895452
v 0.894637 1.064356 1.007125
v 0.818297 0.442606 0.633640
v 0.973532 1.849954 2.495441
v 0.858761 1.975844 2.617096
v 0.169710 2.121893 2.702679
v 0.098944 1.872131 2.321465
v 0.317342 1.929552 2.374583
v 0.280516 1.832355 2.246028
v 0.943828 2.035728 2.747107
v 0.362047 1.561436 1.762177
v 0.211711 1.553765 1.763072
v 0.634378 1.296358 1.181119
v 0.796338 1.228883 1.105325
v 2.714484 0.982037 3.794442
v 1.830664 1.645276 5.610007
v 1.221974 2.612151 4.801859
v 1.067680 2.586968 5.025112
v 2.171905 1.442534 3.190918
v 2.310156 1.260950 3.149506
v -0.255664 1.897233 2.447741
v -0.369840 1.998716 2.662293
v -0.621254 0.820299 0.496959
v -0.719052 0.690817 0.405720
v -0.788503 2.164117 3.205875
v -0.637991 2.288280 3.306533
v -0.614158 2.175997 3.105135
v -0.742591 2.070117 3.006260
v -0.464501 2.302154 3.215566
v -0.470438 2.176019 3.001509
v -0.956005 2.060247 3.125343
v -0.992476 2.144500 3.315505
v -1.154694 2.067098 3.316556
v -0.909203 1.959182 2.914603
v -0.677185 2.762024 4.456608
v -0.461173 2.837338 4.465168
v 0.354279 2.589643 3.521468
v 0.527084 2.656541 3.701957
v 0.616573 2.554971 3.469079
v -0.673605 2.031013 2.888570
v 0.332424 2.809436 4.067194
v 0.562650 2.730683 3.952476
v 0.457719 2.705858 3.810021
v 0.537766 2.801758 4.182118
v 0.239679 2.836149 4.841355
v 0.165817 2.792822 3.997049
v 0.157689 2.716507 3.839234
v -0.031246 2.748362 3.890982
v 0.203608 2.658300 3.677861
v 0.149546 2.627544 3.594998
v 0.065352 2.698865 3.791930
v -0.424269 2.556589 3.608471
v -0.611755 2.535888 3.702027
v -0.447633 2.632265 3.760997
v 0.073112 2.894437 4.585042
v 0.255061 2.867195 4.400973
v 0.290511 2.702572 3.786289
v -0.088126 2.695046 3.770854
v -0.269929 2.666017 3.759556
v -0.162682 2.582143 3.545085
v -0.300803 2.585914 3.607473
v -0.401190 2.794583 4.123583
v -0.258181 2.739879 3.924757
v -0.453944 2.709315 3.945018
v -0.673088 2.713862 4.113509
v -0.818949 2.603797 4.012465
v -0.922691 2.615166 4.174247
v -1.034490 2.508837 4.019368
v -1.072194 2.553672 4.192375
v -0.250833 2.827654 4.150226
v -0.133259 2.850982 4.234663
v -0.042602 2.799151 4.044130
v 0.508054 2.260947 2.934596
v 0.705843 2.305791 3.049074
v 0.784438 2.231304 2.955514
v 0.322121 2.864288 4.573996
v 0.370008 2.846537 4.242325
v -0.630580 2.657322 3.927261
v 0.734670 2.129816 2.782564
v -0.308094 2.865435 4.358140
v -0.107036 2.887023 4.474533
v -0.458042 2.816287 4.248864
v -0.650093 2.739692 4.264843
v -0.481775 2.062965 2.822051
v -0.576029 1.960459 2.713641
v 0.053307 2.862037 4.813286
v -0.814433 2.688126 4.279053
v 1.411920 2.366843 5.105721
v -0.282466 2.770483 4.968355
v 0.276726 2.466657 3.277353
v 0.323349 2.349824 3.061805
v 0.133155 2.425332 3.200372
v -0.793220 2.305983 3.450290
v -0.617399 2.414202 3.514575
v -0.198665 1.755453 2.217012
v 0.082164 1.678690 2.050295
v -0.478828 2.429129 3.427108
v -0.142614 2.482654 3.353067
v -0.110491 2.401149 3.198428
v -0.313756 2.400372 3.283532
v 0.094039 2.548403 3.433839
v -0.368704 2.487657 3.447945
v 0.258952 2.525995 3.414987
v 0.397322 2.524471 3.392145
v 0.606322 2.843695 4.355403
v -0.741596 2.570586 3.881885
v -0.758810 2.437925 3.652012
v -0.957458 2.424535 3.788917
v -0.876479 2.497023 3.866910
v -0.932681 2.366824 3.660505
v 0.341440 2.639875 3.620068
v 0.963491 2.355464 3.240848
v 0.126977 2.340926 3.071764
v -0.093583 2.307473 3.055944
v 0.506818 2.489299 3.309572
v 0.699081 2.459499 3.313334
v 0.836352 2.493066 3.417815
v -0.023000 2.511013 3.382487
v 0.500701 2.369726 3.111472
v -0.297257 2.290834 3.089432
v -1.333316 1.753509 2.983484
v -1.681484 1.804916 3.817928
v -1.549783 1.876350 3.608355
v -1.656280 1.755702 3.661197
v -1.455503 1.694602 3.101360
v -1.462050 1.786289 3.262626
v -1.758706 1.495007 3.504165
v -1.653942 1.684802 3.554631
v -1.583524 1.676626 3.344598
v -1.607819 1.568686 3.219543
v -1.440778 2.019513 3.635516
v -1.312305 2.098498 3.562959
v -1.423070 1.922884 3.420929
v -1.749134 1.679700 3.766479
v -1.757233 1.589695 3.649520
v -1.883672 1.538560 3.891126
v -1.443775 1.122601 2.163511
v -1.442357 1.254623 2.328831
v -1.365108 1.277082 2.222149
v -1.836759 1.442098 3.659529
v -1.925956 1.406701 3.817915
v -1.939984 1.598975 4.105064
v -1.760795 1.802442 4.026742
v -1.825425 1.640265 3.949986
v -1.632940 1.931705 3.929016
v -1.681959 2.023118 4.223682
v -1.562557 2.054267 3.973084
v -1.604471 1.906094 3.820303
v -1.923117 1.281109 3.627709
v -1.836404 1.376326 3.514679
v -1.866224 1.256271 3.429233
v -1.778440 0.875423 2.766497
v -1.784820 1.049610 2.988851
v -1.727779 1.050605 2.836926
v -1.695696 1.509497 3.355355
v -1.355067 2.265411 3.935404
v -1.374388 2.176504 3.810604
v -1.495066 2.048624 3.809730
v -0.799602 1.893066 2.737817
v -1.582749 1.762513 3.498034
v -2.018335 1.100377 3.669976
v -2.481172 0.298226 3.992697
v -2.496989 0.011589 3.927320
v -2.463542 0.475052 4.053651
v -2.108860 0.978378 3.751295
v -1.814408 1.170014 3.196737
v -1.974523 1.107097 3.512608
v -1.889180 1.148549 3.387818
v -1.720751 0.950462 2.683489
v -1.676747 0.999282 2.558516
v -0.512760 1.039761 0.725615
v -1.618762 1.123861 2.538157
v -1.705234 1.276653 3.047918
v -1.728606 1.134230 2.946252
v -1.690399 1.396186 3.164695
v -0.845172 1.079238 0.824400
v -0.728357 1.063606 0.782049
v -0.984933 1.058616 0.884296
v -1.556228 1.550243 3.075340
v -1.544625 1.475773 2.940886
v -1.140522 1.839114 2.884389
v -1.774665 1.361477 3.335258
v -1.758554 0.800173 2.548635
v -2.029735 -0.920864 3.434394
v -2.022523 0.893701 3.503935
v -2.064859 0.750351 3.496122
v -1.279809 2.009417 3.357994
v -1.615767 2.082802 4.171349
v -1.201564 2.182649 3.575999
v -1.334868 2.165797 3.724005
v -1.199689 2.280407 3.749494
v -1.241061 2.399329 4.020373
v -1.244417 2.327136 3.882976
v -0.829765 1.743813 2.513386
v -0.771027 1.616352 2.271808
v -0.913295 1.663887 2.414793
v -1.391278 1.594426 2.821266
v -1.451326 1.595683 2.936746
v -1.427216 0.852654 1.480607
v -1.273921 1.464414 2.391408
v -1.306149 1.523123 2.560048
v -1.181481 1.649730 2.607090
v -1.289015 1.634847 2.726120
v -1.247962 1.739089 2.838529
v -1.031897 1.714362 2.577121
v -1.109710 1.593844 2.424749
v -1.399492 1.507193 2.694794
v -1.058610 2.406583 3.842180
v -1.155723 2.392417 3.906400
v 0.638306 1.537288 1.755440
v 0.465241 1.668103 2.002219
v 0.518722 1.539451 1.727807
v 0.185926 1.511455 1.630137
v 0.293055 1.515735 1.636541
v 0.308719 1.472797 1.502533
v 0.423314 1.494633 1.591691
v 0.431954 1.423628 1.406918
v 1.317865 2.065960 3.023206
v 0.466137 1.178336 0.905068
v 0.514311 1.005435 0.694199
v 0.329704 1.064076 0.696343
v 0.172613 1.094615 0.699363
v 0.277398 1.178764 0.864369
v 0.310045 1.259166 1.009007
v 0.545843 1.250922 1.055158
v 0.379657 1.361553 1.208673
v -0.541275 1.490656 1.760233
v -0.567617 1.423841 1.545175
v -0.717855 1.463537 1.730037
v -0.055869 1.385742 1.240695
v 0.078547 1.433043 1.346827
v 0.027561 1.492575 1.600072
v 0.174973 1.462153 1.434902
v 0.180869 0.717561 0.346189
v 0.413167 0.672247 0.407714
v 0.329141 0.555828 0.341652
v -0.915810 1.411081 1.703155
v -0.769956 1.409703 1.573273
v -1.061166 1.351343 1.671632
v -0.269993 1.412271 1.449514
v -0.533846 1.390962 1.439259
v -0.364925 1.462886 1.620829
v 0.185055 1.375250 1.183633
v -0.125918 1.440032 1.491111
v -0.143552 1.480202 1.609679
v 0.018002 0.737659 0.336001
v 0.061574 1.172876 0.827437
v -0.212445 2.130537 2.820953
v -0.185898 2.039194 2.650175
v -0.013656 2.605401 3.559934
v -0.314961 1.283764 1.124086
v -0.221943 1.349368 1.259946
v -0.241853 1.181185 0.898286
v -1.055893 1.232942 1.357053
v -0.406157 1.332505 1.294503
v -0.367119 1.363702 1.358826
v -0.490420 1.237807 1.084834
v -0.385466 1.185652 0.961233
v -0.550888 1.168387 0.929321
v -0.515004 1.328702 1.305767
v -0.283712 1.505932 1.748258
v -0.772861 1.246433 1.185198
v -0.716067 1.821453 2.593312
v -0.587203 1.273257 1.192850
v -0.704844 1.297538 1.272666
v -0.840480 1.299654 1.346856
v -0.743245 1.365565 1.444428
v -1.061849 1.194890 1.258702
v -0.973635 1.202752 1.194156
v -0.946890 1.138564 1.012413
v -0.350721 1.069712 0.755152
v -0.131843 1.115286 0.739302
v -1.324299 1.371686 2.305299
v -1.364739 0.921113 1.350723
v -0.225410 1.671887 2.107729
v 0.064507 1.775413 2.190349
v 0.850424 1.662693 2.112840
v 0.102307 1.983637 2.476438
v -0.027011 2.041503 2.598660
v 0.059131 2.249269 2.936957
v 0.224703 2.235568 2.886378
v -0.021947 2.139357 2.766462
v 0.358595 2.190049 2.797894
v 1.331630 2.283855 3.392363
v -0.065767 1.919031 2.424444
v 0.721964 2.806158 4.246888
v 0.664012 2.641826 3.711399
v -1.630057 0.975040 2.381416
v -0.085591 1.829502 2.294005
v -1.195680 1.235830 1.617386
v -0.221580 2.211490 2.947670
v -1.319122 1.123995 1.717799
v -1.075120 1.532610 2.253165
v -1.093047 1.760418 2.710956
v -0.938389 1.820865 2.698572
v -1.047015 1.398749 1.839572
v -1.193331 1.288323 1.799444
v -0.926495 1.561588 2.221907
v -1.515759 1.145021 2.314848
v -1.525040 1.016236 2.195957
v -1.543605 1.166336 2.404375
v -0.073671 0.847278 0.414825
v -0.330350 0.674243 0.290918
v 0.709665 2.368192 3.167954
v -0.943783 2.242157 3.458485
v -1.085836 2.265596 3.614664
v 0.037538 -1.927530 2.208769
v 2.566769 0.082630 4.983191
v 2.637083 0.205049 4.936884
v 0.551295 2.171017 2.789604
v 0.721576 -2.451155 4.187717
v 2.295604 -0.603228 5.025769
v 0.129601 -2.601502 4.309135
v -2.328464 0.992856 4.179078
v 1.111242 -2.426350 4.304958
v 1.850876 -1.536023 5.137583
v 0.869182 2.632973 5.102850
v 0.947457 2.685904 4.910894
v 0.019987 -2.497221 3.863445
v 2.683228 0.282413 4.843883
v -2.020364 1.451053 4.058535
v -2.153370 1.320523 4.178404
v 2.525898 -0.773338 4.532787
v -0.567391 -2.495427 3.920447
v -1.755221 1.912406 4.199243
v 0.014489 2.671331 3.713440
v 1.493903 2.027742 3.100454
v 1.807003 2.348683 4.394454
v 2.325466 0.709094 2.927110
v 2.014406 -1.178084 5.004438
v 1.958957 -1.411626 5.079098
v 2.330899 1.892750 4.177795
v 1.100889 2.682283 4.734306
v -1.844412 1.812625 5.461100
v 0.279309 1.987869 5.960280
v -2.399460 -0.282847 5.390758
v -1.448396 -1.597148 3.239899
v 0.030293 -2.288619 5.879422
v 1.220838 -2.380646 4.219899
v 1.794219 -1.897789 3.965354
vt 0.712782 0.383993
vt 0.728015 0.392988
vt 0.713963 0.400109
vt 0.590455 0.960194
vt 0.596644 0.947373
vt 0.600353 0.956646
vt 0.491916 0.791476
vt 0.479175 0.791227
vt 0.480581 0.779426
vt 0.470395 0.787272
vt 0.592277 0.985747
vt 0.582636 0.985519
vt 0.587826 0.976878
vt 0.685267 0.363382
vt 0.689907 0.379500
vt 0.678535 0.372751
vt 0.488206 0.777147
vt 0.487739 0.769619
vt 0.505239 0.777246
vt 0.495883 0.767407
vt 0.505713 0.769015
vt 0.690975 0.480005
vt 0.680700 0.498375
vt 0.679003 0.486921
vt 0.578793 0.966501
vt 0.572948 0.973701
vt 0.569868 0.985653
vt 0.567230 0.976032
vt 0.574356 0.959291
vt 0.460125 0.785335
vt 0.462716 0.775326
vt 0.472771 0.799162
vt 0.687486 0.347173
vt 0.675367 0.352410
vt 0.675717 0.335553
vt 0.471633 0.773572
vt 0.457325 0.776204
vt 0.670435 0.357947
vt 0.670917 0.367372
vt 0.465038 0.768416
vt 0.774532 0.383598
vt 0.784787 0.372363
vt 0.787651 0.383787
vt 0.595929 0.936371
vt 0.579452 0.933941
vt 0.593315 0.925220
vt 0.645983 0.339672
vt 0.637245 0.328058
vt 0.654990 0.327728
vt 0.634604 0.338380
vt 0.657111 0.341905
vt 0.579040 0.948122
vt 0.491758 0.808077
vt 0.501230 0.803104
vt 0.664675 0.339629
vt 0.571961 0.942398
vt 0.569183 0.950042
vt 0.567235 0.960919
vt 0.480875 0.816092
vt 0.467125 0.803287
vt 0.489112 0.814358
vt 0.476821 0.819345
vt 0.468973 0.812903
vt 0.631547 0.973081
vt 0.629401 0.964723
vt 0.642485 0.964140
vt 0.647577 0.385759
vt 0.663899 0.383281
vt 0.647927 0.393332
vt 0.658589 0.377452
vt 0.617283 0.971427
vt 0.638570 0.393809
vt 0.659746 0.394605
vt 0.604160 0.983214
vt 0.615292 0.982606
vt 0.619612 0.966566
vt 0.522709 0.777460
vt 0.520554 0.774207
vt 0.641127 0.975900
vt 0.624610 0.982475
vt 0.526961 0.797315
vt 0.521199 0.786250
vt 0.534887 0.798873
vt 0.516588 0.794925
vt 0.652586 0.969723
vt 0.529093 0.778885
vt 0.599784 0.976243
vt 0.510383 0.809091
vt 0.668217 0.364073
vt 0.612408 0.966317
vt 0.671722 0.395591
vt 0.669932 0.386734
vt 0.684747 0.390627
vt 0.665019 0.349221
vt 0.531914 0.812237
vt 0.524432 0.818729
vt 0.280135 0.174006
vt 0.264330 0.169393
vt 0.280413 0.159273
vt 0.659944 0.308654
vt 0.666945 0.322456
vt 0.653867 0.314028
vt 0.647013 0.316719
vt 0.675403 0.311201
vt 0.661412 0.298105
vt 0.669275 0.295833
vt 0.724002 0.344500
vt 0.708897 0.339753
vt 0.718916 0.330149
vt 0.724406 0.431865
vt 0.732495 0.421995
vt 0.742400 0.436419
vt 0.196582 0.368920
vt 0.211546 0.363708
vt 0.207661 0.376972
vt 0.700900 0.350651
vt 0.692212 0.335850
vt 0.765327 0.329349
vt 0.764859 0.310087
vt 0.774916 0.319269
vt 0.709639 0.355335
vt 0.720002 0.356708
vt 0.734760 0.350682
vt 0.729668 0.365383
vt 0.701772 0.368875
vt 0.711839 0.372195
vt 0.717858 0.297551
vt 0.717510 0.281534
vt 0.728741 0.287138
vt 0.748254 0.322575
vt 0.736624 0.315201
vt 0.751688 0.301710
vt 0.709952 0.317778
vt 0.725076 0.309174
vt 0.767808 0.350755
vt 0.780319 0.359375
vt 0.766683 0.368495
vt 0.736824 0.303158
vt 0.731289 0.325357
vt 0.690637 0.303125
vt 0.707746 0.304274
vt 0.694257 0.315622
vt 0.696289 0.360202
vt 0.703555 0.326847
vt 0.685342 0.326414
vt 0.765583 0.293412
vt 0.757664 0.282641
vt 0.686435 0.289415
vt 0.700800 0.292107
vt 0.693259 0.284174
vt 0.700276 0.279415
vt 0.707593 0.281706
vt 0.613235 0.913915
vt 0.608855 0.920331
vt 0.605615 0.911837
vt 0.742043 0.289028
vt 0.736674 0.274173
vt 0.254184 0.310905
vt 0.246623 0.323054
vt 0.235953 0.317052
vt 0.726617 0.377289
vt 0.639945 0.321523
vt 0.701792 0.417027
vt 0.722865 0.408357
vt 0.707686 0.425196
vt 0.724121 0.275386
vt 0.749142 0.422968
vt 0.756656 0.435449
vt 0.697817 0.403706
vt 0.753766 0.351037
vt 0.342155 0.391548
vt 0.338947 0.377669
vt 0.353128 0.391358
vt 0.757022 0.337490
vt 0.750650 0.368505
vt 0.743427 0.357299
vt 0.619085 0.905536
vt 0.608768 0.907571
vt 0.611522 0.898220
vt 0.604324 0.966481
vt 0.758616 0.381235
vt 0.668029 0.483090
vt 0.617605 0.922636
vt 0.731160 0.486631
vt 0.745941 0.481598
vt 0.744224 0.501321
vt 0.742724 0.401500
vt 0.742616 0.387771
vt 0.760406 0.394343
vt 0.762278 0.405930
vt 0.327472 0.419520
vt 0.344993 0.415520
vt 0.337827 0.426071
vt 0.739540 0.375926
vt 0.783050 0.345359
vt 0.745577 0.410584
vt 0.765862 0.417831
vt 0.636073 0.439780
vt 0.657429 0.439390
vt 0.649408 0.454577
vt 0.360270 0.362581
vt 0.367741 0.350325
vt 0.371780 0.361625
vt 0.795247 0.349689
vt 0.789346 0.330382
vt 0.777015 0.331192
vt 0.788669 0.322109
vt 0.328186 0.386659
vt 0.326541 0.377781
vt 0.579696 0.647801
vt 0.584998 0.664788
vt 0.574681 0.658980
vt 0.990307 0.142582
vt 0.984647 0.149347
vt 0.976885 0.139841
vt 0.793315 0.362565
vt 0.743340 0.335139
vt 0.779294 0.296458
vt 0.774752 0.284774
vt 0.268433 0.293356
vt 0.257890 0.286955
vt 0.269162 0.281524
vt 0.767817 0.811545
vt 0.774828 0.828732
vt 0.761059 0.822788
vt 0.343996 0.363635
vt 0.360242 0.373503
vt 0.259846 0.273528
vt 0.261424 0.259463
vt 0.274787 0.261672
vt 0.250546 0.295784
vt 0.235283 0.283968
vt 0.328402 0.366554
vt 0.319632 0.373740
vt 0.341964 0.346535
vt 0.354811 0.352153
vt 0.301719 0.251016
vt 0.287674 0.257511
vt 0.290887 0.239751
vt 0.282026 0.270673
vt 0.307509 0.238667
vt 0.329366 0.348262
vt 0.334693 0.340861
vt 0.371712 0.440715
vt 0.370320 0.426137
vt 0.382760 0.434576
vt 0.275689 0.275371
vt 0.348079 0.407394
vt 0.333882 0.406615
vt 0.269404 0.221326
vt 0.283259 0.222498
vt 0.276652 0.240982
vt 0.727860 0.445942
vt 0.708343 0.440811
vt 0.772615 0.272957
vt 0.261628 0.232319
vt 0.330086 0.394475
vt 0.767491 0.261108
vt 0.761070 0.270091
vt 0.758697 0.258814
vt 0.807677 0.820559
vt 0.805313 0.803310
vt 0.816566 0.808102
vt 0.255257 0.212554
vt 0.268840 0.207530
vt 0.631608 0.400041
vt 0.628293 0.421194
vt 0.621222 0.400131
vt 0.649424 0.416934
vt 0.655431 0.405670
vt 0.662461 0.409360
vt 0.683794 0.455408
vt 0.698061 0.462709
vt 0.679834 0.470790
vt 0.173360 0.471777
vt 0.171540 0.491400
vt 0.161650 0.482629
vt 0.676041 0.408805
vt 0.688784 0.417059
vt 0.678116 0.430375
vt 0.689979 0.430178
vt 0.669580 0.450329
vt 0.663751 0.426176
vt 0.559869 0.818846
vt 0.552117 0.804297
vt 0.562252 0.803571
vt 0.571226 0.819243
vt 0.669529 0.950442
vt 0.685827 0.947469
vt 0.671163 0.960567
vt 0.552066 0.795438
vt 0.548794 0.818984
vt 0.654184 0.959652
vt 0.545309 0.796221
vt 0.534943 0.785035
vt 0.674506 0.964202
vt 0.660255 0.970231
vt 0.375823 0.551411
vt 0.375950 0.537899
vt 0.396640 0.550027
vt 0.768924 0.432183
vt 0.643535 0.432681
vt 0.714625 0.476732
vt 0.707938 0.461322
vt 0.721474 0.469072
vt 0.570010 0.783399
vt 0.576457 0.802555
vt 0.583492 0.817291
vt 0.559728 0.787324
vt 0.565412 0.771272
vt 0.575686 0.918017
vt 0.489566 0.831716
vt 0.468535 0.818605
vt 0.538476 0.828219
vt 0.515423 0.821684
vt 0.499276 0.826886
vt 0.470296 0.860916
vt 0.475995 0.847734
vt 0.495340 0.858448
vt 0.485520 0.847013
vt 0.490297 0.867786
vt 0.582568 0.911514
vt 0.589596 0.918132
vt 0.618368 0.866772
vt 0.615378 0.865883
vt 0.620473 0.857984
vt 0.507664 0.836132
vt 0.500203 0.841074
vt 0.518557 0.846588
vt 0.493233 0.830848
vt 0.495073 0.840384
vt 0.605632 0.856384
vt 0.605281 0.868041
vt 0.481425 0.834399
vt 0.501442 0.852909
vt 0.605214 0.846278
vt 0.612815 0.841263
vt 0.616485 0.836293
vt 0.627382 0.841630
vt 0.622971 0.827896
vt 0.524008 0.834498
vt 0.563479 0.859255
vt 0.570152 0.842889
vt 0.580954 0.851356
vt 0.553054 0.841318
vt 0.550810 0.862639
vt 0.536784 0.844232
vt 0.572524 0.832831
vt 0.530886 0.856528
vt 0.534808 0.869465
vt 0.522835 0.862918
vt 0.519379 0.853064
vt 0.512419 0.859026
vt 0.510870 0.848694
vt 0.512450 0.873408
vt 0.572307 0.917729
vt 0.660504 0.847730
vt 0.642911 0.834059
vt 0.660128 0.826246
vt 0.458412 0.881904
vt 0.438433 0.894736
vt 0.435519 0.872839
vt 0.449556 0.899071
vt 0.471629 0.873330
vt 0.451273 0.863151
vt 0.488017 0.904616
vt 0.468469 0.904469
vt 0.474438 0.886315
vt 0.484936 0.877240
vt 0.644810 0.820474
vt 0.658040 0.813947
vt 0.662678 0.810978
vt 0.673948 0.818344
vt 0.672669 0.826173
vt 0.686949 0.829789
vt 0.678457 0.816789
vt 0.688771 0.825773
vt 0.443339 0.909120
vt 0.664683 0.809743
vt 0.431057 0.892312
vt 0.691537 0.840640
vt 0.681315 0.859618
vt 0.477700 0.922601
vt 0.456737 0.917597
vt 0.698561 0.842237
vt 0.641523 0.807049
vt 0.641824 0.800231
vt 0.655831 0.805619
vt 0.423475 0.880475
vt 0.629164 0.825567
vt 0.455794 0.849166
vt 0.437791 0.856919
vt 0.628021 0.812412
vt 0.631242 0.816355
vt 0.636833 0.807448
vt 0.424865 0.858181
vt 0.414997 0.863160
vt 0.618609 0.889103
vt 0.645220 0.859680
vt 0.632572 0.878441
vt 0.633417 0.895970
vt 0.637345 0.878023
vt 0.629589 0.905409
vt 0.647033 0.895493
vt 0.643112 0.881672
vt 0.651918 0.875078
vt 0.672521 0.876974
vt 0.646797 0.915803
vt 0.639947 0.915546
vt 0.655001 0.905821
vt 0.624262 0.914974
vt 0.629826 0.918041
vt 0.629157 0.913247
vt 0.209902 0.337152
vt 0.200596 0.351591
vt 0.193736 0.335699
vt 0.629072 0.925456
vt 0.643957 0.923679
vt 0.155591 0.365699
vt 0.178077 0.368661
vt 0.173688 0.379220
vt 0.654774 0.923342
vt 0.194471 0.376319
vt 0.496360 0.890256
vt 0.504433 0.886085
vt 0.536441 0.905918
vt 0.529672 0.890663
vt 0.550866 0.892603
vt 0.528195 0.918925
vt 0.508839 0.921233
vt 0.548975 0.876361
vt 0.684354 0.901129
vt 0.698560 0.886888
vt 0.698044 0.899360
vt 0.704667 0.864908
vt 0.708907 0.884707
vt 0.665415 0.889572
vt 0.663634 0.913303
vt 0.695103 0.864184
vt 0.498429 0.922059
vt 0.709115 0.858201
vt 0.711647 0.867418
vt 0.667289 0.921884
vt 0.678021 0.920463
vt 0.514684 0.891483
vt 0.504604 0.906748
vt 0.619837 0.330081
vt 0.628289 0.333213
vt 0.149254 0.374957
vt 0.163858 0.382445
vt 0.469038 0.843985
vt 0.628377 0.874690
vt 0.587857 0.909034
vt 0.576314 0.893107
vt 0.573638 0.902167
vt 0.560463 0.894879
vt 0.575910 0.907635
vt 0.565208 0.905428
vt 0.564269 0.883818
vt 0.437840 0.931029
vt 0.433439 0.940435
vt 0.427533 0.929701
vt 0.790629 0.575058
vt 0.804229 0.580491
vt 0.792889 0.583174
vt 0.555560 0.904933
vt 0.808249 0.570946
vt 0.446888 0.934814
vt 0.423666 0.942176
vt 0.542940 0.912337
vt 0.427877 0.943137
vt 0.780204 0.568106
vt 0.793059 0.558308
vt 0.863697 0.887926
vt 0.875423 0.883382
vt 0.881303 0.895142
vt 0.862108 0.879896
vt 0.863089 0.866486
vt 0.870514 0.872277
vt 0.130905 0.389297
vt 0.130219 0.375731
vt 0.139838 0.388918
vt 0.433678 0.963606
vt 0.434485 0.958404
vt 0.444599 0.967394
vt 0.459902 0.951287
vt 0.446498 0.955589
vt 0.461346 0.967389
vt 0.426428 0.952064
vt 0.699725 0.911234
vt 0.695052 0.913856
vt 0.985938 0.804873
vt 0.981448 0.807336
vt 0.976821 0.802037
vt 0.988307 0.800088
vt 0.989668 0.824670
vt 0.978496 0.826306
vt 0.993135 0.812765
vt 0.583271 0.883833
vt 0.565610 0.869089
vt 0.580459 0.867448
vt 0.969438 0.819204
vt 0.964413 0.812171
vt 0.982823 0.842697
vt 0.994565 0.842900
vt 0.874127 0.908468
vt 0.889481 0.907627
vt 0.142220 0.336716
vt 0.136414 0.348687
vt 0.138145 0.328711
vt 0.114424 0.332596
vt 0.863320 0.906515
vt 0.880794 0.916193
vt 0.122696 0.349502
vt 0.130020 0.367443
vt 0.468708 0.977497
vt 0.459639 0.979580
vt 0.892425 0.902446
vt 0.149452 0.349258
vt 0.597372 0.853080
vt 0.593123 0.833598
vt 0.590950 0.866203
vt 0.964895 0.831630
vt 0.964251 0.845683
vt 0.176131 0.357828
vt 0.165184 0.353673
vt 0.174979 0.344907
vt 0.218618 0.376916
vt 0.185460 0.353722
vt 0.152427 0.337807
vt 0.160026 0.326824
vt 0.212592 0.325320
vt 0.198170 0.319653
vt 0.094620 0.316306
vt 0.095098 0.307681
vt 0.108382 0.317925
vt 0.216790 0.239914
vt 0.230119 0.246783
vt 0.213595 0.254793
vt 0.155410 0.351460
vt 0.219174 0.216888
vt 0.215866 0.229918
vt 0.196244 0.223301
vt 0.232630 0.232411
vt 0.259302 0.198372
vt 0.273785 0.195622
vt 0.227983 0.206395
vt 0.220006 0.266925
vt 0.243585 0.274733
vt 0.231700 0.258388
vt 0.219930 0.308668
vt 0.207646 0.312882
vt 0.208545 0.297704
vt 0.233129 0.353113
vt 0.227570 0.360110
vt 0.219880 0.349624
vt 0.190902 0.307018
vt 0.184816 0.322585
vt 0.228394 0.338774
vt 0.746988 0.273492
vt 0.158175 0.314361
vt 0.221681 0.368217
vt 0.246671 0.260300
vt 0.258854 0.245961
vt 0.224619 0.323455
vt 0.225712 0.296158
vt 0.214138 0.280209
vt 0.163503 0.338816
vt 0.189621 0.295763
vt 0.187564 0.252277
vt 0.171024 0.253503
vt 0.173063 0.237825
vt 0.185208 0.269909
vt 0.184491 0.284269
vt 0.173810 0.276090
vt 0.161099 0.276736
vt 0.169800 0.295265
vt 0.153968 0.290029
vt 0.199562 0.265801
vt 0.242738 0.246982
vt 0.244623 0.226088
vt 0.173474 0.312078
vt 0.176138 0.331418
vt 0.151788 0.301973
vt 0.139376 0.303602
vt 0.148601 0.272325
vt 0.199136 0.284036
vt 0.199549 0.242818
vt 0.121362 0.310445
vt 0.129403 0.302969
vt 0.124193 0.322109
vt 0.132785 0.288512
vt 0.136915 0.274006
vt 0.173939 0.223680
vt 0.187420 0.210645
vt 0.184826 0.230609
vt 0.060806 0.408289
vt 0.059858 0.391598
vt 0.076953 0.393292
vt 0.727927 0.267030
vt 0.156556 0.258505
vt 0.239299 0.190593
vt 0.219812 0.189208
vt 0.139322 0.316751
vt 0.258534 0.181054
vt 0.249938 0.163405
vt 0.210476 0.205851
vt 0.235693 0.166778
vt 0.244784 0.178666
vt 0.196291 0.201735
vt 0.184769 0.181491
vt 0.199929 0.187942
vt 0.184584 0.193897
vt 0.170779 0.191329
vt 0.175728 0.207190
vt 0.196789 0.173548
vt 0.218640 0.098259
vt 0.233460 0.092644
vt 0.237842 0.100958
vt 0.229607 0.180939
vt 0.218802 0.169719
vt 0.191129 0.159426
vt 0.183827 0.164768
vt 0.172822 0.169252
vt 0.164314 0.157372
vt 0.177380 0.156473
vt 0.089636 0.404098
vt 0.076313 0.406552
vt 0.973045 0.788451
vt 0.982084 0.776614
vt 0.994911 0.783088
vt 0.964816 0.785842
vt 0.953243 0.786351
vt 0.952829 0.802848
vt 0.950722 0.820101
vt 0.944149 0.811547
vt 0.127127 0.448633
vt 0.137645 0.457801
vt 0.130801 0.464680
vt 0.739885 0.262650
vt 0.238843 0.302835
vt 0.239838 0.347769
vt 0.262533 0.300180
vt 0.676933 0.292089
vt 0.777302 0.403037
vt 0.701654 0.390329
vt 0.705154 0.899097
vt 0.152638 0.388588
vt 0.688351 0.917577
vt 0.710519 0.899607
vt 0.237768 0.334576
vt 0.849975 0.561023
vt 0.858161 0.570242
vt 0.841465 0.569354
vt 0.826326 0.595985
vt 0.826386 0.583144
vt 0.841938 0.589879
vt 0.849601 0.581884
vt 0.827453 0.555620
vt 0.825111 0.567763
vt 0.808913 0.552357
vt 0.875141 0.587013
vt 0.864864 0.596556
vt 0.863719 0.582230
vt 0.875320 0.595791
vt 0.406117 0.032506
vt 0.414851 0.022028
vt 0.416102 0.034513
vt 0.890599 0.584830
vt 0.890991 0.592485
vt 0.392245 0.063896
vt 0.403093 0.063404
vt 0.394443 0.072752
vt 0.900727 0.586763
vt 0.900466 0.581908
vt 0.399504 0.042125
vt 0.410572 0.048068
vt 0.887949 0.574699
vt 0.894762 0.565301
vt 0.908726 0.577932
vt 0.905582 0.563931
vt 0.916203 0.564359
vt 0.921262 0.566752
vt 0.908870 0.581244
vt 0.377793 0.068565
vt 0.377099 0.086105
vt 0.370477 0.013007
vt 0.383842 0.010359
vt 0.385534 0.014624
vt 0.387565 0.042784
vt 0.390148 0.028918
vt 0.877637 0.570723
vt 0.394105 0.023936
vt 0.381245 0.025418
vt 0.873905 0.557276
vt 0.375092 0.030897
vt 0.398486 0.020413
vt 0.886273 0.558899
vt 0.368609 0.053179
vt 0.406923 0.006872
vt 0.852869 0.600001
vt 0.843935 0.607875
vt 0.835249 0.601020
vt 0.084436 0.318264
vt 0.070918 0.315569
vt 0.075482 0.328474
vt 0.098087 0.331539
vt 0.086831 0.332589
vt 0.106327 0.271001
vt 0.098823 0.283915
vt 0.088628 0.279169
vt 0.393978 0.010301
vt 0.403810 0.022803
vt 0.052791 0.317863
vt 0.055495 0.303421
vt 0.041519 0.366077
vt 0.053730 0.350943
vt 0.057085 0.370182
vt 0.060844 0.336856
vt 0.061926 0.291977
vt 0.072470 0.297190
vt 0.861467 0.956457
vt 0.858905 0.945354
vt 0.875252 0.946729
vt 0.085260 0.330644
vt 0.070997 0.337942
vt 0.902681 0.960270
vt 0.908895 0.974024
vt 0.895150 0.979660
vt 0.877215 0.962772
vt 0.511111 0.945673
vt 0.526444 0.969363
vt 0.516267 0.963853
vt 0.531033 0.955576
vt 0.539985 0.963344
vt 0.538637 0.975157
vt 0.902934 0.980991
vt 0.892845 0.983081
vt 0.551668 0.975133
vt 0.553698 0.980080
vt 0.534398 0.982999
vt 0.547599 0.981236
vt 0.536149 0.983852
vt 0.511483 0.974949
vt 0.519008 0.984572
vt 0.921106 0.981059
vt 0.916712 0.966968
vt 0.921682 0.976666
vt 0.498882 0.953052
vt 0.883088 0.980280
vt 0.526446 0.945975
vt 0.867343 0.964557
vt 0.516751 0.936571
vt 0.506419 0.931838
vt 0.918762 0.982690
vt 0.478048 0.952205
vt 0.499208 0.965302
vt 0.478619 0.966716
vt 0.493540 0.937044
vt 0.479825 0.936274
vt 0.884154 0.930345
vt 0.898215 0.942823
vt 0.497913 0.975923
vt 0.493546 0.982924
vt 0.904534 0.939421
vt 0.863061 0.935229
vt 0.858907 0.922300
vt 0.910446 0.951958
vt 0.505525 0.986227
vt 0.483316 0.982810
vt 0.895341 0.921643
vt 0.489797 0.985255
vt 0.459466 0.937853
vt 0.417238 0.041555
vt 0.860333 0.974606
vt 0.863151 0.969877
vt 0.869159 0.978154
vt 0.469270 0.938645
vt 0.091083 0.661854
vt 0.082422 0.654623
vt 0.093701 0.642941
vt 0.050067 0.279443
vt 0.054548 0.266581
vt 0.064040 0.278307
vt 0.045622 0.294529
vt 0.114990 0.300598
vt 0.112676 0.283316
vt 0.122918 0.275620
vt 0.078592 0.269790
vt 0.066971 0.263171
vt 0.077920 0.286262
vt 0.154557 0.230701
vt 0.126218 0.261901
vt 0.139195 0.255060
vt 0.154201 0.243821
vt 0.138557 0.242282
vt 0.154376 0.213984
vt 0.142527 0.213875
vt 0.047674 0.407047
vt 0.051693 0.425674
vt 0.091962 0.262063
vt 0.099426 0.246485
vt 0.108022 0.256251
vt 0.114006 0.241005
vt 0.134749 0.230772
vt 0.126417 0.244586
vt 0.087895 0.224534
vt 0.100139 0.227544
vt 0.088250 0.242451
vt 0.052981 0.245828
vt 0.095365 0.190262
vt 0.082461 0.202896
vt 0.082851 0.184823
vt 0.038564 0.274477
vt 0.076385 0.230889
vt 0.065651 0.194772
vt 0.070474 0.207137
vt 0.078275 0.216933
vt 0.142900 0.197880
vt 0.114406 0.206575
vt 0.095899 0.212607
vt 0.102284 0.203276
vt 0.127689 0.214781
vt 0.132950 0.199670
vt 0.105385 0.419751
vt 0.097430 0.426908
vt 0.099749 0.406720
vt 0.063800 0.234092
vt 0.065464 0.219262
vt 0.210791 0.109331
vt 0.193401 0.114793
vt 0.195951 0.095531
vt 0.119704 0.190445
vt 0.108155 0.193214
vt 0.118388 0.127665
vt 0.108477 0.129060
vt 0.113295 0.111831
vt 0.114565 0.153715
vt 0.108523 0.141747
vt 0.124104 0.135953
vt 0.114744 0.179857
vt 0.126661 0.179299
vt 0.154366 0.154734
vt 0.153385 0.170747
vt 0.140614 0.160672
vt 0.129421 0.080151
vt 0.117952 0.076185
vt 0.127211 0.066104
vt 0.142388 0.171390
vt 0.145024 0.136743
vt 0.129226 0.147550
vt 0.093123 0.172245
vt 0.107886 0.172253
vt 0.076725 0.169787
vt 0.083006 0.155930
vt 0.066865 0.126392
vt 0.065624 0.108765
vt 0.074495 0.114698
vt 0.122430 0.160854
vt 0.129404 0.168741
vt 0.103832 0.160432
vt 0.160290 0.179729
vt 0.148883 0.188596
vt 0.068560 0.246164
vt 0.135842 0.182707
vt 0.142093 0.148375
vt 0.152786 0.145773
vt 0.050096 0.225786
vt 0.050738 0.211969
vt 0.097385 0.125790
vt 0.099967 0.105057
vt 0.060276 0.164947
vt 0.067290 0.151358
vt 0.068704 0.181231
vt 0.133932 0.126677
vt 0.142906 0.128384
vt 0.129513 0.092308
vt 0.114823 0.095618
vt 0.849480 0.542923
vt 0.839427 0.551479
vt 0.828933 0.540780
vt 0.846518 0.525731
vt 0.826577 0.526984
vt 0.794164 0.526703
vt 0.801319 0.522442
vt 0.800528 0.537373
vt 0.809373 0.527535
vt 0.823025 0.548710
vt 0.821759 0.493887
vt 0.817360 0.511767
vt 0.804906 0.500225
vt 0.819091 0.518563
vt 0.843581 0.513841
vt 0.833377 0.492597
vt 0.799010 0.513102
vt 0.941213 0.760741
vt 0.951409 0.761688
vt 0.795133 0.504575
vt 0.365157 0.751616
vt 0.356439 0.747381
vt 0.376369 0.743917
vt 0.804102 0.492563
vt 0.821069 0.485995
vt 0.382730 0.738291
vt 0.367772 0.737934
vt 0.790902 0.493460
vt 0.352430 0.752554
vt 0.788803 0.501624
vt 0.933547 0.764074
vt 0.929171 0.772362
vt 0.859163 0.527450
vt 0.861160 0.553734
vt 0.912627 0.554779
vt 0.899527 0.559652
vt 0.921878 0.560377
vt 0.902134 0.537928
vt 0.899175 0.549387
vt 0.887663 0.549661
vt 0.909531 0.540220
vt 0.864453 0.546023
vt 0.874255 0.543664
vt 0.048311 0.376584
vt 0.042102 0.392122
vt 0.364844 0.067838
vt 0.370645 0.082549
vt 0.352687 0.073150
vt 0.913745 0.544594
vt 0.071993 0.371294
vt 0.059326 0.380500
vt 0.079370 0.370691
vt 0.067589 0.356368
vt 0.360525 0.018884
vt 0.353799 0.049956
vt 0.347297 0.020442
vt 0.351344 0.013207
vt 0.889491 0.539146
vt 0.852028 0.500569
vt 0.865592 0.514938
vt 0.897687 0.525527
vt 0.903783 0.530705
vt 0.336331 0.067767
vt 0.330333 0.062838
vt 0.330673 0.060585
vt 0.319253 0.056243
vt 0.316055 0.050840
vt 0.878840 0.530355
vt 0.885969 0.517734
vt 0.874828 0.518056
vt 0.879963 0.507647
vt 0.879362 0.517397
vt 0.897926 0.494614
vt 0.895634 0.483996
vt 0.902056 0.487208
vt 0.344575 0.066261
vt 0.344841 0.074496
vt 0.338555 0.047242
vt 0.885201 0.498575
vt 0.330232 0.037376
vt 0.321826 0.041761
vt 0.876953 0.495853
vt 0.324635 0.020206
vt 0.339077 0.011851
vt 0.334562 0.035906
vt 0.332992 0.050054
vt 0.326545 0.011029
vt 0.102693 0.393532
vt 0.089314 0.378624
vt 0.860304 0.489320
vt 0.090906 0.373938
vt 0.099423 0.382310
vt 0.083610 0.419394
vt 0.029321 0.264962
vt 0.025450 0.273225
vt 0.409719 0.668970
vt 0.425576 0.675736
vt 0.415991 0.693080
vt 0.431272 0.688646
vt 0.624298 0.361107
vt 0.616125 0.353335
vt 0.631454 0.349943
vt 0.433850 0.666155
vt 0.434313 0.681637
vt 0.429649 0.699310
vt 0.619962 0.344776
vt 0.605984 0.344806
vt 0.293360 0.083760
vt 0.286621 0.078373
vt 0.300382 0.068481
vt 0.288229 0.065843
vt 0.913114 0.429238
vt 0.908285 0.442983
vt 0.894961 0.432436
vt 0.921937 0.433521
vt 0.920777 0.444343
vt 0.424954 0.704871
vt 0.417472 0.719122
vt 0.412341 0.710162
vt 0.587884 0.347879
vt 0.580212 0.357254
vt 0.577348 0.349398
vt 0.285288 0.061456
vt 0.286913 0.059166
vt 0.603257 0.373880
vt 0.598662 0.356259
vt 0.613611 0.368162
vt 0.588642 0.367838
vt 0.396110 0.698315
vt 0.391167 0.711165
vt 0.396789 0.723217
vt 0.385052 0.718609
vt 0.406700 0.729022
vt 0.379113 0.727165
vt 0.405454 0.682615
vt 0.598004 0.346540
vt 0.396717 0.735852
vt 0.573787 0.351463
vt 0.550021 0.381994
vt 0.545231 0.369693
vt 0.566936 0.376292
vt 0.575756 0.377958
vt 0.566149 0.366077
vt 0.895908 0.452618
vt 0.912022 0.465229
vt 0.316650 0.053230
vt 0.321088 0.066464
vt 0.918507 0.455203
vt 0.312906 0.075736
vt 0.303323 0.080839
vt 0.886931 0.471665
vt 0.861208 0.476771
vt 0.312204 0.040004
vt 0.297109 0.054483
vt 0.892722 0.445995
vt 0.874644 0.465541
vt 0.306259 0.022783
vt 0.293374 0.034468
vt 0.287144 0.054870
vt 0.891657 0.431439
vt 0.871713 0.453607
vt 0.536288 0.378518
vt 0.529076 0.358081
vt 0.111790 0.391525
vt 0.120067 0.395267
vt 0.123028 0.401118
vt 0.530769 0.381112
vt 0.524392 0.371249
vt 0.130557 0.403510
vt 0.290030 0.012237
vt 0.302564 0.009910
vt 0.291870 0.005238
vt 0.311192 0.012356
vt 0.520955 0.355110
vt 0.842984 0.491436
vt 0.280974 0.032580
vt 0.281173 0.023306
vt 0.833258 0.451316
vt 0.838884 0.469994
vt 0.818494 0.461709
vt 0.824473 0.472034
vt 0.859322 0.436751
vt 0.852606 0.456526
vt 0.847317 0.438522
vt 0.826393 0.480778
vt 0.560244 0.360606
vt 0.562491 0.351604
vt 0.888393 0.428999
vt 0.869435 0.433706
vt 0.391639 0.741467
vt 0.390050 0.752047
vt 0.382532 0.750662
vt 0.139462 0.432325
vt 0.129276 0.429290
vt 0.139992 0.417488
vt 0.534883 0.403925
vt 0.071858 0.417724
vt 0.113961 0.430858
vt 0.170892 0.457830
vt 0.155228 0.463382
vt 0.079077 0.435157
vt 0.123579 0.412012
vt 0.141560 0.473377
vt 0.144897 0.484948
vt 0.149273 0.494089
vt 0.140748 0.450528
vt 0.119133 0.442684
vt 0.134203 0.555453
vt 0.120618 0.562252
vt 0.124462 0.541730
vt 0.187936 0.467178
vt 0.188416 0.488118
vt 0.085261 0.451099
vt 0.090014 0.437227
vt 0.097460 0.447152
vt 0.109228 0.455839
vt 0.107982 0.441782
vt 0.208071 0.473434
vt 0.205063 0.457797
vt 0.213770 0.466685
vt 0.119847 0.473635
vt 0.113354 0.465391
vt 0.380386 0.699256
vt 0.383737 0.708061
vt 0.417909 0.666479
vt 0.389851 0.688042
vt 0.564969 0.384953
vt 0.562034 0.392000
vt 0.556446 0.387711
vt 0.542502 0.408742
vt 0.198299 0.477073
vt 0.153177 0.423771
vt 0.151233 0.448021
vt 0.162546 0.573430
vt 0.161849 0.588588
vt 0.150650 0.585597
vt 0.040696 0.232326
vt 0.039239 0.247158
vt 0.083469 0.128408
vt 0.086600 0.116755
vt 0.072423 0.059190
vt 0.093158 0.069860
vt 0.082077 0.077251
vt 0.043059 0.195183
vt 0.046249 0.175127
vt 0.056290 0.180315
vt 0.104042 0.546513
vt 0.114614 0.544860
vt 0.027045 0.251124
vt 0.020116 0.243518
vt 0.026593 0.235547
vt 0.019673 0.447445
vt 0.014732 0.432166
vt 0.028114 0.436951
vt 0.628432 0.214270
vt 0.640951 0.197906
vt 0.639284 0.207504
vt 0.040345 0.259130
vt 0.017861 0.423594
vt 0.025674 0.420067
vt 0.033649 0.290391
vt 0.026050 0.280608
vt 0.047968 0.145483
vt 0.040632 0.162794
vt 0.031995 0.150458
vt 0.056204 0.472511
vt 0.054561 0.451642
vt 0.069540 0.452335
vt 0.030998 0.462425
vt 0.041915 0.444479
vt 0.045662 0.467308
vt 0.036324 0.423487
vt 0.020621 0.497476
vt 0.037572 0.484193
vt 0.034224 0.502486
vt 0.066090 0.470681
vt 0.079418 0.464095
vt 0.049776 0.499130
vt 0.085497 0.546086
vt 0.087279 0.557849
vt 0.092038 0.466014
vt 0.082272 0.480001
vt 0.056315 0.487999
vt 0.066092 0.522794
vt 0.074668 0.533608
vt 0.056355 0.529933
vt 0.093742 0.511204
vt 0.093049 0.497030
vt 0.109133 0.501434
vt 0.149480 0.549185
vt 0.138709 0.563604
vt 0.094136 0.528863
vt 0.149214 0.610598
vt 0.158117 0.622028
vt 0.142486 0.628232
vt 0.070941 0.548929
vt 0.077756 0.505151
vt 0.081097 0.497685
vt 0.078919 0.518661
vt 0.064856 0.507240
vt 0.105444 0.523323
vt 0.151537 0.567709
vt 0.163199 0.558273
vt 0.124961 0.596045
vt 0.129752 0.609203
vt 0.110137 0.610591
vt 0.098949 0.488673
vt 0.093283 0.477298
vt 0.009558 0.503461
vt 0.018446 0.512494
vt 0.069252 0.487910
vt 0.042712 0.523223
vt 0.026312 0.524161
vt 0.036048 0.514750
vt 0.014183 0.526887
vt 0.051048 0.510387
vt 0.021219 0.134132
vt 0.043151 0.133290
vt 0.038974 0.560653
vt 0.028205 0.566502
vt 0.028125 0.547135
vt 0.012225 0.476418
vt 0.010239 0.490462
vt 0.006796 0.484777
vt 0.022340 0.477399
vt 0.032582 0.063927
vt 0.018358 0.050568
vt 0.031541 0.048404
vt 0.019908 0.223764
vt 0.034715 0.219771
vt 0.126897 0.484009
vt 0.038761 0.575017
vt 0.048497 0.112685
vt 0.105053 0.478812
vt 0.062667 0.581198
vt 0.064213 0.563576
vt 0.075613 0.577002
vt 0.020813 0.204337
vt 0.021901 0.191134
vt 0.033221 0.206789
vt 0.098861 0.086575
vt 0.107294 0.080328
vt 0.027668 0.184652
vt 0.028626 0.170569
vt 0.048835 0.123843
vt 0.057613 0.599115
vt 0.045774 0.590316
vt 0.033408 0.596562
vt 0.043178 0.609449
vt 0.033915 0.104002
vt 0.044821 0.089655
vt 0.053297 0.100807
vt 0.048257 0.074728
vt 0.024503 0.075660
vt 0.034139 0.086137
vt 0.073625 0.095250
vt 0.064378 0.089919
vt 0.080269 0.104535
vt 0.053432 0.572086
vt 0.018333 0.110072
vt 0.031818 0.122958
vt 0.022327 0.095909
vt 0.018764 0.084644
vt 0.041894 0.545315
vt 0.053582 0.555359
vt 0.018915 0.556266
vt 0.017167 0.538144
vt 0.009994 0.076667
vt 0.011970 0.095396
vt 0.008981 0.110646
vt 0.012582 0.122960
vt 0.003818 0.117180
vt 0.031353 0.533829
vt 0.017936 0.152036
vt 0.008489 0.158063
vt 0.007313 0.149496
vt 0.010203 0.516702
vt 0.025110 0.593500
vt 0.026127 0.578835
vt 0.060338 0.134720
vt 0.059734 0.439732
vt 0.016400 0.465241
vt 0.113240 0.489428
vt 0.014768 0.173232
vt 0.055084 0.201540
vt 0.068549 0.595254
vt 0.038428 0.618024
vt 0.054020 0.623639
vt 0.041701 0.625735
vt 0.033406 0.409296
vt 0.064426 0.610254
vt 0.076969 0.603907
vt 0.083770 0.299885
vt 0.100529 0.294976
vt 0.045369 0.308441
vt 0.076860 0.256420
vt 0.037900 0.376998
vt 0.037767 0.302822
vt 0.005702 0.140380
vt 0.017456 0.563414
vt 0.036355 0.399176
vt 0.091023 0.138431
vt 0.094011 0.147571
vt 0.075298 0.140806
vt 0.065073 0.427995
vt 0.123348 0.495319
vt 0.944551 0.458831
vt 0.945581 0.451700
vt 0.959552 0.445237
vt 0.930791 0.331167
vt 0.915945 0.336023
vt 0.924015 0.326149
vt 0.875808 0.324745
vt 0.870679 0.317736
vt 0.889908 0.318550
vt 0.890811 0.335049
vt 0.907563 0.322377
vt 0.901044 0.346200
vt 0.871713 0.345025
vt 0.968603 0.450450
vt 0.977434 0.442242
vt 0.958705 0.453579
vt 0.981584 0.447614
vt 0.858243 0.322755
vt 0.995866 0.445748
vt 0.625396 0.430060
vt 0.886638 0.349335
vt 0.662198 0.467251
vt 0.695755 0.444915
vt 0.685279 0.445150
vt 0.712807 0.454111
vt 0.703856 0.474162
vt 0.328196 0.433301
vt 0.332495 0.451756
vt 0.323456 0.441888
vt 0.845815 0.324787
vt 0.838055 0.332725
vt 0.859617 0.333310
vt 0.839292 0.343939
vt 0.852948 0.351223
vt 0.884190 0.362370
vt 0.732519 0.459269
vt 0.746377 0.452336
vt 0.747338 0.468779
vt 0.718401 0.497145
vt 0.703997 0.506832
vt 0.709352 0.489519
vt 0.370007 0.603383
vt 0.353128 0.607658
vt 0.362800 0.593833
vt 0.954290 0.467377
vt 0.651347 0.460020
vt 0.654355 0.472329
vt 0.849144 0.367357
vt 0.836097 0.361572
vt 0.937161 0.493726
vt 0.919592 0.480087
vt 0.935084 0.473720
vt 0.930682 0.362331
vt 0.907525 0.361498
vt 0.919807 0.352035
vt 0.940358 0.353424
vt 0.942516 0.487141
vt 0.656405 0.496209
vt 0.921445 0.476178
vt 0.939003 0.456618
vt 0.950558 0.350779
vt 0.666697 0.494059
vt 0.948799 0.383038
vt 0.945552 0.386680
vt 0.939399 0.377157
vt 0.959591 0.370210
vt 0.947665 0.366422
vt 0.912820 0.492190
vt 0.924875 0.503523
vt 0.953286 0.356608
vt 0.912844 0.506149
vt 0.913910 0.510720
vt 0.944157 0.495900
vt 0.664816 0.510718
vt 0.649285 0.504605
vt 0.638780 0.518468
vt 0.640726 0.502332
vt 0.941305 0.516143
vt 0.925344 0.523987
vt 0.920613 0.527280
vt 0.931298 0.523296
vt 0.629474 0.500240
vt 0.949525 0.511292
vt 0.955760 0.509606
vt 0.951872 0.504419
vt 0.927422 0.387178
vt 0.934073 0.395029
vt 0.917704 0.375125
vt 0.902336 0.375333
vt 0.645468 0.533083
vt 0.649129 0.519935
vt 0.661566 0.528676
vt 0.734713 0.473392
vt 0.732390 0.506870
vt 0.717836 0.513617
vt 0.696510 0.492533
vt 0.690396 0.512228
vt 0.704381 0.523221
vt 0.709373 0.553849
vt 0.708139 0.538487
vt 0.721637 0.544070
vt 0.012187 0.784946
vt 0.012531 0.797244
vt 0.004585 0.801729
vt 0.025522 0.792648
vt 0.019985 0.799322
vt 0.976919 0.700327
vt 0.969476 0.687104
vt 0.988100 0.683546
vt 0.992776 0.690112
vt 0.987552 0.705740
vt 0.991651 0.717821
vt 0.984307 0.723466
vt 0.941718 0.530756
vt 0.042571 0.789375
vt 0.035551 0.799742
vt 0.995631 0.705209
vt 0.952749 0.531553
vt 0.948028 0.540710
vt 0.940696 0.553031
vt 0.922593 0.531278
vt 0.935159 0.542867
vt 0.898165 0.394052
vt 0.993964 0.683004
vt 0.951442 0.520127
vt 0.958110 0.514895
vt 0.024318 0.780279
vt 0.629112 0.525078
vt 0.623574 0.505606
vt 0.922467 0.400157
vt 0.920012 0.397278
vt 0.898111 0.404804
vt 0.901058 0.406238
vt 0.928014 0.401581
vt 0.983363 0.661695
vt 0.992545 0.672747
vt 0.983173 0.670038
vt 0.992618 0.662315
vt 0.974873 0.669035
vt 0.983987 0.650934
vt 0.977483 0.654115
vt 0.861385 0.384221
vt 0.875333 0.376280
vt 0.868324 0.369157
vt 0.985590 0.552659
vt 0.986008 0.571088
vt 0.967255 0.549385
vt 0.961278 0.537647
vt 0.971319 0.542543
vt 0.950536 0.558344
vt 0.952671 0.563655
vt 0.892611 0.386893
vt 0.876537 0.392997
vt 0.885318 0.407163
vt 0.869647 0.403552
vt 0.968688 0.565996
vt 0.967246 0.570725
vt 0.979844 0.644147
vt 0.832271 0.382384
vt 0.836914 0.376003
vt 0.844940 0.389793
vt 0.852416 0.396115
vt 0.965210 0.639340
vt 0.976983 0.633056
vt 0.991295 0.558363
vt 0.963856 0.689738
vt 0.961552 0.667820
vt 0.967085 0.671479
vt 0.950901 0.688182
vt 0.967269 0.654733
vt 0.955281 0.653810
vt 0.946636 0.662200
vt 0.959561 0.704552
vt 0.968058 0.707881
vt 0.044318 0.784227
vt 0.974235 0.721086
vt 0.027654 0.762018
vt 0.016996 0.772350
vt 0.009732 0.769201
vt 0.015409 0.752862
vt 0.956245 0.718560
vt 0.633431 0.537036
vt 0.044891 0.776608
vt 0.040829 0.767568
vt 0.651157 0.547249
vt 0.635554 0.544830
vt 0.977069 0.734486
vt 0.982115 0.728848
vt 0.049523 0.768536
vt 0.638240 0.553517
vt 0.678018 0.594374
vt 0.669631 0.591372
vt 0.671434 0.582048
vt 0.621564 0.556147
vt 0.637973 0.564320
vt 0.033283 0.754614
vt 0.515757 0.067956
vt 0.529639 0.067044
vt 0.520506 0.085325
vt 0.006718 0.762377
vt 0.024124 0.744284
vt 0.949253 0.716261
vt 0.937795 0.730720
vt 0.944185 0.705483
vt 0.931753 0.713046
vt 0.647372 0.578079
vt 0.634760 0.579033
vt 0.629346 0.569804
vt 0.620040 0.566903
vt 0.044681 0.739244
vt 0.049522 0.741924
vt 0.923940 0.627414
vt 0.917633 0.650066
vt 0.910691 0.632421
vt 0.935653 0.635324
vt 0.936578 0.657967
vt 0.947957 0.639477
vt 0.903603 0.647055
vt 0.928881 0.672961
vt 0.918606 0.674389
vt 0.906794 0.668629
vt 0.940520 0.674818
vt 0.523076 0.041450
vt 0.516917 0.032930
vt 0.526654 0.036959
vt 0.934446 0.695727
vt 0.922266 0.687860
vt 0.918705 0.708631
vt 0.911870 0.697516
vt 0.905650 0.689183
vt 0.722322 0.527020
vt 0.532936 0.038539
vt 0.534371 0.048681
vt 0.493858 0.032329
vt 0.486808 0.014954
vt 0.505365 0.032581
vt 0.494442 0.018842
vt 0.503486 0.026680
vt 0.485215 0.009236
vt 0.431131 0.065756
vt 0.415558 0.073881
vt 0.417394 0.062008
vt 0.028679 0.681817
vt 0.029181 0.699251
vt 0.022254 0.685954
vt 0.488635 0.048450
vt 0.506040 0.050280
vt 0.666300 0.564728
vt 0.658404 0.578229
vt 0.650311 0.559483
vt 0.043379 0.704740
vt 0.051820 0.689762
vt 0.060140 0.706868
vt 0.043224 0.726351
vt 0.051019 0.717017
vt 0.049955 0.729407
vt 0.035790 0.720982
vt 0.033434 0.709201
vt 0.453439 0.051576
vt 0.443788 0.039450
vt 0.453578 0.035211
vt 0.925851 0.728351
vt 0.912591 0.724272
vt 0.905584 0.713526
vt 0.063242 0.690625
vt 0.900314 0.724636
vt 0.896072 0.707731
vt 0.932595 0.738456
vt 0.929608 0.736121
vt 0.031462 0.730106
vt 0.028220 0.736184
vt 0.054966 0.733462
vt 0.057667 0.736931
vt 0.889188 0.644428
vt 0.899302 0.631890
vt 0.352503 0.921945
vt 0.336236 0.930330
vt 0.343902 0.921467
vt 0.359667 0.918512
vt 0.297400 0.393277
vt 0.308966 0.377217
vt 0.309164 0.396333
vt 0.338370 0.959986
vt 0.321591 0.949390
vt 0.328886 0.939768
vt 0.345845 0.948166
vt 0.307395 0.940734
vt 0.323005 0.927369
vt 0.310652 0.399569
vt 0.300513 0.407987
vt 0.340534 0.921022
vt 0.889935 0.626346
vt 0.889532 0.667565
vt 0.305494 0.429548
vt 0.293213 0.415649
vt 0.305402 0.415735
vt 0.879274 0.662377
vt 0.878016 0.674117
vt 0.811960 0.027917
vt 0.820857 0.015083
vt 0.821661 0.020149
vt 0.819735 0.027014
vt 0.023885 0.647007
vt 0.024508 0.640712
vt 0.031125 0.643624
vt 0.815308 0.034535
vt 0.040730 0.654834
vt 0.041367 0.648396
vt 0.044955 0.652903
vt 0.824427 0.014798
vt 0.821022 0.011162
vt 0.830234 0.011377
vt 0.004686 0.645876
vt 0.024294 0.658796
vt 0.833426 0.019221
vt 0.843109 0.030020
vt 0.852082 0.024300
vt 0.839502 0.010056
vt 0.862525 0.017458
vt 0.012523 0.668548
vt 0.839282 0.004507
vt 0.851020 0.004944
vt 0.028980 0.671621
vt 0.018922 0.679642
vt 0.889616 0.700422
vt 0.887899 0.684190
vt 0.050457 0.662753
vt 0.876090 0.679209
vt 0.884167 0.696324
vt 0.475381 0.022061
vt 0.470915 0.043181
vt 0.464707 0.027098
vt 0.482880 0.035284
vt 0.479254 0.004777
vt 0.856900 0.005557
vt 0.868273 0.030921
vt 0.457331 0.023553
vt 0.470565 0.011595
vt 0.878059 0.023593
vt 0.865275 0.012890
vt 0.877994 0.033313
vt 0.043755 0.672777
vt 0.061840 0.674125
vt 0.068486 0.684770
vt 0.068085 0.690811
vt 0.876104 0.707271
vt 0.876385 0.697328
vt 0.880348 0.718227
vt 0.055844 0.665704
vt 0.886467 0.717813
vt 0.886186 0.724864
vt 0.863193 0.041889
vt 0.885457 0.041443
vt 0.886218 0.024866
vt 0.892627 0.726593
vt 0.836666 0.034079
vt 0.017028 0.684732
vt 0.882292 0.650969
vt 0.880520 0.630973
vt 0.312294 0.415260
vt 0.286053 0.412330
vt 0.881333 0.627430
vt 0.306093 0.931760
vt 0.309386 0.922012
vt 0.959650 0.621876
vt 0.948583 0.618858
vt 0.951078 0.610737
vt 0.935545 0.618228
vt 0.912832 0.613656
vt 0.924632 0.613472
vt 0.919957 0.602016
vt 0.930700 0.604922
vt 0.927105 0.593187
vt 0.957363 0.603117
vt 0.961494 0.608510
vt 0.949917 0.603233
vt 0.303604 0.950136
vt 0.290153 0.952394
vt 0.286875 0.963173
vt 0.900426 0.621287
vt 0.910816 0.606163
vt 0.310558 0.963974
vt 0.325831 0.964415
vt 0.291319 0.970230
vt 0.295024 0.979517
vt 0.314425 0.978006
vt 0.918096 0.590221
vt 0.274564 0.961631
vt 0.245044 0.352215
vt 0.259325 0.359421
vt 0.236657 0.368773
vt 0.370769 0.989953
vt 0.357258 0.992091
vt 0.371277 0.987133
vt 0.246599 0.380215
vt 0.385088 0.983444
vt 0.391279 0.971010
vt 0.398117 0.976459
vt 0.374868 0.968205
vt 0.259897 0.371196
vt 0.302718 0.360528
vt 0.303710 0.352118
vt 0.308696 0.366894
vt 0.407119 0.935475
vt 0.419505 0.948592
vt 0.410748 0.943609
vt 0.386638 0.923757
vt 0.382561 0.940221
vt 0.373995 0.932243
vt 0.394494 0.927271
vt 0.295438 0.347683
vt 0.300924 0.344688
vt 0.392035 0.950904
vt 0.401338 0.934752
vt 0.272776 0.327122
vt 0.280591 0.334985
vt 0.270480 0.337327
vt 0.276129 0.323994
vt 0.284294 0.361281
vt 0.414585 0.955985
vt 0.400200 0.960253
vt 0.287731 0.332938
vt 0.278988 0.343150
vt 0.369380 0.918870
vt 0.408000 0.964669
vt 0.263531 0.332955
vt 0.261522 0.343174
vt 0.252772 0.340855
vt 0.285768 0.375893
vt 0.367811 0.949195
vt 0.356632 0.936498
vt 0.360406 0.960200
vt 0.335607 0.901861
vt 0.336266 0.914288
vt 0.321855 0.910632
vt 0.345455 0.900895
vt 0.347505 0.910176
vt 0.626175 0.005767
vt 0.636206 0.005869
vt 0.626361 0.019249
vt 0.322368 0.919356
vt 0.633901 0.018183
vt 0.615067 0.010427
vt 0.618445 0.003805
vt 0.605492 0.004943
vt 0.604483 0.011397
vt 0.335899 0.875804
vt 0.320577 0.899154
vt 0.320632 0.886206
vt 0.625467 0.037619
vt 0.622204 0.052219
vt 0.604369 0.045011
vt 0.359245 0.891233
vt 0.367367 0.901488
vt 0.357463 0.907546
vt 0.591919 0.005568
vt 0.586519 0.014180
vt 0.580532 0.004413
vt 0.572172 0.011431
vt 0.615791 0.028566
vt 0.596749 0.022326
vt 0.597205 0.029573
vt 0.343503 0.888142
vt 0.350877 0.872583
vt 0.320295 0.869367
vt 0.331330 0.853910
vt 0.593881 0.003795
vt 0.323758 0.853741
vt 0.284666 0.398321
vt 0.374716 0.833720
vt 0.372706 0.845348
vt 0.362563 0.841219
vt 0.233361 0.384543
vt 0.239118 0.400999
vt 0.251528 0.403734
vt 0.240083 0.415103
vt 0.334991 0.980453
vt 0.345156 0.979602
vt 0.358339 0.971446
vt 0.255975 0.394506
vt 0.332195 0.840565
vt 0.346641 0.846187
vt 0.271235 0.392998
vt 0.356666 0.858222
vt 0.263655 0.402728
vt 0.270932 0.404839
vt 0.374952 0.855786
vt 0.362591 0.867857
vt 0.617358 0.061661
vt 0.600471 0.064004
vt 0.378425 0.895921
vt 0.379456 0.884580
vt 0.565094 0.006997
vt 0.574449 0.033534
vt 0.381781 0.861818
vt 0.369738 0.825357
vt 0.346611 0.992368
vt 0.329354 0.991300
vt 0.217870 0.416336
vt 0.229583 0.395469
vt 0.233987 0.390483
vt 0.321292 0.989464
vt 0.358689 0.828565
vt 0.592746 0.490017
vt 0.606339 0.485850
vt 0.583848 0.497018
vt 0.391096 0.873777
vt 0.398911 0.871517
vt 0.392265 0.881364
vt 0.552745 0.032351
vt 0.555039 0.057975
vt 0.549144 0.041367
vt 0.580647 0.047555
vt 0.570688 0.061469
vt 0.589156 0.060453
vt 0.596673 0.070163
vt 0.852326 0.868124
vt 0.843258 0.874633
vt 0.849645 0.855171
vt 0.833194 0.044983
vt 0.833026 0.053239
vt 0.821500 0.046535
vt 0.846430 0.057153
vt 0.926050 0.041039
vt 0.911353 0.037448
vt 0.939507 0.031892
vt 0.947634 0.027805
vt 0.941208 0.021887
vt 0.919634 0.027986
vt 0.899818 0.046998
vt 0.900676 0.051137
vt 0.871068 0.057215
vt 0.859911 0.044927
vt 0.194445 0.767230
vt 0.200321 0.755613
vt 0.205053 0.769931
vt 0.819084 0.034465
vt 0.076613 0.739788
vt 0.091114 0.741860
vt 0.071909 0.747053
vt 0.103554 0.755118
vt 0.080408 0.762555
vt 0.901904 0.022237
vt 0.886276 0.058478
vt 0.957418 0.012750
vt 0.941179 0.003908
vt 0.958490 0.006178
vt 0.927834 0.011832
vt 0.064374 0.757323
vt 0.092346 0.770354
vt 0.059181 0.777154
vt 0.889687 0.057632
vt 0.898598 0.033764
vt 0.086923 0.724565
vt 0.920500 0.014629
vt 0.098964 0.720477
vt 0.108684 0.775269
vt 0.116316 0.766372
vt 0.144995 0.761031
vt 0.131622 0.761593
vt 0.135288 0.746931
vt 0.128550 0.738123
vt 0.114484 0.744091
vt 0.113175 0.726366
vt 0.138542 0.793992
vt 0.129254 0.793526
vt 0.143426 0.782417
vt 0.103615 0.736620
vt 0.152049 0.750456
vt 0.798902 0.890434
vt 0.792451 0.876235
vt 0.808966 0.880490
vt 0.559707 0.061828
vt 0.062547 0.789959
vt 0.077545 0.797214
vt 0.605935 0.561504
vt 0.610218 0.557514
vt 0.611236 0.570869
vt 0.088049 0.799803
vt 0.083119 0.788011
vt 0.832137 0.837269
vt 0.827267 0.850800
vt 0.819265 0.844719
vt 0.812004 0.850228
vt 0.125227 0.774922
vt 0.135100 0.773651
vt 0.153640 0.788277
vt 0.147563 0.800334
vt 0.158099 0.771951
vt 0.166430 0.754289
vt 0.608305 0.520215
vt 0.594715 0.525779
vt 0.594703 0.513163
vt 0.098709 0.783431
vt 0.107296 0.796004
vt 0.797051 0.869497
vt 0.136301 0.808307
vt 0.127235 0.813796
vt 0.606845 0.534926
vt 0.594892 0.538171
vt 0.607956 0.528952
vt 0.814184 0.866160
vt 0.102134 0.801019
vt 0.113394 0.807767
vt 0.108175 0.806071
vt 0.804323 0.862191
vt 0.610285 0.540401
vt 0.111032 0.809122
vt 0.117620 0.819883
vt 0.111637 0.825889
vt 0.596394 0.542092
vt 0.602486 0.547649
vt 0.607473 0.547723
vt 0.222884 0.790431
vt 0.215573 0.767935
vt 0.225379 0.778859
vt 0.163224 0.793272
vt 0.838810 0.845414
vt 0.831726 0.865422
vt 0.601634 0.495922
vt 0.584807 0.508577
vt 0.847064 0.840739
vt 0.840615 0.833150
vt 0.825062 0.875389
vt 0.576513 0.516198
vt 0.574379 0.503430
vt 0.608545 0.504018
vt 0.611221 0.488986
vt 0.577142 0.536595
vt 0.146141 0.735914
vt 0.159344 0.740008
vt 0.122168 0.833420
vt 0.178644 0.819277
vt 0.173490 0.830989
vt 0.163205 0.819972
vt 0.184421 0.773292
vt 0.191048 0.791460
vt 0.171772 0.781255
vt 0.176307 0.809360
vt 0.843053 0.833337
vt 0.583510 0.061730
vt 0.602396 0.074146
vt 0.541855 0.027225
vt 0.798637 0.901386
vt 0.798084 0.905825
vt 0.788036 0.895407
vt 0.158897 0.806840
vt 0.159934 0.836543
vt 0.151345 0.846736
vt 0.138130 0.831561
vt 0.833041 0.369782
vt 0.995099 0.570427
vt 0.623249 0.576763
vt 0.819555 0.378978
vt 0.819581 0.366172
vt 0.844539 0.394370
vt 0.089942 0.711712
vt 0.098085 0.706903
vt 0.396012 0.867969
vt 0.403261 0.866561
vt 0.545937 0.022821
vt 0.077722 0.718834
vt 0.593479 0.080571
vt 0.599639 0.825117
vt 0.591547 0.812244
vt 0.821144 0.353109
vt 0.814507 0.344999
vt 0.819662 0.346196
vt 0.813153 0.357714
vt 0.598632 0.840499
vt 0.825030 0.333748
vt 0.951699 0.870025
vt 0.970321 0.863348
vt 0.970289 0.877751
vt 0.958783 0.854017
vt 0.947553 0.839454
vt 0.948213 0.851707
vt 0.951079 0.884791
vt 0.801858 0.357313
vt 0.801854 0.341236
vt 0.941491 0.861946
vt 0.809068 0.370615
vt 0.931889 0.879711
vt 0.934018 0.894116
vt 0.924533 0.884754
vt 0.939913 0.825198
vt 0.951301 0.831740
vt 0.937488 0.855734
vt 0.931871 0.843981
vt 0.927429 0.858254
vt 0.898276 0.856295
vt 0.880956 0.868002
vt 0.884069 0.854345
vt 0.892186 0.875090
vt 0.905775 0.861806
vt 0.906233 0.879178
vt 0.915632 0.893468
vt 0.921006 0.865995
vt 0.935320 0.814951
vt 0.926870 0.814719
vt 0.932283 0.803126
vt 0.931990 0.819800
vt 0.941878 0.819796
vt 0.931982 0.825824
vt 0.932477 0.832667
vt 0.066426 0.701199
vt 0.919773 0.804562
vt 0.901603 0.843121
vt 0.923774 0.836640
vt 0.920558 0.830558
vt 0.914426 0.845393
vt 0.906955 0.831491
vt 0.915670 0.825751
vt 0.924764 0.851712
vt 0.402335 0.794080
vt 0.397680 0.803937
vt 0.390004 0.788808
vt 0.379818 0.810252
vt 0.294792 0.989596
vt 0.284224 0.991078
vt 0.879130 0.827853
vt 0.864756 0.825159
vt 0.867011 0.817449
vt 0.863375 0.835697
vt 0.387899 0.777964
vt 0.398206 0.777796
vt 0.402170 0.780838
vt 0.869014 0.807107
vt 0.880759 0.808873
vt 0.864667 0.798002
vt 0.871830 0.787948
vt 0.895596 0.806170
vt 0.885174 0.791305
vt 0.896019 0.786723
vt 0.909937 0.795620
vt 0.883341 0.840874
vt 0.861039 0.855762
vt 0.861618 0.842823
vt 0.892429 0.828907
vt 0.872270 0.860477
vt 0.282905 0.980063
vt 0.907676 0.820761
vt 0.909569 0.808241
vt 0.911033 0.777757
vt 0.931471 0.790543
vt 0.895050 0.766040
vt 0.906689 0.764552
vt 0.336696 0.729780
vt 0.342363 0.726078
vt 0.337676 0.739963
vt 0.351247 0.734906
vt 0.346213 0.746389
vt 0.145599 0.883678
vt 0.142070 0.891803
vt 0.133893 0.878826
vt 0.131053 0.887680
vt 0.134680 0.898003
vt 0.131565 0.870300
vt 0.145048 0.874100
vt 0.333662 0.720045
vt 0.125251 0.880522
vt 0.360260 0.716172
vt 0.365536 0.723302
vt 0.368332 0.803676
vt 0.377283 0.796472
vt 0.376658 0.790668
vt 0.360034 0.810513
vt 0.811265 0.937757
vt 0.796673 0.932114
vt 0.815865 0.924730
vt 0.812294 0.910198
vt 0.797995 0.911904
vt 0.524488 0.009490
vt 0.532886 0.019427
vt 0.515529 0.011584
vt 0.800015 0.920541
vt 0.796781 0.958967
vt 0.803539 0.948284
vt 0.808932 0.956012
vt 0.520325 0.018369
vt 0.791317 0.951197
vt 0.357358 0.801874
vt 0.825011 0.911273
vt 0.835653 0.924363
vt 0.831366 0.942984
vt 0.845977 0.934801
vt 0.851588 0.937858
vt 0.839708 0.947043
vt 0.514841 0.537723
vt 0.524272 0.528196
vt 0.532072 0.533937
vt 0.517503 0.543472
vt 0.848441 0.920175
vt 0.848291 0.956993
vt 0.850097 0.903399
vt 0.184696 0.950315
vt 0.208719 0.950982
vt 0.209964 0.967100
vt 0.185514 0.963760
vt 0.264797 0.429182
vt 0.274534 0.438250
vt 0.261550 0.439602
vt 0.282246 0.425028
vt 0.540412 0.546043
vt 0.286628 0.444771
vt 0.297656 0.447330
vt 0.539946 0.522387
vt 0.840567 0.905561
vt 0.850514 0.888979
vt 0.853569 0.891151
vt 0.543101 0.526827
vt 0.824975 0.948532
vt 0.190508 0.930501
vt 0.173968 0.936106
vt 0.837489 0.959681
vt 0.161739 0.893003
vt 0.162913 0.906921
vt 0.152019 0.899360
vt 0.246706 0.441544
vt 0.257618 0.431170
vt 0.152352 0.909736
vt 0.158136 0.913622
vt 0.177294 0.906278
vt 0.171719 0.919795
vt 0.168300 0.905335
vt 0.167145 0.917242
vt 0.179303 0.918929
vt 0.833049 0.956318
vt 0.167185 0.931376
vt 0.133672 0.927441
vt 0.121853 0.944288
vt 0.118045 0.928381
vt 0.108085 0.952487
vt 0.113088 0.956926
vt 0.152157 0.946994
vt 0.165383 0.947551
vt 0.172062 0.955217
vt 0.098546 0.938228
vt 0.152781 0.937406
vt 0.136016 0.920285
vt 0.142983 0.924589
vt 0.122634 0.899508
vt 0.141400 0.909183
vt 0.127005 0.907123
vt 0.119314 0.885810
vt 0.103589 0.892489
vt 0.109483 0.914299
vt 0.144385 0.902847
vt 0.097142 0.907623
vt 0.801331 0.967850
vt 0.792836 0.972226
vt 0.098500 0.969709
vt 0.220921 0.962437
vt 0.090393 0.974974
vt 0.084102 0.964186
vt 0.088762 0.928264
vt 0.090155 0.981113
vt 0.117354 0.878477
vt 0.171869 0.896792
vt 0.158842 0.888183
vt 0.339859 0.713272
vt 0.344477 0.706166
vt 0.350947 0.707295
vt 0.551120 0.544753
vt 0.558264 0.528178
vt 0.551303 0.516379
vt 0.558936 0.511665
vt 0.563755 0.518089
vt 0.835438 0.894190
vt 0.309253 0.456827
vt 0.309489 0.472551
vt 0.306618 0.450922
vt 0.097692 0.851380
vt 0.103512 0.837993
vt 0.103856 0.850230
vt 0.566552 0.542857
vt 0.301444 0.467946
vt 0.130247 0.844281
vt 0.135908 0.855030
vt 0.297261 0.493732
vt 0.308409 0.483296
vt 0.308889 0.492438
vt 0.232077 0.544834
vt 0.218663 0.556807
vt 0.214879 0.545425
vt 0.295608 0.510417
vt 0.306310 0.501887
vt 0.168874 0.864009
vt 0.180312 0.844988
vt 0.180721 0.859865
vt 0.145946 0.860780
vt 0.133329 0.823061
vt 0.189074 0.869368
vt 0.195847 0.862226
vt 0.181597 0.870571
vt 0.188413 0.853277
vt 0.296729 0.554258
vt 0.295370 0.542235
vt 0.305013 0.543308
vt 0.307985 0.518456
vt 0.306701 0.510926
vt 0.276286 0.488638
vt 0.265104 0.502511
vt 0.260017 0.482106
vt 0.207311 0.796560
vt 0.202890 0.782083
vt 0.277077 0.510454
vt 0.284761 0.503190
vt 0.287480 0.526054
vt 0.155031 0.863123
vt 0.298837 0.526329
vt 0.306427 0.534789
vt 0.307965 0.526801
vt 0.278121 0.468222
vt 0.295679 0.479143
vt 0.241017 0.953280
vt 0.261803 0.950690
vt 0.249240 0.960364
vt 0.065250 0.987829
vt 0.049610 0.987967
vt 0.073038 0.983181
vt 0.044797 0.981560
vt 0.060582 0.974907
vt 0.039363 0.969461
vt 0.045193 0.956333
vt 0.049966 0.966044
vt 0.026636 0.970196
vt 0.254464 0.887790
vt 0.257464 0.901476
vt 0.231132 0.893522
vt 0.241588 0.879658
vt 0.252694 0.878516
vt 0.247845 0.945353
vt 0.227446 0.942895
vt 0.241115 0.928836
vt 0.222507 0.916197
vt 0.245663 0.918141
vt 0.079079 0.983112
vt 0.207700 0.933876
vt 0.200616 0.915843
vt 0.205830 0.905096
vt 0.234473 0.965708
vt 0.069948 0.957414
vt 0.073606 0.946747
vt 0.057535 0.952800
vt 0.037203 0.948422
vt 0.039402 0.910651
vt 0.045390 0.923806
vt 0.025542 0.926227
vt 0.037641 0.933002
vt 0.020794 0.938872
vt 0.055080 0.897318
vt 0.057341 0.907581
vt 0.237524 0.904302
vt 0.215836 0.890239
vt 0.230446 0.881289
vt 0.059208 0.937768
vt 0.076169 0.930898
vt 0.085781 0.913481
vt 0.029203 0.915714
vt 0.022028 0.925134
vt 0.040316 0.905136
vt 0.219477 0.876822
vt 0.062483 0.918627
vt 0.080534 0.896449
vt 0.189403 0.908623
vt 0.074369 0.872387
vt 0.072340 0.885427
vt 0.064815 0.874959
vt 0.198334 0.894665
vt 0.167326 0.884712
vt 0.178904 0.889715
vt 0.185392 0.893537
vt 0.205561 0.877606
vt 0.196442 0.884578
vt 0.186276 0.885388
vt 0.573127 0.438838
vt 0.585644 0.449660
vt 0.569040 0.455468
vt 0.587893 0.438307
vt 0.592497 0.461323
vt 0.573572 0.469046
vt 0.052092 0.891701
vt 0.579296 0.425694
vt 0.092384 0.879064
vt 0.591056 0.426616
vt 0.085382 0.875059
vt 0.100907 0.870684
vt 0.591221 0.420348
vt 0.347981 0.692733
vt 0.342740 0.689231
vt 0.160948 0.876461
vt 0.557795 0.450001
vt 0.549575 0.462927
vt 0.548054 0.442181
vt 0.558580 0.424198
vt 0.531396 0.447675
vt 0.536567 0.459017
vt 0.038726 0.819305
vt 0.049544 0.816960
vt 0.049811 0.835220
vt 0.586062 0.410096
vt 0.565773 0.410366
vt 0.572977 0.394728
vt 0.593038 0.414772
vt 0.609346 0.392850
vt 0.611164 0.383118
vt 0.617806 0.378899
vt 0.361080 0.700251
vt 0.379005 0.685286
vt 0.596803 0.395404
vt 0.602904 0.400422
vt 0.352767 0.697990
vt 0.368748 0.688989
vt 0.394839 0.672987
vt 0.540230 0.439818
vt 0.541628 0.428969
vt 0.163834 0.448435
vt 0.174418 0.437747
vt 0.075777 0.813613
vt 0.062833 0.828156
vt 0.062205 0.815589
vt 0.162666 0.432026
vt 0.061477 0.841786
vt 0.053196 0.847379
vt 0.068971 0.831969
vt 0.545643 0.414935
vt 0.181541 0.447605
vt 0.027261 0.870975
vt 0.020562 0.875000
vt 0.027481 0.862930
vt 0.524156 0.471619
vt 0.522939 0.486960
vt 0.520613 0.482066
vt 0.258230 0.932310
vt 0.038429 0.979988
vt 0.278467 0.932355
vt 0.271448 0.943800
vt 0.039787 0.986105
vt 0.254849 0.914569
vt 0.268036 0.913953
vt 0.021990 0.951050
vt 0.012611 0.960835
vt 0.012956 0.978287
vt 0.029959 0.981570
vt 0.275410 0.886758
vt 0.273310 0.892379
vt 0.284136 0.909969
vt 0.003794 0.982022
vt 0.004344 0.962544
vt 0.278049 0.939450
vt 0.026640 0.989334
vt 0.286100 0.899380
vt 0.009470 0.944621
vt 0.282432 0.920396
vt 0.296666 0.913507
vt 0.302131 0.921188
vt 0.287588 0.930968
vt 0.006360 0.987271
vt 0.023192 0.990884
vt 0.003790 0.991374
vt 0.233391 0.442111
vt 0.243324 0.460106
vt 0.225704 0.449609
vt 0.591796 0.471170
vt 0.586179 0.478004
vt 0.193679 0.449499
vt 0.030586 0.832115
vt 0.017643 0.824225
vt 0.028323 0.814203
vt 0.017132 0.811080
vt 0.223454 0.483066
vt 0.220973 0.468564
vt 0.230426 0.472156
vt 0.220744 0.458007
vt 0.573130 0.481484
vt 0.243662 0.472453
vt 0.241596 0.514408
vt 0.241260 0.529337
vt 0.229785 0.524689
vt 0.563395 0.484577
vt 0.023629 0.842167
vt 0.005625 0.816015
vt 0.248863 0.500138
vt 0.238163 0.497148
vt 0.210528 0.492060
vt 0.557913 0.474378
vt 0.555451 0.483994
vt 0.578357 0.486638
vt 0.255112 0.469451
vt 0.217946 0.512150
vt 0.227816 0.506277
vt 0.233514 0.585715
vt 0.244360 0.591853
vt 0.238233 0.607434
vt 0.541969 0.480070
vt 0.013046 0.852977
vt 0.013607 0.867450
vt 0.037815 0.862301
vt 0.041371 0.850691
vt 0.526545 0.457598
vt 0.047380 0.853588
vt 0.535184 0.487419
vt 0.544614 0.490815
vt 0.007788 0.867377
vt 0.011966 0.879943
vt 0.184398 0.618566
vt 0.197332 0.619044
vt 0.191239 0.629406
vt 0.202965 0.825985
vt 0.198428 0.837662
vt 0.187294 0.828201
vt 0.206739 0.510356
vt 0.255032 0.511485
vt 0.171630 0.510587
vt 0.159292 0.503433
vt 0.246416 0.633461
vt 0.247323 0.612907
vt 0.258943 0.622137
vt 0.307942 0.629017
vt 0.296419 0.651878
vt 0.288174 0.631009
vt 0.242388 0.543549
vt 0.256834 0.527426
vt 0.276139 0.555038
vt 0.283438 0.567097
vt 0.262935 0.566691
vt 0.226574 0.568470
vt 0.244691 0.573887
vt 0.267481 0.512595
vt 0.275072 0.537740
vt 0.260428 0.543896
vt 0.256102 0.558068
vt 0.181167 0.605038
vt 0.200557 0.607026
vt 0.236782 0.776046
vt 0.243557 0.791345
vt 0.190219 0.583793
vt 0.205831 0.579601
vt 0.200015 0.591190
vt 0.109262 0.574601
vt 0.094947 0.566563
vt 0.106402 0.561026
vt 0.204267 0.534558
vt 0.200323 0.546750
vt 0.192666 0.529164
vt 0.068287 0.629490
vt 0.182883 0.505198
vt 0.135920 0.538936
vt 0.132032 0.528920
vt 0.148055 0.526204
vt 0.161746 0.539329
vt 0.150772 0.538533
vt 0.166128 0.526260
vt 0.178677 0.524931
vt 0.156897 0.518619
vt 0.213369 0.523449
vt 0.192623 0.512840
vt 0.122552 0.513118
vt 0.137300 0.518214
vt 0.120170 0.525641
vt 0.131653 0.506401
vt 0.126872 0.625378
vt 0.113041 0.636018
vt 0.114660 0.623152
vt 0.147059 0.506578
vt 0.136422 0.493552
vt 0.208196 0.569240
vt 0.203804 0.558599
vt 0.078436 0.637254
vt 0.090077 0.625727
vt 0.222641 0.534151
vt 0.142485 0.573748
vt 0.139343 0.587488
vt 0.127068 0.581533
vt 0.141739 0.598202
vt 0.079520 0.615521
vt 0.185714 0.547021
vt 0.110623 0.650972
vt 0.131430 0.641142
vt 0.106789 0.593871
vt 0.092671 0.609792
vt 0.095132 0.595741
vt 0.094830 0.579885
vt 0.174887 0.537930
vt 0.160372 0.600517
vt 0.166566 0.608067
vt 0.171448 0.618660
vt 0.176259 0.571861
vt 0.192564 0.570973
vt 0.238802 0.558064
vt 0.190230 0.557725
vt 0.218861 0.579078
vt 0.215924 0.590410
vt 0.100701 0.628165
vt 0.177264 0.559963
vt 0.834278 0.330332
vt 0.785896 0.967427
vt 0.780479 0.962965
vt 0.819116 0.896357
vt 0.854800 0.882062
vt 0.800276 0.975394
vt 0.176572 0.797075
vt 0.523849 0.496413
vt 0.199465 0.497337
vt 0.007327 0.857562
vt 0.241223 0.484863
vt 0.271280 0.524490
vt 0.577281 0.779334
vt 0.574050 0.768115
vt 0.371055 0.621969
vt 0.814336 0.588469
vt 0.862268 0.915727
vt 0.896881 0.917630
vt 0.115493 0.343117
vt 0.162919 0.200299
vt 0.168970 0.215598
vt 0.169830 0.180453
vt 0.979096 0.766176
vt 0.792558 0.543977
vt 0.941185 0.801455
vt 0.107914 0.341678
vt 0.193747 0.127476
vt 0.191563 0.138164
vt 0.175664 0.129805
vt 0.123016 0.200222
vt 0.917294 0.758204
vt 0.926330 0.756952
vt 0.965877 0.769235
vt 0.624077 0.370747
vt 0.108372 0.533169
vt 0.111185 0.514210
vt 0.083680 0.573200
vt 0.584005 0.792136
vt 0.813995 0.378185
vt 0.933539 0.589150
vt 0.940542 0.599197
vt 0.957666 0.590204
vt 0.309548 0.986466
vt 0.343327 0.827754
vt 0.222916 0.424819
vt 0.234973 0.428338
vt 0.220348 0.407153
vt 0.249533 0.425034
vt 0.549936 0.008324
vt 0.152740 0.825048
vt 0.112780 0.841169
vt 0.210868 0.426005
vt 0.587299 0.803290
vt 0.962237 0.596199
vt 0.902241 0.895428
vt 0.275838 0.972315
vt 0.305927 0.989037
vt 0.380513 0.819106
vt 0.118197 0.854471
vt 0.124438 0.852964
vt 0.167525 0.847097
vt 0.079482 0.818609
vt 0.172925 0.586444
vt 0.210438 0.430282
vt 0.390500 0.815181
vt 0.082956 0.590923
vt 0.761229 0.484538
vt 0.754365 0.497256
vt 0.339535 0.534604
vt 0.334185 0.548793
vt 0.326286 0.534550
vt 0.328795 0.568342
vt 0.323140 0.558613
vt 0.335852 0.560119
vt 0.338179 0.618312
vt 0.348822 0.622749
vt 0.366457 0.556487
vt 0.348085 0.548959
vt 0.358092 0.539625
vt 0.355139 0.565594
vt 0.334952 0.494344
vt 0.346719 0.476043
vt 0.347805 0.489429
vt 0.348513 0.508208
vt 0.346572 0.522831
vt 0.332322 0.514791
vt 0.323721 0.498170
vt 0.387707 0.529673
vt 0.387126 0.512353
vt 0.405167 0.524669
vt 0.768177 0.503625
vt 0.380085 0.497441
vt 0.377604 0.485143
vt 0.393373 0.482941
vt 0.374880 0.513204
vt 0.371111 0.524363
vt 0.340742 0.441114
vt 0.362411 0.513143
vt 0.360790 0.486927
vt 0.359632 0.501858
vt 0.426343 0.524742
vt 0.432647 0.507416
vt 0.441401 0.522897
vt 0.350059 0.593385
vt 0.772258 0.457419
vt 0.783624 0.452037
vt 0.786005 0.459400
vt 0.324453 0.466164
vt 0.330698 0.477401
vt 0.322349 0.474957
vt 0.417888 0.510565
vt 0.423517 0.496463
vt 0.577891 0.684244
vt 0.590142 0.679029
vt 0.587301 0.695658
vt 0.756666 0.513986
vt 0.402044 0.507732
vt 0.415651 0.486109
vt 0.445827 0.504359
vt 0.454067 0.518562
vt 0.375927 0.457763
vt 0.390261 0.463525
vt 0.377482 0.472276
vt 0.411065 0.537037
vt 0.436981 0.539756
vt 0.426105 0.539278
vt 0.428207 0.556834
vt 0.416738 0.550766
vt 0.401587 0.560046
vt 0.386448 0.557339
vt 0.323060 0.547093
vt 0.399305 0.540046
vt 0.447737 0.536983
vt 0.460219 0.536458
vt 0.457499 0.550843
vt 0.470021 0.522397
vt 0.479458 0.510909
vt 0.484917 0.532490
vt 0.426906 0.449970
vt 0.441325 0.449585
vt 0.440302 0.462970
vt 0.446633 0.474291
vt 0.461306 0.464502
vt 0.512053 0.466259
vt 0.505400 0.473681
vt 0.503333 0.460950
vt 0.396843 0.446692
vt 0.403239 0.461876
vt 0.456924 0.452007
vt 0.477334 0.445286
vt 0.474176 0.461913
vt 0.409086 0.451037
vt 0.420387 0.461892
vt 0.418931 0.475809
vt 0.431589 0.476949
vt 0.444386 0.487734
vt 0.400795 0.355772
vt 0.401714 0.371123
vt 0.388886 0.365556
vt 0.540911 0.748620
vt 0.539860 0.763449
vt 0.532114 0.755342
vt 0.356809 0.446495
vt 0.364874 0.468116
vt 0.354309 0.428710
vt 0.395661 0.429432
vt 0.385021 0.451719
vt 0.475516 0.474624
vt 0.461141 0.480224
vt 0.411272 0.433312
vt 0.472812 0.485731
vt 0.378318 0.393594
vt 0.364850 0.396913
vt 0.371122 0.383197
vt 0.388550 0.351483
vt 0.339225 0.466627
vt 0.396358 0.495353
vt 0.404615 0.472529
vt 0.472576 0.535829
vt 0.340111 0.602647
vt 0.336784 0.592039
vt 0.550665 0.727959
vt 0.561893 0.737423
vt 0.550190 0.742760
vt 0.462275 0.611076
vt 0.480283 0.604851
vt 0.474983 0.616372
vt 0.466635 0.506940
vt 0.463246 0.497426
vt 0.781244 0.500278
vt 0.772744 0.514957
vt 0.325307 0.576660
vt 0.339516 0.578036
vt 0.442816 0.550417
vt 0.453547 0.562516
vt 0.438891 0.568698
vt 0.376602 0.584803
vt 0.379904 0.567700
vt 0.390333 0.586699
vt 0.756427 0.588847
vt 0.751372 0.600841
vt 0.743681 0.589311
vt 0.411676 0.568463
vt 0.395367 0.571471
vt 0.596271 0.755481
vt 0.615932 0.751132
vt 0.607189 0.759718
vt 0.450027 0.575335
vt 0.704311 0.575823
vt 0.684742 0.579062
vt 0.698017 0.565914
vt 0.739857 0.521368
vt 0.756653 0.544390
vt 0.747120 0.531928
vt 0.764534 0.530778
vt 0.757545 0.457778
vt 0.745296 0.548401
vt 0.752697 0.559966
vt 0.475008 0.551027
vt 0.735465 0.534320
vt 0.733620 0.552658
vt 0.753213 0.573993
vt 0.763318 0.564936
vt 0.767452 0.580245
vt 0.766674 0.551345
vt 0.335412 0.630548
vt 0.527557 0.203170
vt 0.542623 0.191076
vt 0.544054 0.203886
vt 0.737426 0.567861
vt 0.722412 0.559880
vt 0.494503 0.072300
vt 0.478630 0.070038
vt 0.488886 0.063249
vt 0.691230 0.552687
vt 0.482100 0.085247
vt 0.354455 0.579762
vt 0.719719 0.568980
vt 0.719128 0.581408
vt 0.728801 0.589526
vt 0.714854 0.594459
vt 0.700752 0.590683
vt 0.556943 0.193235
vt 0.553761 0.183285
vt 0.547809 0.175435
vt 0.556166 0.168926
vt 0.347654 0.652772
vt 0.350041 0.641527
vt 0.361181 0.647308
vt 0.414410 0.632941
vt 0.423075 0.618528
vt 0.434156 0.632565
vt 0.533542 0.217477
vt 0.717048 0.605792
vt 0.734933 0.605271
vt 0.679342 0.511256
vt 0.551994 0.121500
vt 0.538894 0.114612
vt 0.553072 0.111219
vt 0.350158 0.667681
vt 0.363347 0.661434
vt 0.356082 0.678477
vt 0.669811 0.764122
vt 0.655769 0.760968
vt 0.669011 0.751357
vt 0.536684 0.153328
vt 0.549865 0.154577
vt 0.539710 0.168031
vt 0.746236 0.617505
vt 0.734875 0.615027
vt 0.360111 0.526325
vt 0.771231 0.445323
vt 0.789154 0.404556
vt 0.782739 0.418864
vt 0.421718 0.602476
vt 0.433196 0.606667
vt 0.379943 0.612484
vt 0.388543 0.602045
vt 0.392961 0.613724
vt 0.442610 0.615899
vt 0.616722 0.700667
vt 0.600978 0.690782
vt 0.619538 0.688438
vt 0.411260 0.614801
vt 0.429544 0.588625
vt 0.411701 0.589862
vt 0.402396 0.597991
vt 0.417014 0.578026
vt 0.424761 0.569592
vt 0.983510 0.119353
vt 0.990362 0.106925
vt 0.996114 0.115678
vt 0.359752 0.629227
vt 0.403402 0.621878
vt 0.388884 0.628216
vt 0.390065 0.642289
vt 0.374469 0.651865
vt 0.372604 0.639142
vt 0.395931 0.663728
vt 0.388584 0.654085
vt 0.403653 0.658458
vt 0.404390 0.648600
vt 0.541221 0.234720
vt 0.550905 0.221567
vt 0.547522 0.130262
vt 0.548127 0.146108
vt 0.541407 0.139653
vt 0.450939 0.625552
vt 0.426702 0.642668
vt 0.416724 0.648178
vt 0.791346 0.414656
vt 0.793112 0.430226
vt 0.780858 0.431417
vt 0.376436 0.666312
vt 0.446441 0.640662
vt 0.648344 0.636793
vt 0.641002 0.624635
vt 0.650329 0.630700
vt 0.489004 0.314182
vt 0.498158 0.299316
vt 0.503950 0.316111
vt 0.444705 0.587092
vt 0.961634 0.072229
vt 0.977402 0.078089
vt 0.961562 0.086273
vt 0.973906 0.060132
vt 0.953408 0.060821
vt 0.960686 0.045113
vt 0.972581 0.047519
vt 0.516694 0.318366
vt 0.508663 0.326479
vt 0.936824 0.054978
vt 0.950584 0.050920
vt 0.636515 0.640783
vt 0.642939 0.652791
vt 0.629356 0.653327
vt 0.458579 0.638569
vt 0.463919 0.626719
vt 0.671902 0.698851
vt 0.668875 0.713588
vt 0.658855 0.700008
vt 0.473557 0.629104
vt 0.681458 0.715241
vt 0.675397 0.730513
vt 0.985861 0.076736
vt 0.989582 0.066607
vt 0.677793 0.705324
vt 0.655888 0.719663
vt 0.663884 0.737400
vt 0.988739 0.083368
vt 0.648495 0.644232
vt 0.656624 0.649493
vt 0.643442 0.701020
vt 0.649571 0.683998
vt 0.666965 0.686763
vt 0.726768 0.612523
vt 0.634704 0.687902
vt 0.629136 0.701694
vt 0.446463 0.602202
vt 0.457834 0.589043
vt 0.616475 0.711677
vt 0.598082 0.701400
vt 0.634012 0.715305
vt 0.632646 0.614719
vt 0.621681 0.612737
vt 0.628406 0.600980
vt 0.617084 0.676813
vt 0.623531 0.665601
vt 0.635372 0.673418
vt 0.600498 0.661973
vt 0.598564 0.673120
vt 0.607111 0.652713
vt 0.599303 0.640812
vt 0.615238 0.646634
vt 0.643936 0.608960
vt 0.504601 0.543058
vt 0.493522 0.542831
vt 0.507889 0.534349
vt 0.672356 0.550571
vt 0.687105 0.540538
vt 0.941159 0.073507
vt 0.652054 0.743738
vt 0.444441 0.216820
vt 0.452841 0.210571
vt 0.457401 0.220042
vt 0.555650 0.279479
vt 0.545300 0.287156
vt 0.544164 0.268695
vt 0.954721 0.115828
vt 0.974797 0.105424
vt 0.968347 0.124046
vt 0.431690 0.309350
vt 0.426234 0.317548
vt 0.419730 0.300280
vt 0.554806 0.295535
vt 0.555937 0.289194
vt 0.979572 0.093863
vt 0.511163 0.293489
vt 0.504442 0.284342
vt 0.416622 0.314539
vt 0.655309 0.662266
vt 0.656795 0.674195
vt 0.646505 0.668912
vt 0.994487 0.125054
vt 0.680126 0.765335
vt 0.795141 0.812091
vt 0.479666 0.621171
vt 0.673941 0.691914
vt 0.984540 0.088796
vt 0.662424 0.677858
vt 0.467226 0.578660
vt 0.466656 0.597924
vt 0.962366 0.171601
vt 0.953671 0.162666
vt 0.970566 0.155244
vt 0.993795 0.098156
vt 0.605610 0.608765
vt 0.616943 0.601282
vt 0.883417 0.193211
vt 0.875917 0.183719
vt 0.891173 0.185918
vt 0.976636 0.167525
vt 0.979914 0.154866
vt 0.984207 0.132988
vt 0.640217 0.602403
vt 0.651354 0.617176
vt 0.943023 0.114169
vt 0.954810 0.101073
vt 0.607049 0.682799
vt 0.611063 0.664280
vt 0.591329 0.648629
vt 0.585895 0.634401
vt 0.624573 0.638627
vt 0.689769 0.732169
vt 0.640945 0.759097
vt 0.944167 0.089653
vt 0.420148 0.324255
vt 0.620911 0.728899
vt 0.619545 0.740433
vt 0.604425 0.723152
vt 0.638969 0.729402
vt 0.637288 0.743839
vt 0.480447 0.593190
vt 0.481625 0.581154
vt 0.689277 0.591589
vt 0.517564 0.281382
vt 0.528638 0.289240
vt 0.513833 0.235370
vt 0.529003 0.233754
vt 0.523882 0.250281
vt 0.532426 0.256635
vt 0.547465 0.252741
vt 0.514580 0.269344
vt 0.418045 0.260371
vt 0.414978 0.275920
vt 0.402897 0.261460
vt 0.553933 0.209753
vt 0.532307 0.274282
vt 0.258866 0.747308
vt 0.248599 0.733522
vt 0.261190 0.725868
vt 0.692194 0.764927
vt 0.697014 0.772487
vt 0.689566 0.771377
vt 0.557965 0.266712
vt 0.435801 0.646667
vt 0.507609 0.210640
vt 0.509216 0.194607
vt 0.684946 0.750845
vt 0.428707 0.216261
vt 0.437647 0.204200
vt 0.551210 0.300913
vt 0.548143 0.307578
vt 0.536389 0.303551
vt 0.394522 0.279390
vt 0.993488 0.031368
vt 0.982010 0.023982
vt 0.994869 0.023735
vt 0.682511 0.774803
vt 0.672088 0.773290
vt 0.531487 0.133241
vt 0.968201 0.259001
vt 0.979116 0.253625
vt 0.980197 0.264202
vt 0.661341 0.773972
vt 0.562603 0.721644
vt 0.550613 0.714579
vt 0.548326 0.758603
vt 0.556618 0.202488
vt 0.322707 0.485030
vt 0.495105 0.572406
vt 0.490682 0.585023
vt 0.490798 0.479306
vt 0.489743 0.465475
vt 0.630115 0.756108
vt 0.562206 0.693991
vt 0.566079 0.683054
vt 0.476478 0.566923
vt 0.491309 0.559098
vt 0.638603 0.767784
vt 0.624015 0.769372
vt 0.617245 0.761359
vt 0.501208 0.550543
vt 0.650680 0.766791
vt 0.600686 0.738175
vt 0.560749 0.658862
vt 0.567904 0.643002
vt 0.493421 0.511685
vt 0.506145 0.509798
vt 0.504070 0.524485
vt 0.510401 0.497473
vt 0.499908 0.495205
vt 0.510788 0.488492
vt 0.503309 0.482318
vt 0.569685 0.745113
vt 0.573610 0.755453
vt 0.569335 0.760798
vt 0.559999 0.761798
vt 0.582186 0.748718
vt 0.586795 0.737082
vt 0.599942 0.711680
vt 0.588363 0.715511
vt 0.586173 0.761889
vt 0.554334 0.645045
vt 0.577726 0.724235
vt 0.565508 0.670208
vt 0.527753 0.300927
vt 0.625559 0.625776
vt 0.986644 0.017832
vt 0.559509 0.705900
vt 0.573739 0.704721
vt 0.961468 0.032666
vt 0.979206 0.033939
vt 0.969481 0.025193
vt 0.555024 0.237093
vt 0.555525 0.251885
vt 0.399488 0.181256
vt 0.416713 0.191085
vt 0.397260 0.198524
vt 0.524440 0.312185
vt 0.513375 0.305819
vt 0.572524 0.630434
vt 0.991144 0.037481
vt 0.685436 0.742551
vt 0.680199 0.565776
vt 0.685090 0.527374
vt 0.699139 0.534171
vt 0.542704 0.699281
vt 0.552344 0.685455
vt 0.367143 0.571255
vt 0.954923 0.145728
vt 0.610771 0.626959
vt 0.401898 0.345864
vt 0.209666 0.188495
vt 0.202933 0.142681
vt 0.216360 0.147382
vt 0.204303 0.157932
vt 0.418674 0.421175
vt 0.431891 0.415852
vt 0.433776 0.429971
vt 0.447394 0.437618
vt 0.572183 0.585945
vt 0.561181 0.577531
vt 0.574625 0.572363
vt 0.493423 0.437805
vt 0.490659 0.453604
vt 0.521690 0.716729
vt 0.508829 0.702892
vt 0.521654 0.702047
vt 0.278747 0.139884
vt 0.294863 0.152530
vt 0.398540 0.385782
vt 0.383851 0.377260
vt 0.502791 0.419742
vt 0.509193 0.429951
vt 0.454480 0.725603
vt 0.447696 0.737369
vt 0.438621 0.721267
vt 0.421299 0.760443
vt 0.413801 0.752327
vt 0.430120 0.748915
vt 0.488321 0.394430
vt 0.481422 0.409908
vt 0.475649 0.399955
vt 0.458797 0.757733
vt 0.467797 0.745213
vt 0.469128 0.758557
vt 0.510549 0.408824
vt 0.493477 0.412927
vt 0.502647 0.398427
vt 0.487284 0.737813
vt 0.493635 0.749614
vt 0.477365 0.752129
vt 0.409013 0.393681
vt 0.391506 0.398723
vt 0.403439 0.414271
vt 0.385630 0.416154
vt 0.412673 0.347017
vt 0.310704 0.215264
vt 0.307515 0.223472
vt 0.299866 0.220553
vt 0.373242 0.414013
vt 0.432535 0.384712
vt 0.413551 0.378657
vt 0.307312 0.156491
vt 0.305170 0.166533
vt 0.241854 0.203390
vt 0.429124 0.362282
vt 0.438752 0.374398
vt 0.504914 0.445880
vt 0.415140 0.365749
vt 0.524653 0.746273
vt 0.518563 0.761178
vt 0.438138 0.361641
vt 0.445225 0.347033
vt 0.437285 0.347370
vt 0.309297 0.174119
vt 0.303824 0.178730
vt 0.299093 0.195330
vt 0.293069 0.209597
vt 0.288469 0.192936
vt 0.274960 0.183453
vt 0.424722 0.352821
vt 0.972605 0.218039
vt 0.978810 0.232316
vt 0.967277 0.225796
vt 0.425003 0.395583
vt 0.435497 0.399308
vt 0.417829 0.404369
vt 0.786561 0.799859
vt 0.777652 0.792255
vt 0.786582 0.786006
vt 0.508646 0.392386
vt 0.512932 0.400788
vt 0.467409 0.417029
vt 0.448797 0.388253
vt 0.454422 0.399546
vt 0.469015 0.390283
vt 0.453626 0.425490
vt 0.445335 0.412901
vt 0.728286 0.763324
vt 0.736674 0.744604
vt 0.743717 0.759460
vt 0.478391 0.700033
vt 0.473670 0.718934
vt 0.467188 0.699734
vt 0.591301 0.615304
vt 0.579806 0.621319
vt 0.767155 0.732859
vt 0.752854 0.726603
vt 0.768343 0.719612
vt 0.464476 0.364232
vt 0.477001 0.356899
vt 0.482028 0.370457
vt 0.456389 0.377029
vt 0.496715 0.382069
vt 0.476795 0.379699
vt 0.288507 0.127111
vt 0.279927 0.118933
vt 0.292273 0.179791
vt 0.300351 0.139233
vt 0.302731 0.116923
vt 0.295901 0.109434
vt 0.304104 0.129944
vt 0.308461 0.123192
vt 0.706766 0.806003
vt 0.705077 0.797779
vt 0.710865 0.796950
vt 0.303630 0.204911
vt 0.480628 0.427628
vt 0.305644 0.106893
vt 0.281129 0.207696
vt 0.520650 0.676142
vt 0.501107 0.680641
vt 0.501567 0.668068
vt 0.292539 0.166783
vt 0.464417 0.439113
vt 0.451120 0.764707
vt 0.451150 0.751016
vt 0.276293 0.093365
vt 0.267735 0.110050
vt 0.256872 0.099801
vt 0.717073 0.646521
vt 0.704042 0.640300
vt 0.712262 0.627603
vt 0.696889 0.626013
vt 0.702809 0.618638
vt 0.421904 0.743485
vt 0.433615 0.766844
vt 0.418028 0.768927
vt 0.506152 0.374680
vt 0.492102 0.363657
vt 0.500814 0.364800
vt 0.485038 0.349937
vt 0.495103 0.354642
vt 0.437902 0.757608
vt 0.282070 0.103783
vt 0.298119 0.098128
vt 0.414353 0.774875
vt 0.407096 0.774170
vt 0.380630 0.351360
vt 0.776452 0.263264
vt 0.450033 0.365151
vt 0.434349 0.734550
vt 0.658482 0.274669
vt 0.646924 0.266215
vt 0.655575 0.255639
vt 0.423380 0.732111
vt 0.724315 0.659067
vt 0.706768 0.662717
vt 0.702475 0.651426
vt 0.519303 0.442369
vt 0.517633 0.435200
vt 0.705099 0.683750
vt 0.714360 0.674259
vt 0.718896 0.686952
vt 0.702657 0.673314
vt 0.516313 0.448615
vt 0.513256 0.457359
vt 0.727357 0.695357
vt 0.724233 0.710171
vt 0.710567 0.696456
vt 0.830411 0.661923
vt 0.835500 0.647755
vt 0.841910 0.664606
vt 0.259310 0.086706
vt 0.270537 0.080489
vt 0.243901 0.082069
vt 0.226576 0.081652
vt 0.235286 0.067759
vt 0.211560 0.058126
vt 0.204426 0.070879
vt 0.202403 0.056847
vt 0.251617 0.117735
vt 0.514303 0.689234
vt 0.254402 0.074352
vt 0.848412 0.644307
vt 0.850112 0.633550
vt 0.861526 0.640677
vt 0.262963 0.072132
vt 0.276536 0.085034
vt 0.724180 0.627286
vt 0.732630 0.640961
vt 0.829269 0.679586
vt 0.817578 0.674876
vt 0.226988 0.109855
vt 0.227397 0.121514
vt 0.209569 0.122682
vt 0.214619 0.133560
vt 0.207474 0.174443
vt 0.179370 0.119164
vt 0.208059 0.087185
vt 0.831010 0.636253
vt 0.160914 0.042804
vt 0.173543 0.056906
vt 0.159504 0.058068
vt 0.158889 0.133928
vt 0.166406 0.142366
vt 0.143184 0.059996
vt 0.143842 0.075317
vt 0.140618 0.040741
vt 0.244262 0.109413
vt 0.141933 0.026188
vt 0.154159 0.033130
vt 0.223476 0.155934
vt 0.233012 0.140237
vt 0.236926 0.155560
vt 0.783848 0.637114
vt 0.792667 0.628224
vt 0.798228 0.641079
vt 0.261496 0.125456
vt 0.753154 0.678790
vt 0.737753 0.682436
vt 0.742536 0.669610
vt 0.256784 0.137525
vt 0.741520 0.657394
vt 0.727166 0.668986
vt 0.510029 0.738090
vt 0.764908 0.690341
vt 0.752412 0.695429
vt 0.759028 0.668017
vt 0.767210 0.657508
vt 0.778817 0.670394
vt 0.773339 0.680534
vt 0.779456 0.694929
vt 0.799587 0.656413
vt 0.812510 0.639009
vt 0.783329 0.651847
vt 0.265657 0.153489
vt 0.249704 0.148770
vt 0.813785 0.629872
vt 0.820884 0.631528
vt 0.854268 0.655356
vt 0.799366 0.627890
vt 0.805038 0.633599
vt 0.185110 0.056478
vt 0.218489 0.062896
vt 0.801223 0.670419
vt 0.786003 0.662314
vt 0.244399 0.068089
vt 0.769394 0.630548
vt 0.783601 0.624530
vt 0.823292 0.641805
vt 0.773304 0.623510
vt 0.224232 0.069330
vt 0.766941 0.643334
vt 0.751881 0.648895
vt 0.757747 0.632594
vt 0.872233 0.645823
vt 0.682721 0.254484
vt 0.675754 0.269128
vt 0.667567 0.258100
vt 0.743798 0.634442
vt 0.793853 0.701854
vt 0.797644 0.687666
vt 0.813084 0.697715
vt 0.809914 0.683563
vt 0.835861 0.695350
vt 0.822167 0.700608
vt 0.837402 0.708950
vt 0.821991 0.719362
vt 0.817364 0.657110
vt 0.717954 0.616753
vt 0.871892 0.635287
vt 0.175699 0.035338
vt 0.179659 0.046196
vt 0.191885 0.077191
vt 0.176061 0.069810
vt 0.181537 0.083362
vt 0.155838 0.072467
vt 0.165465 0.080669
vt 0.157167 0.090729
vt 0.151785 0.107259
vt 0.166868 0.111099
vt 0.144282 0.091211
vt 0.136275 0.100643
vt 0.083801 0.052255
vt 0.183297 0.104141
vt 0.175620 0.093293
vt 0.192930 0.147803
vt 0.178096 0.146554
vt 0.191330 0.051576
vt 0.127757 0.034053
vt 0.120290 0.025537
vt 0.129768 0.026540
vt 0.803705 0.713470
vt 0.533352 0.727232
vt 0.537361 0.714474
vt 0.493751 0.693865
vt 0.494170 0.709736
vt 0.505222 0.720876
vt 0.754525 0.714210
vt 0.753075 0.801507
vt 0.771440 0.798783
vt 0.765512 0.707204
vt 0.519102 0.728811
vt 0.717904 0.789464
vt 0.708787 0.781733
vt 0.717762 0.771100
vt 0.529607 0.660609
vt 0.516403 0.658508
vt 0.532608 0.647257
vt 0.490703 0.723800
vt 0.709833 0.754436
vt 0.724070 0.746941
vt 0.706157 0.765310
vt 0.533617 0.688661
vt 0.840783 0.745999
vt 0.841876 0.725040
vt 0.849201 0.736918
vt 0.541901 0.634979
vt 0.544906 0.645796
vt 0.517473 0.644804
vt 0.505283 0.749570
vt 0.503562 0.651424
vt 0.537540 0.670821
vt 0.699329 0.756250
vt 0.698173 0.749159
vt 0.463023 0.682645
vt 0.456202 0.688755
vt 0.702683 0.714975
vt 0.696403 0.705937
vt 0.706005 0.706946
vt 0.483202 0.670094
vt 0.703948 0.732587
vt 0.700251 0.743305
vt 0.698864 0.737297
vt 0.480553 0.661542
vt 0.472724 0.664252
vt 0.469138 0.672086
vt 0.481457 0.681212
vt 0.462540 0.673774
vt 0.756429 0.785611
vt 0.755976 0.763897
vt 0.766116 0.776575
vt 0.778877 0.774140
vt 0.771566 0.752937
vt 0.742021 0.773594
vt 0.743873 0.788007
vt 0.493222 0.657160
vt 0.483934 0.652782
vt 0.731098 0.780296
vt 0.506192 0.633342
vt 0.760613 0.745162
vt 0.745778 0.734659
vt 0.495135 0.640868
vt 0.479674 0.639047
vt 0.493448 0.627039
vt 0.712810 0.722545
vt 0.699225 0.697417
vt 0.830598 0.727513
vt 0.825472 0.747667
vt 0.723581 0.729214
vt 0.714800 0.740781
vt 0.809043 0.729825
vt 0.817875 0.740706
vt 0.735396 0.724010
vt 0.740462 0.702948
vt 0.697433 0.691462
vt 0.433642 0.713123
vt 0.446800 0.711540
vt 0.458686 0.713874
vt 0.794590 0.727111
vt 0.786950 0.744043
vt 0.795367 0.757524
vt 0.780078 0.757790
vt 0.812244 0.755626
vt 0.802656 0.743235
vt 0.782189 0.712590
vt 0.456404 0.700383
vt 0.450775 0.706609
vt 0.477319 0.730995
vt 0.727674 0.794678
vt 0.545454 0.657027
vt 0.547957 0.671068
vt 0.737338 0.807319
vt 0.723400 0.810382
vt 0.747962 0.745771
vt 0.780535 0.731280
vt 0.793148 0.774264
vt 0.555422 0.632547
vt 0.544453 0.621963
vt 0.567542 0.615354
vt 0.750914 0.813429
vt 0.747138 0.824390
vt 0.700625 0.722187
vt 0.809438 0.764936
vt 0.524053 0.631827
vt 0.542890 0.585583
vt 0.538326 0.605738
vt 0.531436 0.594164
vt 0.511397 0.611541
vt 0.525377 0.617258
vt 0.585343 0.571759
vt 0.586814 0.579719
vt 0.956941 0.223119
vt 0.960556 0.202989
vt 0.577741 0.608905
vt 0.570056 0.599490
vt 0.971984 0.180109
vt 0.596165 0.629186
vt 0.525914 0.585350
vt 0.966908 0.241936
vt 0.967015 0.189041
vt 0.954473 0.184455
vt 0.796895 0.790892
vt 0.807701 0.783149
vt 0.732723 0.824518
vt 0.783940 0.815462
vt 0.518499 0.594027
vt 0.523967 0.604290
vt 0.753019 0.841098
vt 0.742368 0.842569
vt 0.509620 0.601136
vt 0.711084 0.812848
vt 0.719716 0.823054
vt 0.709262 0.823203
vt 0.979880 0.207511
vt 0.984052 0.218568
vt 0.764138 0.837555
vt 0.714800 0.834200
vt 0.727057 0.843491
vt 0.787213 0.830612
vt 0.601200 0.580015
vt 0.597974 0.594275
vt 0.585638 0.597251
vt 0.635165 0.596739
vt 0.621222 0.593748
vt 0.610626 0.587284
vt 0.951469 0.268499
vt 0.939885 0.262960
vt 0.949851 0.252848
vt 0.579111 0.567368
vt 0.553415 0.605007
vt 0.557525 0.591963
vt 0.829589 0.809396
vt 0.828251 0.796962
vt 0.561509 0.561732
vt 0.553802 0.568888
vt 0.541217 0.570493
vt 0.972645 0.196241
vt 0.979612 0.199249
vt 0.894242 0.288682
vt 0.894364 0.307490
vt 0.885376 0.307806
vt 0.984781 0.240846
vt 0.980823 0.246347
vt 0.954904 0.240233
vt 0.945306 0.227796
vt 0.949302 0.211805
vt 0.929170 0.289424
vt 0.914334 0.275623
vt 0.933400 0.274051
vt 0.816507 0.795034
vt 0.940334 0.205754
vt 0.944812 0.195663
vt 0.931967 0.250674
vt 0.904770 0.309171
vt 0.899315 0.313462
vt 0.944797 0.284660
vt 0.962212 0.271942
vt 0.714446 0.848406
vt 0.721022 0.851955
vt 0.725440 0.859123
vt 0.735628 0.866201
vt 0.727503 0.868920
vt 0.939235 0.239174
vt 0.904445 0.298566
vt 0.913700 0.302393
vt 0.953550 0.297050
vt 0.934901 0.299457
vt 0.764714 0.853248
vt 0.750010 0.857426
vt 0.959902 0.289557
vt 0.734962 0.853920
vt 0.968077 0.288067
vt 0.974754 0.276951
vt 0.975941 0.283979
vt 0.774184 0.845762
vt 0.893587 0.263200
vt 0.912168 0.258626
vt 0.535160 0.575154
vt 0.379143 0.404151
vt 0.512322 0.755755
vt 0.462712 0.733551
vt 0.737871 0.211285
vt 0.731638 0.225229
vt 0.722654 0.212735
vt 0.512984 0.513463
vt 0.504587 0.617202
vt 0.534849 0.099688
vt 0.540866 0.088714
vt 0.544956 0.094562
vt 0.426185 0.094888
vt 0.440577 0.100327
vt 0.431536 0.112662
vt 0.525099 0.150872
vt 0.519436 0.218481
vt 0.927801 0.064933
vt 0.496283 0.268339
vt 0.508259 0.253272
vt 0.499709 0.237942
vt 0.501643 0.110240
vt 0.506910 0.094242
vt 0.515539 0.103704
vt 0.502552 0.080747
vt 0.493431 0.099433
vt 0.474275 0.058648
vt 0.535081 0.082428
vt 0.520267 0.115976
vt 0.514450 0.126093
vt 0.417028 0.156750
vt 0.401141 0.166974
vt 0.400293 0.151432
vt 0.465877 0.079713
vt 0.467015 0.093451
vt 0.519294 0.140254
vt 0.502451 0.137000
vt 0.483922 0.127951
vt 0.497990 0.121625
vt 0.464388 0.128448
vt 0.472700 0.118191
vt 0.463922 0.140750
vt 0.481768 0.139043
vt 0.485034 0.114004
vt 0.476330 0.099868
vt 0.171372 0.725300
vt 0.183958 0.723945
vt 0.183595 0.741347
vt 0.433718 0.137662
vt 0.428186 0.124593
vt 0.445613 0.129054
vt 0.508685 0.147261
vt 0.480672 0.155451
vt 0.496712 0.151494
vt 0.494659 0.162896
vt 0.526130 0.166640
vt 0.519235 0.188380
vt 0.515667 0.172463
vt 0.412730 0.175192
vt 0.465793 0.166135
vt 0.470476 0.154136
vt 0.443807 0.119500
vt 0.460881 0.112452
vt 0.455771 0.091049
vt 0.442783 0.089602
vt 0.419879 0.119667
vt 0.449041 0.108992
vt 0.531728 0.183906
vt 0.390930 0.105259
vt 0.402005 0.098684
vt 0.402379 0.108771
vt 0.181104 0.711044
vt 0.196340 0.717228
vt 0.415773 0.106022
vt 0.426033 0.178730
vt 0.440611 0.176319
vt 0.435742 0.187742
vt 0.424968 0.164735
vt 0.437132 0.163507
vt 0.448119 0.143268
vt 0.454722 0.154006
vt 0.435162 0.151526
vt 0.419718 0.143734
vt 0.487732 0.185426
vt 0.505809 0.180467
vt 0.499760 0.197897
vt 0.437989 0.229897
vt 0.425817 0.240144
vt 0.156352 0.711711
vt 0.163868 0.704139
vt 0.168821 0.709963
vt 0.414941 0.131026
vt 0.400044 0.135157
vt 0.405946 0.118972
vt 0.393349 0.120530
vt 0.252726 0.718965
vt 0.195013 0.701903
vt 0.395457 0.094444
vt 0.372176 0.136116
vt 0.380768 0.140301
vt 0.368159 0.147052
vt 0.222675 0.733318
vt 0.228599 0.748346
vt 0.216177 0.750119
vt 0.400111 0.087702
vt 0.383504 0.127457
vt 0.427063 0.079386
vt 0.415079 0.091963
vt 0.157392 0.724403
vt 0.108495 0.707748
vt 0.110407 0.713557
vt 0.198956 0.742801
vt 0.209869 0.736857
vt 0.195544 0.729837
vt 0.948139 0.131153
vt 0.226692 0.719057
vt 0.212215 0.721351
vt 0.215910 0.709955
vt 0.141459 0.706426
vt 0.155217 0.702146
vt 0.270903 0.737076
vt 0.375561 0.126778
vt 0.380647 0.155596
vt 0.458030 0.178421
vt 0.449859 0.165768
vt 0.438737 0.252904
vt 0.237010 0.715853
vt 0.238803 0.724927
vt 0.479537 0.170926
vt 0.141404 0.719710
vt 0.510785 0.159365
vt 0.176112 0.765029
vt 0.185061 0.755627
vt 0.173969 0.745304
vt 0.426265 0.199154
vt 0.454270 0.194326
vt 0.899903 0.251553
vt 0.892644 0.237948
vt 0.907265 0.234046
vt 0.358501 0.172666
vt 0.376725 0.172903
vt 0.362634 0.184389
vt 0.352391 0.164006
vt 0.364403 0.161494
vt 0.356944 0.154053
vt 0.387886 0.177141
vt 0.381874 0.190366
vt 0.380993 0.206451
vt 0.367003 0.197324
vt 0.411474 0.245228
vt 0.491297 0.284120
vt 0.484828 0.302166
vt 0.473308 0.295897
vt 0.348748 0.171044
vt 0.234850 0.739414
vt 0.243832 0.752755
vt 0.282243 0.735140
vt 0.274450 0.749867
vt 0.234889 0.759163
vt 0.227830 0.709301
vt 0.267920 0.815606
vt 0.259563 0.794796
vt 0.273773 0.801171
vt 0.232790 0.838327
vt 0.232368 0.826841
vt 0.248081 0.831176
vt 0.227041 0.765341
vt 0.296544 0.786563
vt 0.294635 0.799616
vt 0.278011 0.789461
vt 0.286537 0.812276
vt 0.270663 0.778363
vt 0.552620 0.557304
vt 0.129617 0.706865
vt 0.124668 0.719474
vt 0.121873 0.705510
vt 0.312879 0.807288
vt 0.313056 0.794732
vt 0.856785 0.099610
vt 0.853963 0.111768
vt 0.839403 0.099908
vt 0.266520 0.765942
vt 0.342765 0.208879
vt 0.334335 0.223361
vt 0.331489 0.206759
vt 0.322989 0.764890
vt 0.317519 0.781045
vt 0.306946 0.778890
vt 0.288885 0.777334
vt 0.898031 0.111866
vt 0.903862 0.123156
vt 0.887375 0.125799
vt 0.253682 0.779773
vt 0.118339 0.754824
vt 0.250096 0.807232
vt 0.290585 0.855928
vt 0.280906 0.842212
vt 0.300417 0.845419
vt 0.191372 0.806981
vt 0.268878 0.853203
vt 0.260947 0.837888
vt 0.329876 0.783089
vt 0.334262 0.797510
vt 0.219352 0.831208
vt 0.217439 0.843775
vt 0.303464 0.570142
vt 0.315078 0.576735
vt 0.306762 0.586035
vt 0.237198 0.801091
vt 0.234564 0.813523
vt 0.217627 0.816627
vt 0.222104 0.804737
vt 0.209063 0.806696
vt 0.198195 0.817163
vt 0.248847 0.855887
vt 0.304541 0.612448
vt 0.319326 0.600513
vt 0.316372 0.612970
vt 0.204041 0.849392
vt 0.242640 0.847836
vt 0.238150 0.862748
vt 0.228887 0.851247
vt 0.218783 0.860150
vt 0.318765 0.688744
vt 0.303726 0.692468
vt 0.308482 0.678095
vt 0.309513 0.836055
vt 0.295319 0.837066
vt 0.313630 0.824988
vt 0.320964 0.681448
vt 0.334182 0.302536
vt 0.329928 0.296415
vt 0.340995 0.288204
vt 0.283971 0.545459
vt 0.175771 0.866942
vt 0.307372 0.645130
vt 0.315666 0.640348
vt 0.318270 0.648775
vt 0.309233 0.658002
vt 0.860211 0.785020
vt 0.857193 0.792966
vt 0.844541 0.786245
vt 0.289519 0.827273
vt 0.299071 0.819215
vt 0.307390 0.551779
vt 0.278622 0.828412
vt 0.279091 0.850690
vt 0.321577 0.669404
vt 0.739082 0.037242
vt 0.739689 0.054072
vt 0.722446 0.045049
vt 0.302405 0.755884
vt 0.365105 0.239496
vt 0.349549 0.247926
vt 0.346255 0.235433
vt 0.294771 0.621096
vt 0.260388 0.601247
vt 0.328706 0.815713
vt 0.293245 0.761076
vt 0.344388 0.306975
vt 0.354764 0.300236
vt 0.358632 0.312428
vt 0.312470 0.751904
vt 0.324456 0.750178
vt 0.721156 0.235289
vt 0.722427 0.246613
vt 0.707200 0.246209
vt 0.660486 0.019134
vt 0.666904 0.015489
vt 0.671545 0.028698
vt 0.276556 0.683475
vt 0.284620 0.668943
vt 0.295810 0.674420
vt 0.677854 0.016549
vt 0.689383 0.022040
vt 0.262867 0.587166
vt 0.268539 0.633726
vt 0.280485 0.644297
vt 0.274596 0.618630
vt 0.333627 0.193224
vt 0.489656 0.222801
vt 0.504335 0.222905
vt 0.346482 0.189750
vt 0.342196 0.180976
vt 0.494753 0.322474
vt 0.474660 0.220252
vt 0.477570 0.231056
vt 0.475800 0.247963
vt 0.464100 0.235901
vt 0.490508 0.205442
vt 0.479100 0.206732
vt 0.467305 0.205077
vt 0.474745 0.193847
vt 0.488436 0.242011
vt 0.496253 0.255288
vt 0.484809 0.258244
vt 0.495549 0.175150
vt 0.984527 0.046619
vt 0.459859 0.251657
vt 0.431273 0.275136
vt 0.429488 0.258788
vt 0.441634 0.267344
vt 0.468634 0.260918
vt 0.443580 0.281756
vt 0.483621 0.275502
vt 0.471621 0.276747
vt 0.456586 0.270943
vt 0.457342 0.288621
vt 0.458461 0.304142
vt 0.926847 0.081707
vt 0.913192 0.072744
vt 0.473868 0.311575
vt 0.541752 0.311036
vt 0.534445 0.315005
vt 0.417556 0.220661
vt 0.442032 0.300039
vt 0.431720 0.291867
vt 0.914863 0.061071
vt 0.919466 0.053672
vt 0.896039 0.066873
vt 0.892240 0.081237
vt 0.886370 0.069785
vt 0.447836 0.311474
vt 0.461769 0.318946
vt 0.421330 0.286931
vt 0.407620 0.288927
vt 0.438490 0.322191
vt 0.903697 0.061506
vt 0.473835 0.321342
vt 0.463074 0.326473
vt 0.880527 0.082180
vt 0.687903 0.758288
vt 0.449271 0.238354
vt 0.398938 0.213661
vt 0.414328 0.206812
vt 0.451593 0.322439
vt 0.446063 0.329429
vt 0.371401 0.258856
vt 0.379072 0.248890
vt 0.386245 0.263756
vt 0.379016 0.275152
vt 0.362613 0.267651
vt 0.395566 0.310526
vt 0.396065 0.319770
vt 0.387096 0.318629
vt 0.280862 0.761450
vt 0.290649 0.743778
vt 0.346553 0.320697
vt 0.323838 0.235891
vt 0.323556 0.222163
vt 0.919363 0.151866
vt 0.907049 0.163962
vt 0.905395 0.150039
vt 0.405714 0.315106
vt 0.394363 0.249283
vt 0.391251 0.232871
vt 0.401606 0.231271
vt 0.382389 0.224618
vt 0.204508 0.707293
vt 0.468887 0.184612
vt 0.405823 0.303720
vt 0.715627 0.253022
vt 0.722188 0.253369
vt 0.348627 0.767662
vt 0.359293 0.770032
vt 0.359183 0.778039
vt 0.333498 0.250489
vt 0.344864 0.262759
vt 0.858747 0.742515
vt 0.867018 0.747081
vt 0.860032 0.753885
vt 0.351084 0.280190
vt 0.363949 0.283168
vt 0.382073 0.309409
vt 0.372274 0.299749
vt 0.389845 0.296286
vt 0.381825 0.288229
vt 0.372867 0.316432
vt 0.844989 0.077988
vt 0.853671 0.076260
vt 0.851163 0.087109
vt 0.842697 0.116142
vt 0.411683 0.319651
vt 0.357221 0.255933
vt 0.903915 0.079617
vt 0.892173 0.094943
vt 0.874977 0.095992
vt 0.917135 0.093975
vt 0.891443 0.170695
vt 0.903090 0.180513
vt 0.929025 0.111053
vt 0.933735 0.092143
vt 0.909662 0.192709
vt 0.920856 0.184074
vt 0.929781 0.189794
vt 0.917914 0.122939
vt 0.931788 0.128867
vt 0.922824 0.138350
vt 0.907009 0.136252
vt 0.881458 0.112938
vt 0.910997 0.174556
vt 0.922003 0.169496
vt 0.906176 0.100696
vt 0.903709 0.208782
vt 0.915760 0.206277
vt 0.894293 0.137344
vt 0.881598 0.145210
vt 0.869228 0.137000
vt 0.858600 0.126642
vt 0.870004 0.116195
vt 0.910935 0.218761
vt 0.900794 0.226370
vt 0.924416 0.199416
vt 0.831539 0.785130
vt 0.832427 0.765708
vt 0.842104 0.775027
vt 0.935563 0.160292
vt 0.894334 0.155488
vt 0.883887 0.159554
vt 0.847909 0.129973
vt 0.834664 0.125692
vt 0.869241 0.077609
vt 0.860809 0.085185
vt 0.861313 0.074406
vt 0.862443 0.151498
vt 0.870149 0.160726
vt 0.852454 0.159367
vt 0.755788 0.080266
vt 0.753563 0.097486
vt 0.745120 0.085205
vt 0.718983 0.111421
vt 0.735548 0.097398
vt 0.731388 0.107302
vt 0.726841 0.182255
vt 0.736951 0.195068
vt 0.722987 0.196179
vt 0.755724 0.130334
vt 0.771629 0.133853
vt 0.764919 0.144499
vt 0.314039 0.247567
vt 0.322023 0.254755
vt 0.310641 0.258717
vt 0.314574 0.269020
vt 0.333423 0.268452
vt 0.344009 0.784508
vt 0.351801 0.798502
vt 0.694397 0.172285
vt 0.709770 0.176302
vt 0.704288 0.190344
vt 0.304518 0.276789
vt 0.301073 0.264073
vt 0.854494 0.141644
vt 0.340104 0.807132
vt 0.698579 0.012214
vt 0.708654 0.015882
vt 0.748570 0.111803
vt 0.732123 0.012701
vt 0.743240 0.026266
vt 0.731544 0.023324
vt 0.339126 0.770954
vt 0.669030 0.008276
vt 0.701357 0.049084
vt 0.701175 0.031539
vt 0.712885 0.056801
vt 0.279417 0.605874
vt 0.823080 0.097869
vt 0.837363 0.085126
vt 0.822270 0.086977
vt 0.796463 0.059948
vt 0.795773 0.070093
vt 0.786680 0.069584
vt 0.852008 0.173529
vt 0.844341 0.188882
vt 0.833102 0.178516
vt 0.839395 0.143604
vt 0.810288 0.106141
vt 0.824694 0.112626
vt 0.851938 0.296667
vt 0.855071 0.284373
vt 0.863899 0.293245
vt 0.818025 0.128696
vt 0.824984 0.140933
vt 0.812018 0.142638
vt 0.759819 0.244797
vt 0.762606 0.235425
vt 0.768540 0.242661
vt 0.794329 0.078496
vt 0.782430 0.080726
vt 0.803875 0.130779
vt 0.810655 0.121201
vt 0.802092 0.138858
vt 0.770909 0.039967
vt 0.756269 0.046990
vt 0.764802 0.036220
vt 0.773567 0.055488
vt 0.772058 0.070744
vt 0.758944 0.064069
vt 0.311622 0.697476
vt 0.789280 0.055613
vt 0.784798 0.044138
vt 0.787540 0.085610
vt 0.766170 0.083343
vt 0.341841 0.317130
vt 0.811871 0.160914
vt 0.803948 0.150762
vt 0.335673 0.823851
vt 0.326179 0.829368
vt 0.322788 0.278071
vt 0.269938 0.660315
vt 0.357119 0.206864
vt 0.755732 0.034157
vt 0.650731 0.039773
vt 0.650312 0.026936
vt 0.658397 0.034328
vt 0.727719 0.084144
vt 0.711013 0.097296
vt 0.215222 0.641531
vt 0.226143 0.648490
vt 0.216401 0.657217
vt 0.941729 0.182699
vt 0.839207 0.163684
vt 0.763802 0.107773
vt 0.780893 0.101166
vt 0.778499 0.111501
vt 0.752681 0.189665
vt 0.744803 0.178144
vt 0.752446 0.162699
vt 0.768939 0.155372
vt 0.763037 0.171610
vt 0.825864 0.154911
vt 0.820533 0.175508
vt 0.945910 0.171398
vt 0.856742 0.228604
vt 0.863371 0.241099
vt 0.852510 0.246295
vt 0.941523 0.141297
vt 0.937898 0.150181
vt 0.879521 0.170138
vt 0.931515 0.174104
vt 0.747892 0.069436
vt 0.732177 0.072397
vt 0.699115 0.115969
vt 0.728413 0.135725
vt 0.730301 0.118060
vt 0.740337 0.125800
vt 0.725080 0.061876
vt 0.783389 0.137687
vt 0.777306 0.148880
vt 0.855774 0.186109
vt 0.865416 0.176151
vt 0.409872 0.082918
vt 0.877799 0.067386
vt 0.391438 0.161007
vt 0.146606 0.814525
vt 0.304545 0.597962
vt 0.290389 0.581195
vt 0.324001 0.212909
vt 0.352807 0.221576
vt 0.370347 0.218678
vt 0.335909 0.759628
vt 0.708325 0.156705
vt 0.688108 0.157070
vt 0.292470 0.692806
vt 0.908391 0.286289
vt 0.920890 0.295709
vt 0.286008 0.934043
vt 0.635202 0.169339
vt 0.630282 0.153358
vt 0.646926 0.159258
vt 0.652062 0.173233
vt 0.641130 0.143086
vt 0.658164 0.151555
vt 0.637934 0.185392
vt 0.622196 0.181549
vt 0.618964 0.194884
vt 0.629625 0.029313
vt 0.655750 0.189676
vt 0.159884 0.634251
vt 0.176603 0.633881
vt 0.640217 0.072521
vt 0.637617 0.058758
vt 0.653063 0.056593
vt 0.662936 0.172059
vt 0.237377 0.663457
vt 0.256851 0.672599
vt 0.249175 0.685058
vt 0.253174 0.653711
vt 0.227073 0.604565
vt 0.224461 0.669818
vt 0.224267 0.683992
vt 0.208680 0.679275
vt 0.623015 0.076927
vt 0.627813 0.083930
vt 0.615430 0.081134
vt 0.610439 0.124556
vt 0.597675 0.135043
vt 0.602520 0.124753
vt 0.229540 0.692859
vt 0.217525 0.689159
vt 0.215716 0.624501
vt 0.230058 0.637554
vt 0.235929 0.689518
vt 0.203715 0.691037
vt 0.605577 0.107191
vt 0.622182 0.107579
vt 0.613238 0.115463
vt 0.180278 0.659716
vt 0.190434 0.676443
vt 0.174646 0.674622
vt 0.158411 0.660269
vt 0.144335 0.668777
vt 0.137810 0.655130
vt 0.125450 0.667300
vt 0.125375 0.652965
vt 0.191978 0.657632
vt 0.200948 0.651131
vt 0.208012 0.666403
vt 0.691442 0.083805
vt 0.689575 0.066241
vt 0.700281 0.064479
vt 0.234277 0.624265
vt 0.239487 0.649306
vt 0.159888 0.675874
vt 0.712542 0.074331
vt 0.188025 0.641657
vt 0.202752 0.632898
vt 0.176417 0.649858
vt 0.160987 0.648757
vt 0.672428 0.159490
vt 0.679378 0.171186
vt 0.213596 0.607776
vt 0.147916 0.647224
vt 0.205629 0.863110
vt 0.188429 0.596540
vt 0.656386 0.086771
vt 0.674756 0.091481
vt 0.657798 0.099473
vt 0.615602 0.160347
vt 0.614176 0.143872
vt 0.484736 0.769118
vt 0.161778 0.687976
vt 0.173243 0.691936
vt 0.729134 0.161691
vt 0.751094 0.147894
vt 0.623750 0.135792
vt 0.637706 0.113173
vt 0.650735 0.116702
vt 0.638864 0.128562
vt 0.638438 0.093600
vt 0.624387 0.126216
vt 0.645592 0.083115
vt 0.651557 0.074313
vt 0.257097 0.639358
vt 0.589043 0.140125
vt 0.600260 0.149813
vt 0.585429 0.160914
vt 0.585660 0.150131
vt 0.596057 0.163577
vt 0.035700 0.988890
vt 0.148929 0.681392
vt 0.136766 0.683285
vt 0.188684 0.691762
vt 0.180805 0.697963
vt 0.246021 0.698745
vt 0.684907 0.042006
vt 0.668089 0.104951
vt 0.663011 0.121170
vt 0.661283 0.069731
vt 0.668322 0.056733
vt 0.665410 0.043821
vt 0.638886 0.103688
vt 0.676908 0.077650
vt 0.654858 0.134701
vt 0.642706 0.224154
vt 0.580728 0.229695
vt 0.591266 0.224403
vt 0.586541 0.236406
vt 0.632177 0.232960
vt 0.619224 0.227016
vt 0.600307 0.256933
vt 0.595140 0.241060
vt 0.611944 0.239027
vt 0.621781 0.247204
vt 0.589985 0.210528
vt 0.597091 0.199918
vt 0.606998 0.216407
vt 0.055022 0.021078
vt 0.066613 0.017657
vt 0.059857 0.039435
vt 0.860642 0.726348
vt 0.870338 0.721313
vt 0.872503 0.729159
vt 0.076612 0.026991
vt 0.072445 0.041490
vt 0.046700 0.052388
vt 0.034538 0.032793
vt 0.049582 0.036764
vt 0.028681 0.016097
vt 0.019006 0.026190
vt 0.016610 0.011001
vt 0.043432 0.015263
vt 0.035378 0.009981
vt 0.063610 0.004086
vt 0.053832 0.008053
vt 0.089606 0.034742
vt 0.088072 0.020907
vt 0.101530 0.019788
vt 0.856982 0.668935
vt 0.869414 0.659072
vt 0.868096 0.671182
vt 0.610774 0.254461
vt 0.569433 0.199550
vt 0.576067 0.196244
vt 0.575823 0.210562
vt 0.081002 0.011376
vt 0.672409 0.187913
vt 0.599795 0.233301
vt 0.100418 0.048080
vt 0.136792 0.113855
vt 0.156209 0.122191
vt 0.123672 0.109849
vt 0.104839 0.060994
vt 0.631737 0.295895
vt 0.623628 0.281609
vt 0.641520 0.289362
vt 0.619076 0.300869
vt 0.614084 0.293976
vt 0.704322 0.258945
vt 0.106971 0.036691
vt 0.110176 0.023474
vt 0.663237 0.288050
vt 0.667882 0.283235
vt 0.883985 0.276668
vt 0.814234 0.832119
vt 0.806384 0.834004
vt 0.676694 0.278376
vt 0.635562 0.270400
vt 0.643996 0.280952
vt 0.625977 0.261871
vt 0.874645 0.303649
vt 0.878453 0.293206
vt 0.822280 0.823797
vt 0.822033 0.830865
vt 0.633545 0.246576
vt 0.644497 0.251108
vt 0.653442 0.209741
vt 0.610784 0.268133
vt 0.845132 0.682542
vt 0.861280 0.678116
vt 0.653366 0.287115
vt 0.242102 0.129330
vt 0.121531 0.046734
vt 0.131247 0.053715
vt 0.613705 0.204511
vt 0.574368 0.224269
vt 0.067398 0.652202
vt 0.564603 0.209710
vt 0.597705 0.189265
vt 0.584127 0.196300
vt 0.583230 0.182096
vt 0.106871 0.665903
vt 0.090911 0.673365
vt 0.101937 0.678877
vt 0.091618 0.678756
vt 0.690097 0.199246
vt 0.711169 0.204115
vt 0.696079 0.209450
vt 0.655116 0.237150
vt 0.645393 0.239505
vt 0.819801 0.765927
vt 0.690847 0.241553
vt 0.677043 0.238533
vt 0.675052 0.224438
vt 0.663910 0.230271
vt 0.741985 0.862261
vt 0.655356 0.221405
vt 0.075941 0.666305
vt 0.568074 0.219464
vt 0.680262 0.212624
vt 0.690903 0.224959
vt 0.665276 0.243407
vt 0.118410 0.685018
vt 0.105865 0.684830
vt 0.111926 0.676317
vt 0.784004 0.121840
vt 0.766819 0.122521
vt 0.782761 0.129216
vt 0.810733 0.212043
vt 0.810559 0.203164
vt 0.823260 0.204561
vt 0.818108 0.194073
vt 0.833432 0.196922
vt 0.720307 0.026680
vt 0.784682 0.145105
vt 0.786247 0.154908
vt 0.324294 0.289754
vt 0.807069 0.184452
vt 0.806861 0.192834
vt 0.874711 0.202401
vt 0.893977 0.201705
vt 0.890008 0.214440
vt 0.887253 0.225429
vt 0.875085 0.216220
vt 0.863516 0.212088
vt 0.863999 0.194517
vt 0.848050 0.204138
vt 0.755893 0.202869
vt 0.771022 0.211479
vt 0.753256 0.216582
vt 0.839604 0.236596
vt 0.832242 0.224813
vt 0.814754 0.225628
vt 0.826346 0.216043
vt 0.923668 0.227187
vt 0.924360 0.209998
vt 0.934007 0.215481
vt 0.750358 0.232117
vt 0.763438 0.225106
vt 0.749438 0.245266
vt 0.787326 0.192766
vt 0.779826 0.212195
vt 0.771087 0.194516
vt 0.846744 0.218916
vt 0.789696 0.181471
vt 0.778198 0.179030
vt 0.785255 0.167572
vt 0.922764 0.238754
vt 0.875568 0.232149
vt 0.314202 0.289503
vt 0.679162 0.139252
vt 0.693534 0.143684
vt 0.625345 0.096476
vt 0.317961 0.835210
vt 0.848639 0.258425
vt 0.837460 0.249885
vt 0.868456 0.254466
vt 0.850020 0.797043
vt 0.353071 0.328502
vt 0.360976 0.324473
vt 0.836738 0.262084
vt 0.830212 0.255563
vt 0.825577 0.247270
vt 0.851855 0.272927
vt 0.863107 0.265386
vt 0.865091 0.278632
vt 0.867426 0.305878
vt 0.839733 0.270842
vt 0.763998 0.184717
vt 0.844956 0.289400
vt 0.686435 0.187526
vt 0.096056 0.015301
vt 0.842211 0.280113
vt 0.787909 0.230070
vt 0.791511 0.215494
vt 0.797317 0.224329
vt 0.825949 0.237192
vt 0.778972 0.237714
vt 0.773809 0.227152
vt 0.842713 0.800647
vt 0.845249 0.809413
vt 0.798761 0.831250
vt 0.858605 0.303386
vt 0.881495 0.264047
vt 0.881930 0.247076
vt 0.833849 0.820480
vt 0.785650 0.246635
vt 0.793591 0.237288
vt 0.797086 0.244769
vt 0.776419 0.247985
vt 0.697026 0.250057
vt 0.369852 0.671748
vt 0.821099 0.777623
vt 0.791560 0.202149
vt 0.843865 0.818067
vt 0.737847 0.168210
vt 0.738618 0.143476
vt 0.787543 0.093685
vt 0.773124 0.092181
vt 0.715299 0.129225
vt 0.701804 0.133866
vt 0.677136 0.114958
vt 0.685992 0.105153
vt 0.688486 0.127225
vt 0.697186 0.099090
vt 0.341257 0.816834
vt 0.715208 0.143632
vt 0.267147 0.647283
vt 0.280941 0.697721
vt 0.267375 0.694858
vt 0.854007 0.701968
vt 0.725520 0.150140
vt 0.866199 0.776839
vt 0.854479 0.773638
vt 0.799205 0.158321
vt 0.691108 0.011795
vt 0.668545 0.134837
vt 0.847753 0.760346
vt 0.870457 0.741255
vt 0.705052 0.227933
vt 0.668238 0.212599
vt 0.672463 0.200414
vt 0.872543 0.756159
vt 0.737340 0.238622
vt 0.865456 0.763322
vt 0.737000 0.247238
vt 0.711154 0.217571
vt 0.865666 0.714131
vt 0.852769 0.718876
vt 0.694537 0.262975
vt 0.694442 0.272674
vt 0.687525 0.272930
vt 0.750693 0.628156
vt 0.912800 0.244924
vt 0.927743 0.264257
vt 0.680444 0.061615
vt 0.611944 0.172343
vt 0.587188 0.171613
vt 0.596721 0.178036
vt 0.576042 0.185096
vt 0.546704 0.564691
vt 0.613393 0.285275
vt 0.868537 0.695612
vt 0.860792 0.688957
vt 0.942978 0.046481
vt 0.500801 0.329150
vt 0.865294 0.707796
vt 0.779359 0.853680
vt 0.785865 0.846872
vt 0.792161 0.841049
vt 0.483060 0.494815
vt 0.484517 0.327106
vt 0.548376 0.103123
vt 0.321210 0.586389
vt 0.800949 0.168258
vt 0.807679 0.174908
vt 0.255636 0.695530
vt 0.645145 0.048807
vt 0.459207 0.064540
vt 0.448924 0.070062
vt 0.704609 0.086337
vt 0.329118 0.357106
vt 0.793440 0.337178
vt 0.320582 0.519495
vt 0.321479 0.512136
vt 0.016789 0.060236
vt 0.015049 0.067977
vt 0.519216 0.056482
vt 0.321891 0.457506
vt 0.319425 0.451039
vt 0.797039 0.396922
vt 0.789529 0.391735
vt 0.086148 0.093279
vt 0.768408 0.468920
vt 0.673139 0.521784
vt 0.646683 0.589842
vt 0.437032 0.050696
vt 0.273623 0.578087
vt 0.280767 0.592964
vt 0.353349 0.461577
vt 0.442724 0.077756
vt 0.059928 0.647704
vt 0.059513 0.058196
vt 0.064009 0.075123
vt 0.525087 0.102308
vt 0.360463 0.416931
vt 0.787526 0.442597
vt 0.303819 0.191258
vt 0.314782 0.558215
vt 0.018033 0.039222
vt 0.051937 0.645752
vt 0.312032 0.048410
vt 0.300185 0.939121
vt 0.614759 0.089198
vt 0.212440 0.695258
vt 0.611970 0.097739
vt 0.127041 0.688370
vt 0.632105 0.069499
vt 0.624684 0.068756
vt 0.356690 0.786497
vt 0.723282 0.011947
vt 0.776447 0.044135
vt 0.805320 0.114254
vt 0.253269 0.819369
vt 0.309330 0.745239
vt 0.327039 0.197672
vt 0.414159 0.231982
vt 0.992135 0.013634
vt 0.481584 0.627775
vt 0.385338 0.116521
vt 0.659548 0.551491
vt 0.670304 0.534750
vt 0.214417 0.701998
vt 0.268055 0.727352
vt 0.340750 0.173020
vt 0.250794 0.765151
vt 0.215734 0.867636
vt 0.294448 0.605327
vt 0.314662 0.567148
vt 0.265370 0.863891
vt 0.161653 0.864709
vt 0.549308 0.495092
vt 0.534160 0.497054
vt 0.057561 0.544041
vt 0.224929 0.495685
vt 0.013269 0.214680
vt 0.008892 0.186133
vt 0.008335 0.132968
vt 0.013642 0.196747
vt 0.012023 0.223170
vt 0.007983 0.085705
vt 0.014690 0.548942
vt 0.011873 0.458069
vt 0.046400 0.633772
vt 0.116143 0.223265
vt 0.468985 0.350987
vt 0.462983 0.346125
vt 0.197585 0.049512
vt 0.486619 0.760398
vt 0.732151 0.627928
vt 0.306396 0.147530
vt 0.752267 0.265697
vt 0.452916 0.351816
vt 0.420658 0.346246
vt 0.513560 0.416533
vt 0.347070 0.334678
vt 0.774881 0.308945
vt 0.783452 0.310190
vt 0.785959 0.315973
vt 0.479748 0.770361
vt 0.794878 0.372542
vt 0.327406 0.400517
vt 0.771643 0.479769
vt 0.778939 0.538624
vt 0.780878 0.527439
vt 0.786291 0.481481
vt 0.784686 0.468604
vt 0.323888 0.526242
vt 0.769671 0.543499
vt 0.335076 0.608983
vt 0.777424 0.490972
vt 0.560172 0.248005
vt 0.706064 0.598852
vt 0.611936 0.276488
vt 0.256209 0.321995
vt 0.252773 0.329032
vt 0.247431 0.333549
vt 0.661387 0.590670
vt 0.428218 0.053190
vt 0.450392 0.021875
vt 0.435119 0.041722
vt 0.008491 0.831505
vt 0.012733 0.838190
vt 0.795728 0.207655
vt 0.598223 0.984475
vt 0.386357 0.663939
vt 0.010679 0.021714
vt 0.321844 0.698734
vn 0.3025 -0.8126 0.4981
vn 0.3255 -0.8563 0.4009
vn 0.5074 -0.6997 0.5029
vn -0.7771 -0.1386 -0.6139
vn -0.7603 -0.3680 0.5354
vn -0.5918 -0.7731 0.2282
vn 0.5147 -0.3295 0.7915
vn 0.8005 -0.2146 0.5596
vn 0.4817 0.0043 0.8763
vn 0.9643 0.1673 0.2054
vn 0.8742 -0.1583 -0.4590
vn -0.2708 -0.5726 -0.7738
vn -0.5782 -0.2673 -0.7709
vn 0.2475 -0.6963 0.6737
vn 0.2714 -0.6742 0.6869
vn 0.2853 -0.5480 0.7863
vn 0.3014 0.0013 0.9535
vn 0.1290 0.0426 0.9907
vn -0.0885 0.0460 0.9950
vn 0.7276 -0.6852 0.0316
vn 0.5719 -0.2880 0.7681
vn 0.5922 -0.5879 0.5510
vn 0.5727 -0.5548 0.6035
vn 0.5507 -0.4753 0.6862
vn -0.8640 -0.2265 -0.4496
vn -0.8746 -0.4396 0.2045
vn -0.1871 -0.8923 0.4108
vn 0.3440 -0.0187 0.9388
vn -0.9548 -0.1829 0.2345
vn 0.7681 -0.6345 0.0868
vn 0.9920 -0.0681 0.1065
vn 0.1009 -0.7413 0.6636
vn 0.1830 -0.6685 0.7208
vn -0.1251 -0.5591 0.8196
vn -0.1307 -0.9228 -0.3623
vn 0.3480 -0.7866 0.5100
vn 0.0782 -0.9953 -0.0564
vn -0.0019 -0.9911 -0.1332
vn 0.0011 -0.9886 -0.1505
vn -0.8245 -0.2722 0.4962
vn -0.9809 0.1068 -0.1624
vn -0.7936 -0.4594 0.3991
vn 0.2007 -0.4634 0.8631
vn 0.0071 -0.5319 0.8467
vn -0.9704 0.0526 -0.2357
vn 0.6110 -0.2077 0.7639
vn 0.4461 -0.2890 0.8470
vn -0.0003 -0.4350 0.9004
vn -0.8620 -0.0432 0.5050
vn -0.3731 -0.2417 0.8958
vn 0.3504 -0.3302 0.8765
vn 0.9969 -0.0734 -0.0269
vn 0.9831 0.0189 -0.1818
vn -0.0300 -0.2339 0.9718
vn 0.6567 -0.3083 -0.6882
vn 0.8125 -0.5803 -0.0555
vn 0.8908 -0.4150 -0.1854
vn 0.4498 -0.4031 0.7970
vn 0.1975 -0.5025 0.8417
vn 0.3663 -0.4491 -0.8149
vn 0.8701 -0.4212 0.2561
vn 0.0961 -0.3393 0.9358
vn 0.6598 -0.7308 -0.1748
vn 0.2604 -0.1284 0.9569
vn 0.9199 -0.3716 -0.1252
vn 0.4918 -0.1443 0.8586
vn -0.0100 -0.0340 0.9994
vn -0.0031 -0.1914 0.9815
vn 0.6677 -0.1542 0.7283
vn 0.9208 -0.2769 -0.2746
vn -0.0983 -0.4270 -0.8989
vn 0.5321 -0.1774 0.8279
vn 0.3165 -0.9399 -0.1278
vn 0.1548 -0.5097 0.8463
vn 0.5881 -0.4509 0.6714
vn 0.4396 -0.5425 0.7158
vn 0.6784 -0.0999 0.7279
vn 0.7106 -0.0896 0.6978
vn -0.6901 -0.5432 -0.4781
vn -0.6645 -0.5542 -0.5013
vn -0.7022 -0.5592 -0.4407
vn -0.0229 -0.8636 0.5037
vn -0.1036 -0.5399 0.8353
vn 0.0483 -0.6079 0.7926
vn -0.0844 -0.4892 0.8681
vn -0.1759 -0.5708 0.8020
vn -0.5131 -0.6592 0.5497
vn -0.3717 -0.5684 0.7340
vn -0.1292 -0.8917 0.4338
vn -0.0886 -0.8380 0.5385
vn -0.1388 -0.8707 0.4718
vn 0.2053 -0.8394 0.5033
vn 0.3495 -0.8866 0.3030
vn 0.1469 -0.9641 0.2213
vn -0.5228 -0.1634 0.8367
vn -0.4521 -0.3339 0.8271
vn -0.8125 -0.3130 0.4918
vn 0.0614 -0.8067 0.5878
vn -0.1070 -0.7718 0.6268
vn -0.2346 -0.9580 0.1651
vn -0.3507 -0.9266 0.1360
vn -0.2929 -0.9521 0.0881
vn 0.0364 -0.8052 0.5919
vn 0.0270 -0.8976 0.4400
vn -0.0689 -0.9631 0.2601
vn 0.0904 -0.9416 0.3244
vn 0.1918 -0.7265 0.6599
vn 0.2319 -0.8159 0.5297
vn -0.4172 -0.7981 0.4346
vn -0.4991 -0.7405 0.4500
vn -0.4783 -0.8001 0.3620
vn -0.2721 -0.9409 0.2017
vn -0.3506 -0.8721 0.3415
vn -0.4284 -0.8711 0.2399
vn -0.2768 -0.8322 0.4805
vn -0.3608 -0.8511 0.3814
vn -0.1016 -0.9923 0.0703
vn -0.0394 -0.9951 -0.0909
vn -0.0062 -0.9995 0.0294
vn -0.3940 -0.8444 0.3629
vn -0.2722 -0.8992 0.3426
vn -0.4138 -0.5950 0.6890
vn -0.4273 -0.7341 0.5277
vn -0.2419 -0.6944 0.6777
vn 0.2202 -0.7164 0.6620
vn -0.0942 -0.8200 0.5646
vn -0.1471 -0.6346 0.7587
vn -0.5138 -0.8494 0.1202
vn -0.5422 -0.8216 0.1760
vn -0.4164 -0.6211 0.6640
vn -0.4282 -0.6487 0.6291
vn -0.3017 -0.6510 0.6966
vn -0.4694 -0.6842 0.5581
vn -0.4384 -0.7134 0.5468
vn -0.2627 -0.7539 0.6022
vn -0.4953 -0.8203 0.2860
vn -0.5462 -0.7746 0.3188
vn -0.5757 -0.7157 0.3953
vn -0.5498 -0.6995 0.4565
vn -0.5939 -0.6470 0.4782
vn 0.2056 -0.8939 0.3984
vn 0.0252 -0.4158 0.9091
vn 0.3908 -0.7617 0.5167
vn 0.4464 -0.7529 0.4836
vn 0.1848 -0.7675 0.6138
vn -0.5470 -0.7419 0.3877
vn 0.3434 -0.9304 0.1282
vn 0.1819 -0.9819 0.0536
vn 0.5674 -0.6462 0.5103
vn -0.0856 -0.9806 0.1765
vn -0.3227 -0.9329 -0.1600
vn -0.4338 -0.8976 -0.0777
vn -0.3426 -0.9236 -0.1724
vn -0.2256 -0.9647 0.1355
vn -0.0090 -0.9850 0.1724
vn -0.0037 -0.9771 0.2128
vn 0.1185 -0.2094 0.9706
vn 0.1070 -0.9914 0.0757
vn 0.4916 -0.4520 0.7443
vn 0.5826 -0.7832 0.2172
vn 0.5112 -0.8567 0.0697
vn 0.6109 -0.7914 -0.0199
vn 0.3418 -0.9160 0.2100
vn 0.2082 -0.9507 0.2297
vn 0.2275 -0.9727 0.0451
vn 0.2992 -0.9533 0.0403
vn -0.0824 -0.9865 -0.1418
vn -0.1555 -0.9664 -0.2047
vn -0.0804 -0.9821 -0.1706
vn 0.1029 -0.9551 0.2777
vn -0.1039 -0.9907 -0.0880
vn 0.4010 -0.9051 0.1414
vn 0.3443 -0.9383 0.0309
vn -0.4928 -0.7959 0.3517
vn 0.2689 -0.4472 0.8531
vn -0.1089 -0.9730 0.2034
vn -0.5602 -0.8063 -0.1898
vn -0.5619 -0.8094 -0.1710
vn -0.5244 -0.8204 -0.2280
vn -0.2028 -0.9770 -0.0662
vn -0.2246 -0.9707 0.0859
vn -0.2966 -0.9496 -0.1015
vn -0.3695 -0.9289 -0.0256
vn -0.4262 -0.9046 0.0091
vn 0.2878 -0.6017 -0.7451
vn 0.3259 -0.6545 -0.6823
vn 0.2306 -0.6413 -0.7318
vn 0.8035 -0.4228 -0.4190
vn 0.7595 -0.3427 -0.5528
vn 0.9019 -0.1572 -0.4023
vn -0.0369 -0.9888 -0.1444
vn -0.1964 -0.9544 0.2250
vn -0.4767 -0.8787 0.0266
vn -0.5366 -0.8420 0.0563
vn -0.5674 -0.7990 0.1993
vn -0.6279 -0.7336 0.2600
vn -0.6144 -0.7725 0.1604
vn -0.8457 0.0057 -0.5337
vn -0.6940 0.1888 -0.6948
vn -0.7864 0.0389 -0.6165
vn -0.5224 -0.8504 -0.0630
vn -0.5103 -0.8391 -0.1884
vn -0.6513 -0.7401 0.1675
vn -0.6698 -0.7367 0.0930
vn -0.6405 -0.7652 0.0651
vn -0.6198 -0.7014 0.3520
vn -0.6760 -0.6365 0.3713
vn -0.4047 -0.9137 0.0369
vn -0.5880 -0.8089 0.0045
vn -0.5823 -0.8064 -0.1032
vn -0.6228 -0.7824 0.0010
vn -0.6262 -0.7740 -0.0937
vn -0.5942 -0.8007 0.0757
vn -0.5623 -0.8203 0.1050
vn -0.0236 -0.9343 -0.3557
vn -0.0743 -0.9452 -0.3179
vn -0.0307 -0.9282 -0.3708
vn -0.6111 -0.7830 0.1156
vn -0.2408 -0.9485 -0.2056
vn -0.1783 -0.9687 -0.1727
vn -0.6860 -0.7202 -0.1033
vn -0.6673 -0.7312 -0.1414
vn -0.6662 -0.7450 -0.0330
vn 0.1048 -0.9142 0.3915
vn -0.0256 -0.8284 0.5595
vn -0.7047 -0.7092 -0.0224
vn -0.5646 -0.8117 0.1497
vn -0.6043 0.5839 -0.5422
vn -0.7992 0.4283 -0.4216
vn -0.6690 0.5972 -0.4425
vn -0.7629 -0.6392 -0.0970
vn -0.7044 -0.6759 -0.2168
vn 0.1048 -0.1659 0.9806
vn 0.1749 -0.2122 0.9615
vn 0.8649 -0.1478 0.4797
vn 0.2177 -0.3219 0.9214
vn 0.0529 -0.4956 0.8669
vn 0.1997 -0.6286 0.7517
vn 0.4000 -0.6263 0.6691
vn 0.3732 -0.6812 0.6298
vn 0.4745 -0.5109 0.7168
vn 0.5388 0.4864 0.6879
vn 0.3580 0.5995 0.7159
vn 0.1914 0.6215 0.7597
vn 0.3012 -0.7156 0.6303
vn 0.2426 -0.8288 0.5042
vn 0.1330 -0.7563 0.6406
vn 0.0248 -0.8815 0.4716
vn 0.3780 -0.5379 0.7535
vn 0.2278 -0.5525 0.8018
vn 0.5448 0.0390 0.8377
vn 0.7502 0.0187 0.6610
vn 0.7647 0.0094 0.6444
vn 0.6893 -0.0835 0.7197
vn 0.9956 -0.0104 -0.0929
vn 0.2844 -0.2123 0.9349
vn 0.3818 -0.0763 0.9211
vn 0.5179 -0.1957 0.8327
vn 0.3606 -0.8270 -0.4313
vn 0.2239 -0.8862 -0.4055
vn 0.3447 -0.7941 -0.5007
vn 0.3035 -0.9525 0.0262
vn 0.2662 -0.3259 0.9071
vn 0.5861 -0.7078 0.3944
vn 0.3199 -0.7884 0.5254
vn 0.4204 -0.8406 0.3416
vn 0.1452 -0.1175 0.9824
vn 0.2216 -0.1109 0.9688
vn 0.2912 -0.1262 0.9483
vn -0.9866 -0.0381 -0.1587
vn 0.5214 -0.0770 0.8498
vn 0.6170 -0.1410 0.7742
vn 0.5314 -0.1301 0.8370
vn 0.9922 -0.0060 0.1243
vn -0.1119 -0.0803 0.9905
vn 0.5884 -0.4258 0.6874
vn 0.1170 -0.1029 0.9878
vn 0.8425 -0.4116 0.3475
vn -0.1056 -0.1481 0.9833
vn -0.9690 -0.1807 -0.1687
vn -0.6260 -0.3841 0.6787
vn -0.7065 -0.3321 0.6249
vn -0.2091 -0.7036 -0.6792
vn 0.9032 -0.1791 0.3900
vn 0.9616 -0.1869 -0.2011
vn 0.7647 -0.2035 0.6114
vn 0.9327 0.3276 -0.1509
vn 0.9515 -0.2912 0.0991
vn 0.9738 -0.1387 0.1801
vn 0.7131 -0.5025 0.4888
vn 0.3428 -0.4182 -0.8412
vn 0.6648 -0.5573 0.4974
vn 0.6101 -0.1255 0.7824
vn 0.0332 0.4653 0.8845
vn 0.6935 0.1714 0.6997
vn 0.4059 0.5900 0.6980
vn 0.4831 -0.0916 0.8707
vn 0.6661 0.2434 0.7051
vn 0.6580 -0.0478 0.7515
vn 0.6177 -0.0093 0.7864
vn 0.9420 -0.0801 0.3259
vn 0.7132 0.3432 0.6112
vn 0.8713 0.1092 0.4784
vn 0.9243 -0.3813 -0.0187
vn 0.9596 -0.1869 0.2102
vn 0.9802 -0.1342 -0.1456
vn 0.2287 0.1329 0.9644
vn -0.4232 0.0123 -0.9060
vn -0.2010 -0.2236 -0.9537
vn -0.3790 -0.0596 -0.9235
vn 0.2580 -0.2453 0.9345
vn 0.3844 -0.0037 0.9231
vn 0.3217 0.2460 0.9143
vn 0.1864 -0.2654 0.9460
vn 0.2000 -0.2576 0.9453
vn 0.0888 0.0682 0.9937
vn 0.0031 0.0489 0.9988
vn 0.0070 -0.0930 0.9956
vn 0.3286 -0.3188 0.8891
vn 0.2023 -0.2551 0.9455
vn -0.2632 -0.3386 -0.9034
vn -0.4183 -0.2754 -0.8656
vn -0.9137 -0.4063 -0.0116
vn -0.8105 -0.0965 -0.5778
vn -0.3066 0.0604 -0.9499
vn -0.6729 0.1811 -0.7173
vn -0.7202 -0.1262 0.6822
vn -0.8558 0.1966 0.4784
vn 0.0286 0.0366 0.9989
vn -0.5214 0.1615 -0.8379
vn -0.5095 0.0087 -0.8604
vn -0.8603 0.3613 0.3597
vn -0.1361 -0.7711 -0.6220
vn -0.1486 -0.7519 0.6424
vn -0.0817 0.1142 0.9901
vn 0.3614 -0.6763 -0.6418
vn 0.0775 0.4098 0.9089
vn 0.4528 -0.7019 0.5498
vn 0.5704 -0.4798 0.6666
vn -0.2891 -0.1892 -0.9384
vn -0.5075 -0.3006 0.8075
vn -0.1100 -0.1992 0.9738
vn -0.8505 -0.4922 0.1855
vn 0.1780 -0.2473 0.9525
vn -0.0145 -0.1229 0.9923
vn -0.7757 -0.2176 0.5924
vn -0.5807 -0.2580 -0.7721
vn -0.6572 -0.1022 -0.7467
vn -0.8516 0.1103 0.5124
vn -0.8635 0.0463 0.5022
vn -0.1079 0.0274 0.9938
vn -0.1798 -0.5789 0.7954
vn -0.8738 -0.1238 0.4703
vn 0.2222 -0.2876 0.9316
vn -0.4605 -0.3820 0.8013
vn -0.3566 -0.2890 0.8884
vn -0.3822 -0.2952 0.8757
vn -0.9556 -0.0209 0.2940
vn -0.9483 0.2011 0.2455
vn -0.2157 -0.0414 0.9756
vn -0.3979 -0.0318 0.9169
vn -0.6663 0.5801 0.4686
vn 0.3332 -0.1126 0.9361
vn 0.2107 -0.0534 0.9761
vn -0.1911 0.6757 0.7119
vn 0.2304 0.3799 0.8959
vn 0.3113 0.5696 0.7607
vn -0.6700 0.6461 -0.3656
vn -0.4543 0.6933 0.5595
vn 0.7585 0.3377 0.5573
vn -0.9815 -0.0851 0.1716
vn -0.6871 0.0397 -0.7255
vn -0.8787 0.0261 0.4767
vn -0.7645 0.3919 -0.5117
vn -0.7671 -0.4626 0.4444
vn -0.8645 0.4681 0.1832
vn -0.4099 -0.0235 -0.9118
vn -0.5558 0.4752 0.6821
vn -0.8248 0.4109 0.3885
vn -0.6833 0.0561 0.7280
vn 0.1621 0.2638 0.9509
vn 0.0525 0.2860 0.9568
vn -0.1012 0.0812 0.9915
vn 0.5766 0.7085 0.4068
vn 0.5800 0.5245 0.6233
vn 0.3353 0.7035 0.6266
vn 0.9284 -0.3703 0.0304
vn 0.7809 -0.1522 0.6058
vn 0.7922 0.4489 0.4133
vn 0.3337 -0.7940 0.5082
vn -0.2032 -0.2135 0.9556
vn -0.0735 0.5471 0.8338
vn 0.4543 -0.8389 0.2999
vn 0.2020 -0.9631 0.1779
vn -0.7894 0.5844 0.1879
vn -0.9701 0.0723 -0.2315
vn 0.7360 -0.6770 -0.0081
vn -0.0442 -0.8094 0.5855
vn 0.2444 -0.8618 0.4444
vn 0.0957 -0.9953 -0.0177
vn -0.1272 -0.7730 0.6215
vn -0.5840 -0.7655 0.2701
vn -0.1200 -0.9708 0.2078
vn -0.0332 -0.7210 0.6921
vn 0.1880 -0.5903 0.7850
vn 0.1908 -0.3720 0.9084
vn 0.2006 -0.3017 0.9321
vn 0.9635 0.1596 0.2148
vn 0.9082 -0.4074 -0.0962
vn 0.5751 0.7323 0.3646
vn 0.4804 0.6812 0.5525
vn 0.3514 0.6328 0.6900
vn 0.1938 0.6466 0.7378
vn 0.5318 -0.0909 0.8420
vn 0.4172 -0.6598 0.6250
vn 0.2561 0.8107 0.5264
vn -0.3499 -0.5444 -0.7624
vn -0.1013 -0.9940 0.0421
vn -0.1064 -0.1424 0.9841
vn -0.1588 -0.0843 0.9837
vn -0.0980 -0.2037 0.9741
vn -0.1487 -0.4743 0.8677
vn -0.5902 -0.7276 0.3497
vn -0.4414 -0.4086 -0.7989
vn 0.2131 -0.4097 0.8870
vn -0.1949 -0.1415 0.9706
vn 0.1346 0.7224 0.6783
vn -0.0501 0.2170 0.9749
vn 0.0148 -0.2294 0.9732
vn 0.1812 0.3228 0.9289
vn -0.3261 0.1039 0.9396
vn -0.2029 -0.1547 0.9669
vn -0.2553 -0.1139 0.9601
vn -0.3739 -0.1678 0.9122
vn -0.2373 -0.0441 0.9704
vn -0.3360 -0.1575 0.9286
vn -0.5649 -0.4586 0.6860
vn -0.5712 -0.3975 0.7182
vn -0.3341 -0.6439 0.6884
vn -0.2203 -0.7381 0.6377
vn -0.2371 -0.6079 0.7578
vn -0.8037 -0.5450 0.2388
vn -0.7709 -0.6019 0.2085
vn -0.7752 -0.5407 0.3268
vn -0.1055 -0.3635 0.9256
vn -0.8324 -0.5466 0.0916
vn -0.8232 -0.5369 0.1847
vn -0.8240 -0.5258 0.2111
vn -0.7898 -0.6043 0.1052
vn -0.7616 -0.5749 -0.2992
vn -0.6924 -0.5698 -0.4426
vn -0.8163 -0.5766 -0.0333
vn -0.7391 -0.5718 0.3561
vn -0.6826 -0.6737 0.2832
vn -0.7450 -0.6140 0.2608
vn -0.6353 -0.5505 0.5416
vn -0.6314 -0.4657 0.6200
vn -0.6403 -0.5066 0.5773
vn -0.3961 -0.5985 0.6964
vn -0.3764 -0.4886 0.7872
vn -0.5966 -0.4201 0.6838
vn -0.4841 -0.3259 0.8120
vn -0.4332 -0.6145 0.6593
vn -0.5453 -0.8043 0.2361
vn -0.3913 -0.2389 0.8887
vn -0.7079 -0.6852 0.1715
vn -0.6978 -0.7146 0.0497
vn -0.5960 -0.5636 0.5719
vn -0.6536 -0.5916 0.4720
vn -0.7036 -0.5557 0.4428
vn -0.1507 -0.2241 0.9628
vn -0.5904 -0.4591 0.6639
vn -0.7671 -0.4886 0.4158
vn -0.7492 -0.4511 0.4849
vn -0.7940 -0.4505 0.4081
vn -0.7332 -0.4567 0.5038
vn -0.6687 -0.4376 0.6011
vn -0.6900 -0.4158 0.5925
vn -0.6264 -0.3825 0.6792
vn -0.5766 -0.3441 0.7410
vn -0.5407 -0.3077 0.7829
vn -0.7545 -0.4955 0.4305
vn -0.7372 -0.6648 0.1205
vn -0.7668 -0.6417 0.0143
vn -0.4933 -0.3030 0.8154
vn -0.2710 -0.2473 0.9303
vn -0.5014 -0.2530 0.8274
vn -0.4520 -0.2919 0.8429
vn -0.6140 -0.4064 0.6766
vn -0.6853 -0.4917 0.5372
vn -0.7949 -0.5157 0.3196
vn -0.2789 -0.2520 0.9267
vn -0.3415 -0.2032 0.9177
vn -0.1616 -0.2131 0.9636
vn -0.4025 -0.3570 0.8430
vn -0.5499 -0.4242 0.7195
vn -0.8218 -0.4538 0.3446
vn -0.8337 -0.5195 0.1871
vn -0.8092 -0.4934 0.3188
vn -0.1125 -0.0890 0.9897
vn 0.0029 -0.1466 0.9892
vn 0.0934 -0.1860 0.9781
vn -0.7127 -0.3956 0.5793
vn -0.7909 -0.5646 -0.2361
vn -0.8253 -0.5506 -0.1253
vn -0.2314 -0.2374 0.9435
vn -0.6938 -0.5446 -0.4712
vn -0.6607 -0.5723 -0.4857
vn -0.8437 -0.5319 0.0723
vn -0.7479 -0.5426 -0.3824
vn -0.7295 -0.5696 -0.3785
vn -0.8436 -0.5286 0.0942
vn -0.9188 -0.3944 -0.0123
vn -0.8641 -0.5032 0.0002
vn -0.8822 -0.4627 0.0880
vn -0.9265 -0.3517 0.1336
vn -0.8619 -0.4511 0.2314
vn -0.9028 -0.4128 -0.1210
vn -0.8580 -0.2077 -0.4697
vn -0.8328 -0.2518 -0.4930
vn -0.8282 -0.2807 -0.4850
vn -0.8002 -0.5315 -0.2779
vn -0.8020 -0.5066 -0.3165
vn -0.9236 -0.3024 -0.2358
vn -0.9399 -0.3132 -0.1363
vn -0.9663 -0.2503 -0.0599
vn -0.9850 -0.0895 -0.1475
vn -0.9581 -0.1986 -0.2066
vn 0.0989 -0.1072 0.9893
vn 0.0189 -0.1384 0.9902
vn 0.8853 -0.2561 -0.3881
vn 0.9295 -0.3599 0.0803
vn 0.9414 -0.2251 -0.2511
vn 0.9263 -0.3752 0.0335
vn 0.5239 -0.5419 0.6571
vn -0.4172 -0.7043 0.5744
vn -0.4991 0.0304 0.8660
vn -0.0341 0.1250 0.9916
vn -0.0352 0.4557 0.8894
vn -0.1107 0.5048 0.8561
vn -0.5769 -0.7569 0.3071
vn -0.6207 -0.6587 0.4253
vn 0.2196 -0.9751 -0.0296
vn 0.4420 -0.7024 0.5579
vn 0.2719 -0.1895 0.9435
vn 0.2761 -0.0993 0.9560
vn 0.3993 -0.2565 0.8802
vn -0.0291 -0.9993 -0.0242
vn 0.3063 -0.9424 0.1341
vn 0.0761 -0.9961 0.0449
vn 0.3314 -0.4061 0.8516
vn 0.2857 -0.4846 0.8268
vn 0.4367 -0.4789 0.7615
vn 0.5308 -0.5364 0.6562
vn 0.2536 -0.1596 0.9541
vn -0.2629 -0.9502 0.1676
vn 0.1801 -0.2259 0.9574
vn -0.0786 -0.8051 0.5878
vn -0.5076 -0.3932 -0.7666
vn -0.3820 -0.5430 -0.7479
vn 0.4994 -0.1756 0.8484
vn -0.6685 -0.7263 0.1601
vn -0.9071 0.1257 -0.4016
vn -0.5289 -0.7956 0.2954
vn -0.7788 -0.4929 0.3880
vn 0.8634 -0.2326 0.4477
vn -0.6909 -0.0824 -0.7182
vn 0.4201 -0.1653 0.8923
vn 0.5746 -0.3729 0.7286
vn 0.6457 -0.6222 0.4426
vn 0.8430 -0.5357 -0.0485
vn 0.6148 -0.4379 0.6560
vn -0.5667 -0.0778 0.8202
vn -0.9178 0.3294 -0.2216
vn -0.8338 0.2580 0.4881
vn -0.4209 -0.0972 0.9019
vn -0.8468 0.5293 0.0524
vn -0.6659 0.2688 -0.6959
vn -0.7769 0.5943 -0.2082
vn 0.2220 -0.1356 0.9656
vn -0.4399 0.8701 -0.2224
vn -0.7368 0.4978 -0.4576
vn 0.2938 -0.0849 0.9521
vn -0.6272 0.3082 -0.7153
vn -0.5019 -0.8025 0.3226
vn 0.3754 -0.2334 0.8970
vn -0.6636 0.4837 -0.5707
vn -0.5341 -0.8194 -0.2080
vn -0.2254 -0.9641 -0.1403
vn -0.2120 -0.7472 0.6298
vn -0.1596 -0.6031 0.7815
vn -0.9133 0.0737 0.4006
vn -0.8161 -0.5760 0.0458
vn -0.9390 -0.3262 0.1084
vn -0.4904 -0.5563 0.6708
vn -0.2897 -0.6532 0.6996
vn -0.4581 -0.6094 0.6471
vn -0.7854 0.4830 0.3872
vn -0.4886 0.7935 -0.3629
vn -0.0042 -0.2987 0.9544
vn -0.2726 -0.3865 0.8811
vn -0.0056 -0.2947 0.9556
vn -0.4805 -0.3774 0.7917
vn -0.3649 -0.5465 0.7538
vn -0.6333 0.3414 -0.6945
vn -0.6620 0.2560 -0.7045
vn -0.8585 0.3896 -0.3334
vn -0.4346 0.8297 0.3503
vn -0.5379 0.6088 -0.5831
vn 0.2360 -0.4593 0.8563
vn 0.5632 -0.4997 0.6581
vn 0.3212 -0.6139 0.7211
vn 0.3386 -0.3158 0.8864
vn -0.3309 0.2572 0.9079
vn 0.8276 -0.3524 0.4369
vn 0.0537 0.1583 0.9859
vn -0.4300 -0.5379 0.7251
vn 0.5876 -0.5610 0.5831
vn -0.3681 -0.8925 0.2607
vn -0.6829 -0.6390 -0.3541
vn 0.4719 -0.3107 0.8251
vn -0.2816 -0.9536 0.1061
vn 0.0683 -0.5350 0.8421
vn 0.0170 0.6848 0.7285
vn -0.3636 0.6646 0.6528
vn 0.0648 -0.7155 0.6956
vn 0.1240 -0.6468 0.7526
vn 0.1015 -0.3720 0.9227
vn -0.5518 -0.0639 -0.8315
vn -0.5253 -0.0184 -0.8507
vn 0.3351 -0.1358 0.9324
vn 0.3081 -0.0417 0.9505
vn -0.4039 -0.8940 -0.1941
vn -0.7795 -0.6245 0.0487
vn 0.0533 -0.4158 0.9079
vn -0.4613 -0.8843 -0.0725
vn -0.6701 0.6799 -0.2976
vn -0.7303 0.6354 -0.2509
vn -0.6683 0.7343 -0.1192
vn -0.5168 -0.3215 0.7934
vn -0.6424 -0.2770 0.7146
vn -0.5413 -0.3968 0.7413
vn -0.3713 -0.3108 0.8750
vn -0.2619 -0.4471 0.8553
vn -0.3015 -0.5374 0.7876
vn -0.4724 -0.4291 0.7698
vn -0.5844 -0.4485 0.6763
vn -0.6484 -0.3351 0.6836
vn -0.4835 -0.5425 0.6869
vn -0.8130 -0.3847 0.4371
vn -0.6483 -0.4416 0.6203
vn -0.7136 -0.4051 0.5715
vn -0.7728 -0.3844 0.5049
vn -0.7587 -0.3952 0.5178
vn -0.8583 -0.3588 0.3669
vn -0.8625 -0.3197 0.3924
vn -0.1896 0.0004 0.9819
vn -0.3620 -0.0013 0.9322
vn -0.6434 -0.4791 0.5971
vn -0.7288 -0.4207 0.5403
vn -0.6746 -0.4643 0.5739
vn -0.7442 -0.4250 0.5153
vn -0.8038 -0.3837 0.4547
vn -0.7388 -0.4313 0.5178
vn -0.8599 -0.2325 0.4545
vn -0.8190 -0.3467 0.4573
vn -0.7598 -0.3710 0.5339
vn -0.7738 -0.1447 0.6167
vn -0.9731 0.0067 0.2304
vn -0.9552 0.0151 0.2957
vn -0.9702 0.0608 0.2346
vn -0.5544 -0.1196 0.8236
vn -0.8418 -0.2015 0.5008
vn -0.9592 0.0601 0.2761
vn -0.9499 0.0301 0.3110
vn -0.9275 -0.0488 0.3707
vn -0.9125 -0.2662 0.3107
vn -0.9218 -0.2719 0.2763
vn -0.9258 -0.1682 0.3385
vn -0.9527 -0.1513 0.2636
vn -0.8783 -0.3168 0.3581
vn -0.9155 -0.2206 0.3365
vn 0.0055 -0.1690 0.9856
vn -0.1397 -0.0441 0.9892
vn 0.0592 -0.2154 0.9747
vn -0.8347 -0.1025 0.5411
vn -0.9133 -0.0246 0.4065
vn -0.8222 -0.1804 -0.5398
vn -0.8747 -0.1056 -0.4730
vn -0.8581 -0.0029 -0.5135
vn -0.9468 -0.1762 0.2692
vn -0.9639 -0.1403 0.2265
vn -0.9545 0.2025 -0.2190
vn -0.9618 0.1536 -0.2266
vn -0.9268 0.2266 -0.2995
vn -0.9913 0.1080 -0.0754
vn -0.9784 0.1571 -0.1346
vn -0.9731 0.1650 -0.1610
vn -0.9845 -0.0328 0.1723
vn -0.9814 -0.0790 0.1748
vn -0.9909 -0.0440 -0.1270
vn -0.9908 -0.1350 -0.0004
vn -0.9976 -0.0025 -0.0686
vn -0.8346 0.3009 -0.4614
vn -0.8226 0.3593 -0.4407
vn -0.8237 0.3364 -0.4564
vn -0.9959 -0.0909 -0.0017
vn -0.9712 0.0655 -0.2289
vn -0.9888 0.0919 -0.1177
vn -0.9882 0.0727 0.1348
vn -0.9930 0.0540 0.1055
vn -0.9805 0.1156 0.1590
vn -0.9890 0.1437 0.0357
vn -0.9239 0.3287 -0.1960
vn -0.8864 0.3875 -0.2531
vn -0.9038 0.3583 -0.2339
vn -0.9970 0.0648 -0.0427
vn -0.9999 -0.0093 0.0115
vn -0.9937 0.1082 0.0301
vn -0.9693 -0.2343 0.0745
vn -0.9514 -0.2527 0.1758
vn -0.7652 -0.2396 0.5975
vn -0.9722 -0.1569 0.1738
vn -0.9926 0.0753 -0.0954
vn -0.9739 -0.0187 -0.2263
vn -0.8680 -0.0223 0.4960
vn -0.9219 0.0676 0.3816
vn -0.9503 0.2402 -0.1981
vn -0.8893 0.3259 -0.3208
vn -0.9737 0.1615 0.1605
vn -0.9789 0.1969 0.0543
vn -0.9662 0.0959 0.2391
vn -0.9510 0.1985 -0.2372
vn -0.9408 0.1126 -0.3198
vn -0.8574 0.2508 -0.4494
vn -0.8522 0.3183 -0.4152
vn 0.1784 -0.1215 0.9764
vn 0.2629 -0.2070 0.9423
vn 0.3613 -0.1283 0.9236
vn 0.1046 -0.6266 0.7723
vn 0.2001 -0.4355 0.8776
vn 0.9854 -0.1480 -0.0844
vn 0.9512 0.0142 0.3081
vn 0.8413 -0.4051 0.3578
vn 0.6229 -0.2512 0.7409
vn 0.4636 -0.2799 0.8407
vn 0.5552 -0.2852 0.7813
vn 0.7685 0.1243 0.6276
vn 0.5898 -0.5536 0.5879
vn 0.5698 -0.1219 0.8127
vn 0.5294 0.1250 0.8391
vn 0.3707 -0.2874 0.8832
vn 0.9245 -0.2073 0.3200
vn 0.9045 -0.2956 0.3076
vn -0.0593 -0.9270 0.3703
vn 0.2077 -0.9399 0.2710
vn 0.0513 -0.8248 0.5630
vn -0.2778 -0.8067 0.5216
vn 0.5810 -0.0858 0.8094
vn 0.4870 -0.2913 0.8234
vn 0.1570 -0.9809 -0.1148
vn 0.5325 -0.8459 0.0304
vn 0.6261 -0.7797 -0.0042
vn 0.0502 -0.7032 0.7092
vn 0.2304 0.0797 0.9698
vn 0.6986 -0.5953 0.3969
vn 0.7510 -0.5861 0.3041
vn -0.4367 0.4607 0.7727
vn 0.4689 -0.8576 -0.2115
vn 0.6992 -0.7146 0.0203
vn 0.4591 -0.4452 0.7688
vn 0.5518 -0.2254 0.8030
vn 0.1952 -0.1165 0.9738
vn 0.1930 -0.4527 0.8705
vn 0.0580 -0.2400 0.9690
vn -0.1256 -0.1977 0.9722
vn -0.7576 0.6515 -0.0401
vn -0.4469 0.5731 0.6869
vn -0.0581 -0.1747 0.9829
vn -0.0261 -0.3297 0.9437
vn -0.7169 0.4070 0.5661
vn -0.8671 0.3836 -0.3178
vn -0.5492 0.7427 -0.3831
vn -0.7672 0.5061 -0.3941
vn 0.2804 -0.8888 0.3625
vn 0.3627 0.3526 0.8626
vn 0.4763 0.2081 0.8543
vn 0.4123 -0.4168 0.8101
vn 0.3524 -0.1741 0.9195
vn 0.1100 0.8784 0.4651
vn 0.5099 -0.2108 0.8340
vn 0.5939 0.6522 0.4711
vn 0.0649 -0.8922 0.4470
vn 0.1105 -0.9097 0.4003
vn 0.0557 0.9968 -0.0568
vn -0.5517 0.8332 0.0384
vn 0.2885 -0.5608 0.7761
vn -0.9231 -0.2391 0.3012
vn -0.3587 0.8505 0.3847
vn 0.4098 0.5649 0.7162
vn 0.2803 0.4118 0.8671
vn -0.7299 0.4489 -0.5155
vn -0.8140 0.5614 0.1492
vn -0.8427 0.2760 -0.4622
vn -0.8935 0.2642 0.3632
vn -0.1877 -0.0778 0.9791
vn -0.2635 0.0886 0.9606
vn 0.0717 -0.5360 0.8412
vn 0.0099 -0.0147 0.9998
vn -0.5756 0.0114 0.8177
vn -0.5476 0.0013 0.8368
vn 0.7700 0.6351 0.0603
vn 0.8861 -0.4548 -0.0897
vn 0.9251 -0.3796 -0.0108
vn 0.8872 -0.4531 -0.0865
vn 0.3770 0.8876 0.2648
vn -0.8635 0.4282 0.2664
vn 0.4229 0.5900 0.6878
vn 0.2762 -0.4049 0.8716
vn -0.2523 -0.5607 0.7887
vn 0.2490 -0.0917 0.9642
vn 0.6902 0.0897 0.7181
vn -0.8982 0.4158 0.1427
vn -0.0563 0.9571 0.2843
vn 0.8735 -0.4844 -0.0497
vn 0.9717 -0.1455 0.1859
vn 0.1236 -0.7596 0.6386
vn 0.0848 -0.7211 0.6877
vn -0.1616 -0.4823 0.8610
vn 0.9713 -0.1011 0.2153
vn -0.9691 -0.0992 -0.2258
vn 0.0705 -0.6959 0.7147
vn 0.0904 0.9578 0.2727
vn -0.6068 0.5997 -0.5217
vn -0.9812 0.1897 -0.0354
vn -0.5791 0.7560 -0.3051
vn -0.8648 0.2417 -0.4402
vn 0.7079 -0.4048 0.5788
vn 0.6994 -0.1528 0.6983
vn 0.8359 0.0125 0.5487
vn 0.4663 0.0514 0.8831
vn 0.4513 -0.0575 0.8905
vn 0.5800 -0.7213 0.3784
vn -0.4895 -0.6940 0.5281
vn 0.5732 0.6359 0.5168
vn 0.5801 0.7349 0.3514
vn -0.5039 0.7450 0.4371
vn -0.8014 0.3414 -0.4911
vn -0.8339 0.3977 0.3826
vn 0.6810 -0.3648 0.6350
vn -0.7414 -0.4199 0.5235
vn -0.8051 0.3817 -0.4540
vn -0.0874 -0.8864 0.4546
vn 0.2935 -0.4715 0.8316
vn 0.3898 -0.1910 0.9009
vn -0.6933 0.4611 -0.5538
vn -0.7647 0.4466 -0.4645
vn 0.7657 -0.2539 0.5909
vn 0.4983 -0.0640 0.8647
vn -0.6781 0.4990 -0.5396
vn -0.5924 0.5575 -0.5816
vn -0.6075 0.6725 -0.4228
vn 0.6584 -0.0191 0.7524
vn 0.1384 0.9772 -0.1612
vn 0.4121 0.8713 0.2664
vn -0.8267 0.5512 0.1130
vn -0.7085 0.6911 -0.1430
vn -0.4895 0.3612 0.7937
vn -0.0360 0.5431 0.8389
vn -0.5135 0.7308 -0.4496
vn 0.3541 0.8590 0.3698
vn 0.2096 -0.4827 0.8503
vn 0.3703 0.9072 0.1996
vn 0.4227 0.2478 0.8717
vn 0.5996 0.0740 0.7969
vn -0.5371 -0.3285 0.7769
vn -0.3711 -0.7871 0.4926
vn 0.0973 -0.1468 0.9844
vn 0.0757 -0.1214 0.9897
vn 0.1850 -0.0934 0.9783
vn -0.0916 -0.0452 0.9948
vn 0.1144 0.0260 0.9931
vn 0.5373 0.2855 0.7936
vn 0.2861 0.4576 0.8419
vn -0.1702 0.1253 0.9774
vn 0.1463 -0.1027 0.9839
vn -0.0465 0.6009 0.7980
vn -0.0377 0.6541 0.7554
vn -0.0194 0.6986 0.7153
vn 0.1479 0.2218 0.9638
vn 0.0023 -0.0064 1.0000
vn -0.2761 0.9169 0.2881
vn -0.4186 0.8699 0.2608
vn -0.3726 0.8497 0.3730
vn 0.7087 0.3724 0.5992
vn 0.4566 0.4090 0.7901
vn -0.2693 0.2887 0.9188
vn -0.1522 0.1407 0.9783
vn -0.2692 0.1861 0.9449
vn -0.2955 0.2129 0.9313
vn -0.2171 0.0825 0.9727
vn 0.2588 0.1115 0.9595
vn -0.0793 0.8584 0.5068
vn 0.3153 0.5477 0.7750
vn -0.2338 0.5976 0.7670
vn -0.2817 0.4623 0.8408
vn 0.3371 -0.4071 0.8489
vn 0.3901 -0.1736 0.9042
vn 0.3769 -0.6406 0.6690
vn -0.5692 0.6745 0.4703
vn -0.4753 -0.1527 0.8665
vn -0.0061 0.3756 0.9268
vn -0.1425 -0.1259 0.9818
vn 0.4834 0.2608 0.8356
vn 0.4326 0.1579 0.8876
vn -0.3508 0.8469 0.3995
vn -0.3360 0.8696 0.3619
vn -0.3793 0.8494 0.3671
vn -0.8231 -0.0009 0.5680
vn -0.7462 -0.0471 0.6640
vn -0.9417 0.2894 -0.1715
vn -0.9117 0.3446 -0.2236
vn -0.8086 0.4409 -0.3896
vn -0.8175 0.3829 -0.4301
vn -0.7996 0.4034 -0.4448
vn -0.9305 0.1380 0.3394
vn -0.9577 0.1643 0.2361
vn -0.9658 0.1030 0.2380
vn -0.5396 0.7886 0.2948
vn -0.4737 0.8225 0.3147
vn -0.6611 0.0318 0.7496
vn -0.6638 0.1608 0.7304
vn -0.7627 0.1043 0.6383
vn -0.5716 0.0782 0.8168
vn -0.5770 0.7097 -0.4043
vn -0.4052 0.8016 -0.4396
vn -0.4961 0.7736 -0.3942
vn -0.6645 -0.0870 0.7422
vn -0.4014 -0.1759 0.8989
vn -0.4221 -0.0130 0.9064
vn -0.9511 0.2988 0.0779
vn -0.9449 0.2726 0.1813
vn -0.8976 0.4107 0.1598
vn -0.5443 0.4465 0.7102
vn -0.5294 0.2991 0.7939
vn -0.3954 0.3167 0.8622
vn -0.6702 0.2761 0.6889
vn -0.5457 0.1768 0.8191
vn -0.5810 0.3596 0.7301
vn -0.4793 0.0307 0.8771
vn -0.7751 0.4227 0.4696
vn -0.6808 0.4442 0.5824
vn -0.7052 0.5433 0.4556
vn -0.5083 0.4570 0.7300
vn -0.4222 0.4084 0.8093
vn -0.6186 0.5952 0.5130
vn -0.5763 0.7555 0.3115
vn -0.5564 0.7846 0.2737
vn -0.4032 0.3829 0.8312
vn -0.4978 0.5281 0.6880
vn -0.5688 0.5580 0.6042
vn -0.6090 0.6653 0.4318
vn -0.5972 0.7052 0.3821
vn -0.6263 0.6742 0.3915
vn -0.5234 0.6677 0.5293
vn -0.4991 0.6286 0.5964
vn -0.4092 0.6746 0.6144
vn -0.2322 0.9055 0.3551
vn -0.2762 0.9156 0.2924
vn -0.5654 0.7126 0.4154
vn -0.4118 0.8863 0.2117
vn -0.3466 0.9362 0.0590
vn -0.4309 0.9024 -0.0037
vn -0.5888 0.7433 0.3174
vn -0.5647 0.6407 0.5202
vn -0.5425 0.6124 0.5750
vn -0.5827 0.6692 0.4611
vn -0.5839 0.6414 0.4977
vn -0.4877 0.7124 0.5046
vn -0.3276 0.8687 0.3715
vn -0.3157 0.8588 0.4035
vn -0.4675 0.8479 0.2499
vn -0.4858 0.8533 0.1894
vn -0.5516 0.8269 0.1096
vn -0.4435 0.6074 0.6591
vn -0.4398 0.5172 0.7343
vn -0.8211 0.3955 0.4115
vn -0.7772 0.5033 0.3778
vn -0.5463 0.5702 0.6136
vn -0.6651 0.6395 0.3855
vn -0.7457 0.5675 0.3492
vn -0.6989 0.5876 0.4078
vn -0.8033 0.5152 0.2987
vn -0.6242 0.6395 0.4488
vn -0.8433 0.5308 0.0849
vn -0.9050 0.4253 -0.0120
vn -0.7227 0.6701 0.1694
vn -0.7668 0.6378 0.0723
vn -0.7531 0.6158 0.2316
vn -0.8038 0.2791 0.5254
vn -0.8124 0.3008 0.4995
vn -0.8429 0.2462 0.4784
vn -0.7733 0.3055 0.5556
vn -0.7859 0.5591 -0.2640
vn -0.7553 0.6137 -0.2301
vn -0.7760 0.5516 -0.3060
vn -0.8014 0.2315 0.5514
vn -0.8676 0.1381 0.4776
vn -0.2173 0.6528 0.7257
vn -0.7304 0.6830 0.0062
vn -0.8526 0.4806 -0.2049
vn -0.3941 0.5689 0.7219
vn -0.6923 0.7174 0.0775
vn -0.6192 0.7453 0.2471
vn -0.5969 0.7756 0.2055
vn -0.8624 0.2670 0.4301
vn -0.8900 0.1894 0.4147
vn -0.8072 0.3781 -0.4532
vn -0.8100 0.3981 -0.4307
vn -0.9010 0.2504 0.3543
vn -0.9097 0.3305 0.2514
vn -0.8865 0.4307 -0.1691
vn -0.7445 0.6640 -0.0701
vn -0.7327 0.6786 -0.0514
vn -0.7353 0.6728 -0.0821
vn -0.7442 0.6607 -0.0981
vn -0.8122 0.5627 -0.1539
vn -0.8100 0.5356 -0.2388
vn -0.8486 0.4669 -0.2487
vn -0.7934 0.5325 -0.2948
vn -0.7770 0.5945 -0.2069
vn -0.7901 0.5753 -0.2114
vn -0.8708 0.4139 -0.2653
vn -0.8419 0.4442 -0.3064
vn -0.8865 0.3872 -0.2535
vn -0.6939 0.7121 0.1070
vn -0.8021 0.5895 -0.0956
vn -0.8247 0.5599 -0.0797
vn -0.8015 0.5834 -0.1318
vn -0.7585 0.6308 -0.1635
vn -0.6890 0.6611 0.2969
vn -0.6535 0.7103 0.2617
vn -0.7840 0.6043 0.1418
vn -0.7933 0.5524 0.2560
vn -0.7617 0.6414 -0.0916
vn -0.7825 0.6201 -0.0569
vn -0.8003 0.5996 -0.0022
vn -0.7256 0.6097 0.3190
vn -0.8578 0.4717 0.2044
vn -0.8516 0.4186 0.3154
vn -0.9531 0.2888 -0.0908
vn -0.4100 0.1765 0.8948
vn -0.7600 0.2627 0.5944
vn -0.3510 0.6422 0.6814
vn -0.9520 0.0635 0.2993
vn -0.7033 0.7109 -0.0016
vn -0.7822 0.6086 -0.1333
vn -0.7517 0.6485 -0.1200
vn -0.7639 0.6111 -0.2072
vn -0.7344 0.6734 -0.0849
vn -0.6779 0.7346 -0.0278
vn -0.2226 -0.7600 0.6107
vn -0.2308 -0.7056 0.6700
vn -0.0589 -0.2604 0.9637
vn -0.7061 -0.3770 0.5994
vn -0.8096 0.5552 0.1905
vn -0.9758 0.1955 -0.0981
vn -0.9864 0.1582 -0.0442
vn -0.9718 0.2259 -0.0677
vn -0.2461 0.0231 0.9690
vn -0.2913 0.6887 0.6639
vn -0.3938 -0.4843 -0.7813
vn -0.3077 -0.9512 0.0240
vn -0.3826 -0.8887 0.2525
vn 0.1708 -0.9853 0.0085
vn 0.3067 -0.5966 0.7416
vn -0.4571 -0.4396 0.7731
vn -0.2731 -0.4380 0.8565
vn -0.6427 -0.7396 0.2000
vn -0.0836 -0.4129 0.9069
vn 0.2216 -0.4281 0.8761
vn -0.0834 -0.1375 0.9870
vn -0.1795 -0.9641 -0.1955
vn -0.2155 -0.1715 0.9613
vn 0.0106 -0.2114 0.9773
vn 0.5176 -0.4791 0.7089
vn 0.1008 -0.8280 0.5516
vn 0.2895 -0.7545 0.5889
vn 0.1338 -0.8616 0.4896
vn 0.5882 -0.6511 0.4796
vn 0.0103 -0.9811 -0.1933
vn -0.0025 -0.9870 -0.1607
vn -0.5028 -0.2293 0.8334
vn -0.5904 -0.3771 0.7136
vn -0.2986 -0.2048 0.9321
vn -0.0649 -0.2206 0.9732
vn -0.0872 -0.0690 0.9938
vn 0.1285 -0.2158 0.9679
vn 0.2422 -0.9256 0.2907
vn 0.1239 -0.9758 0.1802
vn 0.3318 -0.9350 0.1251
vn 0.6044 -0.7004 0.3797
vn 0.5246 -0.6874 0.5023
vn 0.6481 -0.6158 0.4481
vn 0.6266 -0.6407 -0.4437
vn 0.6451 -0.7095 -0.2836
vn 0.5996 -0.7050 -0.3788
vn 0.1708 -0.9631 -0.2081
vn -0.0322 0.1915 0.9810
vn 0.2942 0.0872 0.9518
vn 0.0743 0.1314 -0.9885
vn 0.5523 -0.8175 -0.1631
vn -0.2339 -0.2825 -0.9303
vn 0.4905 -0.5382 0.6854
vn 0.4257 -0.4247 0.7990
vn 0.5803 -0.4979 0.6445
vn 0.4423 -0.3238 0.8364
vn 0.7112 -0.6284 -0.3152
vn 0.4893 -0.8495 -0.1976
vn 0.5274 -0.4799 0.7010
vn 0.9094 -0.3655 0.1985
vn 0.9271 -0.3320 0.1738
vn 0.1420 -0.5650 0.8128
vn 0.5699 -0.7710 -0.2841
vn 0.1732 -0.3723 0.9118
vn 0.2557 0.2899 -0.9223
vn 0.9571 0.1447 0.2512
vn 0.5643 -0.3457 0.7497
vn 0.6207 -0.1086 0.7765
vn 0.7188 0.6893 -0.0908
vn -0.0870 0.0283 -0.9958
vn 0.4938 0.4629 -0.7361
vn 0.8959 -0.2791 0.3457
vn 0.5610 0.4646 -0.6851
vn 0.9080 0.1122 -0.4037
vn -0.0985 0.2660 -0.9589
vn 0.2892 -0.5014 0.8154
vn 0.4793 -0.4884 0.7292
vn 0.3759 -0.2940 0.8788
vn 0.7342 0.1225 0.6677
vn 0.5337 -0.0211 0.8454
vn 0.7175 -0.0892 0.6908
vn 0.4347 -0.8730 0.2212
vn 0.6144 -0.7824 0.1017
vn 0.5741 -0.7556 0.3153
vn 0.6302 -0.6313 0.4520
vn 0.5221 -0.6704 0.5272
vn 0.5798 -0.6994 0.4179
vn 0.8355 -0.5107 0.2030
vn 0.7693 -0.6054 0.2042
vn 0.7133 -0.7006 0.0191
vn 0.3956 -0.9153 0.0758
vn -0.2931 -0.5120 -0.8075
vn 0.5585 -0.6928 -0.4562
vn -0.1268 -0.6819 -0.7203
vn 0.4327 0.6281 0.6468
vn 0.5316 0.3789 0.7576
vn 0.4074 0.7895 0.4590
vn 0.1872 0.9763 -0.1084
vn 0.5130 0.4977 0.6993
vn 0.6388 -0.7497 0.1728
vn 0.5360 -0.4631 0.7059
vn 0.1041 0.9307 -0.3506
vn -0.1535 0.6121 -0.7757
vn 0.8663 0.4031 0.2950
vn 0.9558 0.2818 -0.0842
vn 0.4104 0.7365 -0.5378
vn 0.2566 -0.4254 0.8678
vn -0.1140 -0.7453 -0.6569
vn 0.5345 -0.2877 0.7947
vn 0.1111 -0.5549 0.8244
vn 0.4926 -0.2142 0.8435
vn 0.6950 0.7158 -0.0679
vn 0.1942 0.8360 -0.5133
vn 0.4330 0.6580 0.6161
vn 0.1385 0.5354 -0.8331
vn 0.5456 0.3457 0.7634
vn 0.3744 0.3981 -0.8374
vn 0.9352 0.3504 0.0521
vn -0.1857 0.0216 0.9824
vn 0.0752 -0.1837 0.9801
vn -0.0819 -0.0229 0.9964
vn 0.3681 0.8873 0.2777
vn 0.0498 0.4948 -0.8676
vn 0.3516 0.7426 -0.5701
vn 0.6476 0.5273 0.5500
vn 0.2090 -0.3278 0.9213
vn 0.1290 -0.2514 0.9592
vn 0.4127 0.6823 0.6035
vn 0.2682 0.6569 -0.7046
vn 0.7176 0.1761 -0.6739
vn -0.1119 -0.0706 0.9912
vn 0.0154 0.1539 0.9880
vn -0.2508 0.4948 0.8320
vn 0.8989 0.1669 0.4051
vn 0.5231 0.8460 -0.1034
vn 0.5068 0.1101 0.8550
vn 0.4935 -0.1922 0.8483
vn 0.5368 0.1058 0.8371
vn 0.4548 -0.0487 0.8893
vn 0.6767 -0.0009 0.7363
vn 0.5347 -0.1421 0.8330
vn 0.5743 -0.1475 0.8052
vn 0.3941 -0.0962 0.9140
vn 0.4199 0.2982 0.8572
vn 0.2200 0.5035 0.8355
vn 0.1911 -0.2318 -0.9538
vn 0.9212 -0.3849 -0.0567
vn 0.7530 -0.0405 0.6568
vn 0.7666 -0.6327 -0.1099
vn 0.6573 -0.6288 -0.4154
vn 0.0061 -0.9197 -0.3926
vn 0.3010 -0.1966 -0.9331
vn 0.6289 0.0122 0.7774
vn 0.9478 -0.2882 0.1362
vn 0.5088 -0.1376 0.8498
vn 0.8625 -0.2819 0.4203
vn 0.8588 -0.3296 0.3922
vn 0.8254 -0.2808 0.4897
vn 0.4539 -0.3420 0.8228
vn 0.7395 -0.2678 0.6176
vn 0.6826 -0.3899 0.6181
vn 0.8158 -0.3983 0.4193
vn 0.5349 -0.8184 -0.2101
vn 0.3256 -0.6061 0.7257
vn 0.2446 -0.8891 0.3868
vn 0.2934 0.0204 0.9558
vn 0.2266 -0.0498 0.9727
vn 0.3977 -0.5514 0.7333
vn 0.4143 -0.3709 0.8311
vn 0.3400 -0.4996 0.7967
vn 0.2071 -0.4666 -0.8599
vn 0.3412 -0.3366 0.8776
vn 0.3557 -0.6210 0.6984
vn 0.1893 -0.3552 0.9154
vn 0.4323 -0.5427 0.7201
vn 0.5369 -0.4248 0.7289
vn 0.5357 -0.2418 0.8090
vn 0.2054 -0.5874 0.7828
vn 0.5171 -0.4426 0.7326
vn 0.2588 -0.8258 0.5011
vn 0.1309 -0.8526 0.5058
vn 0.5633 -0.1350 0.8152
vn 0.6257 -0.4011 0.6691
vn 0.6584 0.1278 -0.7417
vn 0.6847 -0.3744 -0.6253
vn 0.3506 -0.1247 0.9282
vn 0.2643 -0.5542 0.7893
vn 0.1110 -0.4403 0.8909
vn 0.0642 -0.8238 0.5632
vn 0.0904 -0.8868 0.4532
vn 0.6664 -0.7436 0.0534
vn 0.6610 -0.7199 0.2120
vn 0.4710 -0.3473 0.8109
vn 0.7105 -0.0634 0.7008
vn 0.8347 -0.0040 0.5507
vn 0.5954 0.7373 -0.3192
vn 0.6724 0.5576 -0.4867
vn 0.7102 0.6912 0.1336
vn 0.8858 -0.0776 0.4576
vn 0.9109 -0.0517 0.4094
vn 0.8855 -0.0900 0.4558
vn 0.3080 0.8809 -0.3594
vn 0.6139 -0.2734 0.7405
vn 0.5409 -0.2778 0.7939
vn 0.6840 -0.1628 0.7111
vn 0.6614 -0.3243 0.6764
vn 0.5256 -0.0994 0.8449
vn 0.4317 0.6147 -0.6601
vn 0.3137 0.7973 -0.5156
vn 0.7129 -0.6046 -0.3552
vn 0.4976 -0.0577 -0.8655
vn 0.9759 -0.2169 0.0225
vn 0.9248 -0.3073 0.2243
vn 0.7609 -0.2507 0.5985
vn 0.6968 -0.2077 0.6865
vn 0.6145 -0.2252 0.7561
vn -0.1531 -0.7622 0.6290
vn 0.5369 0.7171 -0.4444
vn -0.1458 -0.8469 0.5113
vn 0.6819 -0.6225 -0.3841
vn 0.9435 0.2559 0.2104
vn -0.0434 0.3119 0.9491
vn -0.0172 0.3317 0.9432
vn 0.2348 -0.9615 0.1430
vn -0.4484 -0.5201 0.7269
vn 0.6785 -0.6314 -0.3755
vn 0.8271 0.0559 -0.5593
vn 0.6871 0.4688 -0.5551
vn -0.0974 -0.4748 0.8747
vn 0.2221 -0.4543 0.8627
vn -0.1547 -0.4867 0.8597
vn -0.4671 -0.5036 0.7268
vn 0.1928 -0.6438 0.7405
vn 0.0717 -0.9139 0.3995
vn 0.4490 -0.8552 0.2590
vn 0.7295 0.3911 -0.5611
vn 0.4087 0.0080 0.9126
vn 0.0916 -0.6640 0.7421
vn 0.9499 -0.0135 -0.3121
vn 0.6999 0.0903 -0.7085
vn 0.6046 -0.3439 -0.7185
vn 0.2560 0.4229 0.8693
vn 0.1981 -0.1536 0.9681
vn 0.9218 -0.3734 0.1045
vn 0.8784 -0.4561 0.1426
vn 0.1122 0.9744 -0.1950
vn 0.1146 0.6877 0.7169
vn 0.7123 -0.6729 -0.1996
vn 0.3452 0.9244 0.1623
vn 0.2481 -0.0634 0.9666
vn 0.9465 0.2821 0.1569
vn 0.2530 0.9567 -0.1442
vn 0.6461 0.6302 0.4306
vn 0.1270 0.8206 -0.5572
vn 0.4502 -0.4375 0.7784
vn 0.3297 -0.6323 0.7010
vn 0.2940 -0.2928 0.9098
vn 0.4502 0.0237 0.8926
vn 0.5717 -0.6404 0.5129
vn 0.4793 0.8629 0.1602
vn 0.6245 0.4443 0.6423
vn 0.1786 0.8902 -0.4191
vn -0.0866 -0.8495 0.5204
vn 0.1017 -0.7728 0.6265
vn 0.5935 0.7336 0.3310
vn -0.0788 -0.8359 0.5432
vn 0.4242 -0.3855 0.8194
vn 0.6928 -0.2705 0.6684
vn 0.5338 -0.2120 0.8186
vn 0.4761 -0.4735 0.7410
vn 0.6304 -0.3908 0.6708
vn 0.3024 -0.3329 0.8932
vn 0.9134 -0.3506 0.2070
vn 0.6444 -0.6656 0.3764
vn 0.8586 -0.4571 -0.2321
vn 0.2426 0.8380 -0.4888
vn 0.7163 0.5959 0.3630
vn 0.6871 -0.3832 0.6173
vn 0.8460 -0.3753 0.3787
vn 0.2857 -0.3606 0.8879
vn -0.3372 -0.8220 0.4590
vn 0.2219 -0.6591 0.7186
vn 0.9868 -0.0088 -0.1619
vn 0.9406 0.0801 0.3301
vn 0.7499 -0.6145 -0.2452
vn 0.3045 -0.6436 0.7022
vn 0.9525 -0.1684 0.2537
vn 0.3033 -0.4100 0.8602
vn -0.3554 -0.5598 0.7486
vn 0.2654 -0.3618 0.8937
vn 0.1399 0.0092 0.9901
vn 0.1880 0.0901 0.9780
vn -0.1925 0.0939 0.9768
vn -0.2429 0.2413 0.9395
vn -0.6609 0.1464 0.7360
vn -0.4973 -0.1350 0.8570
vn 0.0710 -0.2345 0.9695
vn -0.7250 -0.3679 0.5822
vn 0.2735 -0.5449 0.7927
vn 0.1753 -0.6266 0.7594
vn 0.0424 -0.9331 0.3570
vn 0.1540 0.0530 0.9867
vn 0.3500 -0.3840 0.8544
vn 0.2814 -0.3278 0.9019
vn 0.1282 -0.6269 0.7685
vn 0.0041 -0.2469 0.9690
vn 0.3180 -0.2704 0.9087
vn -0.4549 -0.8245 0.3365
vn -0.5325 0.6281 0.5674
vn 0.4634 0.7411 -0.4858
vn -0.5522 0.7902 0.2656
vn -0.0763 0.6930 0.7168
vn -0.5152 -0.5629 0.6463
vn 0.3598 0.8118 -0.4599
vn -0.4850 -0.7867 0.3820
vn -0.5063 0.3899 0.7692
vn -0.4631 -0.6743 0.5752
vn 0.4199 0.7356 -0.5316
vn 0.9267 0.1548 -0.3424
vn 0.3606 -0.7867 0.5010
vn 0.5718 -0.8066 0.1496
vn 0.8321 -0.2178 0.5101
vn -0.3191 -0.2955 0.9005
vn -0.8717 -0.4900 0.0065
vn -0.7942 -0.4127 0.4460
vn -0.7193 -0.3965 0.5705
vn 0.2468 -0.9040 0.3491
vn 0.9717 0.1732 -0.1606
vn -0.8183 -0.4691 0.3322
vn -0.1578 -0.7351 0.6594
vn -0.2815 0.1132 0.9529
vn 0.9545 0.2541 0.1559
vn 0.7011 0.7130 0.0080
vn 0.7221 0.4520 -0.5237
vn -0.7292 -0.6555 0.1967
vn 0.8250 0.4263 -0.3711
vn -0.5361 0.3997 0.7435
vn 0.4716 0.8644 -0.1745
vn 0.6460 0.4007 -0.6498
vn -0.5668 -0.4824 0.6679
vn -0.5799 -0.4575 0.6741
vn -0.4293 -0.5434 0.7214
vn -0.6981 -0.4837 0.5279
vn 0.2466 -0.8616 0.4437
vn -0.1467 0.6887 0.7100
vn -0.6286 -0.2609 0.7327
vn 0.0447 -0.9873 -0.1523
vn 0.3257 0.0571 0.9438
vn 0.8680 0.2312 -0.4395
vn 0.5887 0.7280 -0.3512
vn 0.0253 0.3313 0.9432
vn -0.1505 0.6761 0.7213
vn 0.4506 0.7299 -0.5139
vn -0.3930 -0.5341 0.7485
vn 0.6106 -0.6696 0.4227
vn 0.7618 -0.5261 0.3779
vn 0.5380 0.1578 -0.8281
vn -0.4415 -0.2167 0.8707
vn 0.2254 0.9676 -0.1140
vn 0.2921 0.7060 -0.6451
vn -0.2850 0.7668 0.5752
vn -0.1356 0.8537 -0.5028
vn 0.6000 0.2588 -0.7569
vn 0.4183 0.5842 -0.6956
vn 0.4476 0.3786 -0.8101
vn -0.4266 -0.3755 0.8228
vn -0.3182 -0.3522 0.8802
vn -0.2090 0.2252 0.9516
vn -0.1586 -0.6508 0.7425
vn 0.7622 0.4005 -0.5085
vn -0.5106 0.7381 0.4410
vn 0.0514 0.8756 0.4803
vn -0.0427 0.0049 0.9991
vn -0.3441 0.6462 -0.6812
vn 0.2773 -0.2991 0.9131
vn -0.0551 -0.4665 0.8828
vn -0.3809 -0.6100 0.6949
vn 0.4172 0.7926 -0.4447
vn -0.6421 0.3556 0.6792
vn -0.0220 -0.5117 0.8589
vn 0.6669 0.5307 -0.5230
vn -0.1462 -0.2113 0.9664
vn 0.6757 0.1182 0.7277
vn 0.7663 0.1206 0.6311
vn -0.1537 -0.2779 0.9482
vn 0.5126 -0.8551 0.0780
vn 0.6584 0.0494 -0.7510
vn -0.3311 -0.3363 0.8816
vn 0.2413 0.5640 -0.7897
vn 0.1939 -0.0290 0.9806
vn -0.8932 0.1718 0.4155
vn -0.6005 0.2096 0.7717
vn -0.5932 0.2622 0.7611
vn -0.4238 0.8813 -0.2091
vn 0.3616 -0.4312 0.8266
vn -0.1340 0.0663 0.9888
vn 0.3849 0.8905 0.2426
vn -0.2475 0.6826 0.6876
vn -0.1378 -0.6215 0.7712
vn 0.4320 -0.8942 -0.1171
vn -0.0858 0.6756 -0.7322
vn 0.8295 0.2193 -0.5136
vn 0.1895 0.9504 0.2466
vn 0.3960 0.3670 -0.8417
vn 0.9453 0.3259 -0.0125
vn 0.6702 0.4557 -0.5858
vn 0.9788 -0.1968 -0.0567
vn -0.1909 0.7263 0.6603
vn 0.1138 -0.5457 0.8302
vn 0.1309 -0.8104 0.5711
vn 0.5200 0.2026 0.8298
vn 0.5915 0.1200 0.7973
vn 0.0326 0.9750 -0.2196
vn 0.3725 0.9272 -0.0408
vn 0.0781 0.9582 -0.2752
vn 0.0685 0.9390 -0.3369
vn 0.4966 0.1167 0.8601
vn 0.1841 -0.8364 0.5163
vn 0.7656 0.5367 0.3547
vn 0.8553 0.4813 0.1918
vn 0.7685 0.6095 0.1949
vn 0.5707 -0.8185 0.0653
vn 0.6056 0.6033 0.5190
vn 0.4867 -0.3520 0.7996
vn 0.6768 0.5784 0.4555
vn 0.5374 -0.2220 0.8136
vn 0.4042 -0.3252 0.8549
vn 0.5359 0.6435 0.5466
vn 0.9960 -0.0019 -0.0894
vn 0.8296 0.4813 0.2832
vn 0.8275 0.5042 0.2469
vn 0.4150 -0.0916 0.9052
vn 0.2657 0.8926 -0.3641
vn 0.4588 -0.2984 0.8369
vn 0.4659 -0.0060 0.8848
vn 0.5330 -0.0068 0.8461
vn 0.7373 0.1843 0.6500
vn 0.6730 0.0627 0.7369
vn 0.7333 0.0785 0.6753
vn 0.7317 -0.0477 0.6799
vn 0.5923 -0.1990 0.7807
vn 0.6158 -0.2168 0.7575
vn 0.5341 0.3250 0.7804
vn 0.4095 0.2534 0.8764
vn 0.6380 0.3396 0.6911
vn 0.4904 -0.2930 0.8208
vn 0.7839 0.1546 0.6013
vn 0.2401 0.0001 0.9708
vn 0.1209 -0.0828 0.9892
vn 0.5889 -0.2626 0.7644
vn 0.6368 -0.3503 0.6869
vn 0.1744 -0.0262 0.9843
vn 0.9121 -0.3231 0.2525
vn -0.2450 -0.2728 0.9303
vn 0.9394 -0.1913 0.2845
vn 0.7884 -0.3621 0.4972
vn 0.5495 0.0735 0.8323
vn 0.6396 0.1751 0.7485
vn 0.6546 0.4072 0.6370
vn 0.5286 0.4256 0.7345
vn 0.6937 0.3773 0.6135
vn 0.7844 0.2830 0.5519
vn 0.3633 0.1999 -0.9100
vn 0.3088 0.3342 -0.8905
vn 0.3996 -0.0509 0.9153
vn 0.2856 0.0848 0.9546
vn 0.5572 -0.5659 0.6077
vn 0.2131 0.2933 0.9320
vn 0.1578 0.2899 0.9440
vn 0.8444 -0.4942 0.2067
vn 0.8659 0.3438 -0.3635
vn -0.1848 -0.0896 0.9787
vn 0.8045 -0.4078 0.4318
vn 0.3697 0.4388 0.8190
vn 0.9821 0.0857 0.1675
vn -0.2324 -0.0366 0.9719
vn 0.2260 0.5332 0.8153
vn 0.1443 0.9542 -0.2620
vn 0.6523 0.7424 0.1528
vn 0.7756 0.6216 0.1097
vn 0.7288 0.6801 0.0790
vn 0.6495 0.4585 0.6066
vn -0.1285 -0.4939 0.8599
vn -0.0903 -0.2447 0.9654
vn 0.1527 0.4479 -0.8810
vn 0.0954 0.6709 -0.7354
vn 0.9988 -0.0038 0.0493
vn 0.1059 -0.2068 0.9726
vn 0.0108 0.5823 -0.8129
vn 0.8403 0.0462 0.5402
vn 0.8698 0.0899 0.4851
vn 0.0575 0.3262 0.9436
vn 0.3858 0.6936 0.6084
vn 0.3489 0.6563 0.6689
vn 0.3354 0.6686 0.6637
vn 0.7053 0.5098 0.4926
vn 0.6408 0.6292 0.4399
vn 0.6792 0.4864 0.5496
vn 0.4252 0.6863 0.5901
vn 0.4956 0.8263 0.2676
vn 0.5786 0.2062 0.7891
vn 0.4497 0.6113 0.6512
vn 0.1971 0.6189 0.7603
vn 0.2190 0.4544 0.8635
vn 0.0542 0.4815 0.8748
vn 0.4819 0.3289 0.8122
vn 0.3646 0.5115 0.7781
vn 0.1299 0.9233 0.3615
vn -0.5148 0.1903 0.8359
vn -0.2530 -0.3492 0.9022
vn -0.0102 0.1168 0.9931
vn -0.5003 0.0043 0.8658
vn -0.1969 0.5851 0.7867
vn -0.2867 0.3740 0.8820
vn -0.2407 0.7613 0.6021
vn 0.0631 0.6148 0.7862
vn 0.3735 -0.7227 0.5815
vn 0.5104 -0.2659 0.8178
vn -0.2280 0.6677 0.7087
vn -0.0404 0.5575 0.8292
vn -0.0337 0.6937 0.7195
vn -0.2211 0.6085 0.7621
vn -0.6263 0.1763 0.7593
vn 0.4919 -0.3344 0.8039
vn -0.1196 -0.8405 0.5284
vn 0.6156 -0.2103 0.7595
vn 0.7762 -0.4472 0.4445
vn -0.0299 0.0162 0.9994
vn -0.7150 -0.5814 0.3883
vn -0.6364 -0.7498 0.1812
vn -0.7146 -0.1417 0.6850
vn -0.7979 0.2014 0.5681
vn -0.6320 0.1686 0.7564
vn 0.2130 0.3408 0.9157
vn 0.2483 0.4403 0.8628
vn 0.3555 0.0076 0.9347
vn 0.4008 0.0627 0.9140
vn -0.0842 -0.3863 0.9185
vn 0.4502 0.1641 0.8777
vn 0.6691 -0.2610 0.6958
vn 0.5850 -0.0192 0.8108
vn -0.6391 -0.4947 0.5890
vn 0.7923 -0.1715 0.5856
vn 0.6831 0.1524 0.7143
vn 0.2086 -0.3475 0.9142
vn 0.2574 -0.1587 0.9532
vn 0.5305 0.5396 0.6537
vn 0.7385 -0.3512 0.5755
vn -0.2070 -0.1620 0.9648
vn -0.2175 0.6768 0.7033
vn -0.5335 0.1851 0.8253
vn 0.4390 0.0002 0.8985
vn -0.7573 -0.1586 0.6336
vn -0.7650 -0.4597 0.4512
vn -0.6323 -0.3169 0.7070
vn -0.2307 -0.5999 0.7661
vn -0.9240 0.0113 0.3822
vn -0.0090 -0.9080 0.4189
vn -0.2439 -0.9194 0.3085
vn 0.2399 -0.9562 0.1676
vn 0.0048 -0.9832 0.1827
vn -0.0390 -0.9228 0.3832
vn -0.1166 -0.9879 0.1024
vn 0.4322 -0.8999 0.0582
vn 0.5812 -0.7989 0.1544
vn -0.8843 -0.3440 0.3158
vn -0.4998 -0.5058 0.7031
vn -0.6352 -0.5950 0.4925
vn -0.5281 -0.7974 0.2920
vn 0.1762 -0.1323 0.9754
vn 0.2861 -0.6458 0.7078
vn 0.6664 -0.6989 -0.2597
vn 0.8279 -0.5445 0.1346
vn 0.9572 -0.2435 0.1561
vn 0.8016 -0.5823 -0.1354
vn 0.8942 -0.1345 0.4271
vn 0.7350 -0.3840 0.5589
vn 0.5233 -0.8501 -0.0593
vn 0.5973 -0.7454 0.2959
vn -0.2857 -0.6676 0.6876
vn 0.2195 -0.7717 0.5969
vn 0.1957 -0.4028 0.8941
vn 0.6009 -0.0608 0.7970
vn 0.5054 -0.0075 0.8628
vn -0.2975 0.3733 0.8787
vn -0.1909 0.4012 0.8959
vn -0.4225 0.3421 0.8393
vn -0.3305 0.3411 0.8800
vn 0.4054 0.0307 0.9136
vn -0.2986 0.5900 0.7502
vn 0.3911 0.0666 0.9179
vn 0.3477 0.1362 0.9276
vn -0.3232 0.7217 0.6121
vn 0.3552 -0.3216 0.8777
vn 0.3918 0.0439 0.9190
vn 0.9260 -0.2881 0.2440
vn 0.4024 0.0883 0.9112
vn 0.4578 -0.0786 0.8856
vn 0.1982 0.0579 0.9785
vn -0.5352 0.6739 0.5094
vn -0.6199 0.6723 -0.4045
vn -0.5100 0.6196 0.5966
vn -0.1254 0.6253 0.7702
vn -0.5541 0.6788 -0.4818
vn -0.4519 0.7726 0.4459
vn -0.1689 0.6486 0.7421
vn 0.2946 0.0772 -0.9525
vn 0.1636 0.0455 -0.9855
vn 0.9645 -0.2363 0.1183
vn 0.8831 -0.3610 -0.2997
vn -0.2324 0.8150 0.5308
vn 0.2125 0.2055 0.9553
vn -0.1202 0.9444 0.3059
vn 0.1655 0.8328 0.5282
vn 0.5616 -0.3040 0.7695
vn 0.1348 -0.0817 0.9875
vn -0.3370 0.9277 0.1606
vn -0.4826 0.6817 -0.5499
vn 0.7540 0.5426 0.3702
vn -0.0182 0.3352 -0.9420
vn 0.3403 0.5045 -0.7935
vn -0.5680 0.7658 0.3014
vn 0.4020 0.2559 0.8791
vn -0.0827 0.6353 0.7678
vn 0.1421 0.0953 0.9853
vn 0.0369 0.2213 0.9745
vn 0.2871 0.5828 -0.7602
vn -0.3426 0.9206 -0.1871
vn 0.3536 0.9194 0.1725
vn -0.0275 0.5962 -0.8024
vn 0.7746 -0.6318 0.0285
vn 0.8063 -0.5878 0.0663
vn 0.4423 -0.4725 0.7623
vn 0.4817 -0.3927 0.7834
vn 0.6347 -0.0934 -0.7671
vn 0.3632 -0.3110 0.8783
vn 0.8044 -0.5907 0.0638
vn -0.0833 -0.2472 0.9654
vn 0.4982 -0.8026 0.3279
vn 0.3613 -0.4928 0.7916
vn -0.1120 -0.0248 0.9934
vn -0.3824 -0.0676 0.9215
vn 0.1293 -0.3071 0.9429
vn -0.3834 -0.3426 0.8577
vn 0.5540 0.0278 -0.8320
vn 0.9329 -0.0714 0.3531
vn 0.2889 -0.0671 0.9550
vn 0.2223 -0.3549 0.9081
vn 0.5293 0.1560 0.8340
vn 0.8611 0.4945 0.1186
vn 0.2939 0.2554 0.9211
vn 0.7814 0.1548 0.6046
vn -0.3194 0.9213 -0.2215
vn -0.2559 0.4895 -0.8336
vn -0.3157 0.9402 0.1276
vn -0.1645 0.6612 -0.7320
vn 0.2720 -0.2040 0.9404
vn 0.1155 0.4933 0.8621
vn 0.2825 0.2790 0.9178
vn -0.1740 0.9836 -0.0474
vn 0.3413 0.1638 0.9256
vn 0.0550 0.4522 0.8902
vn 0.3785 0.3246 0.8668
vn 0.4698 0.2241 0.8539
vn 0.3075 0.3360 0.8902
vn 0.2180 0.7526 0.6214
vn 0.1401 0.8592 0.4922
vn 0.1684 0.7778 0.6055
vn 0.4668 0.3504 0.8120
vn 0.4715 0.2390 0.8489
vn 0.4874 0.5737 0.6582
vn 0.3877 0.6449 0.6586
vn 0.4268 0.6309 0.6479
vn 0.1610 0.2935 0.9423
vn 0.4831 0.6661 0.5682
vn 0.4476 0.6801 0.5806
vn 0.5179 0.6225 0.5867
vn 0.4252 0.6686 0.6101
vn 0.4565 0.7154 0.5289
vn 0.4913 0.6400 0.5908
vn 0.5063 0.4750 0.7197
vn 0.4847 0.3563 0.7988
vn 0.3636 0.1973 0.9104
vn 0.2078 0.3758 0.9031
vn 0.2721 0.2310 0.9341
vn 0.5845 0.7435 0.3249
vn 0.6914 0.6563 0.3020
vn 0.3752 0.4072 0.8327
vn 0.4287 0.2750 0.8606
vn 0.4121 0.5660 0.7141
vn 0.5052 0.5383 0.6745
vn 0.5327 0.5989 0.5980
vn 0.3616 0.1031 0.9266
vn 0.4053 0.1269 0.9053
vn 0.2981 0.2739 -0.9144
vn 0.6987 0.6595 0.2772
vn 0.9054 0.4172 0.0792
vn 0.5406 0.0484 0.8399
vn 0.2111 -0.1641 0.9636
vn 0.1667 -0.0074 0.9860
vn 0.6857 -0.0661 0.7248
vn 0.7908 -0.0404 0.6107
vn 0.5400 0.0134 0.8416
vn 0.6531 -0.0924 0.7516
vn -0.5892 0.3482 -0.7291
vn -0.6841 0.2390 -0.6891
vn -0.4266 0.3683 -0.8261
vn -0.7023 0.4048 -0.5856
vn -0.9263 0.3372 0.1681
vn 0.0952 0.3139 -0.9447
vn -0.1284 0.1489 -0.9805
vn -0.2673 0.1538 -0.9513
vn -0.4910 0.2179 -0.8435
vn -0.5832 0.2149 -0.7834
vn 0.9670 0.2043 -0.1523
vn -0.1734 0.1661 -0.9708
vn -0.2865 0.2900 -0.9131
vn -0.3700 0.4616 -0.8062
vn 0.3854 0.0822 0.9191
vn 0.5226 -0.0527 0.8510
vn 0.6799 0.0599 0.7308
vn 0.5842 0.0017 0.8116
vn -0.8519 -0.1153 0.5108
vn -0.1222 -0.3442 0.9309
vn -0.4826 -0.1242 0.8670
vn 0.1805 -0.1590 0.9706
vn 0.0111 -0.0336 0.9994
vn -0.8396 -0.3732 0.3946
vn -0.4636 -0.5241 0.7144
vn -0.7263 0.2414 -0.6436
vn -0.0130 0.6088 -0.7933
vn -0.0891 0.5198 -0.8496
vn 0.5003 -0.1377 0.8549
vn 0.3649 -0.3349 0.8687
vn -0.1863 -0.5363 0.8232
vn -0.7658 0.4540 -0.4555
vn -0.0839 -0.4931 0.8659
vn -0.4709 -0.5626 0.6795
vn 0.1023 0.6142 -0.7825
vn 0.4054 0.9120 0.0628
vn -0.8855 -0.3530 0.3022
vn -0.7611 0.4383 -0.4782
vn 0.3764 0.7391 -0.5586
vn 0.7903 0.3333 0.5141
vn 0.2668 0.7089 -0.6529
vn -0.9540 0.2030 -0.2207
vn -0.0519 0.8066 -0.5888
vn 0.5959 0.1606 0.7868
vn 0.8933 0.1937 0.4055
vn -0.2262 0.1856 0.9562
vn 0.9346 0.1770 0.3086
vn 0.3698 0.2285 0.9006
vn -0.0516 0.1559 0.9864
vn 0.6670 0.3587 0.6530
vn 0.4661 0.2303 0.8542
vn 0.5000 0.2475 0.8299
vn 0.6555 -0.0487 0.7536
vn 0.8465 -0.0796 0.5264
vn 0.5166 -0.2425 0.8212
vn 0.2924 -0.0912 0.9519
vn -0.6231 0.1642 0.7647
vn 0.6388 -0.2438 0.7297
vn -0.0821 0.9462 0.3130
vn -0.5093 0.7159 0.4776
vn -0.8090 0.4425 -0.3868
vn 0.0905 0.8940 0.4388
vn 0.0587 -0.0265 0.9979
vn -0.6679 0.6483 0.3656
vn 0.6211 0.7095 0.3331
vn 0.6536 -0.1693 0.7377
vn 0.1553 0.8796 -0.4497
vn 0.7374 0.6479 0.1907
vn 0.7757 0.0748 0.6266
vn -0.1253 0.7170 -0.6857
vn 0.7438 0.6626 -0.0883
vn -0.4573 0.1524 0.8761
vn -0.3527 -0.1871 0.9168
vn 0.4951 0.1539 0.8551
vn -0.9510 0.3081 -0.0240
vn -0.3605 0.7544 0.5485
vn -0.2665 -0.2776 0.9230
vn -0.6374 0.7261 0.2578
vn 0.0315 0.5076 0.8610
vn -0.8763 0.3259 -0.3549
vn -0.2032 0.4412 0.8741
vn -0.1309 0.3525 -0.9266
vn 0.1511 -0.2225 0.9631
vn 0.2433 0.6450 -0.7245
vn 0.9518 0.0881 0.2938
vn -0.6696 0.2604 -0.6955
vn -0.6595 0.2958 -0.6911
vn 0.5353 0.0739 0.8414
vn 0.6321 -0.2197 0.7431
vn 0.4119 -0.6316 0.6568
vn 0.1455 -0.5158 0.8443
vn -0.4827 0.3780 0.7900
vn -0.8288 0.3811 -0.4098
vn -0.6546 0.5984 -0.4621
vn -0.6382 0.4695 0.6101
vn -0.3288 0.3774 0.8657
vn 0.8867 0.4571 -0.0699
vn 0.1894 -0.6053 0.7731
vn -0.2853 0.6619 -0.6931
vn 0.3962 0.7403 0.5431
vn 0.8813 0.4555 0.1261
vn 0.0878 -0.4625 0.8823
vn 0.1145 0.0733 0.9907
vn 0.5630 0.2339 0.7927
vn -0.1943 0.9560 0.2197
vn -0.8329 0.3795 -0.4029
vn -0.8427 0.4081 -0.3511
vn 0.1155 0.1250 0.9854
vn 0.0733 0.0551 0.9958
vn 0.0729 0.1064 0.9916
vn 0.9397 0.3389 0.0467
vn 0.1632 0.1510 0.9750
vn 0.2540 0.4804 0.8395
vn 0.1793 0.6275 0.7577
vn 0.2464 0.6107 0.7526
vn 0.5097 0.7985 -0.3203
vn -0.8907 0.2585 -0.3738
vn 0.2377 0.3817 0.8932
vn 0.3613 0.3754 0.8536
vn 0.1504 0.2542 0.9554
vn 0.9778 0.0426 0.2052
vn 0.1526 0.6986 -0.6991
vn 0.2872 0.1175 0.9506
vn 0.1738 0.4870 0.8559
vn 0.3039 0.4614 0.8335
vn 0.1404 0.9303 0.3388
vn 0.1505 0.9334 0.3259
vn 0.1079 0.9724 0.2069
vn 0.9472 -0.1538 0.2813
vn -0.7630 0.3813 -0.5220
vn -0.8174 0.5091 -0.2695
vn -0.8327 0.4616 -0.3057
vn -0.3845 0.2131 0.8982
vn 0.9560 -0.1268 0.2646
vn 0.6173 0.3978 -0.6787
vn 0.5109 0.7063 -0.4901
vn 0.2326 0.8818 0.4102
vn -0.1428 0.9833 0.1125
vn -0.0850 0.9895 0.1170
vn -0.1248 0.9916 0.0330
vn 0.4458 0.7831 0.4336
vn 0.4262 0.7486 0.5079
vn 0.4030 0.7146 0.5717
vn 0.0942 0.4453 0.8904
vn 0.1741 0.4474 0.8772
vn 0.1280 0.7064 0.6961
vn 0.0209 0.7323 0.6806
vn 0.0822 0.9966 -0.0056
vn 0.1345 0.9773 0.1640
vn 0.1658 0.9802 0.1079
vn 0.3920 0.9188 0.0459
vn 0.3047 0.9325 -0.1939
vn 0.3187 0.9475 0.0246
vn 0.2434 0.7662 0.5948
vn 0.2411 0.6188 0.7476
vn 0.2943 0.7856 0.5443
vn 0.3453 0.8138 0.4674
vn 0.2189 0.8453 0.4875
vn 0.1582 0.8902 0.4272
vn 0.1954 0.8803 0.4324
vn 0.2340 0.4965 0.8359
vn 0.2992 0.6990 0.6495
vn 0.2494 0.7553 0.6061
vn 0.2086 0.8121 0.5450
vn -0.1572 0.9425 0.2950
vn -0.0908 0.9574 0.2742
vn 0.7011 0.7113 -0.0505
vn 0.6424 0.7620 -0.0819
vn -0.1221 0.9469 0.2975
vn -0.0793 0.9507 0.2999
vn -0.1164 0.9322 0.3427
vn -0.4981 0.8331 0.2406
vn -0.5336 0.8049 0.2596
vn -0.5261 0.8128 0.2501
vn 0.1106 0.7268 0.6779
vn -0.0006 0.8299 0.5579
vn 0.0321 0.6724 0.7395
vn -0.7589 0.6447 -0.0924
vn 0.3143 0.5530 0.7717
vn -0.2414 0.8804 0.4083
vn -0.2719 0.8063 0.5253
vn -0.1717 0.8309 0.5293
vn -0.2451 0.8603 0.4470
vn -0.1890 0.8914 0.4120
vn -0.1383 0.7872 0.6010
vn 0.0160 0.7035 0.7105
vn -0.0937 0.7849 0.6124
vn 0.1954 0.6007 0.7752
vn 0.1555 0.5246 0.8370
vn -0.3165 0.7415 0.5916
vn -0.2276 0.7840 0.5776
vn -0.3679 0.7741 0.5153
vn -0.2455 0.7401 0.6261
vn -0.5224 0.8518 0.0375
vn -0.5493 0.8356 -0.0050
vn -0.5959 0.8016 0.0481
vn -0.1245 0.7659 0.6308
vn -0.1852 0.6956 0.6941
vn 0.0034 0.9327 0.3606
vn 0.0058 0.8963 0.4434
vn -0.7446 0.6571 -0.1177
vn -0.6661 0.7459 -0.0001
vn 0.2719 0.6662 0.6945
vn -0.3310 0.8805 0.3394
vn -0.3914 0.8550 0.3403
vn -0.4022 0.8709 0.2824
vn -0.4155 0.8587 0.3001
vn -0.7033 0.7100 -0.0341
vn -0.1326 0.8440 0.5197
vn -0.5334 0.8256 -0.1838
vn -0.4549 0.8836 -0.1109
vn -0.5103 0.8376 0.1951
vn -0.6044 0.7952 0.0485
vn -0.5392 0.8295 0.1458
vn -0.5267 0.8132 0.2475
vn -0.1759 0.8255 0.5362
vn -0.3401 0.8884 0.3085
vn -0.2999 0.9198 0.2530
vn -0.2688 0.9575 0.1045
vn -0.2353 0.8980 0.3718
vn -0.1316 0.9413 0.3110
vn 0.2331 0.8307 0.5055
vn -0.1484 0.8874 0.4365
vn 0.0412 0.9368 0.3475
vn -0.0008 0.9467 0.3221
vn -0.5870 0.8089 0.0336
vn -0.2572 0.8667 0.4274
vn -0.3036 -0.3111 0.9006
vn 0.2683 0.0223 0.9631
vn 0.6199 0.5633 0.5463
vn 0.2063 0.3782 0.9025
vn 0.2418 0.2860 0.9272
vn 0.3071 0.5949 0.7428
vn 0.6864 -0.5560 -0.4688
vn -0.8437 -0.5209 0.1299
vn -0.9066 -0.3437 0.2447
vn -0.8430 -0.4146 0.3426
vn -0.9536 -0.2983 0.0408
vn 0.4867 -0.1174 0.8656
vn -0.8777 -0.1542 -0.4537
vn -0.8494 -0.1099 -0.5162
vn -0.9087 -0.0437 -0.4152
vn -0.9288 -0.2220 0.2966
vn -0.4932 0.7672 0.4101
vn -0.4296 0.7059 0.5632
vn -0.5320 0.8048 0.2632
vn -0.6572 0.0119 0.7536
vn -0.1375 0.2931 0.9461
vn -0.3568 0.4756 0.8040
vn -0.3671 0.7560 0.5419
vn 0.1111 0.2460 0.9629
vn 0.2375 0.6193 0.7484
vn 0.0624 0.4147 0.9078
vn 0.3475 0.5563 0.7549
vn -0.2155 0.9106 0.3526
vn -0.6019 0.7873 0.1338
vn 0.5148 -0.8569 -0.0268
vn 0.6035 -0.7942 -0.0706
vn 0.1811 -0.9763 -0.1187
vn 0.3299 -0.9356 -0.1257
vn 0.1539 -0.9839 -0.0904
vn 0.6251 -0.7756 -0.0877
vn 0.5444 -0.8341 -0.0890
vn 0.5192 -0.8426 -0.1434
vn 0.6036 -0.7831 -0.1496
vn 0.6763 -0.6671 -0.3124
vn 0.4191 -0.8257 -0.3776
vn 0.3444 -0.9099 -0.2314
vn 0.2362 -0.9303 -0.2806
vn 0.5107 -0.8036 -0.3055
vn 0.1422 -0.9657 -0.2175
vn 0.1073 -0.9292 -0.3537
vn 0.0615 -0.9518 -0.3005
vn 0.0525 -0.9793 -0.1956
vn 0.0975 -0.9843 -0.1473
vn 0.1385 -0.9877 -0.0723
vn 0.2398 -0.9663 -0.0937
vn 0.1851 -0.8755 -0.4463
vn 0.0487 -0.9320 -0.3591
vn 0.1834 -0.8959 -0.4047
vn 0.6283 -0.7725 -0.0924
vn -0.0440 -0.9675 -0.2492
vn -0.0489 -0.9682 -0.2455
vn -0.0396 -0.9664 -0.2538
vn 0.0429 -0.9626 -0.2675
vn 0.0914 -0.9451 -0.3138
vn -0.0176 -0.9767 -0.2139
vn 0.0134 -0.9719 -0.2350
vn 0.0040 -0.9517 -0.3070
vn -0.0161 -0.9700 -0.2426
vn 0.2369 -0.8919 -0.3852
vn 0.1286 -0.9352 -0.3300
vn 0.2577 -0.8755 -0.4088
vn 0.6335 -0.7460 -0.2054
vn 0.0135 -0.9999 -0.0077
vn 0.0600 -0.9982 0.0066
vn 0.0983 -0.9941 -0.0452
vn 0.0737 -0.9801 -0.1843
vn 0.1390 -0.9597 -0.2442
vn 0.1655 -0.9792 -0.1173
vn 0.1217 -0.9462 -0.2997
vn 0.1012 -0.9483 -0.3007
vn 0.2558 -0.7780 -0.5738
vn 0.3279 -0.7177 -0.6143
vn 0.2621 -0.7877 -0.5575
vn 0.6528 -0.7486 -0.1163
vn 0.0728 -0.9218 -0.3807
vn 0.0515 -0.9674 -0.2480
vn 0.0944 -0.9003 -0.4249
vn 0.1685 -0.8340 -0.5253
vn 0.0779 -0.9287 -0.3625
vn 0.0038 -0.9477 -0.3190
vn 0.0357 -0.9517 -0.3049
vn 0.2754 -0.8838 -0.3783
vn 0.3569 -0.8030 -0.4773
vn 0.3034 -0.8453 -0.4398
vn 0.3636 -0.8175 -0.4466
vn 0.3957 -0.8244 -0.4047
vn 0.4238 -0.7558 -0.4992
vn 0.3755 -0.7684 -0.5182
vn 0.3316 -0.9372 -0.1078
vn 0.2601 -0.8464 -0.4647
vn 0.3603 -0.8219 -0.4412
vn 0.2648 -0.8050 -0.5309
vn 0.3644 -0.8092 -0.4609
vn 0.1814 -0.8617 -0.4738
vn 0.2471 -0.8993 -0.3609
vn 0.2802 -0.8232 -0.4937
vn -0.1424 -0.9327 -0.3313
vn -0.2319 -0.9096 -0.3446
vn -0.1361 -0.9330 -0.3332
vn -0.0275 -0.9356 -0.3520
vn -0.1156 -0.9435 -0.3105
vn -0.2393 -0.8788 -0.4129
vn -0.2129 -0.8587 -0.4661
vn -0.3405 -0.8223 -0.4560
vn 0.0074 -0.9388 -0.3443
vn -0.0183 -0.9763 -0.2157
vn -0.3267 -0.8971 -0.2975
vn -0.4798 -0.8049 -0.3492
vn -0.2993 -0.8628 -0.4074
vn -0.0335 -0.9809 -0.1916
vn -0.0468 -0.9769 -0.2084
vn 0.0324 -0.9855 -0.1663
vn 0.0053 -0.9461 -0.3237
vn 0.0426 -0.9190 -0.3919
vn -0.6541 -0.6664 -0.3578
vn -0.6059 -0.7081 -0.3628
vn -0.5651 -0.7776 -0.2757
vn -0.1859 -0.8882 -0.4202
vn 0.0086 -0.9480 -0.3181
vn 0.0806 -0.9214 -0.3801
vn -0.0761 -0.9616 -0.2637
vn -0.0061 -0.9442 -0.3293
vn -0.0001 -0.9095 -0.4156
vn -0.0339 -0.9034 -0.4274
vn 0.0961 -0.9294 -0.3562
vn -0.1012 -0.9355 -0.3385
vn 0.1444 -0.9204 -0.3633
vn -0.4467 -0.8491 -0.2819
vn -0.3261 -0.9216 -0.2105
vn -0.4888 -0.8384 -0.2412
vn -0.6202 -0.6926 -0.3684
vn 0.0665 -0.9574 -0.2810
vn 0.0068 -0.9508 -0.3097
vn 0.0054 -0.9757 -0.2191
vn 0.2659 -0.8552 -0.4448
vn 0.6520 -0.7500 -0.1116
vn 0.6530 -0.7515 -0.0940
vn -0.1198 -0.8937 -0.4323
vn 0.1022 -0.9228 -0.3715
vn -0.0695 -0.9123 -0.4036
vn 0.7065 -0.4324 -0.5603
vn 0.6287 -0.3590 -0.6898
vn 0.6746 -0.3334 -0.6586
vn 0.1932 -0.8522 -0.4863
vn 0.1735 -0.8772 -0.4477
vn 0.6606 -0.7445 -0.0966
vn 0.6311 -0.7638 -0.1351
vn 0.3545 -0.8170 -0.4548
vn 0.3531 -0.7811 -0.5150
vn 0.4420 -0.7765 -0.4492
vn 0.5819 -0.6915 -0.4281
vn 0.4992 -0.7435 -0.4450
vn 0.5832 -0.6768 -0.4492
vn 0.7773 -0.5243 -0.3478
vn 0.7855 -0.4375 -0.4377
vn 0.8132 -0.5435 -0.2080
vn 0.4741 -0.7787 -0.4108
vn 0.4432 -0.7266 -0.5249
vn 0.3638 -0.7841 -0.5029
vn 0.5205 -0.6499 -0.5538
vn 0.4354 -0.7162 -0.5454
vn 0.5450 -0.6467 -0.5336
vn 0.8645 -0.4195 0.2769
vn 0.8669 -0.3515 0.3535
vn 0.8748 -0.3820 0.2978
vn 0.6576 -0.7462 -0.1031
vn 0.5929 -0.8030 -0.0607
vn 0.6382 -0.7610 -0.1166
vn 0.6431 -0.7610 -0.0856
vn 0.1071 -0.9926 0.0572
vn 0.6118 -0.7890 -0.0569
vn 0.6347 -0.7709 -0.0532
vn 0.3967 -0.7476 -0.5327
vn 0.6437 -0.7591 -0.0975
vn 0.6625 -0.7471 -0.0543
vn 0.7311 -0.6564 -0.1861
vn 0.6683 -0.7165 -0.2002
vn 0.7303 -0.5533 -0.4007
vn 0.7603 -0.4270 -0.4894
vn 0.7478 -0.4341 -0.5023
vn 0.7442 -0.4500 -0.4937
vn 0.7405 -0.6707 -0.0418
vn 0.7624 -0.6453 0.0484
vn 0.7981 -0.2748 0.5361
vn 0.7981 -0.2133 0.5635
vn 0.7565 -0.2715 0.5949
vn 0.8410 -0.3772 0.3877
vn 0.8587 -0.2489 0.4480
vn 0.5955 -0.7505 -0.2865
vn 0.8309 -0.5480 0.0965
vn 0.8616 -0.4972 0.1022
vn 0.8607 -0.5074 -0.0410
vn 0.9179 -0.3885 0.0807
vn 0.8901 -0.3951 0.2271
vn 0.7387 -0.3956 -0.5457
vn 0.7413 -0.4286 -0.5165
vn 0.7623 -0.4282 -0.4853
vn 0.7865 -0.4225 -0.4504
vn 0.7467 -0.4575 -0.4829
vn 0.7596 -0.4497 -0.4698
vn 0.7378 -0.4839 -0.4707
vn 0.7481 -0.4204 -0.5134
vn 0.7411 -0.4302 -0.5155
vn 0.8924 -0.4424 0.0890
vn 0.8683 -0.4501 -0.2086
vn 0.5490 -0.5538 0.6260
vn 0.9169 -0.3809 0.1193
vn 0.8988 -0.3758 0.2255
vn 0.7570 -0.4135 -0.5060
vn 0.7190 -0.3407 -0.6058
vn 0.6893 -0.4048 -0.6008
vn 0.7403 -0.3413 -0.5792
vn 0.8659 -0.4082 -0.2890
vn 0.8272 -0.4285 -0.3635
vn 0.7941 -0.4146 -0.4444
vn 0.0939 -0.9619 -0.2567
vn 0.0921 -0.9955 0.0225
vn 0.3041 -0.9517 -0.0411
vn 0.6831 -0.5585 -0.4706
vn 0.6960 -0.5086 -0.5069
vn 0.6531 -0.5738 -0.4942
vn 0.6463 -0.6204 -0.4443
vn 0.6883 -0.5521 -0.4705
vn 0.7159 -0.4387 -0.5431
vn 0.7211 -0.5775 -0.3827
vn 0.4924 -0.6548 -0.5734
vn 0.6995 -0.5229 -0.4871
vn 0.7184 -0.4996 -0.4841
vn 0.6361 -0.6295 -0.4461
vn 0.5564 -0.6834 -0.4726
vn 0.6345 -0.6116 -0.4727
vn 0.5588 -0.7488 -0.3565
vn 0.5104 -0.7910 -0.3374
vn 0.8971 -0.2742 -0.3463
vn 0.8571 -0.3230 -0.4013
vn 0.8694 -0.3461 -0.3527
vn 0.7037 -0.5643 -0.4318
vn 0.7214 -0.4739 -0.5049
vn 0.7345 -0.4596 -0.4993
vn 0.7590 -0.4012 -0.5128
vn 0.7481 -0.3917 -0.5356
vn 0.7333 -0.4516 -0.5083
vn 0.7563 -0.4710 -0.4541
vn 0.7586 -0.4055 -0.5100
vn 0.7597 -0.4367 -0.4818
vn 0.7576 -0.4512 -0.4717
vn 0.7684 -0.3699 -0.5223
vn 0.8891 -0.4390 -0.1299
vn 0.8866 -0.4620 -0.0214
vn 0.7311 -0.3964 -0.5554
vn 0.7696 -0.4243 -0.4771
vn 0.7617 -0.4129 -0.4993
vn 0.2135 -0.9639 -0.1589
vn 0.3066 -0.9518 -0.0023
vn 0.7424 -0.3639 -0.5626
vn 0.6127 -0.2885 -0.7357
vn 0.8173 -0.1723 -0.5498
vn 0.7005 -0.4150 -0.5806
vn 0.7104 -0.4505 -0.5407
vn 0.6769 -0.4720 -0.5648
vn 0.6759 -0.5570 -0.4826
vn 0.8027 -0.3814 -0.4585
vn 0.8336 -0.3441 -0.4320
vn 0.7998 -0.3685 -0.4738
vn 0.8056 -0.3412 -0.4844
vn 0.7335 -0.4290 -0.5272
vn 0.7154 -0.3605 -0.5985
vn 0.7298 -0.2917 -0.6183
vn 0.7561 -0.3166 -0.5728
vn 0.6857 -0.4303 -0.5871
vn 0.7117 -0.4461 -0.5426
vn 0.6453 -0.4429 -0.6225
vn 0.7612 -0.4403 -0.4762
vn 0.6616 -0.4747 -0.5804
vn 0.7497 -0.3271 -0.5753
vn 0.7432 -0.3619 -0.5627
vn 0.8282 -0.3735 -0.4179
vn 0.8247 -0.3423 -0.4503
vn 0.8112 -0.3931 -0.4330
vn 0.6975 -0.1909 -0.6907
vn 0.8175 -0.3330 -0.4699
vn 0.7848 -0.3044 -0.5398
vn 0.8317 -0.3913 -0.3939
vn 0.7718 -0.3991 -0.4950
vn 0.7705 -0.3210 -0.5507
vn 0.8886 -0.2683 -0.3720
vn 0.7734 -0.4795 -0.4147
vn 0.8311 -0.3777 -0.4082
vn 0.8346 -0.3133 -0.4531
vn 0.7882 -0.4631 -0.4054
vn 0.7735 -0.5166 -0.3672
vn 0.6941 -0.4879 -0.5293
vn 0.6650 -0.4907 -0.5630
vn 0.7019 -0.6095 -0.3687
vn 0.4715 -0.7351 -0.4872
vn 0.7188 -0.5295 -0.4505
vn 0.6296 -0.2301 -0.7421
vn 0.6027 -0.2907 -0.7432
vn 0.6088 -0.1030 -0.7866
vn 0.6385 -0.5356 -0.5526
vn 0.6918 -0.4773 -0.5418
vn 0.7624 -0.4501 -0.4649
vn 0.4723 -0.5005 -0.7255
vn 0.4623 -0.6420 -0.6116
vn 0.4539 -0.5113 -0.7298
vn 0.4866 -0.5868 -0.6473
vn 0.5164 -0.5286 -0.6737
vn 0.6327 -0.1259 -0.7641
vn 0.3789 -0.7301 -0.5687
vn 0.7270 -0.1567 0.6686
vn 0.7903 -0.3425 0.5081
vn 0.7421 -0.4067 -0.5328
vn 0.6975 -0.4246 -0.5773
vn 0.8187 0.0565 -0.5715
vn 0.8144 0.0354 -0.5792
vn 0.7654 -0.0549 -0.6412
vn 0.7160 -0.2119 -0.6652
vn 0.7352 -0.3268 -0.5939
vn 0.7832 -0.3083 -0.5399
vn 0.8476 -0.3053 -0.4340
vn 0.8844 -0.2085 -0.4176
vn 0.8125 -0.0609 -0.5798
vn 0.8157 -0.0432 -0.5768
vn 0.8584 0.0339 -0.5119
vn 0.8263 -0.2757 -0.4911
vn 0.6930 -0.3436 -0.6337
vn 0.7058 -0.3518 -0.6148
vn 0.8299 0.1110 -0.5468
vn 0.8549 -0.3685 -0.3652
vn 0.8170 -0.4257 -0.3888
vn 0.6775 -0.3344 -0.6551
vn -0.7767 0.3856 -0.4980
vn 0.6631 -0.2016 -0.7208
vn 0.8234 -0.2674 -0.5005
vn 0.5527 -0.5490 -0.6270
vn 0.6657 -0.4315 -0.6088
vn 0.7664 -0.1432 -0.6262
vn 0.8144 -0.2776 -0.5096
vn 0.8623 -0.0813 -0.4998
vn 0.5130 -0.3481 -0.7846
vn 0.5427 -0.1522 -0.8260
vn 0.2037 0.7859 -0.5839
vn 0.3283 0.7699 -0.5473
vn 0.4024 0.6673 -0.6268
vn 0.7673 -0.1135 -0.6311
vn 0.5598 -0.1226 -0.8195
vn 0.7486 -0.3693 -0.5507
vn 0.7728 -0.3690 -0.5163
vn 0.5864 -0.5406 -0.6032
vn 0.5578 -0.5139 -0.6517
vn 0.3930 -0.5880 -0.7070
vn 0.3196 -0.6360 -0.7024
vn 0.5715 -0.4636 -0.6771
vn 0.7709 -0.2541 -0.5841
vn 0.6058 -0.4820 -0.6330
vn 0.7943 -0.3749 -0.4780
vn 0.8018 0.0584 -0.5948
vn 0.6661 -0.5552 -0.4980
vn 0.5758 -0.5818 -0.5744
vn 0.5637 -0.7252 -0.3953
vn 0.6583 -0.5041 -0.5590
vn 0.6278 -0.5235 -0.5760
vn 0.6380 -0.4088 -0.6526
vn 0.6079 -0.4904 -0.6245
vn 0.8667 -0.3633 0.3418
vn 0.7062 -0.2351 -0.6678
vn 0.6813 -0.2092 -0.7014
vn 0.7301 -0.3793 -0.5684
vn 0.7385 -0.4152 -0.5312
vn 0.7156 -0.3537 -0.6023
vn 0.7295 -0.3236 -0.6026
vn 0.7478 -0.3792 -0.5450
vn 0.6648 -0.2751 -0.6945
vn 0.8570 0.0140 -0.5151
vn 0.8454 -0.0067 -0.5341
vn 0.8303 0.0962 -0.5490
vn 0.7050 -0.2331 -0.6698
vn 0.7634 0.5857 -0.2724
vn 0.8477 0.4937 -0.1941
vn 0.8164 0.5066 -0.2773
vn 0.7352 -0.2692 -0.6221
vn 0.6864 -0.1612 -0.7092
vn 0.7579 -0.3832 -0.5280
vn 0.7775 -0.3871 -0.4956
vn 0.7698 -0.4015 -0.4961
vn 0.6995 -0.3006 -0.6484
vn 0.8182 0.0298 -0.5741
vn 0.8166 0.0501 -0.5750
vn 0.7556 -0.1984 -0.6243
vn 0.8175 0.2268 -0.5294
vn 0.7492 -0.2417 -0.6167
vn 0.7082 -0.3954 -0.5849
vn 0.9171 -0.3942 0.0602
vn 0.0767 0.1983 -0.9771
vn 0.1710 0.0760 -0.9823
vn 0.0886 -0.0928 -0.9917
vn 0.0747 -0.8586 -0.5071
vn -0.1169 -0.8672 -0.4840
vn -0.0625 -0.9009 -0.4296
vn 0.7454 -0.4310 -0.5085
vn 0.5585 -0.5321 -0.6363
vn 0.6210 -0.4614 -0.6336
vn -0.0923 -0.8633 -0.4962
vn -0.2746 -0.8291 -0.4870
vn 0.5716 -0.5798 -0.5806
vn 0.0996 -0.8596 -0.5012
vn 0.1522 -0.8169 -0.5564
vn 0.4885 -0.6307 -0.6030
vn 0.4670 -0.6405 -0.6096
vn 0.5274 -0.6686 -0.5242
vn 0.4781 -0.7416 -0.4706
vn -0.0162 -0.6819 -0.7313
vn 0.0532 -0.6321 -0.7730
vn 0.2277 -0.8287 -0.5113
vn 0.2332 -0.8550 -0.4632
vn 0.2687 -0.8279 -0.4924
vn 0.1419 -0.8745 -0.4638
vn 0.1011 -0.8510 -0.5154
vn -0.0940 -0.8617 -0.4986
vn 0.1763 -0.8948 -0.4102
vn 0.0574 -0.9327 -0.3561
vn 0.3129 -0.8365 -0.4498
vn 0.4352 -0.8044 -0.4044
vn 0.5431 -0.7387 -0.3992
vn 0.3649 -0.7983 -0.4790
vn -0.1041 -0.5914 -0.7996
vn 0.2605 -0.8330 -0.4881
vn 0.1124 -0.7639 -0.6355
vn 0.7443 -0.2337 -0.6256
vn 0.5866 -0.3769 -0.7168
vn 0.7819 -0.3029 -0.5448
vn 0.0496 -0.8508 -0.5232
vn 0.1957 -0.8208 -0.5366
vn 0.7185 -0.2307 -0.6562
vn 0.7994 -0.2368 -0.5521
vn 0.8988 0.1863 -0.3968
vn 0.8808 0.1285 -0.4556
vn 0.8648 0.1708 -0.4721
vn 0.7185 -0.3690 -0.5896
vn 0.0571 -0.6617 -0.7476
vn 0.7288 -0.2560 -0.6351
vn 0.8394 -0.2996 0.4534
vn 0.6684 -0.4730 0.5740
vn 0.7557 -0.5212 0.3966
vn -0.2330 -0.8519 -0.4690
vn -0.1016 -0.8543 -0.5098
vn 0.5337 -0.7400 -0.4094
vn 0.8516 -0.2521 -0.4596
vn 0.5354 -0.4601 -0.7083
vn -0.5811 -0.7050 -0.4067
vn -0.8523 -0.5225 -0.0239
vn -0.8320 -0.2387 -0.5008
vn -0.8140 -0.3665 -0.4505
vn -0.8485 -0.3870 -0.3609
vn -0.3255 -0.8456 -0.4232
vn -0.4332 -0.8368 -0.3349
vn -0.3099 -0.8660 -0.3924
vn -0.3270 -0.8616 -0.3882
vn 0.1198 -0.3690 -0.9217
vn -0.1205 -0.2421 -0.9627
vn -0.5056 -0.7808 -0.3669
vn -0.4105 -0.8048 -0.4286
vn -0.4443 -0.8010 -0.4012
vn -0.6490 -0.6725 -0.3557
vn -0.4782 -0.7762 -0.4109
vn -0.7045 -0.5891 -0.3958
vn -0.7343 -0.5421 -0.4086
vn -0.5220 -0.7907 -0.3198
vn -0.5253 -0.8105 -0.2592
vn -0.6059 -0.7029 -0.3725
vn -0.5347 -0.7433 -0.4019
vn -0.8231 -0.4666 -0.3238
vn -0.8288 -0.4563 -0.3238
vn -0.7872 -0.5271 -0.3203
vn -0.7072 -0.5803 -0.4038
vn -0.6959 -0.5772 -0.4273
vn -0.7879 -0.5248 -0.3221
vn -0.7166 -0.5621 -0.4130
vn -0.5940 -0.7257 -0.3473
vn -0.6351 -0.6502 -0.4170
vn -0.7628 -0.5710 -0.3034
vn -0.7513 -0.5641 -0.3424
vn -0.7282 -0.6123 -0.3078
vn -0.6368 -0.6894 -0.3453
vn -0.7480 -0.5820 -0.3191
vn -0.6592 -0.6693 -0.3428
vn -0.5784 -0.7384 -0.3466
vn -0.6793 -0.6457 -0.3488
vn -0.5377 -0.7568 -0.3716
vn -0.4191 -0.8561 -0.3022
vn -0.2892 -0.8796 -0.3777
vn -0.1728 -0.9342 -0.3122
vn -0.6658 -0.6405 -0.3828
vn -0.5612 -0.7936 -0.2350
vn -0.6219 -0.7394 -0.2579
vn -0.1628 -0.9435 -0.2885
vn -0.5694 -0.7299 -0.3782
vn -0.6066 -0.6854 -0.4028
vn -0.7775 -0.5219 -0.3508
vn -0.7414 -0.5211 -0.4229
vn -0.8035 -0.5846 -0.1118
vn -0.6769 -0.6406 -0.3624
vn -0.6416 -0.6818 -0.3515
vn -0.4614 -0.7840 -0.4153
vn -0.6365 -0.6648 -0.3910
vn -0.3308 -0.8666 -0.3737
vn -0.3915 -0.8305 -0.3962
vn -0.7367 -0.5737 -0.3580
vn -0.6974 -0.5964 -0.3974
vn -0.7340 -0.5474 -0.4020
vn -0.6183 -0.6412 -0.4545
vn -0.6076 -0.7118 -0.3523
vn -0.6510 -0.5727 -0.4982
vn -0.6667 -0.5078 -0.5456
vn 0.5446 -0.1520 -0.8248
vn 0.4340 -0.0662 -0.8985
vn 0.4597 0.1281 -0.8788
vn -0.5378 -0.7066 -0.4598
vn -0.5379 -0.7587 -0.3674
vn -0.4579 -0.7626 -0.4569
vn -0.9042 0.1141 -0.4116
vn -0.9391 -0.0941 -0.3306
vn -0.9397 0.0003 -0.3419
vn -0.7694 -0.5827 -0.2617
vn -0.5051 -0.7330 -0.4556
vn -0.5976 -0.6917 -0.4054
vn -0.6038 -0.6705 -0.4311
vn -0.6424 -0.6171 -0.4544
vn -0.4025 -0.7799 -0.4793
vn -0.4707 -0.7887 -0.3955
vn -0.9191 -0.3118 -0.2409
vn -0.9426 -0.2438 -0.2281
vn -0.9630 -0.1517 -0.2226
vn -0.8039 -0.4934 -0.3320
vn -0.7926 -0.4907 -0.3619
vn -0.8059 -0.4901 -0.3323
vn 0.4108 -0.4687 -0.7820
vn 0.2054 -0.6186 -0.7584
vn -0.9468 -0.2638 -0.1841
vn -0.9751 -0.1548 -0.1590
vn -0.9334 -0.2720 -0.2340
vn -0.7623 -0.4954 -0.4165
vn -0.7469 -0.5061 -0.4313
vn -0.7589 -0.4709 -0.4498
vn -0.6780 -0.5914 -0.4366
vn -0.7627 -0.4855 -0.4273
vn -0.6927 -0.5538 -0.4620
vn -0.7058 -0.5812 -0.4050
vn -0.7394 -0.4772 -0.4750
vn -0.7064 -0.5309 -0.4681
vn -0.7447 -0.5485 -0.3803
vn -0.7165 -0.5328 -0.4502
vn -0.7205 -0.4670 -0.5127
vn -0.7157 -0.5668 -0.4082
vn -0.5561 -0.6549 -0.5117
vn -0.5938 -0.5956 -0.5410
vn -0.6650 -0.6092 -0.4320
vn -0.5155 -0.7801 -0.3545
vn -0.7357 -0.4301 -0.5231
vn -0.6702 -0.6860 -0.2834
vn -0.6361 -0.6517 -0.4130
vn -0.7710 -0.5117 -0.3792
vn -0.7715 -0.5113 -0.3788
vn -0.7220 -0.5347 -0.4392
vn -0.4694 -0.7977 -0.3785
vn -0.8152 -0.4854 -0.3161
vn -0.7813 -0.4572 -0.4248
vn -0.7643 -0.4137 -0.4947
vn -0.7679 -0.4021 -0.4986
vn -0.7647 -0.4947 -0.4130
vn -0.7538 -0.5417 -0.3720
vn -0.7186 -0.4804 -0.5028
vn -0.7231 -0.5405 -0.4301
vn -0.7370 -0.5378 -0.4094
vn -0.7978 -0.4839 -0.3596
vn -0.7380 -0.4709 -0.4833
vn -0.8208 -0.5108 -0.2557
vn -0.7390 -0.4603 -0.4919
vn -0.7379 -0.5516 -0.3889
vn -0.7814 -0.5145 -0.3531
vn -0.8633 0.4321 -0.2607
vn -0.8314 0.4617 -0.3093
vn -0.7778 0.5382 -0.3247
vn -0.7548 -0.5504 -0.3567
vn -0.8170 -0.3960 -0.4193
vn -0.4914 -0.8063 -0.3291
vn -0.7812 -0.5076 -0.3634
vn -0.8097 -0.4527 -0.3733
vn -0.8515 -0.3623 -0.3791
vn -0.4313 -0.8237 -0.3682
vn -0.8975 -0.2624 -0.3545
vn -0.8991 -0.3125 -0.3066
vn -0.8243 -0.4435 -0.3520
vn -0.9488 0.1640 -0.2699
vn -0.9522 0.1730 -0.2520
vn -0.9384 0.2421 -0.2466
vn -0.8321 -0.3528 -0.4279
vn -0.8149 -0.4140 -0.4056
vn -0.8260 -0.2585 -0.5009
vn -0.8443 -0.1461 -0.5156
vn -0.8859 -0.0887 -0.4553
vn -0.8809 0.0423 -0.4715
vn -0.8604 0.1129 -0.4970
vn -0.9092 0.1076 -0.4021
vn -0.7564 -0.4389 -0.4850
vn -0.6433 -0.6556 -0.3954
vn -0.8808 -0.2728 -0.3870
vn -0.9323 0.1976 -0.3030
vn -0.9258 0.1784 -0.3333
vn -0.9112 0.2480 -0.3291
vn -0.8720 -0.2637 -0.4124
vn -0.8040 -0.4310 -0.4097
vn -0.8298 -0.3872 -0.4019
vn -0.9362 0.1471 -0.3193
vn -0.9309 0.0180 -0.3650
vn -0.8354 -0.2066 -0.5094
vn -0.7947 -0.2988 -0.5283
vn -0.8531 -0.1997 -0.4819
vn -0.8351 -0.2764 -0.4757
vn -0.8523 -0.4886 -0.1865
vn -0.8979 -0.0430 -0.4381
vn -0.8573 -0.0331 -0.5137
vn -0.9577 0.1186 -0.2621
vn -0.9188 0.1294 -0.3729
vn -0.8981 0.0214 -0.4392
vn -0.8659 0.1050 -0.4891
vn -0.9360 0.0008 -0.3519
vn -0.9492 -0.0030 -0.3148
vn -0.8612 0.2789 -0.4249
vn -0.8453 0.2667 -0.4629
vn -0.9100 0.2377 -0.3396
vn -0.7875 -0.3605 -0.5000
vn -0.8297 -0.4057 -0.3835
vn -0.7544 -0.4075 -0.5146
vn -0.7189 -0.5223 -0.4587
vn -0.8997 -0.0205 -0.4359
vn -0.9284 -0.0845 -0.3618
vn -0.7459 -0.4552 -0.4863
vn -0.8850 -0.1032 -0.4541
vn -0.8939 -0.2072 -0.3976
vn -0.8772 -0.2145 -0.4295
vn -0.7227 -0.5245 -0.4502
vn -0.8673 -0.2504 -0.4302
vn -0.8590 -0.3046 -0.4116
vn -0.5071 -0.7887 -0.3476
vn -0.9069 -0.1038 -0.4084
vn -0.9192 -0.0985 -0.3812
vn -0.8948 -0.0967 -0.4358
vn -0.9079 -0.0521 -0.4160
vn -0.9153 -0.0832 -0.3941
vn -0.9070 -0.0725 -0.4148
vn -0.9137 -0.2178 -0.3430
vn -0.9206 -0.1287 -0.3688
vn -0.9569 -0.0562 -0.2849
vn -0.9175 -0.0604 -0.3931
vn -0.6821 -0.5815 -0.4434
vn -0.6803 -0.5706 -0.4600
vn -0.9640 0.0320 -0.2640
vn -0.9598 0.0156 -0.2801
vn -0.9167 0.2737 -0.2912
vn -0.9351 -0.0202 -0.3539
vn -0.9248 0.0795 -0.3721
vn -0.8615 0.0448 -0.5057
vn -0.9135 -0.1140 -0.3906
vn -0.9027 -0.1095 -0.4160
vn -0.9098 -0.1443 -0.3893
vn -0.9666 0.0611 -0.2488
vn -0.8519 -0.0307 -0.5228
vn -0.9191 -0.0834 -0.3851
vn -0.8916 -0.1764 -0.4170
vn -0.8736 0.3418 -0.3465
vn -0.7010 0.6292 -0.3357
vn -0.7941 0.5324 -0.2933
vn -0.7567 0.5742 -0.3126
vn -0.9393 -0.1602 -0.3033
vn -0.9331 -0.1264 -0.3368
vn -0.9462 0.0367 -0.3215
vn -0.9241 -0.0851 -0.3725
vn -0.9070 0.2316 -0.3516
vn -0.9384 0.1353 -0.3181
vn -0.8918 0.3035 -0.3355
vn -0.9441 0.1969 -0.2642
vn -0.9498 0.0134 -0.3126
vn -0.8901 0.3091 -0.3348
vn -0.8246 0.1690 -0.5399
vn -0.8115 0.1633 -0.5610
vn -0.7996 0.1738 -0.5748
vn -0.8224 0.1765 -0.5408
vn -0.7749 0.1610 -0.6112
vn -0.8584 0.1902 -0.4764
vn -0.8883 0.1783 -0.4232
vn -0.8892 0.0716 -0.4518
vn -0.8721 0.2411 -0.4258
vn -0.8722 0.2037 -0.4447
vn -0.8391 0.4100 -0.3576
vn -0.8690 0.0387 -0.4934
vn -0.8483 0.0899 -0.5218
vn -0.8884 -0.2100 -0.4083
vn -0.9342 -0.0878 -0.3456
vn -0.9159 0.2668 -0.3001
vn -0.8586 0.3857 -0.3377
vn -0.9580 0.0088 -0.2865
vn -0.2830 -0.8652 -0.4138
vn -0.2862 -0.8564 -0.4296
vn -0.7849 -0.5242 -0.3303
vn -0.7437 -0.5692 -0.3505
vn -0.6012 -0.7077 -0.3712
vn -0.9569 -0.1336 -0.2579
vn -0.9124 -0.0341 -0.4080
vn -0.9283 -0.0475 -0.3687
vn -0.9276 -0.1864 -0.3237
vn -0.4345 -0.8053 -0.4034
vn -0.7688 -0.4709 -0.4327
vn -0.7091 -0.5091 -0.4878
vn -0.7915 -0.4735 -0.3864
vn -0.5649 -0.6119 -0.5536
vn -0.7385 -0.5107 -0.4402
vn -0.5684 -0.4868 -0.6633
vn -0.7024 -0.6138 -0.3603
vn -0.8233 -0.4780 -0.3062
vn -0.9030 -0.3526 -0.2456
vn -0.7444 -0.5338 -0.4012
vn -0.3935 -0.8041 -0.4456
vn -0.8466 0.5051 -0.1677
vn -0.8503 0.4338 -0.2980
vn -0.7900 0.5539 -0.2629
vn -0.4647 -0.3868 -0.7966
vn -0.3136 -0.5663 -0.7622
vn -0.7266 -0.3741 -0.5763
vn -0.7673 -0.4644 -0.4422
vn -0.4062 -0.7497 -0.5224
vn -0.7564 -0.5252 -0.3898
vn -0.7791 -0.5320 -0.3316
vn -0.8102 -0.4951 -0.3138
vn -0.8110 -0.4656 -0.3542
vn -0.7970 -0.4905 -0.3525
vn -0.7960 -0.4778 -0.3717
vn -0.7871 -0.5231 -0.3268
vn -0.8247 -0.4933 -0.2766
vn -0.8064 -0.5200 -0.2817
vn -0.8006 -0.5100 -0.3144
vn -0.8022 -0.5075 -0.3144
vn -0.9636 -0.0436 -0.2639
vn -0.9543 -0.1117 -0.2773
vn -0.9379 -0.1301 -0.3216
vn -0.9275 -0.1352 -0.3485
vn -0.9398 -0.2012 -0.2762
vn -0.9645 -0.1124 -0.2389
vn -0.9440 -0.0914 -0.3169
vn -0.7452 -0.5379 -0.3941
vn -0.8753 -0.3035 -0.3765
vn -0.6792 -0.4579 -0.5736
vn -0.9586 -0.1919 -0.2104
vn -0.9741 -0.1519 -0.1672
vn -0.6988 -0.5005 -0.5112
vn -0.8373 -0.4491 -0.3117
vn -0.7783 -0.4949 -0.3863
vn -0.9042 0.3450 -0.2519
vn -0.8971 0.4039 -0.1793
vn -0.8893 -0.3625 -0.2788
vn -0.8633 -0.4248 -0.2726
vn -0.9707 0.0954 -0.2206
vn -0.9443 0.2539 -0.2095
vn -0.9528 -0.1961 -0.2317
vn -0.9368 -0.1334 -0.3234
vn -0.7848 -0.5182 -0.3401
vn -0.8107 -0.4609 -0.3610
vn -0.9709 -0.0657 -0.2303
vn -0.9680 -0.1062 -0.2275
vn -0.9664 0.0409 -0.2537
vn -0.9384 -0.1540 -0.3092
vn -0.9460 0.2461 -0.2111
vn -0.9766 0.0721 -0.2028
vn -0.9275 -0.2471 -0.2806
vn -0.7539 -0.5596 -0.3443
vn -0.8339 -0.3867 -0.3938
vn -0.2750 -0.6698 -0.6898
vn -0.1688 -0.7844 -0.5968
vn -0.8725 -0.1324 -0.4702
vn -0.8041 -0.3899 -0.4487
vn -0.9613 -0.1651 -0.2207
vn -0.9483 -0.2269 -0.2221
vn -0.9434 0.0576 -0.3266
vn -0.2334 -0.5428 -0.8068
vn -0.4580 -0.5168 -0.7233
vn -0.1657 -0.6315 -0.7575
vn -0.8476 0.0385 -0.5293
vn -0.8037 0.0485 -0.5931
vn -0.9380 0.2396 -0.2507
vn -0.6308 -0.3808 -0.6761
vn -0.3611 -0.5441 -0.7573
vn -0.4451 -0.7022 -0.5557
vn -0.4391 -0.7372 -0.5135
vn -0.5480 -0.5644 -0.6174
vn 0.2807 0.0002 -0.9598
vn 0.2929 -0.2128 -0.9322
vn 0.4262 0.1719 -0.8882
vn 0.5475 -0.1296 -0.8267
vn 0.1574 -0.5150 -0.8426
vn -0.0143 -0.5119 -0.8589
vn 0.4807 -0.5169 -0.7083
vn -0.6391 -0.4037 -0.6547
vn 0.2726 0.1976 -0.9416
vn 0.6271 -0.2441 -0.7397
vn -0.9044 0.2173 -0.3672
vn -0.8956 0.3043 -0.3245
vn -0.8000 -0.0636 -0.5966
vn -0.8022 0.2027 -0.5617
vn -0.5236 -0.7299 -0.4395
vn -0.4952 -0.7535 -0.4324
vn -0.6513 0.1948 -0.7334
vn -0.6621 0.1262 -0.7387
vn -0.6070 -0.6719 -0.4244
vn -0.7517 -0.3764 -0.5415
vn 0.5805 -0.1606 -0.7983
vn 0.5438 -0.1971 -0.8157
vn -0.6469 0.2045 -0.7347
vn -0.6345 -0.0556 -0.7709
vn -0.6027 0.3932 -0.6944
vn 0.4534 -0.2525 -0.8548
vn 0.2992 -0.3506 -0.8874
vn 0.5328 -0.1138 -0.8385
vn -0.0810 0.3311 -0.9401
vn -0.0246 0.4188 -0.9077
vn 0.1333 0.2797 -0.9508
vn -0.3175 -0.6852 -0.6555
vn -0.1787 -0.5907 -0.7869
vn -0.5007 0.7689 -0.3976
vn -0.6455 0.6684 -0.3695
vn -0.1393 0.1344 -0.9811
vn -0.2184 -0.0962 -0.9711
vn -0.3700 -0.1867 -0.9101
vn -0.1284 0.7478 -0.6514
vn -0.3352 0.6928 -0.6385
vn -0.3301 0.7138 -0.6177
vn 0.2875 0.2191 -0.9324
vn 0.3506 0.1462 -0.9250
vn 0.3603 0.0051 -0.9328
vn -0.2964 0.4931 -0.8180
vn -0.1852 0.6711 -0.7178
vn -0.1942 0.5084 -0.8389
vn -0.7861 0.4911 -0.3753
vn 0.3758 0.0445 -0.9256
vn 0.5383 -0.1015 -0.8366
vn 0.0469 0.4697 -0.8816
vn -0.4073 0.5464 -0.7318
vn -0.5510 0.5552 -0.6230
vn -0.2890 0.3725 -0.8819
vn -0.1200 0.2448 -0.9621
vn -0.4966 -0.2730 -0.8239
vn -0.3917 0.0353 -0.9194
vn -0.3015 0.2247 -0.9266
vn -0.2560 0.1053 -0.9609
vn 0.2275 0.2826 -0.9319
vn -0.1957 0.6379 -0.7448
vn -0.3098 0.5203 -0.7958
vn -0.4347 0.2955 -0.8507
vn -0.4433 0.3451 -0.8273
vn -0.3074 0.2937 -0.9051
vn -0.4751 0.1459 -0.8678
vn -0.4692 0.3730 -0.8004
vn -0.1430 0.7933 -0.5918
vn -0.1105 0.6993 -0.7062
vn -0.3100 -0.8991 -0.3090
vn -0.8018 -0.4971 -0.3316
vn -0.1934 0.9364 -0.2927
vn -0.2839 0.9207 -0.2679
vn -0.2350 0.9255 -0.2970
vn 0.8421 -0.4005 0.3611
vn 0.9585 -0.0345 0.2828
vn 0.9675 -0.0773 0.2409
vn 0.9924 -0.0010 0.1233
vn 0.8842 -0.4001 -0.2409
vn 0.7444 -0.4257 -0.5144
vn 0.7288 -0.3663 -0.5785
vn 0.6903 -0.2899 -0.6629
vn 0.6811 -0.3091 -0.6637
vn 0.7334 -0.2769 -0.6209
vn 0.9276 -0.3359 0.1633
vn 0.8816 -0.2993 0.3649
vn 0.8876 -0.4101 0.2096
vn 0.8309 -0.2380 0.5029
vn 0.9121 -0.2648 0.3128
vn 0.7482 -0.2246 0.6242
vn 0.7790 -0.4691 0.4161
vn 0.9139 -0.3597 0.1880
vn 0.9360 -0.3255 0.1339
vn 0.9658 0.1190 -0.2302
vn 0.9364 0.1765 -0.3033
vn 0.9673 0.1766 -0.1822
vn 0.8587 -0.1872 0.4771
vn 0.9274 -0.1714 0.3325
vn 0.9384 -0.3448 -0.0210
vn 0.9539 -0.2986 0.0320
vn 0.9580 -0.2781 0.0698
vn 0.9422 -0.3204 0.0975
vn 0.9881 -0.1414 0.0613
vn 0.9655 -0.2041 0.1619
vn 0.9874 -0.1244 -0.0979
vn 0.9680 -0.2483 -0.0370
vn 0.9504 -0.2624 0.1670
vn 0.9361 -0.1984 0.2905
vn 0.9322 0.0716 0.3549
vn 0.9596 0.1523 0.2364
vn 0.9300 0.2584 0.2615
vn 0.9950 0.0696 -0.0712
vn 0.9981 0.0602 0.0128
vn 0.9996 -0.0100 0.0268
vn 0.9390 -0.3146 -0.1390
vn 0.9579 -0.2174 -0.1875
vn 0.9387 -0.3072 -0.1567
vn 0.8880 -0.3376 -0.3124
vn 0.8112 -0.3998 -0.4268
vn 0.7702 -0.4109 -0.4879
vn 0.8072 -0.3964 -0.4373
vn 0.9178 0.1261 -0.3766
vn 0.9578 -0.1200 -0.2611
vn 0.9741 -0.1428 -0.1755
vn 0.9906 -0.0337 0.1323
vn 0.9715 -0.1148 0.2074
vn 0.9335 -0.1190 0.3382
vn 0.9301 -0.0770 0.3590
vn 0.9969 0.0720 0.0324
vn 0.9738 -0.0771 0.2139
vn 0.7696 -0.4139 -0.4861
vn 0.9896 0.1114 0.0906
vn 0.9810 0.0836 0.1748
vn 0.9906 0.1061 0.0865
vn 0.9711 0.0822 0.2242
vn 0.9724 0.2062 0.1089
vn 0.9894 0.0620 0.1313
vn 0.9097 0.1232 -0.3965
vn 0.9247 0.0645 -0.3752
vn 0.8762 0.0688 -0.4770
vn 0.9497 0.0953 -0.2982
vn 0.9635 0.0518 -0.2626
vn 0.9913 -0.0061 -0.1318
vn 0.9797 -0.0387 -0.1966
vn 0.9802 0.0472 -0.1921
vn 0.9888 0.0966 -0.1135
vn 0.8130 -0.3551 -0.4615
vn 0.7884 -0.4086 -0.4599
vn 0.7716 -0.4074 -0.4885
vn 0.8029 0.0430 -0.5946
vn 0.8507 -0.0355 -0.5245
vn 0.9120 0.0038 0.4102
vn 0.9447 0.0119 0.3277
vn 0.9423 0.0451 0.3318
vn 0.9960 0.0842 -0.0310
vn 0.9838 0.1610 -0.0793
vn 0.9931 0.1111 0.0367
vn 0.9882 0.1531 0.0081
vn 0.8606 0.4577 -0.2234
vn 0.9533 0.2811 -0.1101
vn 0.9611 0.2492 -0.1187
vn 0.9214 0.3504 -0.1681
vn 0.9055 0.4181 -0.0719
vn 0.8664 0.4877 -0.1075
vn 0.8665 0.4985 0.0274
vn 0.9736 0.2187 -0.0649
vn 0.9171 -0.0770 0.3912
vn 0.9614 0.0197 0.2745
vn 0.9123 0.0292 0.4084
vn 0.6538 -0.1967 0.7307
vn 0.9287 0.3475 0.1298
vn 0.9326 0.3582 0.0442
vn 0.9559 0.2668 0.1226
vn 0.7756 -0.3439 -0.5293
vn 0.9344 0.3430 -0.0959
vn 0.9543 0.2987 0.0113
vn 0.9684 0.2455 -0.0451
vn 0.7554 0.5638 -0.3340
vn 0.9348 0.2780 -0.2210
vn 0.9208 -0.0191 -0.3895
vn 0.9680 0.0167 -0.2503
vn 0.8295 -0.0778 -0.5531
vn 0.8831 0.4450 -0.1483
vn 0.9099 -0.2467 -0.3336
vn 0.8749 -0.0652 0.4799
vn 0.8657 -0.3689 -0.3384
vn 0.7349 0.4445 0.5123
vn 0.8241 0.4177 0.3827
vn 0.8822 0.2237 0.4143
vn 0.8402 0.0832 -0.5358
vn 0.8441 0.0233 -0.5357
vn -0.1101 0.7712 -0.6270
vn -0.0205 0.7898 -0.6130
vn 0.0587 0.6780 -0.7327
vn 0.8141 0.4750 -0.3339
vn 0.8757 0.3374 -0.3454
vn 0.8083 0.4581 -0.3698
vn 0.8656 0.4157 -0.2791
vn 0.8925 0.2688 -0.3623
vn 0.8705 0.3099 -0.3824
vn 0.8330 0.3096 -0.4586
vn 0.7828 0.4685 -0.4096
vn 0.8499 -0.0382 -0.5256
vn 0.6875 -0.4134 -0.5971
vn 0.7564 -0.3884 -0.5263
vn 0.7820 -0.3209 -0.5344
vn 0.7919 0.5182 -0.3231
vn 0.8669 0.4778 -0.1420
vn 0.8100 0.5596 -0.1755
vn 0.7408 0.5551 -0.3783
vn 0.6863 0.6328 -0.3585
vn 0.7969 0.5993 -0.0756
vn 0.5539 0.8194 -0.1476
vn 0.5983 0.7816 -0.1766
vn 0.5762 0.7968 -0.1821
vn 0.4773 0.8418 0.2522
vn 0.5300 0.8213 0.2112
vn 0.5220 0.8486 0.0862
vn 0.7795 0.6253 0.0368
vn 0.6194 0.6729 -0.4044
vn 0.5536 0.7556 -0.3503
vn 0.6112 0.7392 -0.2828
vn 0.5583 0.7953 -0.2362
vn 0.6297 0.7246 -0.2801
vn 0.8586 -0.0932 0.5042
vn 0.7849 -0.1434 0.6028
vn 0.8146 -0.1297 0.5653
vn 0.4991 0.7699 -0.3976
vn 0.5425 0.7321 -0.4120
vn 0.7862 0.2590 -0.5611
vn 0.7321 0.4425 -0.5179
vn 0.6868 0.4594 -0.5632
vn 0.6674 0.6860 -0.2899
vn 0.6572 0.5936 -0.4644
vn 0.7135 0.5715 -0.4053
vn 0.6451 0.6067 -0.4645
vn 0.6379 0.6786 -0.3640
vn 0.5993 0.7044 -0.3804
vn 0.6154 0.6843 -0.3913
vn 0.6031 0.6964 -0.3890
vn 0.8750 -0.0461 -0.4820
vn 0.8684 -0.1047 -0.4847
vn 0.8444 0.1169 -0.5228
vn 0.6437 0.7439 -0.1797
vn 0.6231 -0.0494 0.7805
vn 0.5659 0.8204 -0.0814
vn 0.3640 0.8959 -0.2546
vn 0.4785 0.8612 -0.1715
vn 0.3913 0.8831 -0.2588
vn 0.5121 0.7239 0.4624
vn 0.4658 0.8849 0.0081
vn 0.5137 0.8578 -0.0168
vn 0.5503 0.7524 -0.3620
vn 0.4868 0.7647 -0.4222
vn 0.4905 0.7950 0.3568
vn 0.4845 0.7816 0.3928
vn 0.4192 0.7784 0.4673
vn 0.4504 0.7851 0.4251
vn 0.4211 0.8414 0.3387
vn 0.6054 0.7943 0.0501
vn 0.5370 0.8291 0.1556
vn 0.5243 0.7922 0.3122
vn 0.5527 0.7933 0.2552
vn 0.5368 0.7745 0.3347
vn 0.4774 0.7580 0.4445
vn 0.4555 0.8766 0.1554
vn 0.4310 0.8910 0.1424
vn 0.4662 0.8559 0.2238
vn 0.4871 0.7292 0.4806
vn 0.4542 0.8737 0.1741
vn 0.4612 0.8389 0.2890
vn 0.4812 0.7965 0.3661
vn 0.3429 0.8690 -0.3568
vn 0.3056 0.8717 -0.3830
vn 0.3321 0.8892 -0.3148
vn 0.4164 0.8482 -0.3273
vn 0.4262 0.8677 -0.2557
vn 0.4569 0.8022 -0.3844
vn 0.3814 0.7714 -0.5095
vn 0.4807 0.7250 -0.4933
vn 0.4898 0.7072 -0.5099
vn 0.3648 0.7163 0.5948
vn 0.3393 0.9346 -0.1070
vn 0.4507 0.8766 -0.1689
vn -0.4552 0.8314 -0.3185
vn -0.3204 0.8758 -0.3609
vn -0.5841 0.7636 -0.2752
vn 0.4968 0.8392 -0.2210
vn 0.5187 0.7816 -0.3466
vn 0.5515 0.8240 -0.1300
vn 0.3256 0.7893 -0.5205
vn 0.3250 0.7881 -0.5228
vn 0.3353 0.7777 -0.5317
vn 0.6209 0.6553 -0.4302
vn 0.7203 0.5470 -0.4266
vn 0.7429 0.5362 -0.4008
vn 0.7261 0.5607 -0.3980
vn 0.3580 0.9260 0.1200
vn 0.1899 0.9507 0.2451
vn 0.4522 0.7817 -0.4294
vn 0.6060 0.6738 -0.4228
vn 0.5042 0.7434 -0.4394
vn 0.5813 0.6619 -0.4733
vn 0.5903 0.6718 -0.4475
vn 0.6685 0.6189 -0.4123
vn 0.7059 0.6056 -0.3673
vn -0.4423 0.8451 -0.3003
vn -0.5964 0.7436 -0.3023
vn -0.6144 0.7166 -0.3300
vn 0.3031 0.8629 -0.4044
vn 0.3062 0.8418 -0.4444
vn 0.1286 0.9397 -0.3170
vn 0.1870 0.9423 -0.2778
vn 0.2736 0.9136 -0.3007
vn 0.3448 0.8212 -0.4546
vn 0.3614 0.8095 -0.4627
vn 0.2036 0.9105 0.3600
vn 0.1870 0.9824 -0.0017
vn 0.2254 0.9610 -0.1603
vn 0.2397 0.9612 0.1365
vn 0.6454 0.6109 -0.4586
vn 0.7454 -0.2491 -0.6183
vn 0.7634 -0.3464 -0.5453
vn 0.7040 0.5660 -0.4291
vn 0.6094 -0.5095 -0.6075
vn 0.7275 -0.1333 -0.6730
vn 0.7573 -0.1452 -0.6367
vn 0.7359 -0.2001 -0.6469
vn 0.7654 -0.1018 -0.6355
vn 0.7646 -0.3857 -0.5163
vn 0.7636 -0.2307 -0.6031
vn 0.7930 -0.0743 -0.6047
vn 0.8288 -0.2161 -0.5162
vn 0.7292 -0.1916 -0.6569
vn 0.7306 -0.1742 -0.6602
vn 0.7391 -0.1955 -0.6446
vn 0.8292 -0.3885 -0.4018
vn 0.8053 -0.1125 -0.5820
vn 0.8584 -0.1116 -0.5008
vn 0.8499 -0.1356 -0.5093
vn 0.8315 -0.1091 -0.5447
vn 0.7574 -0.2245 -0.6131
vn 0.8889 -0.1326 -0.4386
vn 0.7810 -0.2585 -0.5685
vn 0.8179 -0.2282 -0.5282
vn 0.8270 -0.1619 -0.5383
vn 0.8382 -0.2370 -0.4912
vn 0.7825 -0.2588 -0.5663
vn 0.7583 -0.3428 -0.5545
vn 0.7570 -0.2524 -0.6027
vn 0.7268 -0.3132 -0.6112
vn 0.8454 -0.0071 -0.5341
vn 0.8363 -0.1558 -0.5256
vn 0.8896 -0.0311 -0.4557
vn 0.7616 -0.3302 -0.5576
vn 0.7157 -0.3124 -0.6247
vn 0.7568 -0.1889 -0.6258
vn 0.7661 -0.2389 -0.5967
vn 0.8046 -0.1219 -0.5812
vn 0.7909 -0.2117 -0.5742
vn 0.7416 -0.3168 -0.5913
vn 0.8824 -0.0356 -0.4692
vn 0.8368 0.0777 -0.5419
vn 0.7804 -0.2632 -0.5673
vn 0.7957 -0.0081 -0.6056
vn 0.7863 -0.0802 -0.6126
vn 0.8571 0.1515 -0.4924
vn 0.8462 0.1020 -0.5230
vn 0.7289 0.5237 -0.4410
vn 0.7744 0.4475 -0.4474
vn 0.8115 0.2879 -0.5085
vn 0.7288 0.4235 -0.5381
vn 0.7197 0.5467 -0.4281
vn 0.8070 0.1583 -0.5689
vn 0.8630 0.1516 -0.4819
vn 0.7534 0.3313 -0.5680
vn 0.6336 0.6749 -0.3782
vn 0.4237 0.8047 -0.4159
vn 0.6894 0.6207 -0.3734
vn 0.7875 -0.1491 -0.5980
vn 0.7404 0.1892 -0.6450
vn 0.8111 0.0556 -0.5823
vn 0.8041 0.2493 -0.5396
vn 0.8212 0.1782 -0.5421
vn 0.8440 0.2770 -0.4593
vn 0.8782 0.1204 -0.4630
vn 0.8089 0.3281 -0.4878
vn 0.9814 0.1898 0.0302
vn 0.8836 -0.1441 -0.4454
vn 0.7684 0.2051 -0.6063
vn -0.6929 0.6294 -0.3517
vn -0.7715 0.5793 -0.2630
vn 0.5289 0.7317 -0.4300
vn 0.4570 0.7488 -0.4800
vn 0.4313 0.7658 -0.4770
vn 0.7052 0.5883 -0.3957
vn 0.7055 0.5509 -0.4458
vn -0.8041 0.5335 -0.2625
vn -0.7801 0.6012 -0.1733
vn 0.5892 0.6417 -0.4910
vn 0.6844 0.5442 -0.4852
vn 0.7940 0.3391 -0.5046
vn 0.7302 0.5037 -0.4617
vn 0.7903 0.3131 -0.5267
vn 0.7409 0.4055 -0.5354
vn 0.6701 0.5587 -0.4887
vn 0.8185 0.2418 -0.5212
vn 0.6727 0.5281 -0.5183
vn 0.8466 0.2850 -0.4495
vn 0.7336 0.5357 -0.4181
vn 0.7634 -0.2237 -0.6060
vn 0.8444 -0.1004 -0.5262
vn 0.8276 0.0888 -0.5543
vn 0.8077 -0.3098 -0.5016
vn 0.5923 0.5184 -0.6168
vn 0.6063 0.3944 -0.6905
vn 0.7968 -0.3388 -0.5004
vn 0.8074 -0.3241 -0.4930
vn 0.4582 0.4403 -0.7722
vn 0.5828 0.1475 -0.7991
vn 0.5850 0.0923 -0.8057
vn 0.8210 -0.2971 -0.4875
vn 0.7479 -0.4151 -0.5181
vn 0.7959 -0.3198 -0.5141
vn 0.8472 -0.0585 -0.5280
vn 0.8702 0.0765 -0.4868
vn 0.6440 0.2474 -0.7239
vn 0.7279 -0.0329 -0.6849
vn 0.8334 -0.2621 -0.4865
vn 0.2455 0.6740 -0.6967
vn 0.2947 0.4772 -0.8279
vn 0.8416 0.1432 -0.5207
vn 0.7691 0.3791 -0.5145
vn 0.7245 0.4337 -0.5358
vn 0.7405 0.4922 -0.4575
vn 0.8305 0.2500 -0.4978
vn 0.2233 0.6087 -0.7613
vn 0.1361 0.7230 -0.6773
vn 0.4880 0.1992 -0.8498
vn -0.7476 0.6058 -0.2722
vn -0.8451 0.5053 -0.1743
vn -0.7509 0.6297 -0.1992
vn 0.7691 -0.2902 -0.5694
vn 0.7595 0.2734 -0.5902
vn 0.6334 0.5335 -0.5605
vn 0.6457 0.6080 -0.4618
vn 0.5390 0.6932 -0.4784
vn 0.8067 0.1383 -0.5746
vn 0.5864 0.6393 -0.4975
vn 0.5554 0.6430 -0.5273
vn 0.4337 0.7821 -0.4474
vn 0.3070 0.8115 -0.4973
vn 0.1954 0.8206 -0.5371
vn 0.2671 0.8098 -0.5224
vn 0.0088 0.8484 -0.5292
vn 0.1613 0.8264 -0.5395
vn 0.0973 0.8340 -0.5432
vn -0.1905 0.8567 -0.4794
vn -0.1354 0.9158 -0.3781
vn -0.2498 0.8897 -0.3821
vn -0.0261 0.8471 -0.5309
vn -0.0207 0.9048 -0.4253
vn -0.0605 0.8974 -0.4370
vn 0.5507 0.7140 -0.4323
vn 0.4288 0.7693 -0.4736
vn 0.5458 0.6690 -0.5045
vn 0.4676 0.7780 -0.4197
vn 0.4065 0.7827 -0.4712
vn -0.2942 0.8139 -0.5009
vn -0.2642 0.8238 -0.5015
vn -0.3015 0.8273 -0.4740
vn 0.3543 0.7779 -0.5191
vn 0.5946 0.6532 -0.4688
vn 0.4318 0.7747 -0.4619
vn 0.0791 0.8235 -0.5618
vn 0.3622 0.7743 -0.5189
vn 0.5826 0.7210 -0.3751
vn 0.3571 0.8405 -0.4076
vn 0.2881 0.7992 -0.5276
vn 0.3426 0.7920 -0.5054
vn 0.3154 0.7858 -0.5321
vn 0.2683 0.9408 0.2069
vn 0.6130 0.5782 -0.5384
vn 0.3853 0.7960 -0.4668
vn 0.2893 0.8602 -0.4199
vn 0.2443 0.8712 -0.4259
vn 0.1436 0.9089 -0.3916
vn 0.1360 0.9170 -0.3749
vn 0.4702 0.7831 -0.4071
vn 0.5109 0.7363 -0.4436
vn 0.5547 0.6549 -0.5132
vn -0.1950 0.9153 -0.3523
vn -0.0952 0.9233 -0.3722
vn -0.1400 0.8921 -0.4296
vn 0.3560 0.8058 -0.4733
vn 0.3841 0.8390 -0.3855
vn 0.2761 0.8824 -0.3811
vn -0.2816 0.9007 -0.3309
vn 0.2398 0.8660 -0.4389
vn 0.2446 0.8468 -0.4724
vn 0.2396 0.8584 -0.4535
vn 0.3270 0.7922 -0.5153
vn 0.4137 0.7313 -0.5423
vn 0.3202 0.8243 -0.4668
vn 0.3084 0.8441 -0.4387
vn 0.3220 0.8050 -0.4984
vn 0.3740 0.8446 -0.3831
vn 0.2816 0.8245 -0.4908
vn 0.2143 0.9108 -0.3530
vn 0.2789 0.8831 -0.3772
vn 0.4228 0.7386 -0.5251
vn 0.1105 0.9521 -0.2851
vn 0.6623 0.5929 -0.4581
vn 0.3476 0.7762 -0.5260
vn 0.1502 0.9093 -0.3880
vn 0.2540 0.8968 -0.3622
vn 0.2595 0.8718 -0.4154
vn 0.2216 0.8222 -0.5244
vn 0.0758 0.8512 -0.5194
vn 0.0103 0.9923 -0.1238
vn 0.0525 0.9853 -0.1628
vn -0.0178 0.9659 -0.2583
vn 0.6376 -0.1796 -0.7492
vn 0.2831 0.8736 -0.3958
vn 0.1469 0.8405 -0.5215
vn 0.2114 0.8731 -0.4394
vn 0.1470 0.8877 -0.4364
vn -0.0786 0.9413 -0.3284
vn -0.1105 0.8947 -0.4328
vn -0.1122 0.8803 -0.4610
vn -0.0836 0.9274 -0.3646
vn -0.0952 0.9370 -0.3362
vn 0.2976 0.8877 -0.3512
vn 0.1312 0.9253 -0.3557
vn 0.7461 -0.3026 -0.5932
vn -0.0008 0.8794 -0.4762
vn -0.1072 0.8646 -0.4908
vn -0.1717 0.8925 -0.4170
vn 0.7683 -0.4372 -0.4675
vn 0.7602 -0.3701 -0.5339
vn 0.4750 0.6589 -0.5833
vn 0.7180 -0.1205 -0.6855
vn 0.3295 0.7881 -0.5200
vn 0.2885 0.7974 -0.5301
vn -0.0661 0.8595 -0.5068
vn -0.0896 0.8122 -0.5764
vn -0.0039 0.8173 -0.5763
vn -0.0233 0.8088 -0.5877
vn 0.3061 0.7860 -0.5371
vn 0.0055 0.9330 -0.3597
vn -0.0573 0.9405 -0.3350
vn 0.1616 0.8865 -0.4335
vn 0.3268 0.7882 -0.5214
vn 0.9363 0.2238 -0.2708
vn 0.2722 0.5121 0.8147
vn 0.4318 0.8674 0.2473
vn 0.3610 0.8491 0.3856
vn 0.6757 0.5961 -0.4337
vn 0.7157 0.5086 -0.4787
vn -0.2047 0.8236 -0.5289
vn -0.2432 0.8270 -0.5068
vn -0.1933 0.6361 -0.7470
vn -0.2784 0.5437 -0.7918
vn -0.3269 0.8227 -0.4650
vn -0.3389 0.8087 -0.4807
vn -0.3306 0.8171 -0.4722
vn -0.3109 0.8306 -0.4620
vn -0.3166 0.8122 -0.4899
vn -0.2897 0.8197 -0.4941
vn -0.3360 0.8292 -0.4467
vn -0.3601 0.8232 -0.4390
vn -0.4433 0.7859 -0.4312
vn -0.3233 0.8185 -0.4750
vn -0.3337 0.9384 -0.0892
vn -0.2506 0.9676 -0.0315
vn 0.0144 0.8926 -0.4506
vn 0.0998 0.9250 -0.3667
vn 0.0948 0.9055 -0.4137
vn -0.3096 0.8202 -0.4810
vn 0.0980 0.9548 -0.2807
vn 0.1363 0.9492 -0.2835
vn 0.1035 0.9379 -0.3310
vn 0.1349 0.9510 -0.2782
vn 0.0970 0.9687 0.2286
vn 0.0044 0.9395 -0.3425
vn -0.0189 0.9164 -0.3998
vn -0.0301 0.9278 -0.3719
vn -0.0186 0.9380 -0.3463
vn -0.0076 0.9138 -0.4060
vn 0.0200 0.9268 -0.3749
vn -0.2800 0.8395 -0.4657
vn -0.3501 0.8130 -0.4652
vn -0.2694 0.8711 -0.4106
vn 0.0352 0.9979 0.0548
vn 0.0800 0.9954 -0.0533
vn -0.0032 0.9301 -0.3673
vn -0.0556 0.9141 -0.4017
vn -0.1516 0.8999 -0.4088
vn -0.1307 0.8867 -0.4434
vn -0.1865 0.8759 -0.4450
vn -0.2000 0.9287 -0.3122
vn -0.1292 0.9190 -0.3724
vn -0.2219 0.8963 -0.3840
vn -0.3403 0.9040 -0.2587
vn -0.4004 0.8336 -0.3804
vn -0.4087 0.8813 -0.2373
vn -0.4008 0.8389 -0.3682
vn -0.4235 0.8808 -0.2117
vn -0.0897 0.9561 -0.2791
vn -0.0370 0.9775 -0.2079
vn -0.0502 0.9489 -0.3116
vn 0.0808 0.8515 -0.5181
vn 0.1626 0.8488 -0.5032
vn 0.2103 0.8295 -0.5173
vn 0.0901 0.9940 0.0625
vn 0.0989 0.9791 -0.1777
vn -0.3138 0.8541 -0.4148
vn 0.2084 0.8187 -0.5351
vn -0.1344 0.9861 -0.0979
vn -0.0691 0.9972 -0.0281
vn -0.2640 0.9470 -0.1833
vn -0.3453 0.9292 -0.1317
vn -0.2668 0.8209 -0.5049
vn -0.2992 0.8034 -0.5148
vn 0.0068 0.9736 0.2283
vn -0.3810 0.9118 -0.1534
vn 0.4657 0.7300 0.5002
vn -0.0845 0.9221 0.3777
vn -0.0006 0.8908 -0.4545
vn 0.0011 0.8576 -0.5142
vn -0.0470 0.8636 -0.5020
vn -0.3506 0.8090 -0.4718
vn -0.3513 0.8072 -0.4743
vn -0.1578 0.8172 -0.5543
vn -0.0849 0.8514 -0.5176
vn -0.3444 0.8056 -0.4820
vn -0.1443 0.8647 -0.4812
vn -0.1369 0.8466 -0.5144
vn -0.2528 0.8272 -0.5019
vn -0.0130 0.8909 -0.4540
vn -0.2615 0.8339 -0.4860
vn 0.0072 0.9001 -0.4357
vn -0.0202 0.9042 -0.4265
vn 0.1209 0.9865 -0.1107
vn -0.4084 0.7964 -0.4460
vn -0.3607 0.8107 -0.4611
vn -0.3540 0.8312 -0.4288
vn -0.3710 0.8206 -0.4346
vn -0.3705 0.8109 -0.4529
vn 0.0412 0.9134 -0.4049
vn 0.2647 0.8300 -0.4909
vn -0.0773 0.8404 -0.5364
vn -0.1243 0.8238 -0.5531
vn 0.0540 0.8833 -0.4658
vn 0.1572 0.8548 -0.4945
vn 0.2074 0.8610 -0.4643
vn -0.0836 0.8777 -0.4718
vn 0.0769 0.8590 -0.5063
vn -0.2341 0.8196 -0.5229
vn -0.6171 0.6782 -0.3990
vn -0.7754 0.5579 -0.2958
vn -0.7505 0.5766 -0.3230
vn -0.7873 0.5257 -0.3223
vn -0.7023 0.6091 -0.3683
vn -0.7020 0.6111 -0.3658
vn -0.8159 0.4991 -0.2921
vn -0.7985 0.5091 -0.3211
vn -0.7722 0.5515 -0.3156
vn -0.7820 0.5291 -0.3293
vn -0.6774 0.6513 -0.3420
vn -0.5737 0.7212 -0.3883
vn -0.6700 0.6454 -0.3669
vn -0.8023 0.5163 -0.2995
vn -0.8120 0.4840 -0.3262
vn -0.7869 0.5167 -0.3374
vn -0.7685 0.5114 -0.3846
vn -0.7241 0.5794 -0.3741
vn -0.7301 0.5774 -0.3654
vn -0.8290 0.4714 -0.3009
vn -0.7964 0.4821 -0.3652
vn -0.7677 0.5426 -0.3411
vn -0.7818 0.5351 -0.3201
vn -0.7824 0.5376 -0.3144
vn -0.7699 0.5567 -0.3121
vn -0.7742 0.5928 -0.2216
vn -0.7435 0.5921 -0.3108
vn -0.7600 0.5735 -0.3058
vn -0.8384 0.4481 -0.3101
vn -0.8329 0.4766 -0.2813
vn -0.8504 0.4046 -0.3362
vn -0.8990 0.3509 -0.2621
vn -0.8651 0.3732 -0.3351
vn -0.8805 0.3708 -0.2952
vn -0.8126 0.4999 -0.2997
vn -0.6337 0.6841 -0.3612
vn -0.6483 0.6644 -0.3720
vn -0.7187 0.6154 -0.3236
vn -0.2873 0.8061 -0.5173
vn -0.7723 0.5460 -0.3247
vn -0.8701 0.3443 -0.3527
vn -0.8905 0.2000 -0.4086
vn -0.9150 0.0676 -0.3977
vn -0.9081 0.2345 -0.3470
vn -0.8418 0.3704 -0.3926
vn -0.8578 0.3929 -0.3314
vn -0.8888 0.3451 -0.3015
vn -0.8477 0.3831 -0.3669
vn -0.8987 0.3767 -0.2246
vn -0.8985 0.3688 -0.2381
vn -0.0535 0.8326 -0.5513
vn -0.8600 0.4267 -0.2797
vn -0.8382 0.4231 -0.3441
vn -0.8620 0.3955 -0.3171
vn -0.8223 0.4600 -0.3350
vn -0.2277 0.8194 -0.5261
vn -0.1066 0.8125 -0.5731
vn -0.4304 0.7571 -0.4915
vn -0.7642 0.5403 -0.3522
vn -0.7735 0.5263 -0.3532
vn -0.4472 0.7724 -0.4511
vn -0.8312 0.4523 -0.3234
vn -0.9177 0.2946 -0.2665
vn -0.7532 -0.4109 -0.5137
vn -0.9033 0.2751 -0.3293
vn -0.8616 0.3219 -0.3925
vn -0.5418 0.7322 -0.4127
vn -0.7436 0.6188 -0.2531
vn -0.4688 0.7737 -0.4262
vn -0.6023 0.7015 -0.3809
vn -0.4765 0.7648 -0.4335
vn -0.5242 0.7804 -0.3410
vn -0.5267 0.7478 -0.4042
vn -0.2549 0.8382 -0.4822
vn -0.2623 0.8728 -0.4117
vn -0.2554 0.8494 -0.4618
vn -0.6796 0.6236 -0.3863
vn -0.7158 0.5875 -0.3776
vn -0.9083 0.3648 -0.2047
vn -0.5971 0.7164 -0.3610
vn -0.6338 0.6787 -0.3709
vn -0.5017 0.7532 -0.4254
vn -0.6080 0.6802 -0.4095
vn -0.5522 0.7184 -0.4230
vn -0.3516 0.8133 -0.4637
vn -0.4293 0.8022 -0.4150
vn -0.6899 0.6179 -0.3773
vn -0.3889 0.8129 -0.4335
vn -0.4334 0.8009 -0.4132
vn 0.1267 0.9194 -0.3722
vn 0.0466 0.8756 -0.4808
vn 0.0738 0.9243 -0.3744
vn -0.0337 0.9595 -0.2798
vn -0.0011 0.9482 -0.3176
vn 0.0695 0.9459 -0.3169
vn 0.0685 0.9356 -0.3463
vn 0.1062 0.9317 -0.3473
vn 0.3503 0.7773 -0.5225
vn 0.1596 0.8316 -0.5320
vn 0.2247 0.7147 -0.6624
vn 0.1873 0.7688 -0.6115
vn 0.0820 0.8227 -0.5625
vn 0.0948 0.8560 -0.5082
vn 0.1113 0.8598 -0.4984
vn 0.1647 0.8607 -0.4817
vn 0.1343 0.9052 -0.4032
vn -0.0909 0.9520 -0.2923
vn -0.0908 0.9473 -0.3072
vn -0.1538 0.9506 -0.2696
vn -0.1367 0.9302 -0.3407
vn -0.0655 0.9530 -0.2959
vn -0.0876 0.9572 -0.2758
vn 0.0163 0.9590 -0.2830
vn 0.2135 0.4335 -0.8755
vn 0.3165 0.3246 -0.8913
vn 0.3007 0.1817 -0.9363
vn -0.2753 0.9248 -0.2625
vn -0.1803 0.9338 -0.3092
vn -0.4487 0.8556 -0.2581
vn -0.1079 0.9382 -0.3287
vn -0.0820 0.9247 -0.3718
vn -0.0758 0.9515 -0.2980
vn 0.0557 0.9142 -0.4013
vn -0.1117 0.9520 -0.2850
vn -0.0896 0.9484 -0.3041
vn 0.0786 0.5355 -0.8409
vn 0.0144 0.8569 -0.5152
vn -0.1873 0.8406 -0.5083
vn -0.1952 0.8432 -0.5009
vn -0.0738 0.9053 -0.4183
vn -0.1608 0.9036 -0.3970
vn -0.1969 0.9172 -0.3464
vn -0.1873 0.8562 -0.4815
vn -0.3922 0.8726 -0.2910
vn -0.0970 0.9311 -0.3516
vn -0.1004 0.9159 -0.3886
vn -0.0898 0.9107 -0.4033
vn -0.1039 0.8746 -0.4736
vn -0.0375 0.8821 -0.4696
vn -0.0818 0.9121 -0.4017
vn -0.0811 0.9545 -0.2871
vn -0.1681 0.9117 -0.3748
vn -0.2862 0.8145 -0.5048
vn -0.0946 0.9183 -0.3845
vn -0.1370 0.9038 -0.4054
vn -0.2378 0.8950 -0.3775
vn -0.1730 0.9126 -0.3705
vn -0.4240 0.8385 -0.3423
vn -0.2978 0.8859 -0.3556
vn -0.3032 0.8657 -0.3984
vn -0.1347 0.8384 -0.5281
vn -0.1230 0.8354 -0.5357
vn -0.6843 0.6433 -0.3433
vn -0.8588 0.4410 -0.2607
vn -0.1581 0.8284 -0.5373
vn -0.0927 0.8118 -0.5766
vn 0.2411 0.8372 -0.4908
vn -0.0954 0.8332 -0.5447
vn -0.1372 0.8467 -0.5141
vn -0.1069 0.8457 -0.5228
vn -0.0494 0.8564 -0.5140
vn -0.1376 0.8597 -0.4919
vn -0.0002 0.8661 -0.4999
vn 0.3919 0.7946 -0.4638
vn -0.1452 0.8221 -0.5505
vn 0.1271 0.9624 -0.2400
vn 0.0964 0.9344 -0.3428
vn -0.8615 0.3754 -0.3420
vn -0.1328 0.8158 -0.5629
vn -0.6590 0.7191 -0.2203
vn -0.1769 0.8193 -0.5454
vn -0.7975 0.5839 -0.1517
vn -0.3924 0.8388 -0.3775
vn -0.4102 0.7909 -0.4542
vn -0.3070 0.8178 -0.4867
vn -0.4393 0.8665 -0.2369
vn -0.6558 0.7278 -0.2007
vn -0.2390 0.8952 -0.3761
vn -0.7823 0.4842 -0.3917
vn -0.8213 0.4407 -0.3623
vn -0.7971 0.4964 -0.3440
vn 0.0001 0.6593 -0.7519
vn -0.1042 0.5671 -0.8170
vn 0.1616 0.8566 -0.4900
vn -0.3701 0.8071 -0.4601
vn -0.4031 0.7912 -0.4599
vn 0.1628 -0.8953 -0.4146
vn 0.7981 -0.2423 0.5517
vn 0.8651 -0.1461 0.4799
vn 0.1319 0.8533 -0.5044
vn 0.2046 -0.9789 0.0025
vn 0.5264 -0.3059 0.7933
vn 0.0593 -0.9897 -0.1303
vn -0.8511 0.3964 -0.3443
vn 0.2349 -0.9719 -0.0138
vn 0.6160 -0.3868 0.6862
vn 0.2815 0.8629 0.4198
vn 0.3071 0.8966 0.3190
vn 0.0636 -0.9257 -0.3729
vn 0.9110 -0.0699 0.4064
vn -0.7874 0.4977 -0.3638
vn -0.8137 0.4683 -0.3444
vn 0.8675 -0.4214 0.2643
vn -0.1447 -0.9601 -0.2391
vn -0.7658 0.5821 -0.2734
vn -0.0157 0.9278 -0.3728
vn 0.4023 0.7907 -0.4615
vn 0.5417 0.8391 -0.0496
vn 0.8300 -0.0911 -0.5502
vn 0.5459 -0.0185 0.8376
vn 0.7593 -0.1545 0.6321
vn 0.7051 0.6808 -0.1986
vn 0.3602 0.9104 0.2035
vn -0.6272 0.7006 0.3403
vn 0.1917 0.2944 0.9363
vn -0.8446 -0.3655 0.3912
vn -0.7742 -0.5107 -0.3739
vn 0.6070 -0.7647 0.2161
vn 0.4244 -0.9034 -0.0611
vn 0.6030 -0.7947 -0.0694
s 1
f 1/1/1 2/2/2 3/3/3
f 4/4/4 5/5/5 6/6/6
f 7/7/7 8/8/8 9/9/9
f 9/9/9 8/8/8 10/10/10
f 11/11/11 12/12/12 13/13/13
f 14/14/14 15/15/15 16/16/16
f 9/9/9 17/17/17 7/7/7
f 17/17/17 18/18/18 19/19/19
f 18/18/18 20/20/20 21/21/21
f 22/22/22 23/23/23 24/24/24
f 4/4/4 13/13/13 25/25/25
f 26/26/26 27/27/27 28/28/28
f 29/29/29 25/25/25 26/26/26
f 10/10/10 28/30/28 30/31/30
f 31/32/31 28/30/28 10/10/10
f 25/25/25 13/13/13 26/26/26
f 32/33/32 33/34/33 34/35/34
f 27/27/27 26/26/26 12/12/12
f 10/10/10 30/31/30 11/36/11
f 28/30/28 27/37/27 30/31/30
f 35/38/35 33/34/33 36/39/36
f 11/36/11 30/31/30 12/40/12
f 9/9/9 18/18/18 17/17/17
f 37/41/37 38/42/38 39/43/39
f 40/44/40 41/45/41 42/46/42
f 40/47/40 43/48/43 44/49/44
f 40/47/40 42/50/42 43/48/43
f 5/51/5 40/47/40 44/49/44
f 4/4/4 29/29/29 45/52/45
f 45/52/45 41/45/41 40/44/40
f 46/53/46 8/8/8 7/7/7
f 46/53/46 7/7/7 47/54/47
f 45/52/45 40/44/40 5/5/5
f 44/49/44 48/55/48 5/51/5
f 29/29/29 49/56/49 45/52/45
f 10/10/10 8/8/8 31/32/31
f 49/56/49 29/29/29 50/57/50
f 50/57/50 29/29/29 51/58/51
f 52/59/52 51/60/51 31/32/31
f 52/59/52 31/32/31 53/61/53
f 53/61/53 31/32/31 46/53/46
f 8/8/8 46/53/46 31/32/31
f 29/29/29 26/26/26 51/58/51
f 52/59/52 54/62/54 51/60/51
f 50/63/50 51/60/51 54/62/54
f 55/64/55 56/65/56 57/66/57
f 57/67/57 58/68/58 59/69/59
f 57/67/57 56/70/56 58/68/58
f 55/64/55 60/71/60 56/65/56
f 61/72/61 57/67/57 59/69/59
f 62/73/62 59/69/59 58/68/58
f 63/74/63 60/71/60 20/75/20
f 36/76/36 56/65/56 60/71/60
f 20/75/20 60/71/60 55/64/55
f 21/21/21 64/77/64 19/19/19
f 21/21/21 65/78/65 64/77/64
f 55/64/55 65/79/65 21/80/21
f 66/81/66 67/82/67 68/83/68
f 66/81/66 69/84/69 67/82/67
f 57/66/57 70/85/70 65/79/65
f 67/82/67 69/84/69 19/19/19
f 70/86/70 64/77/64 65/78/65
f 55/64/55 57/66/57 65/79/65
f 19/19/19 64/77/64 67/82/67
f 71/87/71 60/71/60 63/74/63
f 21/80/21 20/75/20 55/64/55
f 19/19/19 18/18/18 21/21/21
f 7/7/7 17/17/17 19/19/19
f 69/84/69 47/54/47 7/7/7
f 19/19/19 69/84/69 7/7/7
f 69/84/69 72/88/72 47/54/47
f 69/84/69 66/81/66 72/88/72
f 35/38/35 36/39/36 73/89/73
f 60/71/60 73/90/73 36/76/36
f 74/91/74 58/68/58 75/92/75
f 58/68/58 76/93/76 75/92/75
f 6/94/6 48/55/48 33/34/33
f 77/95/77 66/81/66 68/83/68
f 78/96/78 66/81/66 77/95/77
f 78/96/78 72/88/72 66/81/66
f 51/60/51 28/30/28 31/32/31
f 26/26/26 28/28/28 51/58/51
f 72/88/72 46/53/46 47/54/47
f 79/97/79 80/98/80 81/99/81
f 82/100/82 83/101/83 84/102/84
f 84/102/84 44/49/44 85/103/85
f 86/104/86 87/105/87 88/106/88
f 89/107/89 90/108/90 91/109/91
f 92/110/92 93/111/93 94/112/94
f 95/113/95 96/114/96 97/115/97
f 90/108/90 98/116/98 99/117/99
f 100/118/100 101/119/101 102/120/102
f 89/107/89 103/121/103 90/108/90
f 104/122/104 105/123/105 106/124/106
f 107/125/107 103/121/103 108/126/108
f 108/126/108 104/122/104 106/124/106
f 109/127/109 110/128/110 111/129/111
f 112/130/112 113/131/113 114/132/114
f 115/133/115 109/127/109 116/134/116
f 117/135/117 118/136/118 119/137/119
f 116/134/116 120/138/120 113/131/113
f 115/133/115 121/139/121 91/109/91
f 122/140/122 123/141/123 124/142/124
f 123/141/123 115/133/115 124/142/124
f 107/125/107 125/143/125 103/121/103
f 126/144/126 90/108/90 99/117/99
f 86/104/86 124/142/124 127/145/127
f 83/101/83 86/104/86 127/145/127
f 82/100/82 86/104/86 83/101/83
f 128/146/128 114/132/114 129/147/129
f 130/148/130 131/149/131 122/140/122
f 130/148/130 132/150/132 131/149/131
f 133/151/133 134/152/134 131/149/131
f 135/153/135 87/154/87 82/155/82
f 32/33/32 125/143/125 14/14/14
f 136/156/136 111/129/111 137/157/137
f 138/158/138 139/159/139 140/160/140
f 141/161/141 108/126/108 106/124/106
f 83/101/83 48/55/48 44/49/44
f 142/162/142 44/49/44 43/48/43
f 83/101/83 127/145/127 34/35/34
f 99/117/99 34/35/34 127/145/127
f 32/33/32 98/116/98 125/143/125
f 143/163/143 144/164/144 145/165/145
f 137/157/137 111/129/111 146/166/146
f 131/149/131 109/127/109 123/141/123
f 131/149/131 134/152/134 109/127/109
f 123/141/123 122/140/122 131/149/131
f 147/167/147 148/168/148 94/112/94
f 149/169/149 3/3/3 143/163/143
f 119/137/119 150/170/150 117/135/117
f 151/171/151 152/172/152 153/173/153
f 91/109/91 126/144/126 115/133/115
f 150/170/150 154/174/154 117/135/117
f 155/175/155 156/176/156 150/170/150
f 119/137/119 155/175/155 150/170/150
f 157/177/157 84/178/84 85/179/85
f 6/6/6 35/180/35 4/4/4
f 155/175/155 119/137/119 158/181/158
f 159/182/159 24/24/24 23/23/23
f 97/183/97 87/154/87 135/153/135
f 37/41/37 119/137/119 38/42/38
f 119/137/119 118/136/118 38/42/38
f 160/184/160 161/185/161 162/186/162
f 163/187/163 164/188/164 165/189/165
f 166/190/166 163/187/163 165/189/165
f 37/41/37 165/189/165 158/181/158
f 1/1/1 141/161/141 2/2/2
f 2/2/2 164/188/164 163/187/163
f 167/191/167 168/192/168 169/193/169
f 170/194/170 141/161/141 106/124/106
f 118/136/118 117/135/117 171/195/171
f 147/167/147 172/196/172 173/197/173
f 174/198/174 175/199/175 176/200/176
f 177/201/177 178/202/178 179/203/179
f 167/204/167 118/136/118 171/195/171
f 100/118/100 117/135/117 154/174/154
f 180/205/180 181/206/181 182/207/182
f 183/208/183 184/209/184 152/172/152
f 185/210/185 186/211/186 187/212/187
f 188/213/188 189/214/189 190/215/190
f 38/42/38 118/136/118 191/216/191
f 124/142/124 126/144/126 127/145/127
f 133/151/133 131/149/131 132/150/132
f 112/130/112 154/174/154 192/217/192
f 112/130/112 100/118/100 154/174/154
f 193/218/193 128/146/128 194/219/194
f 104/122/104 89/107/89 105/123/105
f 195/220/195 196/221/196 197/222/197
f 198/223/198 199/224/199 200/225/200
f 152/172/152 201/226/201 202/227/202
f 203/228/203 204/229/204 205/230/205
f 196/221/196 206/231/206 207/232/207
f 193/233/193 152/172/152 184/209/184
f 170/194/170 106/124/106 155/175/155
f 193/233/193 184/209/184 208/234/208
f 209/235/209 210/236/210 201/226/201
f 210/237/210 211/238/211 212/239/212
f 213/240/213 205/230/205 211/238/211
f 212/239/212 178/241/178 210/237/210
f 209/235/209 214/242/214 213/243/213
f 178/202/178 177/201/177 210/236/210
f 215/244/215 216/245/216 217/246/217
f 203/228/203 218/247/218 197/222/197
f 219/248/219 220/249/220 151/171/151
f 221/250/221 222/251/222 223/252/223
f 205/230/205 223/252/223 211/238/211
f 224/253/224 225/254/225 92/110/92
f 150/170/150 156/176/156 105/123/105
f 129/147/129 214/255/214 194/219/194
f 223/252/223 226/256/226 221/250/221
f 182/257/182 183/208/183 151/171/151
f 218/258/218 227/259/227 197/260/197
f 228/261/228 229/262/229 230/263/230
f 204/229/204 223/252/223 205/230/205
f 231/264/231 232/265/232 221/250/221
f 233/266/233 234/267/234 235/268/235
f 233/266/233 236/269/236 234/267/234
f 236/269/236 237/270/237 238/271/238
f 239/272/239 240/273/240 241/274/241
f 242/275/242 243/276/243 244/277/244
f 245/278/245 246/279/246 247/280/247
f 143/163/143 248/281/248 246/279/246
f 247/280/247 249/282/249 250/283/250
f 61/72/61 59/69/59 237/270/237
f 251/284/251 252/285/252 253/286/253
f 253/286/253 254/287/254 251/284/251
f 235/288/235 253/289/253 255/290/255
f 252/285/252 255/291/255 253/286/253
f 256/292/256 68/83/68 252/285/252
f 233/266/233 235/268/235 61/72/61
f 237/270/237 233/266/233 61/72/61
f 70/85/70 235/288/235 255/290/255
f 70/85/70 61/293/61 235/288/235
f 255/291/255 252/285/252 257/294/257
f 68/83/68 258/295/258 257/294/257
f 257/296/257 258/297/258 255/290/255
f 258/297/258 70/85/70 255/290/255
f 68/83/68 257/294/257 252/285/252
f 251/284/251 256/292/256 252/285/252
f 233/266/233 237/270/237 236/269/236
f 259/298/259 260/299/260 261/300/261
f 262/301/262 148/168/148 173/197/173
f 250/283/250 263/302/263 236/269/236
f 145/165/145 92/110/92 225/254/225
f 264/303/264 265/304/265 266/305/266
f 253/286/253 267/306/267 268/307/268
f 269/308/269 254/287/254 268/307/268
f 145/165/145 248/281/248 143/163/143
f 93/111/93 147/167/147 94/112/94
f 267/306/267 235/309/235 234/310/234
f 254/287/254 253/286/253 268/307/268
f 253/286/253 235/309/235 267/306/267
f 270/311/270 41/45/41 49/56/49
f 271/312/271 54/62/54 52/59/52
f 49/313/49 50/63/50 54/62/54
f 272/314/272 273/315/273 78/96/78
f 78/96/78 273/315/273 72/88/72
f 272/314/272 78/96/78 77/95/77
f 274/316/274 46/53/46 273/315/273
f 275/317/275 276/318/276 277/319/277
f 277/319/277 276/318/276 278/320/278
f 277/319/277 279/321/279 275/317/275
f 270/311/270 280/322/280 281/323/281
f 270/324/270 282/325/282 283/326/283
f 274/316/274 284/327/284 285/328/285
f 286/329/286 285/328/285 284/327/284
f 274/316/274 287/330/287 53/61/53
f 288/331/288 271/312/271 287/330/287
f 285/328/285 288/331/288 287/330/287
f 285/328/285 287/330/287 274/316/274
f 282/325/282 288/332/288 283/326/283
f 282/325/282 271/333/271 288/332/288
f 54/62/54 271/312/271 282/334/282
f 289/335/289 288/331/288 285/328/285
f 288/331/288 289/335/289 278/320/278
f 283/326/283 278/336/278 276/337/276
f 290/338/290 291/339/291 283/326/283
f 283/326/283 276/337/276 290/338/290
f 288/332/288 278/336/278 283/326/283
f 291/339/291 290/338/290 292/340/292
f 273/315/273 293/341/293 274/316/274
f 294/342/294 295/343/295 296/344/296
f 294/342/294 297/345/297 295/343/295
f 294/342/294 298/346/298 297/345/297
f 299/347/299 293/341/293 272/314/272
f 293/341/293 273/315/273 272/314/272
f 293/341/293 286/329/286 284/327/284
f 295/343/295 297/345/297 300/348/300
f 297/345/297 298/346/298 299/347/299
f 300/348/300 297/345/297 256/292/256
f 299/347/299 272/314/272 297/345/297
f 272/314/272 256/292/256 297/345/297
f 254/287/254 300/348/300 251/284/251
f 256/292/256 251/284/251 300/348/300
f 301/349/301 302/350/302 303/351/303
f 304/352/304 303/351/303 305/353/305
f 301/349/301 299/347/299 298/346/298
f 299/347/299 301/349/301 286/329/286
f 299/347/299 286/329/286 293/341/293
f 285/328/285 306/354/306 289/335/289
f 307/355/307 305/353/305 303/351/303
f 289/335/289 306/354/306 305/353/305
f 286/329/286 306/354/306 285/328/285
f 307/355/307 277/319/277 305/353/305
f 305/353/305 277/319/277 289/335/289
f 274/316/274 53/61/53 46/53/46
f 270/311/270 49/56/49 282/356/282
f 49/313/49 54/62/54 282/334/282
f 273/315/273 46/53/46 72/88/72
f 277/319/277 278/320/278 289/335/289
f 52/59/52 287/330/287 271/312/271
f 284/327/284 274/316/274 293/341/293
f 308/357/308 309/358/309 310/359/310
f 311/360/311 312/361/312 313/362/313
f 311/360/311 314/363/314 312/361/312
f 275/317/275 315/364/315 316/365/316
f 311/360/311 313/362/313 316/365/316
f 317/366/317 318/367/318 319/368/319
f 314/363/314 311/360/311 318/367/318
f 319/368/319 318/367/318 311/360/311
f 315/364/315 319/368/319 311/360/311
f 315/364/315 311/360/311 316/365/316
f 320/369/320 319/368/319 315/364/315
f 279/321/279 320/369/320 315/364/315
f 279/321/279 315/364/315 275/317/275
f 309/358/309 321/370/321 310/359/310
f 310/359/310 321/370/321 322/371/322
f 322/371/322 323/372/323 324/373/324
f 322/371/322 324/373/324 310/359/310
f 310/359/310 324/373/324 325/374/325
f 324/373/324 326/375/326 325/374/325
f 324/373/324 327/376/327 328/377/328
f 323/372/323 327/376/327 324/373/324
f 327/378/327 312/361/312 314/363/314
f 323/372/323 329/379/329 327/376/327
f 329/380/329 313/362/313 312/361/312
f 325/374/325 326/375/326 330/381/330
f 308/357/308 310/359/310 325/374/325
f 325/374/325 331/382/331 308/357/308
f 332/383/332 328/384/328 318/367/318
f 324/373/324 328/377/328 326/375/326
f 328/384/328 327/378/327 318/367/318
f 330/381/330 326/375/326 332/385/332
f 331/382/331 325/374/325 330/381/330
f 314/363/314 318/367/318 327/378/327
f 322/371/322 333/386/333 323/372/323
f 322/371/322 321/370/321 333/386/333
f 323/372/323 333/386/333 334/387/334
f 329/380/329 312/361/312 327/378/327
f 329/379/329 323/372/323 335/388/335
f 313/362/313 329/380/329 335/389/335
f 323/372/323 334/387/334 335/388/335
f 321/370/321 336/390/336 333/386/333
f 321/370/321 309/358/309 336/390/336
f 275/317/275 316/365/316 292/391/292
f 316/365/316 337/392/337 292/391/292
f 337/393/337 338/394/338 292/340/292
f 292/340/292 338/394/338 336/390/336
f 338/394/338 333/386/333 336/390/336
f 339/395/339 338/394/338 337/393/337
f 333/386/333 338/394/338 339/395/339
f 339/395/339 334/387/334 333/386/333
f 337/392/337 316/365/316 313/362/313
f 339/396/339 337/392/337 313/362/313
f 334/397/334 339/396/339 313/362/313
f 313/362/313 335/389/335 334/397/334
f 157/177/157 85/179/85 142/398/142
f 291/339/291 309/358/309 340/399/340
f 142/398/142 341/400/341 342/401/342
f 283/326/283 340/399/340 343/402/343
f 283/326/283 291/339/291 340/399/340
f 157/177/157 342/401/342 344/403/344
f 342/401/342 341/400/341 343/402/343
f 345/404/345 343/402/343 346/405/346
f 343/402/343 345/404/345 342/401/342
f 309/358/309 308/357/308 340/399/340
f 343/402/343 340/399/340 347/406/347
f 308/357/308 347/406/347 340/399/340
f 347/406/347 308/357/308 348/407/348
f 349/408/349 350/409/350 351/410/351
f 342/401/342 345/404/345 350/409/350
f 350/409/350 345/404/345 351/410/351
f 352/411/352 135/153/135 157/177/157
f 352/411/352 97/183/97 135/153/135
f 350/409/350 353/412/353 354/413/354
f 344/403/344 342/401/342 350/409/350
f 354/413/354 344/403/344 350/409/350
f 352/411/352 344/403/344 354/413/354
f 352/411/352 354/413/354 353/412/353
f 355/414/355 356/415/356 357/416/357
f 157/177/157 344/403/344 352/411/352
f 353/412/353 358/417/358 97/183/97
f 84/178/84 135/153/135 82/155/82
f 352/411/352 353/412/353 97/183/97
f 349/408/349 359/418/359 350/409/350
f 360/419/360 361/420/361 359/421/359
f 359/418/359 358/417/358 353/412/353
f 350/409/350 359/418/359 353/412/353
f 362/422/362 359/418/359 349/408/349
f 84/178/84 157/177/157 135/153/135
f 361/420/361 358/423/358 359/421/359
f 363/424/363 317/366/317 319/368/319
f 364/425/364 363/424/363 320/369/320
f 364/425/364 320/369/320 279/321/279
f 365/426/365 366/427/366 367/428/367
f 368/429/368 369/430/369 365/426/365
f 370/431/370 367/428/367 366/427/366
f 370/431/370 366/427/366 302/350/302
f 371/432/371 372/433/372 373/434/373
f 374/435/374 368/436/368 372/433/372
f 375/437/375 351/410/351 345/404/345
f 345/404/345 346/405/346 375/437/375
f 351/410/351 371/432/371 376/438/376
f 377/439/377 330/381/330 374/435/374
f 348/407/348 375/437/375 347/406/347
f 377/439/377 348/407/348 331/382/331
f 330/381/330 332/385/332 374/435/374
f 332/383/332 317/366/317 378/440/378
f 374/435/374 378/441/378 369/442/369
f 374/435/374 332/385/332 378/441/378
f 351/410/351 375/437/375 371/432/371
f 377/439/377 372/433/372 348/407/348
f 372/433/372 377/439/377 374/435/374
f 347/406/347 375/437/375 346/405/346
f 348/407/348 371/432/371 375/437/375
f 302/350/302 307/355/307 303/351/303
f 379/443/379 376/438/376 380/444/380
f 351/410/351 376/438/376 349/408/349
f 379/443/379 362/422/362 376/438/376
f 366/427/366 307/355/307 302/350/302
f 307/355/307 381/445/381 364/425/364
f 369/430/369 382/446/382 365/426/365
f 369/430/369 378/440/378 382/446/382
f 382/446/382 378/440/378 317/366/317
f 318/367/318 317/366/317 332/383/332
f 381/445/381 366/427/366 365/426/365
f 366/427/366 381/445/381 307/355/307
f 382/446/382 381/445/381 365/426/365
f 381/445/381 382/446/382 363/424/363
f 382/446/382 317/366/317 363/424/363
f 364/425/364 381/445/381 363/424/363
f 364/425/364 279/321/279 307/355/307
f 348/407/348 372/433/372 371/432/371
f 341/447/341 142/162/142 43/48/43
f 43/48/43 281/448/281 341/447/341
f 363/424/363 319/368/319 320/369/320
f 326/375/326 328/377/328 332/385/332
f 291/339/291 336/390/336 309/358/309
f 157/177/157 142/398/142 342/401/342
f 331/382/331 348/407/348 308/357/308
f 383/449/383 360/419/360 359/421/359
f 359/421/359 362/450/362 383/449/383
f 298/346/298 302/350/302 301/349/301
f 347/406/347 346/405/346 343/402/343
f 377/439/377 331/382/331 330/381/330
f 298/346/298 370/431/370 302/350/302
f 362/422/362 349/408/349 376/438/376
f 300/348/300 254/287/254 269/308/269
f 275/317/275 290/451/290 276/318/276
f 270/324/270 283/326/283 280/452/280
f 341/453/341 281/323/281 280/322/280
f 304/352/304 305/353/305 306/354/306
f 301/349/301 304/352/304 286/329/286
f 303/351/303 304/352/304 301/349/301
f 304/352/304 306/354/306 286/329/286
f 336/390/336 291/339/291 292/340/292
f 292/391/292 290/451/290 275/317/275
f 283/326/283 343/402/343 280/452/280
f 341/400/341 280/452/280 343/402/343
f 307/355/307 279/321/279 277/319/277
f 296/344/296 295/343/295 300/348/300
f 384/454/384 385/455/385 386/456/386
f 387/457/387 388/458/388 385/455/385
f 386/456/386 367/428/367 389/459/389
f 390/460/390 391/461/391 392/462/392
f 388/463/388 390/464/390 392/465/392
f 388/458/388 392/466/392 386/456/386
f 392/466/392 367/428/367 386/456/386
f 388/463/388 393/467/393 390/464/390
f 391/461/391 390/460/390 394/468/394
f 391/461/391 395/469/395 392/462/392
f 392/466/392 395/470/395 365/426/365
f 391/461/391 396/471/396 395/469/395
f 388/458/388 386/456/386 385/455/385
f 388/463/388 387/472/387 397/473/397
f 397/473/397 393/467/393 388/463/388
f 398/474/398 399/475/399 400/476/400
f 401/477/401 402/478/402 403/479/403
f 398/474/398 403/479/403 399/475/399
f 402/480/402 401/481/401 380/482/380
f 398/474/398 401/477/401 403/479/403
f 403/483/403 404/484/404 399/485/399
f 405/486/405 406/487/406 391/461/391
f 394/468/394 405/486/405 391/461/391
f 405/486/405 407/488/407 406/487/406
f 407/488/407 399/485/399 406/487/406
f 404/484/404 406/487/406 399/485/399
f 406/487/406 404/484/404 373/489/373
f 404/490/404 403/491/403 373/434/373
f 396/471/396 391/461/391 373/489/373
f 406/487/406 373/489/373 391/461/391
f 385/492/385 408/493/408 409/494/409
f 387/495/387 385/492/385 409/494/409
f 410/496/410 411/497/411 408/493/408
f 410/496/410 408/493/408 384/498/384
f 385/492/385 384/498/384 408/493/408
f 410/499/410 389/459/389 412/500/412
f 389/459/389 410/499/410 384/454/384
f 413/501/413 412/500/412 294/342/294
f 414/502/414 415/503/415 408/493/408
f 416/504/416 410/496/410 413/505/413
f 412/500/412 413/501/413 410/499/410
f 414/502/414 408/493/408 411/497/411
f 411/497/411 410/496/410 416/504/416
f 398/474/398 400/476/400 417/506/417
f 417/506/417 400/476/400 418/507/418
f 419/508/419 420/509/420 421/510/421
f 422/511/422 421/510/421 420/509/420
f 398/474/398 417/506/417 423/512/423
f 417/506/417 418/507/418 424/513/424
f 420/509/420 423/514/423 422/511/422
f 423/514/423 420/509/420 398/515/398
f 425/516/425 399/485/399 407/488/407
f 399/485/399 425/516/425 400/517/400
f 384/454/384 386/456/386 389/459/389
f 425/518/425 418/507/418 400/476/400
f 420/509/420 426/519/426 398/515/398
f 427/520/427 296/344/296 428/521/428
f 416/522/416 413/501/413 296/344/296
f 413/501/413 294/342/294 296/344/296
f 296/344/296 427/520/427 416/522/416
f 429/523/429 414/502/414 411/497/411
f 411/497/411 416/504/416 430/524/430
f 429/523/429 411/497/411 430/524/430
f 431/525/431 432/526/432 433/527/433
f 96/114/96 87/528/87 97/115/97
f 434/529/434 356/415/356 95/113/95
f 136/156/136 114/132/114 120/138/120
f 421/510/421 435/530/435 419/508/419
f 435/530/435 421/510/421 436/531/436
f 437/532/437 357/416/357 438/533/438
f 439/534/439 440/535/440 441/536/441
f 442/537/442 443/538/443 444/539/444
f 435/530/435 445/540/445 426/519/426
f 446/541/446 447/542/447 448/543/448
f 449/544/449 442/537/442 447/542/447
f 232/265/232 450/545/450 451/546/451
f 449/544/449 446/541/446 452/547/452
f 207/232/207 453/548/453 454/549/454
f 433/527/433 434/529/434 431/525/431
f 444/539/444 455/550/455 453/548/453
f 456/551/456 457/552/457 458/553/458
f 130/554/130 459/555/459 460/556/460
f 461/557/461 438/533/438 462/558/462
f 460/556/460 355/414/355 463/559/463
f 464/560/464 136/156/136 137/157/137
f 465/561/465 436/531/436 421/510/421
f 460/556/460 459/555/459 96/114/96
f 459/555/459 88/562/88 96/114/96
f 466/563/466 467/564/467 204/229/204
f 100/118/100 102/120/102 181/206/181
f 457/552/457 456/551/456 468/565/468
f 469/566/469 458/553/458 470/567/470
f 471/568/471 433/527/433 432/526/432
f 458/553/458 457/552/457 461/557/461
f 461/557/461 472/569/472 458/553/458
f 140/160/140 456/551/456 469/566/469
f 473/570/473 474/571/474 475/572/475
f 205/230/205 218/247/218 203/228/203
f 476/573/476 477/574/477 478/575/478
f 479/576/479 480/577/480 481/578/481
f 482/579/482 476/573/476 473/570/473
f 437/532/437 355/414/355 357/416/357
f 111/129/111 136/156/136 120/138/120
f 483/580/483 443/538/443 449/544/449
f 226/256/226 467/564/467 484/581/484
f 485/582/485 486/583/486 436/531/436
f 486/583/486 471/568/471 436/531/436
f 486/583/486 462/558/462 357/416/357
f 487/584/487 488/585/488 481/578/481
f 481/578/481 489/586/489 479/576/479
f 487/584/487 481/578/481 480/577/480
f 485/582/485 436/531/436 465/561/465
f 490/587/490 472/569/472 477/574/477
f 483/580/483 455/550/455 443/538/443
f 482/579/482 473/570/473 491/588/491
f 472/569/472 485/582/485 480/577/480
f 492/589/492 493/590/493 494/591/494
f 489/586/489 495/592/495 496/593/496
f 497/594/497 498/595/498 499/596/499
f 500/597/500 501/598/501 502/599/502
f 137/157/137 146/166/146 138/600/138
f 479/576/479 503/601/503 478/575/478
f 504/602/504 452/547/452 505/603/505
f 465/561/465 506/604/506 487/584/487
f 470/567/470 482/579/482 453/548/453
f 444/539/444 482/579/482 491/588/491
f 486/583/486 433/527/433 471/568/471
f 507/605/507 508/606/508 80/98/80
f 446/541/446 448/543/448 509/607/509
f 476/573/476 478/575/478 474/571/474
f 510/608/510 508/606/508 511/609/511
f 512/610/512 448/543/448 498/595/498
f 513/611/513 514/612/514 515/613/515
f 516/614/516 515/613/515 517/615/517
f 518/616/518 514/612/514 513/611/513
f 519/617/519 520/618/520 521/619/521
f 522/620/522 505/603/505 523/621/523
f 498/595/498 515/613/515 512/610/512
f 524/622/524 518/616/518 525/623/525
f 526/624/526 527/625/527 528/626/528
f 525/623/525 513/611/513 526/624/526
f 529/627/529 530/628/530 502/599/502
f 531/629/531 532/630/532 397/631/397
f 531/629/531 533/632/533 532/630/532
f 534/633/534 533/632/533 409/494/409
f 535/634/535 534/633/534 409/494/409
f 531/629/531 409/494/409 533/632/533
f 415/503/415 535/634/535 409/494/409
f 415/503/415 536/635/536 535/634/535
f 535/634/535 536/635/536 537/636/537
f 414/502/414 429/523/429 415/503/415
f 415/503/415 429/523/429 536/635/536
f 538/637/538 539/638/539 540/639/540
f 149/169/149 246/279/246 245/278/245
f 45/52/45 49/56/49 41/45/41
f 70/85/70 57/66/57 61/293/61
f 258/295/258 64/77/64 70/86/70
f 68/83/68 67/82/67 258/295/258
f 77/95/77 256/292/256 272/314/272
f 64/77/64 258/295/258 67/82/67
f 192/217/192 121/139/121 112/130/112
f 1/1/1 108/126/108 141/161/141
f 357/416/357 356/415/356 434/529/434
f 541/640/541 137/157/137 138/600/138
f 542/641/542 138/158/138 140/160/140
f 464/560/464 227/259/227 129/147/129
f 463/559/463 132/642/132 130/554/130
f 207/232/207 469/566/469 470/567/470
f 154/174/154 150/170/150 192/217/192
f 281/448/281 43/48/43 42/50/42
f 206/231/206 196/221/196 541/643/541
f 459/644/459 86/104/86 88/106/88
f 237/270/237 62/73/62 238/271/238
f 147/167/147 93/111/93 172/196/172
f 62/73/62 237/270/237 59/69/59
f 68/83/68 256/292/256 77/95/77
f 37/41/37 543/645/543 165/189/165
f 1/1/1 3/3/3 544/646/544
f 166/190/166 172/196/172 163/187/163
f 92/110/92 144/164/144 93/111/93
f 544/646/544 3/3/3 149/169/149
f 42/46/42 41/45/41 281/323/281
f 281/323/281 41/45/41 270/311/270
f 52/59/52 53/61/53 287/330/287
f 298/346/298 294/342/294 412/500/412
f 371/432/371 380/444/380 376/438/376
f 369/442/369 368/436/368 374/435/374
f 368/436/368 396/647/396 372/433/372
f 362/450/362 379/648/379 383/449/383
f 367/428/367 392/466/392 365/426/365
f 383/449/383 379/648/379 380/482/380
f 371/432/371 402/649/402 380/444/380
f 296/344/296 300/348/300 428/521/428
f 434/529/434 95/113/95 361/420/361
f 358/423/358 361/420/361 95/113/95
f 389/459/389 370/431/370 298/346/298
f 426/519/426 360/419/360 398/515/398
f 395/650/395 396/647/396 368/436/368
f 360/419/360 401/481/401 398/515/398
f 383/449/383 380/482/380 401/481/401
f 415/503/415 409/494/409 408/493/408
f 298/346/298 412/500/412 389/459/389
f 389/459/389 367/428/367 370/431/370
f 373/434/373 403/491/403 371/432/371
f 368/429/368 365/426/365 395/470/395
f 371/432/371 403/491/403 402/649/402
f 372/433/372 396/647/396 373/434/373
f 360/419/360 383/449/383 401/481/401
f 409/494/409 397/631/397 387/495/387
f 360/419/360 445/540/445 432/526/432
f 360/419/360 426/519/426 445/540/445
f 140/160/140 133/651/133 468/565/468
f 420/509/420 435/530/435 426/519/426
f 453/548/453 455/550/455 454/549/454
f 492/589/492 494/591/494 441/536/441
f 463/559/463 437/532/437 468/565/468
f 114/132/114 113/131/113 120/138/120
f 140/160/140 139/159/139 133/651/133
f 140/160/140 469/566/469 542/641/542
f 432/526/432 431/525/431 361/420/361
f 498/595/498 497/594/497 517/615/517
f 105/123/105 121/139/121 192/217/192
f 445/540/445 471/568/471 432/526/432
f 113/131/113 121/139/121 116/134/116
f 171/195/171 117/135/117 181/206/181
f 505/603/505 452/547/452 509/607/509
f 507/605/507 511/609/511 508/606/508
f 397/631/397 409/494/409 531/629/531
f 545/652/545 546/653/546 547/654/547
f 548/655/548 549/656/549 550/657/550
f 549/656/549 551/658/551 550/657/550
f 552/659/552 547/654/547 553/660/553
f 545/652/545 547/654/547 552/659/552
f 552/659/552 553/660/553 554/661/554
f 546/653/546 551/658/551 547/654/547
f 547/654/547 551/658/551 553/660/553
f 551/658/551 549/656/549 553/660/553
f 555/662/555 556/663/556 557/664/557
f 558/665/558 556/663/556 555/662/555
f 559/666/559 560/667/560 556/668/556
f 561/669/561 562/670/562 558/665/558
f 563/671/563 564/672/564 565/673/565
f 564/674/564 562/670/562 561/669/561
f 564/674/564 561/669/561 566/675/566
f 567/676/567 564/672/564 563/671/563
f 567/676/567 562/677/562 564/672/564
f 568/678/568 566/675/566 561/669/561
f 568/678/568 569/679/569 566/675/566
f 570/680/570 564/674/564 566/675/566
f 569/679/569 571/681/571 566/675/566
f 570/680/570 572/682/572 573/683/573
f 565/684/565 570/680/570 573/683/573
f 565/684/565 564/674/564 570/680/570
f 571/681/571 570/680/570 566/675/566
f 563/671/563 565/673/565 574/685/574
f 571/681/571 572/682/572 570/680/570
f 573/686/573 574/685/574 565/673/565
f 575/687/575 576/688/576 577/689/577
f 578/690/578 579/691/579 567/676/567
f 561/669/561 558/665/558 555/662/555
f 555/662/555 557/664/557 580/692/580
f 568/678/568 555/662/555 580/692/580
f 581/693/581 579/691/579 582/694/582
f 583/695/583 580/692/580 546/653/546
f 577/689/577 581/693/581 582/694/582
f 578/690/578 584/696/584 582/694/582
f 579/691/579 578/690/578 582/694/582
f 559/666/559 567/676/567 585/697/585
f 579/691/579 585/697/585 567/676/567
f 551/658/551 556/663/556 550/657/550
f 557/664/557 556/663/556 551/658/551
f 580/692/580 557/664/557 546/653/546
f 557/664/557 551/658/551 546/653/546
f 578/690/578 567/676/567 563/671/563
f 563/671/563 574/685/574 578/690/578
f 568/678/568 561/669/561 555/662/555
f 568/678/568 580/692/580 569/679/569
f 586/698/586 569/679/569 580/692/580
f 578/690/578 587/699/587 584/696/584
f 585/697/585 588/700/588 559/666/559
f 560/667/560 559/666/559 588/700/588
f 556/663/556 560/701/560 550/657/550
f 588/702/588 589/703/589 560/701/560
f 439/534/439 590/704/590 440/535/440
f 591/705/591 590/704/590 592/706/592
f 590/704/590 439/534/439 593/707/593
f 590/704/590 593/707/593 594/708/594
f 590/704/590 594/708/594 592/706/592
f 595/709/595 596/710/596 597/711/597
f 598/712/598 599/713/599 581/693/581
f 591/705/591 600/714/600 601/715/601
f 600/716/600 576/717/576 602/718/602
f 591/705/591 576/719/576 600/714/600
f 576/719/576 591/705/591 592/706/592
f 603/720/603 604/721/604 601/715/601
f 592/722/592 594/723/594 605/724/605
f 599/725/599 598/726/598 592/706/592
f 577/689/577 576/688/576 598/712/598
f 576/719/576 592/706/592 598/726/598
f 606/727/606 607/728/607 608/729/608
f 609/730/609 606/727/606 608/729/608
f 610/731/610 611/732/611 612/733/612
f 611/732/611 613/734/613 614/735/614
f 614/735/614 615/736/615 611/732/611
f 608/729/608 607/728/607 614/737/614
f 613/738/613 608/729/608 614/737/614
f 616/739/616 617/740/617 615/736/615
f 618/741/618 619/742/619 620/743/620
f 618/741/618 615/736/615 619/742/619
f 615/736/615 618/741/618 621/744/621
f 621/744/621 618/741/618 622/745/622
f 607/728/607 617/746/617 614/737/614
f 615/736/615 614/735/614 616/739/616
f 606/727/606 620/747/620 607/728/607
f 621/744/621 611/732/611 615/736/615
f 619/748/619 607/728/607 620/747/620
f 620/743/620 622/745/622 618/741/618
f 607/728/607 619/748/619 617/746/617
f 615/736/615 617/740/617 619/742/619
f 612/733/612 623/749/623 610/731/610
f 608/729/608 624/750/624 609/730/609
f 610/731/610 613/734/613 611/732/611
f 613/734/613 610/731/610 624/751/624
f 624/750/624 599/752/599 609/730/609
f 608/729/608 613/738/613 624/750/624
f 624/751/624 610/731/610 625/753/625
f 610/731/610 579/754/579 625/753/625
f 616/755/616 614/737/614 617/746/617
f 626/756/626 627/757/627 628/758/628
f 623/749/623 627/757/627 626/756/626
f 585/759/585 623/749/623 588/760/588
f 588/760/588 623/749/623 626/756/626
f 610/731/610 623/749/623 585/759/585
f 612/733/612 621/744/621 627/757/627
f 629/761/629 630/762/630 605/724/605
f 628/758/628 627/757/627 631/763/631
f 630/762/630 606/727/606 605/724/605
f 621/744/621 622/745/622 632/764/632
f 621/744/621 632/764/632 631/763/631
f 630/762/630 629/761/629 633/765/633
f 629/761/629 593/766/593 634/767/634
f 593/766/593 629/761/629 605/724/605
f 631/763/631 627/757/627 621/744/621
f 612/733/612 611/732/611 621/744/621
f 605/724/605 606/727/606 609/730/609
f 592/722/592 605/724/605 609/730/609
f 606/727/606 622/768/622 620/747/620
f 622/745/622 633/769/633 632/764/632
f 630/762/630 622/768/622 606/727/606
f 633/765/633 622/768/622 630/762/630
f 631/763/631 635/770/635 628/758/628
f 633/765/633 629/761/629 636/771/636
f 633/769/633 636/772/636 632/764/632
f 635/770/635 631/763/631 632/764/632
f 632/764/632 636/772/636 635/770/635
f 628/758/628 405/486/405 626/756/626
f 626/756/626 405/486/405 548/773/548
f 599/752/599 592/722/592 609/730/609
f 627/757/627 623/749/623 612/733/612
f 589/703/589 550/657/550 560/701/560
f 548/655/548 550/657/550 589/703/589
f 581/693/581 577/689/577 598/712/598
f 559/666/559 562/677/562 567/676/567
f 556/668/556 558/774/558 562/677/562
f 579/775/579 581/776/581 625/777/625
f 625/777/625 581/776/581 624/750/624
f 581/776/581 599/752/599 624/750/624
f 585/759/585 579/754/579 610/731/610
f 559/666/559 556/668/556 562/677/562
f 589/778/589 626/756/626 548/773/548
f 588/760/588 626/756/626 589/778/589
f 605/724/605 594/723/594 593/766/593
f 637/779/637 638/780/638 639/781/639
f 640/782/640 641/783/641 642/784/642
f 643/785/643 640/782/640 603/720/603
f 644/786/644 645/787/645 495/592/495
f 646/788/646 495/592/495 645/787/645
f 109/127/109 111/129/111 120/138/120
f 647/789/647 642/784/642 648/790/648
f 642/784/642 647/789/647 649/791/649
f 650/792/650 497/594/497 475/572/475
f 496/593/496 646/788/646 651/793/651
f 494/591/494 422/511/422 441/536/441
f 652/794/652 653/795/653 503/601/503
f 652/794/652 489/586/489 496/593/496
f 652/794/652 654/796/654 653/795/653
f 655/797/655 650/792/650 656/798/656
f 657/799/657 500/597/500 658/800/658
f 659/801/659 660/802/660 661/803/661
f 651/793/651 661/803/661 662/804/662
f 473/570/473 476/573/476 474/571/474
f 646/788/646 645/787/645 595/709/595
f 662/804/662 663/805/663 664/806/664
f 665/807/665 666/808/666 667/809/667
f 667/809/667 666/808/666 660/802/660
f 648/790/648 641/783/641 668/810/668
f 669/811/669 670/812/670 671/813/671
f 672/814/672 641/783/641 640/782/640
f 673/815/673 665/807/665 667/809/667
f 674/816/674 670/812/670 675/817/675
f 670/812/670 676/818/676 675/817/675
f 677/819/677 655/797/655 656/798/656
f 678/820/678 679/821/679 680/822/680
f 656/798/656 681/823/681 682/824/682
f 683/825/683 684/826/684 685/827/685
f 686/828/686 687/829/687 673/815/673
f 681/823/681 656/798/656 663/805/663
f 688/830/688 689/831/689 690/832/690
f 691/833/691 678/820/678 692/834/692
f 693/835/693 694/836/694 695/837/695
f 696/838/696 697/839/697 698/840/698
f 506/604/506 494/591/494 493/590/493
f 699/841/699 700/842/700 691/833/691
f 701/843/701 702/844/702 703/845/703
f 704/846/704 705/847/705 706/848/706
f 707/849/707 703/845/703 702/844/702
f 708/850/708 709/851/709 698/840/698
f 710/852/710 711/853/711 669/811/669
f 669/811/669 711/853/711 699/841/699
f 712/854/712 713/855/713 710/852/710
f 714/856/714 715/857/715 716/858/716
f 717/859/717 703/845/703 718/860/718
f 696/838/696 717/859/717 719/861/719
f 720/862/720 721/863/721 702/844/702
f 699/841/699 711/853/711 717/859/717
f 696/838/696 709/851/709 717/859/717
f 648/790/648 668/810/668 722/864/722
f 703/845/703 707/849/707 718/860/718
f 723/865/723 700/842/700 718/860/718
f 701/843/701 724/866/724 725/867/725
f 726/868/726 727/869/727 687/829/687
f 693/835/693 697/839/697 694/836/694
f 695/837/695 728/870/728 729/871/729
f 712/854/712 730/872/730 731/873/731
f 670/812/670 669/811/669 680/822/680
f 712/854/712 671/813/671 732/874/732
f 733/875/733 734/876/734 708/850/708
f 735/877/735 736/878/736 705/847/705
f 737/879/737 738/880/738 739/881/739
f 740/882/740 739/881/739 741/883/741
f 742/884/742 743/885/743 744/886/744
f 743/885/743 745/887/745 744/886/744
f 741/883/741 739/881/739 745/887/745
f 739/881/739 554/661/554 745/887/745
f 746/888/746 739/881/739 738/880/738
f 747/889/747 748/890/748 749/891/749
f 741/883/741 745/887/745 750/892/750
f 751/893/751 741/883/741 750/892/750
f 751/893/751 750/892/750 748/890/748
f 747/889/747 752/894/752 748/890/748
f 748/890/748 743/885/743 753/895/753
f 743/885/743 748/890/748 750/892/750
f 745/887/745 743/885/743 750/892/750
f 534/633/534 754/896/754 753/897/753
f 749/891/749 753/895/753 754/898/754
f 753/895/753 749/891/749 748/890/748
f 755/899/755 756/900/756 757/901/757
f 755/902/755 758/903/758 749/891/749
f 759/904/759 757/901/757 760/905/760
f 761/906/761 755/902/755 749/891/749
f 755/899/755 761/907/761 756/900/756
f 762/908/762 749/891/749 754/898/754
f 742/884/742 753/895/753 743/885/743
f 753/897/753 533/632/533 534/633/534
f 762/909/762 754/896/754 534/633/534
f 760/905/760 757/901/757 756/900/756
f 763/910/763 762/909/762 534/633/534
f 737/879/737 740/882/740 764/911/764
f 765/912/765 545/652/545 738/880/738
f 765/912/765 738/880/738 737/879/737
f 766/913/766 571/681/571 767/914/767
f 765/912/765 583/695/583 545/652/545
f 767/914/767 569/679/569 586/698/586
f 768/915/768 573/683/573 572/682/572
f 769/916/769 766/913/766 770/917/770
f 767/914/767 771/918/771 770/917/770
f 772/919/772 766/913/766 769/916/769
f 766/913/766 767/914/767 770/917/770
f 764/911/764 773/920/773 737/879/737
f 583/695/583 774/921/774 771/918/771
f 583/695/583 773/920/773 774/921/774
f 586/698/586 583/695/583 771/918/771
f 775/922/775 501/598/501 776/923/776
f 777/924/777 768/925/768 778/926/778
f 778/927/778 768/915/768 766/913/766
f 778/927/778 766/913/766 772/919/772
f 602/718/602 779/928/779 780/929/780
f 780/929/780 775/922/775 602/718/602
f 781/930/781 779/928/779 575/931/575
f 782/932/782 783/933/783 784/934/784
f 781/935/781 782/932/782 784/934/784
f 774/921/774 785/936/785 771/918/771
f 575/687/575 782/932/782 781/935/781
f 587/699/587 783/933/783 782/932/782
f 502/599/502 780/929/780 779/928/779
f 783/933/783 587/699/587 777/924/777
f 777/924/777 587/699/587 574/685/574
f 773/920/773 583/695/583 765/912/765
f 767/914/767 586/698/586 771/918/771
f 572/682/572 766/913/766 768/915/768
f 779/928/779 602/718/602 575/931/575
f 786/937/786 787/938/787 751/893/751
f 764/911/764 740/882/740 787/938/787
f 740/882/740 751/893/751 787/938/787
f 788/939/788 789/940/789 769/916/769
f 789/941/789 788/942/788 790/943/790
f 785/936/785 788/939/788 769/916/769
f 790/943/790 791/944/791 792/945/792
f 788/942/788 791/944/791 790/943/790
f 793/946/793 791/947/791 788/939/788
f 793/946/793 794/948/794 791/947/791
f 786/937/786 795/949/795 787/938/787
f 795/949/795 792/950/792 787/938/787
f 788/939/788 785/936/785 793/946/793
f 794/948/794 793/946/793 764/911/764
f 796/951/796 797/952/797 798/953/798
f 799/954/799 789/941/789 790/943/790
f 789/940/789 772/919/772 769/916/769
f 799/954/799 772/955/772 789/941/789
f 796/956/796 790/943/790 792/945/792
f 796/951/796 800/957/800 797/952/797
f 796/956/796 799/954/799 790/943/790
f 796/956/796 783/933/783 799/954/799
f 800/958/800 796/956/796 795/959/795
f 795/959/795 796/956/796 792/945/792
f 769/916/769 770/917/770 785/936/785
f 801/960/801 797/952/797 800/957/800
f 801/960/801 795/949/795 786/937/786
f 802/961/802 803/962/803 784/934/784
f 804/963/804 796/956/796 798/964/798
f 796/956/796 804/963/804 784/934/784
f 802/961/802 805/965/805 803/962/803
f 802/961/802 784/934/784 804/963/804
f 806/966/806 502/599/502 807/967/807
f 808/968/808 801/960/801 786/937/786
f 800/957/800 795/949/795 801/960/801
f 781/930/781 803/969/803 807/967/807
f 781/930/781 807/967/807 779/928/779
f 807/967/807 803/969/803 805/970/805
f 809/971/809 529/627/529 685/827/685
f 810/972/810 672/814/672 811/973/811
f 812/974/812 813/975/813 814/976/814
f 814/976/814 813/975/813 815/977/815
f 816/978/816 817/979/817 818/980/818
f 813/975/813 818/981/818 819/982/819
f 819/982/819 820/983/820 815/977/815
f 819/982/819 815/977/815 813/975/813
f 817/979/817 819/984/819 818/980/818
f 820/985/820 819/984/819 817/979/817
f 821/986/821 822/987/822 823/988/823
f 822/987/822 824/989/824 823/988/823
f 822/990/822 825/991/825 826/992/826
f 822/990/822 821/993/821 825/991/825
f 821/993/821 827/994/827 825/991/825
f 828/995/828 829/996/829 830/997/830
f 829/998/829 831/999/831 832/1000/832
f 826/1001/826 824/989/824 822/987/822
f 824/989/824 826/1001/826 833/1002/833
f 834/1003/834 835/1004/835 836/1005/836
f 835/1004/835 834/1003/834 837/1006/837
f 814/976/814 830/997/830 838/1007/838
f 839/1008/839 838/1007/838 840/1009/840
f 838/1007/838 830/997/830 840/1009/840
f 835/1004/835 817/979/817 836/1005/836
f 841/1010/841 839/1008/839 840/1009/840
f 837/1006/837 831/999/831 835/1004/835
f 840/1009/840 830/997/830 829/996/829
f 831/999/831 829/998/829 835/1004/835
f 840/1009/840 829/996/829 832/1011/832
f 840/1009/840 842/1012/842 841/1010/841
f 814/976/814 843/1013/843 812/974/812
f 843/1013/843 814/976/814 838/1007/838
f 815/977/815 828/995/828 814/976/814
f 835/1004/835 820/985/820 817/979/817
f 828/1014/828 820/985/820 835/1004/835
f 820/983/820 828/995/828 815/977/815
f 828/1014/828 835/1004/835 829/998/829
f 830/997/830 814/976/814 828/995/828
f 844/1015/844 840/1009/840 832/1011/832
f 840/1009/840 844/1015/844 759/904/759
f 844/1016/844 832/1000/832 831/999/831
f 845/1017/845 846/1018/846 847/1019/847
f 848/1020/848 847/1019/847 849/1021/849
f 797/952/797 850/1022/850 851/1023/851
f 852/1024/852 798/964/798 851/1025/851
f 798/953/798 797/952/797 851/1023/851
f 852/1024/852 851/1025/851 823/988/823
f 851/1023/851 825/991/825 853/1026/853
f 823/988/823 851/1025/851 853/1027/853
f 827/994/827 853/1026/853 825/991/825
f 853/1027/853 827/1028/827 823/988/823
f 854/1029/854 850/1022/850 797/952/797
f 854/1029/854 808/968/808 855/1030/855
f 856/1031/856 804/963/804 852/1024/852
f 802/961/802 804/963/804 856/1031/856
f 808/968/808 854/1029/854 801/960/801
f 797/952/797 801/960/801 854/1029/854
f 833/1002/833 857/1032/857 823/988/823
f 852/1024/852 823/988/823 857/1032/857
f 825/991/825 858/1033/858 826/992/826
f 825/991/825 851/1023/851 850/1022/850
f 854/1029/854 859/1034/859 850/1022/850
f 850/1022/850 858/1033/858 825/991/825
f 833/1002/833 823/988/823 824/989/824
f 823/988/823 827/1028/827 821/986/821
f 860/1035/860 856/1031/856 861/1036/861
f 856/1031/856 852/1024/852 861/1036/861
f 852/1024/852 857/1032/857 861/1036/861
f 862/1037/862 857/1032/857 833/1002/833
f 833/1038/833 826/992/826 858/1033/858
f 833/1038/833 858/1033/858 863/1039/863
f 858/1033/858 850/1022/850 863/1039/863
f 863/1039/863 850/1022/850 859/1034/859
f 864/1040/864 865/1041/865 846/1018/846
f 806/966/806 866/1042/866 867/1043/867
f 806/966/806 867/1043/867 868/1044/868
f 868/1044/868 685/827/685 806/966/806
f 869/1045/869 870/1046/870 864/1040/864
f 869/1045/869 864/1040/864 845/1017/845
f 869/1047/869 868/1044/868 867/1043/867
f 870/1048/870 860/1035/860 861/1036/861
f 867/1049/867 870/1048/870 869/1050/869
f 860/1035/860 870/1048/870 867/1049/867
f 867/1049/867 866/1051/866 860/1035/860
f 860/1035/860 805/965/805 802/961/802
f 866/1042/866 806/966/806 805/970/805
f 860/1035/860 866/1051/866 805/965/805
f 860/1035/860 802/961/802 856/1031/856
f 871/1052/871 864/1040/864 870/1046/870
f 864/1040/864 871/1052/871 865/1041/865
f 864/1040/864 846/1018/846 845/1017/845
f 872/1053/872 808/968/808 786/937/786
f 855/1030/855 872/1053/872 752/894/752
f 855/1030/855 808/968/808 872/1053/872
f 861/1036/861 862/1037/862 873/1054/873
f 861/1036/861 873/1054/873 871/1055/871
f 861/1036/861 871/1055/871 870/1048/870
f 861/1036/861 857/1032/857 862/1037/862
f 846/1056/846 874/1057/874 847/1058/847
f 874/1057/874 849/1059/849 847/1058/847
f 871/1060/871 863/1039/863 875/1061/875
f 865/1062/865 875/1061/875 846/1056/846
f 865/1062/865 871/1060/871 875/1061/875
f 846/1056/846 875/1061/875 874/1057/874
f 849/1059/849 874/1057/874 876/1063/876
f 874/1057/874 752/894/752 876/1063/876
f 876/1063/876 752/894/752 747/889/747
f 863/1039/863 855/1030/855 875/1061/875
f 863/1039/863 859/1034/859 855/1030/855
f 874/1057/874 875/1061/875 855/1030/855
f 849/1021/849 876/1064/876 844/1016/844
f 876/1064/876 877/1065/877 844/1016/844
f 855/1030/855 752/894/752 874/1057/874
f 862/1066/862 833/1038/833 873/1067/873
f 873/1067/873 833/1038/833 863/1039/863
f 877/1068/877 876/1069/876 758/1070/758
f 876/1063/876 747/889/747 758/903/758
f 758/1070/758 757/901/757 877/1068/877
f 859/1034/859 854/1029/854 855/1030/855
f 873/1067/873 863/1039/863 871/1060/871
f 840/1009/840 759/904/759 842/1012/842
f 842/1012/842 759/904/759 760/905/760
f 759/904/759 877/1068/877 757/901/757
f 878/1071/878 879/1072/879 880/1073/880
f 880/1074/880 869/1045/869 845/1017/845
f 881/1075/881 530/628/530 809/971/809
f 684/826/684 683/825/683 882/1076/882
f 883/1077/883 242/275/242 884/1078/884
f 885/1079/885 881/1075/881 809/971/809
f 880/1073/880 886/1080/886 869/1047/869
f 887/1081/887 540/639/540 539/638/539
f 888/1082/888 244/277/244 889/1083/889
f 879/1072/879 886/1080/886 880/1073/880
f 879/1072/879 882/1076/882 886/1080/886
f 878/1071/878 890/1084/890 538/637/538
f 538/637/538 891/1085/891 879/1072/879
f 879/1072/879 878/1071/878 538/637/538
f 683/825/683 685/827/685 886/1080/886
f 882/1076/882 683/825/683 886/1080/886
f 879/1072/879 891/1085/891 882/1076/882
f 892/1086/892 893/1087/893 894/1088/894
f 895/1089/895 896/1090/896 242/275/242
f 897/1091/897 898/1092/898 899/1093/899
f 900/1094/900 899/1093/899 901/1095/901
f 902/1096/902 903/1097/903 904/1098/904
f 898/1092/898 684/826/684 899/1093/899
f 787/938/787 794/948/794 764/911/764
f 798/964/798 852/1024/852 804/963/804
f 502/599/502 806/966/806 529/627/529
f 831/999/831 837/1006/837 848/1020/848
f 844/1015/844 877/1068/877 759/904/759
f 872/1053/872 786/937/786 752/894/752
f 780/929/780 502/599/502 501/598/501
f 806/966/806 807/967/807 805/970/805
f 868/1044/868 886/1080/886 685/827/685
f 685/827/685 529/627/529 806/966/806
f 849/1021/849 831/999/831 848/1020/848
f 844/1016/844 831/999/831 849/1021/849
f 905/1099/905 906/1100/906 540/639/540
f 886/1080/886 868/1044/868 869/1047/869
f 907/1101/907 838/1007/838 908/1102/908
f 816/1103/816 813/975/813 812/974/812
f 838/1007/838 909/1104/909 843/1013/843
f 910/1105/910 911/1106/911 912/1107/912
f 913/1108/913 912/1107/912 911/1106/911
f 914/1109/914 903/1097/903 902/1096/902
f 773/920/773 793/946/793 774/921/774
f 783/933/783 777/924/777 799/954/799
f 777/924/777 778/926/778 799/954/799
f 764/911/764 793/946/793 773/920/773
f 799/954/799 778/926/778 772/955/772
f 783/933/783 796/956/796 784/934/784
f 803/962/803 781/935/781 784/934/784
f 785/936/785 774/921/774 793/946/793
f 785/936/785 770/917/770 771/918/771
f 779/928/779 807/967/807 502/599/502
f 818/981/818 813/975/813 816/1103/816
f 847/1019/847 910/1105/910 845/1017/845
f 847/1019/847 848/1020/848 910/1105/910
f 913/1110/913 878/1071/878 880/1073/880
f 880/1074/880 845/1017/845 912/1107/912
f 915/1111/915 878/1071/878 913/1110/913
f 848/1020/848 837/1006/837 834/1003/834
f 839/1008/839 908/1102/908 838/1007/838
f 839/1008/839 841/1010/841 908/1102/908
f 816/978/816 836/1005/836 817/979/817
f 845/1017/845 910/1105/910 912/1107/912
f 913/1108/913 880/1074/880 912/1107/912
f 916/1112/916 917/1113/917 918/1114/918
f 919/1115/919 668/810/668 920/1116/920
f 919/1115/919 726/868/726 668/810/668
f 921/1117/921 714/856/714 716/858/716
f 921/1117/921 716/858/716 922/1118/922
f 692/834/692 678/820/678 680/822/680
f 923/1119/923 924/1120/924 925/1121/925
f 926/1122/926 927/1123/927 928/1124/928
f 929/1125/929 930/1126/930 893/1087/893
f 931/1127/931 932/1128/932 933/1129/933
f 932/1130/932 931/1131/931 934/1132/934
f 935/1133/935 936/1134/936 937/1135/937
f 810/972/810 931/1127/931 938/1136/938
f 810/1137/810 811/1138/811 934/1132/934
f 934/1132/934 931/1131/931 810/1137/810
f 672/814/672 939/1139/939 940/1140/940
f 941/1141/941 942/1142/942 943/1143/943
f 944/1144/944 945/1145/945 946/1146/946
f 947/1147/947 948/1148/948 949/1149/949
f 948/1148/948 950/1150/950 658/800/658
f 950/1150/950 657/799/657 658/800/658
f 951/1151/951 952/1152/952 953/1153/953
f 954/1154/954 946/1146/946 955/1155/955
f 953/1153/953 952/1152/952 956/1156/956
f 945/1145/945 949/1149/949 948/1148/948
f 957/1157/957 929/1125/929 958/1158/958
f 955/1155/955 959/1159/959 960/1160/960
f 952/1152/952 961/1161/961 956/1156/956
f 962/1162/962 963/1163/963 964/1164/964
f 965/1165/965 966/1166/966 967/1167/967
f 892/1086/892 968/1168/968 969/1169/969
f 970/1170/970 929/1125/929 957/1157/957
f 971/1171/971 972/1172/972 973/1173/973
f 974/1174/974 957/1157/957 958/1158/958
f 970/1170/970 957/1157/957 963/1163/963
f 975/1175/975 976/1176/976 965/1165/965
f 975/1175/975 977/1177/977 978/1178/978
f 979/1179/979 970/1170/970 965/1165/965
f 980/1180/980 981/1181/981 916/1112/916
f 441/536/441 440/535/440 644/786/644
f 982/1182/982 983/1183/983 984/1184/984
f 960/1160/960 985/1185/985 966/1166/966
f 960/1160/960 986/1186/986 985/1185/985
f 987/1187/987 951/1151/951 988/1188/988
f 989/1189/989 961/1161/961 954/1154/954
f 990/1190/990 991/1191/991 992/1192/992
f 993/1193/993 988/1188/988 991/1191/991
f 951/1151/951 953/1153/953 988/1188/988
f 953/1153/953 956/1156/956 994/1194/994
f 995/1195/995 996/1196/996 943/1143/943
f 997/1197/997 998/1198/998 999/1199/999
f 1000/1200/1000 1001/1201/1001 1002/1202/1002
f 952/1152/952 1003/1203/1003 947/1147/947
f 1004/1204/1004 1005/1205/1005 1006/1206/1006
f 978/1178/978 994/1194/994 956/1156/956
f 933/1129/933 1007/1207/1007 1008/1208/1008
f 888/1082/888 1009/1209/1009 887/1081/887
f 1010/1210/1010 998/1198/998 997/1197/997
f 989/1189/989 954/1154/954 960/1160/960
f 715/857/715 714/856/714 1011/1211/1011
f 985/1185/985 986/1186/986 1012/1212/1012
f 1013/1213/1013 1014/1214/1014 1015/1215/1015
f 1002/1216/1002 1016/1217/1016 1017/1218/1017
f 1016/1217/1016 926/1122/926 1017/1218/1017
f 1018/1219/1018 1019/1220/1019 736/878/736
f 927/1123/927 1020/1221/1020 1021/1222/1021
f 1022/1223/1022 1011/1211/1011 714/856/714
f 730/872/730 927/1123/927 942/1142/942
f 663/805/663 654/796/654 664/806/664
f 1020/1221/1020 926/1122/926 1016/1217/1016
f 1023/1224/1023 1024/1225/1024 1013/1213/1013
f 1025/1226/1025 1024/1225/1024 1026/1227/1026
f 1027/1228/1027 1028/1229/1028 1029/1230/1029
f 1004/1204/1004 1030/1231/1030 1031/1232/1031
f 1032/1233/1032 1031/1232/1031 1030/1231/1030
f 1033/1234/1033 715/857/715 1034/1235/1034
f 715/857/715 1035/1236/1035 716/858/716
f 1013/1213/1013 1036/1237/1036 1014/1214/1014
f 1037/1238/1037 1027/1228/1027 1038/1239/1038
f 1032/1233/1032 1039/1240/1039 1040/1241/1040
f 1008/1208/1008 1002/1216/1002 1017/1218/1017
f 1018/1219/1018 736/878/736 729/871/729
f 1027/1228/1027 1011/1211/1011 1038/1239/1038
f 955/1155/955 897/1091/897 959/1159/959
f 1007/1207/1007 1002/1216/1002 1008/1208/1008
f 976/1176/976 975/1175/975 978/1178/978
f 884/1078/884 890/1084/890 915/1111/915
f 1041/1242/1041 1042/1243/1042 997/1197/997
f 1043/1244/1043 999/1199/999 998/1198/998
f 993/1193/993 991/1191/991 1044/1245/1044
f 1040/1241/1040 1026/1246/1026 1031/1232/1031
f 1042/1243/1042 1014/1214/1014 1036/1237/1036
f 1030/1231/1030 1028/1229/1028 1032/1233/1032
f 1040/1241/1040 1039/1240/1039 1045/1247/1045
f 1037/1238/1037 1046/1248/1046 1045/1247/1045
f 1046/1248/1046 1047/1249/1047 998/1250/998
f 941/1141/941 730/872/730 942/1142/942
f 731/873/731 730/872/730 941/1141/941
f 943/1143/943 942/1142/942 1021/1222/1021
f 999/1199/999 1044/1245/1044 1048/1251/1048
f 1049/1252/1049 993/1253/993 1044/1254/1044
f 993/1193/993 1050/1255/1050 988/1188/988
f 1010/1210/1010 1045/1256/1045 1046/1257/1046
f 1032/1233/1032 1028/1229/1028 1027/1228/1027
f 715/857/715 1011/1211/1011 1029/1230/1029
f 941/1141/941 1051/1258/1051 731/873/731
f 1052/1259/1052 885/1079/885 946/1146/946
f 1051/1258/1051 996/1196/996 1022/1223/1022
f 1053/1260/1053 932/1130/932 947/1147/947
f 1003/1203/1003 1000/1200/1000 1053/1260/1053
f 990/1190/990 994/1194/994 964/1164/964
f 1054/1261/1054 985/1185/985 1012/1212/1012
f 1050/1262/1050 1021/1222/1021 1020/1221/1020
f 1001/1201/1001 951/1151/951 987/1187/987
f 1055/1263/1055 674/816/674 675/817/675
f 1056/1264/1056 1013/1213/1013 1015/1215/1015
f 1031/1232/1031 1032/1233/1032 1040/1241/1040
f 1013/1213/1013 1024/1225/1024 1036/1237/1036
f 1045/1247/1045 1039/1240/1039 1037/1238/1037
f 1057/1265/1057 1058/1266/1058 1059/1267/1059
f 727/869/727 1017/1218/1017 926/1122/926
f 933/1129/933 1008/1208/1008 919/1115/919
f 931/1127/931 920/1116/920 938/1136/938
f 950/1150/950 940/1268/940 657/799/657
f 1060/1269/1060 1056/1264/1056 1061/1270/1061
f 767/914/767 571/681/571 569/679/569
f 766/913/766 572/682/572 571/681/571
f 575/687/575 577/689/577 582/694/582
f 587/699/587 578/690/578 574/685/574
f 586/698/586 580/692/580 583/695/583
f 602/718/602 576/717/576 575/931/575
f 1062/1271/1062 1063/1272/1063 440/535/440
f 601/715/601 600/714/600 1064/1273/1064
f 601/715/601 1064/1273/1064 643/785/643
f 483/580/483 466/563/466 455/550/455
f 940/1268/940 950/1150/950 811/1138/811
f 722/864/722 1065/1274/1065 648/790/648
f 703/845/703 724/866/724 701/843/701
f 727/869/727 1055/1263/1055 675/817/675
f 728/870/728 922/1118/922 729/871/729
f 652/794/652 503/601/503 489/586/489
f 1028/1229/1028 1034/1235/1034 1029/1230/1029
f 740/882/740 737/879/737 739/881/739
f 746/888/746 552/659/552 554/661/554
f 552/659/552 738/880/738 545/652/545
f 738/880/738 552/659/552 746/888/746
f 748/890/748 752/894/752 786/937/786
f 758/903/758 747/889/747 749/891/749
f 777/924/777 574/685/574 768/925/768
f 575/687/575 582/694/582 584/696/584
f 575/687/575 584/696/584 782/932/782
f 583/695/583 546/653/546 545/652/545
f 773/920/773 765/912/765 737/879/737
f 1064/1275/1064 775/922/775 776/923/776
f 643/785/643 776/1276/776 939/1139/939
f 775/922/775 1064/1275/1064 600/716/600
f 775/922/775 600/716/600 602/718/602
f 782/932/782 584/696/584 587/699/587
f 751/893/751 740/882/740 741/883/741
f 786/937/786 751/893/751 748/890/748
f 758/1070/758 755/899/755 757/901/757
f 1044/1254/1044 1066/1277/1066 1049/1252/1049
f 899/1093/899 959/1159/959 897/1091/897
f 1043/1244/1043 998/1198/998 1047/1278/1047
f 906/1100/906 959/1159/959 900/1094/900
f 906/1100/906 1012/1212/1012 959/1159/959
f 657/799/657 939/1279/939 776/923/776
f 776/1276/776 643/785/643 1064/1273/1064
f 768/925/768 574/685/574 573/686/573
f 897/1091/897 885/1079/885 898/1092/898
f 1067/1280/1067 1068/1281/1068 1069/1282/1069
f 940/1268/940 939/1279/939 657/799/657
f 500/597/500 881/1075/881 1070/1283/1070
f 967/1167/967 1054/1261/1054 1071/1284/1071
f 959/1159/959 1012/1212/1012 986/1186/986
f 1072/1285/1072 1073/1286/1073 1074/1287/1074
f 1075/1288/1075 1076/1289/1076 1073/1290/1073
f 1077/1291/1077 1078/1292/1078 1079/1293/1079
f 1080/1294/1080 1074/1295/1074 1081/1296/1081
f 1076/1289/1076 1081/1296/1081 1074/1295/1074
f 1077/1291/1077 1080/1294/1080 1082/1297/1082
f 174/198/174 263/302/263 175/199/175
f 176/1298/176 1074/1287/1074 1079/1299/1079
f 1074/1287/1074 176/1298/176 1083/1300/1083
f 174/1301/174 176/1298/176 1079/1299/1079
f 1080/1294/1080 1079/1293/1079 1074/1295/1074
f 1079/1293/1079 1080/1294/1080 1077/1291/1077
f 1077/1291/1077 1084/1302/1084 1078/1292/1078
f 1079/1299/1079 1078/1303/1078 174/1301/174
f 263/302/263 174/198/174 1078/1304/1078
f 1080/1294/1080 1081/1296/1081 1085/1305/1085
f 249/282/249 241/274/241 1086/1306/1086
f 684/826/684 898/1092/898 809/971/809
f 250/283/250 236/269/236 238/271/238
f 76/93/76 16/16/16 15/15/15
f 241/274/241 249/282/249 239/272/239
f 1087/1307/1087 239/272/239 1088/1308/1088
f 265/304/265 240/273/240 1089/1309/1089
f 885/1079/885 1070/1283/1070 881/1075/881
f 225/254/225 1089/1309/1089 1087/1307/1087
f 264/303/264 1090/1310/1090 265/304/265
f 887/1081/887 884/1078/884 244/277/244
f 248/281/248 1088/1308/1088 247/280/247
f 191/1311/191 1091/1312/1091 1092/1313/1092
f 1093/1314/1093 1084/1302/1084 1094/1315/1094
f 1094/1315/1094 1084/1302/1084 1095/1316/1095
f 1094/1315/1094 1095/1316/1095 1096/1317/1096
f 1097/1318/1097 1096/1317/1096 1095/1316/1095
f 1097/1318/1097 1095/1316/1095 1082/1297/1082
f 1082/1297/1082 1080/1294/1080 1085/1305/1085
f 1098/1319/1098 1082/1297/1082 1085/1305/1085
f 1099/1320/1099 1100/1321/1100 1101/1322/1101
f 118/136/118 167/204/167 191/216/191
f 1090/1310/1090 22/22/22 240/273/240
f 1102/1323/1102 1103/1324/1103 1104/1325/1104
f 248/281/248 247/280/247 246/279/246
f 1105/1326/1105 1106/1327/1106 1107/1328/1107
f 1072/1285/1072 1083/1300/1083 1108/1329/1108
f 1074/1287/1074 1083/1300/1083 1072/1285/1072
f 1076/1289/1076 1074/1295/1074 1073/1290/1073
f 1084/1302/1084 1077/1291/1077 1095/1316/1095
f 1077/1291/1077 1082/1297/1082 1095/1316/1095
f 1083/1330/1083 1086/1306/1086 1108/1331/1108
f 1081/1296/1081 1098/1319/1098 1085/1305/1085
f 247/280/247 250/283/250 245/278/245
f 1097/1318/1097 1109/1332/1109 1110/1333/1110
f 1097/1318/1097 1082/1297/1082 1098/1319/1098
f 1111/1334/1111 1112/1335/1112 1113/1336/1113
f 1114/1337/1114 1115/1338/1115 1116/1339/1116
f 1116/1339/1116 1117/1340/1117 1114/1337/1114
f 1116/1339/1116 1076/1289/1076 1117/1340/1117
f 1113/1336/1113 1118/1341/1118 1111/1334/1111
f 1108/1329/1108 1118/1341/1118 1113/1336/1113
f 159/182/159 1118/1342/1118 1108/1331/1108
f 1113/1336/1113 1119/1343/1119 1075/1344/1075
f 1117/1340/1117 1075/1288/1075 1119/1345/1119
f 1075/1288/1075 1117/1340/1117 1076/1289/1076
f 1113/1336/1113 1072/1285/1072 1108/1329/1108
f 1120/1346/1120 1118/1342/1118 159/182/159
f 1115/1338/1115 1081/1296/1081 1116/1339/1116
f 1121/1347/1121 1122/1348/1122 1123/1349/1123
f 1123/1349/1123 1124/1350/1124 1121/1347/1121
f 1123/1349/1123 1125/1351/1125 1124/1350/1124
f 1111/1334/1111 1124/1352/1124 1112/1335/1112
f 1126/1353/1126 1124/1352/1124 1111/1334/1111
f 1114/1337/1114 1125/1351/1125 1123/1349/1123
f 1114/1337/1114 1117/1340/1117 1125/1351/1125
f 1125/1351/1125 1112/1354/1112 1124/1350/1124
f 1113/1336/1113 1112/1335/1112 1119/1343/1119
f 1119/1345/1119 1112/1354/1112 1117/1340/1117
f 1125/1351/1125 1117/1340/1117 1112/1354/1112
f 1121/1355/1121 1124/1352/1124 1126/1353/1126
f 1126/1353/1126 1122/1356/1122 1121/1355/1121
f 1118/1341/1118 1127/1357/1127 1111/1334/1111
f 1118/1342/1118 1128/1358/1128 1127/1359/1127
f 1129/1360/1129 1130/1361/1130 1127/1359/1127
f 1126/1353/1126 1111/1334/1111 1131/1362/1131
f 1126/1353/1126 1131/1362/1131 1132/1363/1132
f 1132/1363/1132 1133/1364/1133 1122/1356/1122
f 1131/1362/1131 1134/1365/1134 1132/1363/1132
f 1129/1360/1129 1135/1366/1135 1130/1361/1130
f 1111/1334/1111 1136/1367/1136 1131/1362/1131
f 1135/1368/1135 1136/1367/1136 1130/1369/1130
f 1126/1353/1126 1132/1363/1132 1122/1356/1122
f 1122/1348/1122 1137/1370/1137 1123/1349/1123
f 1133/1371/1133 1137/1370/1137 1122/1348/1122
f 1137/1370/1137 1138/1372/1138 1123/1349/1123
f 1139/1373/1139 1138/1372/1138 1137/1370/1137
f 1138/1372/1138 1139/1373/1139 1115/1338/1115
f 1139/1373/1139 1098/1319/1098 1115/1338/1115
f 1140/1374/1140 1129/1360/1129 1141/1375/1141
f 1142/1376/1142 1141/1375/1141 1128/1358/1128
f 1142/1376/1142 1140/1374/1140 1141/1375/1141
f 159/182/159 241/274/241 24/24/24
f 266/305/266 1099/1320/1099 1143/1377/1143
f 1090/1310/1090 240/273/240 265/304/265
f 1144/1378/1144 1145/1379/1145 1102/1323/1102
f 1146/1380/1146 1103/1324/1103 1147/1381/1147
f 1148/1382/1148 1147/1381/1147 1103/1324/1103
f 1149/1383/1149 1150/1384/1150 1151/1385/1151
f 1111/1334/1111 1127/1357/1127 1136/1367/1136
f 1118/1342/1118 1120/1346/1120 1128/1358/1128
f 1138/1372/1138 1115/1338/1115 1114/1337/1114
f 1129/1360/1129 1127/1359/1127 1141/1375/1141
f 1130/1369/1130 1136/1367/1136 1127/1357/1127
f 1138/1372/1138 1114/1337/1114 1123/1349/1123
f 1152/1386/1152 1153/1387/1153 1154/1388/1154
f 1153/1387/1153 1155/1389/1155 1131/1390/1131
f 1156/1391/1156 1157/1392/1157 1158/1393/1158
f 1156/1391/1156 1159/1394/1159 1160/1395/1160
f 1160/1395/1160 1161/1396/1161 1162/1397/1162
f 1159/1398/1159 1132/1363/1132 1134/1365/1134
f 1161/1399/1161 1134/1400/1134 1155/1389/1155
f 1160/1395/1160 1134/1401/1134 1161/1396/1161
f 1159/1394/1159 1156/1391/1156 1158/1393/1158
f 1163/1402/1163 1164/1403/1164 1159/1398/1159
f 1165/1404/1165 1166/1405/1166 1167/1406/1167
f 1139/1373/1139 1137/1370/1137 1168/1407/1168
f 1134/1401/1134 1160/1395/1160 1159/1394/1159
f 1159/1394/1159 1158/1393/1158 1163/1408/1163
f 1153/1409/1153 1136/1367/1136 1154/1410/1154
f 1155/1389/1155 1153/1387/1153 1169/1411/1169
f 1129/1360/1129 1152/1412/1152 1154/1413/1154
f 1153/1387/1153 1152/1386/1152 1169/1411/1169
f 1170/1414/1170 1137/1370/1137 1133/1371/1133
f 1133/1364/1133 1132/1363/1132 1166/1405/1166
f 1167/1406/1167 1132/1363/1132 1159/1398/1159
f 1168/1407/1168 1171/1415/1171 1172/1416/1172
f 1167/1406/1167 1159/1398/1159 1164/1403/1164
f 1165/1417/1165 1172/1416/1172 1170/1414/1170
f 1166/1405/1166 1132/1363/1132 1167/1406/1167
f 1166/1418/1166 1165/1417/1165 1170/1414/1170
f 1166/1418/1166 1170/1414/1170 1133/1371/1133
f 1137/1370/1137 1170/1414/1170 1171/1415/1171
f 1171/1415/1171 1170/1414/1170 1172/1416/1172
f 1137/1370/1137 1171/1415/1171 1168/1407/1168
f 1173/1419/1173 1174/1420/1174 1175/1421/1175
f 1174/1420/1174 1173/1419/1173 1176/1422/1176
f 1158/1393/1158 1175/1421/1175 1174/1420/1174
f 1177/1423/1177 1158/1393/1158 1157/1392/1157
f 1177/1423/1177 1175/1421/1175 1158/1393/1158
f 1173/1419/1173 1175/1421/1175 1177/1423/1177
f 1178/1424/1178 1173/1419/1173 1179/1425/1179
f 1173/1419/1173 1178/1424/1178 1176/1422/1176
f 1180/1426/1180 1109/1332/1109 1181/1427/1181
f 1109/1332/1109 1182/1428/1182 1181/1427/1181
f 1178/1429/1178 1183/1430/1183 1184/1431/1184
f 1174/1432/1174 1176/1433/1176 1184/1431/1184
f 1185/1434/1185 1186/1435/1186 1165/1404/1165
f 1178/1429/1178 1184/1431/1184 1176/1433/1176
f 1164/1403/1164 1184/1431/1184 1185/1434/1185
f 1168/1407/1168 1187/1436/1187 1139/1373/1139
f 1181/1427/1181 1139/1373/1139 1187/1436/1187
f 1181/1427/1181 1182/1428/1182 1098/1319/1098
f 1163/1408/1163 1158/1393/1158 1174/1420/1174
f 1188/1437/1188 1186/1438/1186 1189/1439/1189
f 1165/1404/1165 1167/1406/1167 1185/1434/1185
f 1180/1426/1180 1181/1427/1181 1188/1437/1188
f 1187/1436/1187 1168/1407/1168 1188/1437/1188
f 1188/1437/1188 1181/1427/1181 1187/1436/1187
f 1188/1437/1188 1168/1407/1168 1172/1416/1172
f 1188/1437/1188 1189/1439/1189 1180/1426/1180
f 1167/1406/1167 1164/1403/1164 1185/1434/1185
f 1185/1434/1185 1184/1431/1184 1190/1440/1190
f 1184/1431/1184 1183/1430/1183 1190/1440/1190
f 1174/1432/1174 1184/1431/1184 1164/1403/1164
f 1189/1441/1189 1186/1435/1186 1190/1440/1190
f 1172/1416/1172 1165/1417/1165 1186/1438/1186
f 1190/1440/1190 1186/1435/1186 1185/1434/1185
f 1188/1437/1188 1172/1416/1172 1186/1438/1186
f 1179/1425/1179 1191/1442/1191 1178/1424/1178
f 1192/1443/1192 1193/1444/1193 1194/1445/1194
f 1193/1444/1193 1180/1426/1180 1194/1445/1194
f 1194/1445/1194 1180/1426/1180 1183/1446/1183
f 1191/1442/1191 1195/1447/1195 1196/1448/1196
f 1191/1449/1191 1183/1430/1183 1178/1429/1178
f 1197/1450/1197 1198/1451/1198 1199/1452/1199
f 1200/1453/1200 1198/1451/1198 1197/1450/1197
f 1199/1452/1199 1157/1392/1157 1197/1450/1197
f 1199/1452/1199 1201/1454/1201 1177/1423/1177
f 1201/1454/1201 1199/1452/1199 1198/1451/1198
f 1202/1455/1202 1201/1454/1201 1198/1451/1198
f 1179/1425/1179 1177/1423/1177 1201/1454/1201
f 1201/1454/1201 1202/1455/1202 1195/1447/1195
f 1179/1425/1179 1201/1454/1201 1195/1447/1195
f 1200/1453/1200 1203/1456/1203 1198/1451/1198
f 1200/1453/1200 1197/1450/1197 1204/1457/1204
f 1204/1457/1204 1197/1450/1197 1205/1458/1205
f 1169/1411/1169 1161/1399/1161 1155/1389/1155
f 1162/1459/1162 1161/1399/1161 1169/1411/1169
f 1205/1458/1205 1156/1391/1156 1206/1460/1206
f 1156/1391/1156 1160/1395/1160 1162/1397/1162
f 1162/1397/1162 1206/1460/1206 1156/1391/1156
f 1207/1461/1207 1169/1411/1169 1208/1462/1208
f 1208/1462/1208 1209/1463/1209 1210/1464/1210
f 1207/1461/1207 1208/1462/1208 1210/1464/1210
f 1205/1458/1205 1206/1460/1206 1211/1465/1211
f 1152/1412/1152 1140/1374/1140 1208/1466/1208
f 1208/1462/1208 1169/1411/1169 1152/1386/1152
f 1204/1457/1204 1205/1458/1205 1211/1465/1211
f 1169/1411/1169 1212/1467/1212 1162/1459/1162
f 1213/1468/1213 1212/1467/1212 1169/1411/1169
f 1214/1469/1214 1209/1470/1209 1140/1374/1140
f 1213/1468/1213 1169/1411/1169 1207/1461/1207
f 1140/1374/1140 1209/1470/1209 1208/1466/1208
f 1206/1460/1206 1162/1397/1162 1215/1471/1215
f 1162/1397/1162 1212/1472/1212 1215/1471/1215
f 1213/1468/1213 1215/1473/1215 1212/1467/1212
f 1211/1465/1211 1206/1460/1206 1215/1471/1215
f 1214/1469/1214 1216/1474/1216 1209/1470/1209
f 1217/1475/1217 1218/1476/1218 1219/1477/1219
f 1210/1478/1210 1216/1474/1216 1220/1479/1220
f 1207/1461/1207 1211/1480/1211 1213/1468/1213
f 1215/1473/1215 1213/1468/1213 1211/1480/1211
f 1221/1481/1221 1222/1482/1222 1223/1483/1223
f 1210/1464/1210 1209/1463/1209 1216/1484/1216
f 176/200/176 249/282/249 1086/1306/1086
f 1211/1480/1211 1207/1461/1207 1224/1485/1224
f 1211/1465/1211 1225/1486/1225 1204/1457/1204
f 1226/1487/1226 1225/1486/1225 1211/1465/1211
f 1227/1488/1227 1225/1486/1225 1228/1489/1228
f 1229/1490/1229 1230/1491/1230 1220/1479/1220
f 1231/1492/1231 1210/1478/1210 1220/1479/1220
f 1224/1493/1224 1210/1478/1210 1231/1492/1231
f 1224/1485/1224 1232/1494/1232 1211/1480/1211
f 1226/1495/1226 1211/1480/1211 1232/1494/1232
f 1179/1425/1179 1173/1419/1173 1177/1423/1177
f 1174/1432/1174 1164/1403/1164 1163/1402/1163
f 1193/1444/1193 1109/1332/1109 1180/1426/1180
f 1205/1458/1205 1197/1450/1197 1157/1392/1157
f 1157/1392/1157 1156/1391/1156 1205/1458/1205
f 1199/1452/1199 1177/1423/1177 1157/1392/1157
f 1179/1425/1179 1195/1447/1195 1191/1442/1191
f 1227/1488/1227 1200/1453/1200 1204/1457/1204
f 1204/1457/1204 1225/1486/1225 1227/1488/1227
f 1210/1464/1210 1224/1485/1224 1207/1461/1207
f 1129/1360/1129 1154/1413/1154 1135/1366/1135
f 1181/1427/1181 1098/1319/1098 1139/1373/1139
f 1131/1390/1131 1155/1389/1155 1134/1400/1134
f 1136/1367/1136 1153/1409/1153 1131/1362/1131
f 1135/1368/1135 1154/1410/1154 1136/1367/1136
f 1152/1412/1152 1129/1360/1129 1140/1374/1140
f 1233/1496/1233 1234/1497/1234 1235/1498/1235
f 1236/1499/1236 1234/1497/1234 1233/1496/1233
f 1236/1499/1236 1237/1500/1237 1234/1497/1234
f 1238/1501/1238 1202/1455/1202 1203/1456/1203
f 1238/1501/1238 1237/1500/1237 1236/1499/1236
f 1203/1456/1203 1237/1500/1237 1238/1501/1238
f 1235/1498/1235 1234/1497/1234 1239/1502/1239
f 1240/1503/1240 1241/1504/1241 1234/1497/1234
f 1234/1497/1234 1237/1500/1237 1240/1503/1240
f 1234/1497/1234 1241/1504/1241 1242/1505/1242
f 1237/1500/1237 1203/1456/1203 1243/1506/1243
f 1237/1500/1237 1243/1506/1243 1240/1503/1240
f 1244/1507/1244 1245/1508/1245 1246/1509/1246
f 1243/1506/1243 1247/1510/1247 1248/1511/1248
f 1248/1511/1248 1247/1510/1247 1249/1512/1249
f 1249/1512/1249 1247/1510/1247 1228/1489/1228
f 1240/1503/1240 1243/1506/1243 1248/1511/1248
f 1249/1512/1249 1250/1513/1250 1248/1511/1248
f 1251/1514/1251 1248/1511/1248 1250/1513/1250
f 1151/1385/1151 1150/1384/1150 1252/1515/1252
f 1253/1516/1253 1230/1517/1230 1244/1507/1244
f 1227/1488/1227 1247/1510/1247 1200/1453/1200
f 1227/1488/1227 1228/1489/1228 1247/1510/1247
f 1247/1510/1247 1243/1506/1243 1200/1453/1200
f 1254/1518/1254 1255/1519/1255 1256/1520/1256
f 1255/1519/1255 1257/1521/1257 1256/1520/1256
f 1258/1522/1258 1256/1520/1256 1257/1521/1257
f 1255/1519/1255 1259/1523/1259 1257/1521/1257
f 1260/1524/1260 1261/1525/1261 1262/1526/1262
f 1263/1527/1263 1257/1528/1257 1259/1529/1259
f 1245/1508/1245 1244/1507/1244 1256/1520/1256
f 1264/1530/1264 1254/1518/1254 1265/1531/1265
f 1266/1532/1266 1267/1533/1267 1268/1534/1268
f 1089/1309/1089 224/253/224 1099/1320/1099
f 1269/1535/1269 1270/1536/1270 1271/1537/1271
f 1272/1538/1272 1273/1539/1273 1274/1540/1274
f 1269/1535/1269 1245/1541/1245 1258/1542/1258
f 1258/1542/1258 1257/1528/1257 1269/1535/1269
f 1273/1539/1273 1272/1538/1272 1269/1535/1269
f 1269/1535/1269 1272/1538/1272 1245/1541/1245
f 1258/1522/1258 1245/1508/1245 1256/1520/1256
f 1275/1543/1275 1276/1544/1276 1277/1545/1277
f 1249/1512/1249 1274/1546/1274 1273/1547/1273
f 1278/1548/1278 1249/1512/1249 1273/1547/1273
f 1270/1536/1270 1279/1549/1279 1271/1537/1271
f 1269/1535/1269 1257/1528/1257 1263/1527/1263
f 1278/1548/1278 1271/1550/1271 1280/1551/1280
f 1278/1548/1278 1250/1513/1250 1249/1512/1249
f 1281/1552/1281 1282/1553/1282 1226/1487/1226
f 1241/1504/1241 1251/1514/1251 1242/1505/1242
f 1241/1504/1241 1240/1503/1240 1248/1511/1248
f 1241/1504/1241 1248/1511/1248 1251/1514/1251
f 1246/1554/1246 1272/1538/1272 1253/1555/1253
f 1272/1538/1272 1246/1554/1246 1245/1541/1245
f 1272/1538/1272 1232/1494/1232 1253/1555/1253
f 1278/1548/1278 1280/1551/1280 1250/1513/1250
f 1280/1551/1280 1251/1514/1251 1250/1513/1250
f 1272/1538/1272 1274/1540/1274 1232/1494/1232
f 1282/1556/1282 1281/1557/1281 1232/1494/1232
f 1232/1494/1232 1281/1557/1281 1226/1495/1226
f 1249/1512/1249 1228/1489/1228 1274/1546/1274
f 1235/1498/1235 1283/1558/1283 1284/1559/1284
f 1285/1560/1285 1286/1561/1286 1287/1562/1287
f 1288/1563/1288 1285/1560/1285 1287/1562/1287
f 1289/1564/1289 1288/1565/1288 1287/1566/1287
f 1290/1567/1290 1291/1568/1291 1292/1569/1292
f 1286/1561/1286 1293/1570/1293 1292/1569/1292
f 1292/1569/1292 1294/1571/1294 1295/1572/1295
f 1296/1573/1296 1297/1574/1297 1287/1566/1287
f 1297/1574/1297 1289/1564/1289 1287/1566/1287
f 1296/1575/1296 1287/1562/1287 1286/1561/1286
f 1284/1559/1284 1283/1558/1283 1298/1576/1298
f 1292/1569/1292 1295/1572/1295 1286/1561/1286
f 1296/1575/1296 1286/1561/1286 1295/1572/1295
f 1235/1498/1235 1239/1502/1239 1283/1558/1283
f 1299/1577/1299 1283/1558/1283 1239/1502/1239
f 1269/1535/1269 1263/1527/1263 1270/1536/1270
f 1300/1578/1300 1301/1579/1301 1302/1580/1302
f 1303/1581/1303 1283/1558/1283 1304/1582/1304
f 1301/1583/1301 1300/1584/1300 1305/1585/1305
f 1305/1585/1305 1306/1586/1306 1301/1583/1301
f 1307/1587/1307 1308/1588/1308 1303/1589/1303
f 1301/1583/1301 1306/1586/1306 1309/1590/1309
f 1310/1591/1310 1303/1589/1303 1304/1592/1304
f 1299/1577/1299 1304/1582/1304 1283/1558/1283
f 1310/1591/1310 1304/1592/1304 1311/1593/1311
f 1312/1594/1312 1313/1595/1313 1314/1596/1314
f 1300/1584/1300 1312/1594/1312 1305/1585/1305
f 1313/1597/1313 1307/1587/1307 1315/1598/1315
f 1305/1585/1305 1312/1594/1312 1316/1599/1316
f 1312/1594/1312 1314/1596/1314 1316/1599/1316
f 1317/1600/1317 1305/1585/1305 1316/1599/1316
f 1318/1601/1318 1319/1602/1319 1320/1603/1320
f 1316/1599/1316 1319/1602/1319 1318/1601/1318
f 1315/1598/1315 1321/1604/1321 1313/1597/1313
f 1314/1596/1314 1321/1605/1321 1319/1602/1319
f 1314/1596/1314 1313/1595/1313 1321/1605/1321
f 1316/1599/1316 1318/1601/1318 1317/1600/1317
f 1319/1602/1319 1322/1606/1322 1320/1603/1320
f 1316/1599/1316 1314/1596/1314 1319/1602/1319
f 1319/1602/1319 1321/1605/1321 1322/1606/1322
f 1315/1598/1315 1323/1607/1323 1321/1604/1321
f 1310/1591/1310 1323/1607/1323 1315/1598/1315
f 1321/1604/1321 1323/1607/1323 1322/1608/1322
f 1324/1609/1324 1325/1610/1325 1251/1514/1251
f 1251/1514/1251 1325/1610/1325 1242/1505/1242
f 1299/1577/1299 1325/1610/1325 1304/1582/1304
f 1310/1591/1310 1311/1593/1311 1326/1611/1326
f 1311/1612/1311 1304/1582/1304 1325/1610/1325
f 1311/1612/1311 1325/1610/1325 1327/1613/1327
f 1328/1614/1328 1329/1615/1329 1330/1616/1330
f 1331/1617/1331 1329/1615/1329 1328/1614/1328
f 1328/1614/1328 1332/1618/1332 1255/1519/1255
f 1322/1606/1322 1332/1619/1332 1320/1603/1320
f 1320/1603/1320 1333/1620/1333 1318/1601/1318
f 1330/1616/1330 1334/1621/1334 1335/1622/1335
f 1334/1623/1334 1320/1603/1320 1335/1624/1335
f 1335/1622/1335 1328/1614/1328 1330/1616/1330
f 1332/1618/1332 1328/1614/1328 1335/1622/1335
f 1335/1624/1335 1320/1603/1320 1332/1619/1332
f 1334/1623/1334 1336/1625/1336 1320/1603/1320
f 1263/1527/1263 1322/1608/1322 1323/1607/1323
f 1323/1607/1323 1337/1626/1337 1263/1527/1263
f 1323/1607/1323 1310/1591/1310 1337/1626/1337
f 1270/1536/1270 1338/1627/1338 1279/1549/1279
f 1279/1549/1279 1338/1627/1338 1339/1628/1339
f 1279/1549/1279 1339/1628/1339 1340/1629/1340
f 1338/1630/1338 1341/1631/1341 1339/1632/1339
f 1310/1591/1310 1326/1611/1326 1337/1626/1337
f 1325/1610/1325 1324/1609/1324 1327/1613/1327
f 1327/1613/1327 1341/1631/1341 1311/1612/1311
f 1326/1611/1326 1311/1593/1311 1341/1633/1341
f 1270/1536/1270 1337/1626/1337 1326/1611/1326
f 1280/1551/1280 1342/1634/1342 1324/1609/1324
f 1342/1634/1342 1340/1635/1340 1339/1632/1339
f 1342/1634/1342 1327/1613/1327 1324/1609/1324
f 1341/1631/1341 1327/1613/1327 1342/1634/1342
f 1339/1632/1339 1341/1631/1341 1342/1634/1342
f 1326/1611/1326 1338/1627/1338 1270/1536/1270
f 1341/1633/1341 1338/1627/1338 1326/1611/1326
f 1318/1601/1318 1343/1636/1343 1317/1600/1317
f 1318/1601/1318 1333/1620/1333 1343/1636/1343
f 1344/1637/1344 1334/1623/1334 1345/1638/1345
f 1336/1625/1336 1334/1623/1334 1344/1637/1344
f 1255/1519/1255 1332/1618/1332 1259/1523/1259
f 1263/1527/1263 1259/1529/1259 1322/1608/1322
f 1263/1527/1263 1337/1626/1337 1270/1536/1270
f 1346/1639/1346 1342/1634/1342 1280/1551/1280
f 1280/1551/1280 1271/1550/1271 1346/1639/1346
f 1340/1635/1340 1342/1634/1342 1346/1639/1346
f 1303/1589/1303 1310/1591/1310 1307/1587/1307
f 1242/1505/1242 1325/1610/1325 1299/1577/1299
f 1312/1594/1312 1300/1584/1300 1313/1595/1313
f 1347/1640/1347 1305/1585/1305 1317/1600/1317
f 1306/1586/1306 1305/1585/1305 1347/1640/1347
f 1315/1598/1315 1307/1587/1307 1310/1591/1310
f 1254/1518/1254 1328/1614/1328 1255/1519/1255
f 1333/1620/1333 1320/1603/1320 1336/1625/1336
f 1332/1641/1332 1322/1608/1322 1259/1529/1259
f 1280/1551/1280 1324/1609/1324 1251/1514/1251
f 1242/1505/1242 1239/1502/1239 1234/1497/1234
f 1308/1642/1308 1283/1558/1283 1303/1581/1303
f 1308/1642/1308 1313/1643/1313 1283/1558/1283
f 1307/1587/1307 1313/1597/1313 1308/1588/1308
f 1302/1580/1302 1296/1573/1296 1295/1644/1295
f 1297/1574/1297 1296/1573/1296 1302/1580/1302
f 1301/1579/1301 1348/1645/1348 1297/1574/1297
f 1298/1576/1298 1313/1643/1313 1300/1646/1300
f 1302/1580/1302 1301/1579/1301 1297/1574/1297
f 1242/1505/1242 1299/1577/1299 1239/1502/1239
f 1283/1558/1283 1313/1643/1313 1298/1576/1298
f 1302/1580/1302 1295/1644/1295 1300/1578/1300
f 1298/1647/1298 1300/1648/1300 1295/1572/1295
f 1328/1614/1328 1254/1518/1254 1331/1617/1331
f 1192/1649/1192 1349/1650/1349 1350/1651/1350
f 1351/1652/1351 1349/1650/1349 1236/1499/1236
f 1351/1652/1351 1236/1499/1236 1233/1496/1233
f 1352/1653/1352 1353/1654/1353 1233/1496/1233
f 1353/1654/1353 1352/1653/1352 1354/1655/1354
f 1353/1654/1353 1354/1655/1354 1355/1656/1355
f 1355/1656/1355 1354/1655/1354 1356/1657/1356
f 1350/1651/1350 1357/1658/1357 1358/1659/1358
f 1359/1660/1359 1350/1651/1350 1355/1656/1355
f 1355/1656/1355 1350/1651/1350 1351/1652/1351
f 1351/1652/1351 1350/1651/1350 1349/1650/1349
f 1351/1652/1351 1353/1654/1353 1355/1656/1355
f 1351/1652/1351 1233/1496/1233 1353/1654/1353
f 1236/1499/1236 1349/1650/1349 1238/1501/1238
f 1294/1571/1294 1360/1661/1360 1361/1662/1361
f 1360/1661/1360 1362/1663/1362 1361/1662/1361
f 1363/1664/1363 1361/1665/1361 1352/1653/1352
f 1360/1661/1360 1292/1569/1292 1291/1568/1291
f 1364/1666/1364 1362/1663/1362 1360/1661/1360
f 1364/1666/1364 1360/1661/1360 1291/1568/1291
f 1365/1667/1365 1364/1666/1364 1291/1568/1291
f 1364/1666/1364 1366/1668/1366 1362/1663/1362
f 1366/1668/1366 1364/1666/1364 1367/1669/1367
f 1368/1670/1368 1367/1669/1367 1364/1666/1364
f 1369/1671/1369 1354/1655/1354 1361/1665/1361
f 1361/1662/1361 1362/1663/1362 1369/1672/1369
f 1354/1655/1354 1352/1653/1352 1361/1665/1361
f 1370/1673/1370 1371/1674/1371 1372/1675/1372
f 1372/1676/1372 1373/1677/1373 1374/1678/1374
f 1372/1675/1372 1371/1674/1371 1375/1679/1375
f 1370/1680/1370 1376/1681/1376 1377/1682/1377
f 1370/1680/1370 1372/1676/1372 1374/1678/1374
f 1378/1683/1378 1370/1680/1370 1374/1678/1374
f 1379/1684/1379 1375/1679/1375 1371/1674/1371
f 1376/1681/1376 1370/1680/1370 1378/1683/1378
f 1380/1685/1380 1381/1686/1381 1382/1687/1382
f 1383/1688/1383 1384/1689/1384 1385/1690/1385
f 1381/1691/1381 1386/1692/1386 1387/1693/1387
f 1381/1691/1381 1388/1694/1388 1386/1692/1386
f 1380/1685/1380 1389/1695/1389 1381/1686/1381
f 1381/1686/1381 1389/1695/1389 1388/1696/1388
f 1390/1697/1390 1386/1692/1386 1391/1698/1391
f 1392/1699/1392 1393/1700/1393 1394/1701/1394
f 1384/1702/1384 1393/1700/1393 1392/1699/1392
f 1380/1685/1380 1395/1703/1395 1389/1695/1389
f 1385/1690/1385 1392/1704/1392 1396/1705/1396
f 1390/1697/1390 1385/1690/1385 1396/1705/1396
f 1385/1690/1385 1390/1697/1390 1391/1698/1391
f 1389/1695/1389 1393/1700/1393 1383/1706/1383
f 1383/1688/1383 1391/1698/1391 1388/1694/1388
f 1389/1695/1389 1383/1706/1383 1388/1696/1388
f 1393/1700/1393 1384/1702/1384 1383/1706/1383
f 1397/1707/1397 1389/1695/1389 1395/1703/1395
f 1385/1690/1385 1384/1689/1384 1392/1704/1392
f 1386/1692/1386 1388/1694/1388 1391/1698/1391
f 1383/1688/1383 1385/1690/1385 1391/1698/1391
f 1382/1708/1382 1381/1691/1381 1387/1693/1387
f 1396/1705/1396 1398/1709/1398 1377/1682/1377
f 1398/1710/1398 1394/1701/1394 1399/1711/1399
f 1376/1681/1376 1396/1705/1396 1377/1682/1377
f 1398/1710/1398 1399/1711/1399 1377/1712/1377
f 1400/1713/1400 1395/1703/1395 1380/1685/1380
f 1401/1714/1401 1402/1715/1402 1387/1693/1387
f 1288/1565/1288 1380/1685/1380 1382/1687/1382
f 1396/1705/1396 1392/1704/1392 1398/1709/1398
f 1394/1701/1394 1398/1710/1398 1392/1699/1392
f 1399/1711/1399 1370/1673/1370 1377/1712/1377
f 1379/1684/1379 1395/1703/1395 1400/1713/1400
f 1379/1684/1379 1371/1674/1371 1395/1703/1395
f 1403/1716/1403 1401/1714/1401 1378/1683/1378
f 1401/1714/1401 1386/1692/1386 1390/1697/1390
f 1401/1714/1401 1387/1693/1387 1386/1692/1386
f 1378/1683/1378 1401/1714/1401 1390/1697/1390
f 1395/1703/1395 1371/1674/1371 1399/1711/1399
f 1370/1673/1370 1399/1711/1399 1371/1674/1371
f 1378/1683/1378 1396/1705/1396 1376/1681/1376
f 1390/1697/1390 1396/1705/1396 1378/1683/1378
f 1404/1717/1404 1405/1718/1405 1406/1719/1406
f 1407/1720/1407 1408/1721/1408 1404/1717/1404
f 1406/1722/1406 1409/1723/1409 1410/1724/1410
f 1409/1725/1409 1406/1719/1406 1405/1718/1405
f 1410/1724/1410 1409/1723/1409 1405/1726/1405
f 1411/1727/1411 1406/1722/1406 1410/1724/1410
f 1412/1728/1412 1411/1727/1411 1413/1729/1413
f 1414/1730/1414 1413/1729/1413 1411/1727/1411
f 1406/1722/1406 1411/1727/1411 1412/1728/1412
f 1415/1731/1415 1412/1732/1412 1413/1733/1413
f 1404/1717/1404 1412/1732/1412 1415/1731/1415
f 1412/1732/1412 1404/1717/1404 1406/1719/1406
f 1416/1734/1416 1417/1735/1417 1418/1736/1418
f 1419/1737/1419 1417/1738/1417 1416/1739/1416
f 1419/1737/1419 1416/1739/1416 1407/1720/1407
f 1394/1701/1394 1393/1700/1393 1397/1707/1397
f 1420/1740/1420 1421/1741/1421 1422/1742/1422
f 1421/1741/1421 1423/1743/1423 1422/1742/1422
f 1424/1744/1424 1416/1734/1416 1418/1736/1418
f 1414/1730/1414 1425/1745/1425 1421/1741/1421
f 1425/1745/1425 1411/1727/1411 1424/1744/1424
f 1414/1730/1414 1411/1727/1411 1425/1745/1425
f 1424/1744/1424 1411/1727/1411 1410/1724/1410
f 1426/1746/1426 1425/1745/1425 1424/1744/1424
f 1419/1737/1419 1427/1747/1427 1428/1748/1428
f 1419/1737/1419 1407/1720/1407 1427/1747/1427
f 1420/1740/1420 1414/1730/1414 1421/1741/1421
f 1415/1731/1415 1413/1733/1413 1429/1749/1429
f 1415/1731/1415 1427/1747/1427 1404/1717/1404
f 1407/1720/1407 1404/1717/1404 1427/1747/1427
f 1430/1750/1430 1415/1731/1415 1429/1749/1429
f 1420/1740/1420 1429/1751/1429 1413/1729/1413
f 1413/1729/1413 1414/1730/1414 1420/1740/1420
f 1422/1742/1422 1429/1751/1429 1420/1740/1420
f 1430/1750/1430 1429/1749/1429 1422/1752/1422
f 1400/1713/1400 1289/1564/1289 1431/1753/1431
f 1382/1708/1382 1387/1693/1387 1402/1715/1402
f 1432/1754/1432 1433/1755/1433 1434/1756/1434
f 1373/1757/1373 1372/1675/1372 1375/1679/1375
f 1435/1758/1435 1433/1759/1433 1432/1760/1432
f 1436/1761/1436 1365/1667/1365 1437/1762/1437
f 1437/1762/1437 1365/1667/1365 1290/1567/1290
f 1436/1761/1436 1368/1670/1368 1365/1667/1365
f 1438/1763/1438 1437/1762/1437 1290/1567/1290
f 1438/1763/1438 1374/1678/1374 1373/1677/1373
f 1433/1759/1433 1435/1758/1435 1439/1764/1439
f 1373/1677/1373 1437/1762/1437 1438/1763/1438
f 1373/1757/1373 1375/1679/1375 1439/1764/1439
f 1440/1765/1440 1441/1766/1441 1430/1750/1430
f 1379/1684/1379 1400/1713/1400 1442/1767/1442
f 1290/1567/1290 1293/1570/1293 1403/1716/1403
f 1293/1570/1293 1401/1714/1401 1403/1716/1403
f 1434/1756/1434 1443/1768/1443 1441/1766/1441
f 1439/1764/1439 1444/1769/1444 1433/1759/1433
f 1375/1679/1375 1379/1684/1379 1439/1764/1439
f 1445/1770/1445 1439/1764/1439 1442/1767/1442
f 1444/1769/1444 1439/1764/1439 1445/1770/1445
f 1433/1755/1433 1444/1771/1444 1446/1772/1446
f 1434/1756/1434 1433/1755/1433 1443/1768/1443
f 1442/1767/1442 1439/1764/1439 1379/1684/1379
f 1403/1716/1403 1438/1763/1438 1290/1567/1290
f 1447/1773/1447 1448/1774/1448 1417/1735/1417
f 1400/1713/1400 1431/1753/1431 1442/1767/1442
f 1448/1774/1448 1418/1736/1418 1417/1735/1417
f 1447/1775/1447 1417/1738/1417 1449/1776/1449
f 1449/1776/1449 1417/1738/1417 1419/1737/1419
f 1440/1777/1440 1422/1742/1422 1423/1743/1423
f 1421/1741/1421 1450/1778/1450 1423/1743/1423
f 1450/1778/1450 1421/1741/1421 1425/1745/1425
f 1446/1772/1446 1419/1737/1419 1428/1748/1428
f 1428/1748/1428 1443/1768/1443 1446/1772/1446
f 1446/1772/1446 1443/1768/1443 1433/1755/1433
f 1446/1772/1446 1444/1771/1444 1445/1779/1445
f 1446/1772/1446 1449/1776/1449 1419/1737/1419
f 1445/1779/1445 1449/1776/1449 1446/1772/1446
f 1428/1748/1428 1415/1731/1415 1441/1766/1441
f 1430/1750/1430 1441/1766/1441 1415/1731/1415
f 1441/1766/1441 1443/1768/1443 1428/1748/1428
f 1451/1780/1451 1432/1754/1432 1434/1756/1434
f 1452/1781/1452 1453/1782/1453 1436/1761/1436
f 1454/1783/1454 1435/1758/1435 1432/1760/1432
f 1435/1758/1435 1454/1783/1454 1452/1784/1452
f 1455/1785/1455 1435/1758/1435 1452/1784/1452
f 1454/1786/1454 1436/1761/1436 1453/1782/1453
f 1436/1761/1436 1454/1786/1454 1368/1670/1368
f 1434/1756/1434 1441/1766/1441 1456/1787/1456
f 1456/1787/1456 1451/1780/1451 1434/1756/1434
f 1374/1678/1374 1438/1763/1438 1378/1683/1378
f 1395/1703/1395 1399/1711/1399 1397/1707/1397
f 1393/1700/1393 1389/1695/1389 1397/1707/1397
f 1397/1707/1397 1399/1711/1399 1394/1701/1394
f 1289/1564/1289 1380/1685/1380 1288/1565/1288
f 1401/1714/1401 1293/1570/1293 1402/1715/1402
f 1455/1785/1455 1439/1764/1439 1435/1758/1435
f 1455/1785/1455 1373/1757/1373 1439/1764/1439
f 1445/1770/1445 1442/1767/1442 1431/1753/1431
f 1445/1770/1445 1431/1753/1431 1348/1645/1348
f 1403/1716/1403 1378/1683/1378 1438/1763/1438
f 1289/1564/1289 1400/1713/1400 1380/1685/1380
f 1440/1765/1440 1430/1750/1430 1422/1752/1422
f 1418/1736/1418 1426/1746/1426 1424/1744/1424
f 1415/1731/1415 1428/1748/1428 1427/1747/1427
f 1441/1766/1441 1440/1765/1440 1456/1787/1456
f 1437/1762/1437 1373/1677/1373 1452/1781/1452
f 1455/1785/1455 1452/1784/1452 1373/1757/1373
f 1436/1761/1436 1437/1762/1437 1452/1781/1452
f 1457/1788/1457 1458/1789/1458 1459/1790/1459
f 1460/1791/1460 1309/1792/1309 1461/1793/1461
f 1462/1794/1462 1463/1795/1463 1464/1796/1464
f 1450/1778/1450 1465/1797/1465 1463/1795/1463
f 1463/1795/1463 1465/1797/1465 1466/1798/1466
f 1467/1799/1467 1465/1797/1465 1418/1736/1418
f 1467/1799/1467 1448/1774/1448 1468/1800/1468
f 1469/1801/1469 1470/1802/1470 1459/1803/1459
f 1471/1804/1471 1472/1805/1472 1468/1806/1468
f 1471/1804/1471 1473/1807/1473 1472/1805/1472
f 1473/1808/1473 1474/1809/1474 1472/1810/1472
f 1468/1811/1468 1472/1810/1472 1475/1812/1475
f 1475/1812/1475 1472/1810/1472 1476/1813/1476
f 1473/1808/1473 1477/1814/1477 1474/1809/1474
f 1473/1808/1473 1478/1815/1478 1477/1814/1477
f 1478/1816/1478 1473/1807/1473 1479/1817/1479
f 1480/1818/1480 1481/1819/1481 1482/1820/1482
f 1476/1813/1476 1472/1810/1472 1474/1809/1474
f 1483/1821/1483 1471/1804/1471 1468/1806/1468
f 1484/1822/1484 1485/1823/1485 1486/1824/1486
f 1487/1825/1487 1488/1826/1488 1485/1823/1485
f 1489/1827/1489 1476/1813/1476 1474/1809/1474
f 1478/1816/1478 1343/1636/1343 1490/1828/1490
f 1471/1804/1471 1479/1817/1479 1473/1807/1473
f 1467/1829/1467 1468/1811/1468 1475/1812/1475
f 1491/1830/1491 1492/1831/1492 1475/1812/1475
f 1492/1831/1492 1467/1829/1467 1475/1812/1475
f 1486/1832/1486 1475/1812/1475 1476/1813/1476
f 1488/1826/1488 1491/1833/1491 1486/1824/1486
f 1488/1826/1488 1486/1824/1486 1485/1823/1485
f 1487/1825/1487 1493/1834/1493 1488/1826/1488
f 1492/1835/1492 1491/1833/1491 1488/1826/1488
f 1491/1830/1491 1475/1812/1475 1486/1832/1486
f 1478/1816/1478 1479/1817/1479 1343/1636/1343
f 1344/1637/1344 1490/1836/1490 1343/1636/1343
f 1344/1637/1344 1494/1837/1494 1474/1809/1474
f 1474/1809/1474 1477/1814/1477 1344/1637/1344
f 1477/1814/1477 1490/1836/1490 1344/1637/1344
f 1477/1814/1477 1478/1815/1478 1490/1836/1490
f 1489/1838/1489 1485/1823/1485 1484/1822/1484
f 1476/1813/1476 1484/1839/1484 1486/1832/1486
f 1495/1840/1495 1485/1823/1485 1489/1838/1489
f 1474/1809/1474 1494/1837/1494 1489/1827/1489
f 1476/1813/1476 1489/1827/1489 1484/1839/1484
f 1496/1841/1496 1487/1825/1487 1497/1842/1497
f 1498/1843/1498 1499/1844/1499 1500/1845/1500
f 1501/1846/1501 1502/1847/1502 1503/1848/1503
f 1504/1849/1504 1505/1850/1505 1506/1851/1506
f 1502/1847/1502 1507/1852/1507 1503/1848/1503
f 1500/1845/1500 1508/1853/1508 1498/1843/1498
f 1509/1854/1509 1463/1855/1463 1510/1856/1510
f 1463/1795/1463 1466/1798/1466 1511/1857/1511
f 1466/1858/1466 1492/1835/1492 1511/1859/1511
f 1512/1860/1512 1463/1861/1463 1511/1862/1511
f 1512/1863/1512 1511/1859/1511 1513/1864/1513
f 1513/1864/1513 1511/1859/1511 1492/1835/1492
f 1514/1865/1514 1515/1866/1515 1516/1867/1516
f 1517/1868/1517 1516/1867/1516 1515/1866/1515
f 1505/1850/1505 1518/1869/1518 1519/1870/1519
f 1504/1849/1504 1520/1871/1520 1521/1872/1521
f 1522/1873/1522 1508/1853/1508 1523/1874/1523
f 1516/1875/1516 1524/1876/1524 1525/1877/1525
f 1526/1878/1526 1527/1879/1527 1513/1864/1513
f 1527/1879/1527 1512/1863/1512 1513/1864/1513
f 1528/1880/1528 1510/1856/1510 1463/1855/1463
f 1529/1881/1529 1530/1882/1530 1505/1850/1505
f 1524/1876/1524 1531/1883/1531 1532/1884/1532
f 1531/1883/1531 1524/1876/1524 1517/1885/1517
f 1533/1886/1533 1517/1868/1517 1515/1866/1515
f 1516/1875/1516 1517/1885/1517 1524/1876/1524
f 1534/1887/1534 1535/1888/1535 1536/1889/1536
f 1533/1886/1533 1537/1890/1537 1517/1868/1517
f 1537/1891/1537 1531/1883/1531 1517/1885/1517
f 1533/1886/1533 1510/1856/1510 1537/1890/1537
f 1537/1890/1537 1510/1856/1510 1528/1880/1528
f 1506/1851/1506 1519/1870/1519 1498/1843/1498
f 1535/1888/1535 1527/1879/1527 1505/1850/1505
f 1496/1841/1496 1505/1850/1505 1527/1879/1527
f 1496/1841/1496 1527/1879/1527 1526/1878/1526
f 1526/1878/1526 1493/1834/1493 1496/1841/1496
f 1513/1864/1513 1493/1834/1493 1526/1878/1526
f 1536/1889/1536 1535/1888/1535 1532/1892/1532
f 1535/1888/1535 1505/1850/1505 1530/1882/1530
f 1538/1893/1538 1535/1888/1535 1530/1882/1530
f 1538/1893/1538 1532/1892/1532 1535/1888/1535
f 1532/1892/1532 1538/1893/1538 1539/1894/1539
f 1532/1884/1532 1531/1883/1531 1536/1895/1536
f 1534/1896/1534 1531/1883/1531 1528/1897/1528
f 1535/1888/1535 1534/1887/1534 1527/1879/1527
f 1534/1896/1534 1536/1895/1536 1531/1883/1531
f 1527/1879/1527 1534/1887/1534 1512/1863/1512
f 1537/1891/1537 1528/1897/1528 1531/1883/1531
f 1528/1897/1528 1512/1860/1512 1534/1896/1534
f 1463/1861/1463 1512/1860/1512 1528/1897/1528
f 1513/1864/1513 1492/1835/1492 1488/1826/1488
f 1513/1864/1513 1488/1826/1488 1493/1834/1493
f 1540/1898/1540 1541/1899/1541 1542/1900/1542
f 1522/1873/1522 1498/1843/1498 1508/1853/1508
f 1520/1871/1520 1522/1873/1522 1543/1901/1543
f 1459/1803/1459 1470/1802/1470 1544/1902/1544
f 1470/1802/1470 1545/1903/1545 1544/1902/1544
f 1459/1790/1459 1546/1904/1546 1547/1905/1547
f 1459/1790/1459 1458/1789/1458 1546/1904/1546
f 1457/1906/1457 1544/1902/1544 1548/1907/1548
f 1549/1908/1549 1545/1903/1545 1470/1802/1470
f 1547/1905/1547 1550/1909/1550 1469/1910/1469
f 1549/1908/1549 1510/1856/1510 1533/1886/1533
f 1525/1877/1525 1546/1904/1546 1514/1911/1514
f 1544/1902/1544 1515/1866/1515 1514/1865/1514
f 1548/1907/1548 1544/1902/1544 1514/1865/1514
f 1546/1904/1546 1548/1912/1548 1514/1911/1514
f 1458/1789/1458 1548/1912/1548 1546/1904/1546
f 1547/1905/1547 1546/1904/1546 1525/1877/1525
f 1525/1877/1525 1524/1876/1524 1550/1909/1550
f 1525/1877/1525 1550/1909/1550 1547/1905/1547
f 1545/1903/1545 1515/1866/1515 1544/1902/1544
f 1545/1903/1545 1549/1908/1549 1515/1866/1515
f 1539/1913/1539 1550/1909/1550 1524/1876/1524
f 1551/1914/1551 1552/1915/1552 1508/1853/1508
f 1516/1875/1516 1525/1877/1525 1514/1911/1514
f 1539/1913/1539 1524/1876/1524 1532/1884/1532
f 1553/1916/1553 1538/1893/1538 1530/1882/1530
f 1554/1917/1554 1555/1918/1555 1556/1919/1556
f 1557/1920/1557 1558/1921/1558 1559/1922/1559
f 1554/1917/1554 1556/1919/1556 1560/1923/1560
f 1547/1905/1547 1469/1910/1469 1459/1790/1459
f 1457/1906/1457 1548/1907/1548 1458/1924/1458
f 1465/1797/1465 1492/1925/1492 1466/1798/1466
f 1448/1774/1448 1461/1926/1461 1468/1800/1468
f 1561/1927/1561 1462/1794/1462 1464/1796/1464
f 1562/1928/1562 1561/1929/1561 1464/1930/1464
f 1510/1856/1510 1562/1928/1562 1509/1854/1509
f 1562/1928/1562 1464/1930/1464 1509/1854/1509
f 1509/1854/1509 1464/1930/1464 1463/1855/1463
f 1563/1931/1563 1560/1923/1560 1556/1919/1556
f 1492/1925/1492 1465/1797/1465 1467/1799/1467
f 1459/1803/1459 1544/1902/1544 1457/1906/1457
f 1564/1932/1564 1565/1933/1565 1566/1934/1566
f 1549/1908/1549 1533/1886/1533 1515/1866/1515
f 1426/1746/1426 1418/1736/1418 1465/1797/1465
f 1086/1306/1086 241/274/241 159/182/159
f 1109/1332/1109 1097/1318/1097 1182/1428/1182
f 1081/1296/1081 1076/1289/1076 1116/1339/1116
f 1075/1344/1075 1072/1285/1072 1113/1336/1113
f 1075/1344/1075 1073/1286/1073 1072/1285/1072
f 1081/1296/1081 1115/1338/1115 1098/1319/1098
f 264/303/264 1104/1325/1104 1090/1310/1090
f 164/188/164 2/2/2 141/161/141
f 1108/1331/1108 1086/1306/1086 159/182/159
f 1182/1428/1182 1097/1318/1097 1098/1319/1098
f 1567/1935/1567 1193/1444/1193 1192/1443/1192
f 1567/1935/1567 1109/1332/1109 1193/1444/1193
f 1183/1430/1183 1191/1449/1191 1196/1936/1196
f 1195/1447/1195 1202/1455/1202 1238/1501/1238
f 1203/1456/1203 1200/1453/1200 1243/1506/1243
f 1228/1489/1228 1225/1486/1225 1226/1487/1226
f 1253/1555/1253 1232/1494/1232 1224/1485/1224
f 1224/1493/1224 1231/1492/1231 1253/1937/1253
f 1567/1935/1567 1110/1333/1110 1109/1332/1109
f 1183/1446/1183 1180/1426/1180 1189/1439/1189
f 1358/1938/1358 1567/1935/1567 1192/1443/1192
f 1568/1939/1568 1567/1935/1567 1358/1938/1358
f 1568/1939/1568 1110/1333/1110 1567/1935/1567
f 1194/1445/1194 1183/1446/1183 1196/1940/1196
f 1203/1456/1203 1202/1455/1202 1198/1451/1198
f 1228/1489/1228 1226/1487/1226 1274/1546/1274
f 1189/1441/1189 1190/1440/1190 1183/1430/1183
f 1298/1576/1298 1363/1664/1363 1284/1559/1284
f 1382/1708/1382 1285/1560/1285 1288/1563/1288
f 1285/1560/1285 1402/1715/1402 1286/1561/1286
f 1285/1560/1285 1382/1708/1382 1402/1715/1402
f 1306/1586/1306 1483/1821/1483 1309/1590/1309
f 1347/1640/1347 1483/1821/1483 1306/1586/1306
f 1347/1640/1347 1471/1804/1471 1483/1821/1483
f 1347/1640/1347 1317/1600/1317 1479/1817/1479
f 1479/1817/1479 1317/1600/1317 1343/1636/1343
f 1345/1941/1345 1277/1942/1277 1495/1840/1495
f 1344/1637/1344 1333/1620/1333 1336/1625/1336
f 1489/1838/1489 1345/1941/1345 1495/1840/1495
f 1309/1792/1309 1460/1791/1460 1348/1943/1348
f 1301/1944/1301 1309/1792/1309 1348/1943/1348
f 1192/1649/1192 1350/1651/1350 1358/1659/1358
f 1195/1447/1195 1349/1650/1349 1192/1649/1192
f 1192/1649/1192 1196/1448/1196 1195/1447/1195
f 1196/1940/1196 1192/1443/1192 1194/1445/1194
f 1352/1653/1352 1233/1496/1233 1235/1498/1235
f 1238/1501/1238 1349/1650/1349 1195/1447/1195
f 1364/1666/1364 1365/1667/1365 1368/1670/1368
f 1365/1667/1365 1291/1568/1291 1290/1567/1290
f 1284/1559/1284 1363/1664/1363 1352/1653/1352
f 1360/1661/1360 1294/1571/1294 1292/1569/1292
f 1352/1653/1352 1235/1498/1235 1284/1559/1284
f 1297/1574/1297 1348/1645/1348 1431/1753/1431
f 1348/1943/1348 1460/1791/1460 1445/1779/1445
f 1289/1564/1289 1297/1574/1297 1431/1753/1431
f 1290/1567/1290 1292/1569/1292 1293/1570/1293
f 1293/1570/1293 1286/1561/1286 1402/1715/1402
f 1448/1774/1448 1447/1773/1447 1461/1926/1461
f 1449/1776/1449 1445/1779/1445 1460/1791/1460
f 1462/1794/1462 1569/1945/1569 1440/1777/1440
f 1461/1793/1461 1449/1776/1449 1460/1791/1460
f 1461/1793/1461 1447/1775/1447 1449/1776/1449
f 1440/1777/1440 1423/1743/1423 1462/1794/1462
f 1423/1743/1423 1450/1778/1450 1462/1794/1462
f 1426/1746/1426 1450/1778/1450 1425/1745/1425
f 1347/1640/1347 1479/1817/1479 1471/1804/1471
f 1343/1636/1343 1333/1620/1333 1344/1637/1344
f 1494/1837/1494 1344/1637/1344 1345/1638/1345
f 1489/1838/1489 1494/1946/1494 1345/1941/1345
f 1309/1590/1309 1483/1821/1483 1468/1806/1468
f 1309/1947/1309 1468/1800/1468 1461/1926/1461
f 1462/1794/1462 1450/1778/1450 1463/1795/1463
f 1465/1797/1465 1450/1778/1450 1426/1746/1426
f 1561/1927/1561 1569/1945/1569 1462/1794/1462
f 1418/1736/1418 1448/1774/1448 1467/1799/1467
f 1570/1948/1570 269/308/269 1571/1949/1571
f 1572/1950/1572 1570/1951/1570 1573/1952/1573
f 1574/1953/1574 1570/1951/1570 1572/1950/1572
f 1575/1954/1575 428/521/428 1570/1948/1570
f 1571/1955/1571 1573/1952/1573 1570/1951/1570
f 428/521/428 269/308/269 1570/1948/1570
f 1576/1956/1576 427/1957/427 1575/1958/1575
f 1577/1959/1577 427/1957/427 1576/1956/1576
f 1578/1960/1578 430/524/430 1579/1961/1579
f 1576/1956/1576 1575/1958/1575 1580/1962/1580
f 1570/1951/1570 1574/1953/1574 1580/1963/1580
f 1580/1963/1580 1575/1964/1575 1570/1951/1570
f 430/524/430 1577/1959/1577 1579/1961/1579
f 429/523/429 430/524/430 1578/1960/1578
f 1577/1959/1577 1576/1956/1576 1581/1965/1581
f 1582/1966/1582 1580/1963/1580 1574/1953/1574
f 1579/1961/1579 1577/1959/1577 1581/1965/1581
f 1583/1967/1583 1582/1968/1582 1584/1969/1584
f 1578/1960/1578 1585/1970/1585 1586/1971/1586
f 1587/1972/1587 1588/1973/1588 1578/1960/1578
f 1589/1974/1589 1581/1965/1581 1583/1967/1583
f 1583/1967/1583 1581/1965/1581 1576/1956/1576
f 1590/1975/1590 1369/1976/1369 1591/1977/1591
f 1590/1975/1590 1356/1978/1356 1369/1976/1369
f 1356/1978/1356 1590/1975/1590 1592/1979/1592
f 1592/1979/1592 1593/1980/1593 1356/1978/1356
f 1359/1981/1359 1593/1980/1593 1584/1969/1584
f 1594/1982/1594 1584/1969/1584 1593/1980/1593
f 1595/1983/1595 1596/1984/1596 1597/1985/1597
f 1595/1983/1595 1598/1986/1598 1596/1984/1596
f 1599/1987/1599 1585/1970/1585 1598/1986/1598
f 1585/1970/1585 1600/1988/1600 1598/1986/1598
f 1601/1989/1601 1585/1970/1585 1578/1960/1578
f 1340/1629/1340 1346/1990/1346 1279/1549/1279
f 1601/1989/1601 1578/1960/1578 1588/1973/1588
f 1597/1985/1597 1596/1984/1596 1602/1991/1602
f 1590/1975/1590 1591/1977/1591 1603/1992/1603
f 1604/1993/1604 1601/1989/1601 1588/1973/1588
f 1605/1994/1605 1606/1995/1606 1607/1996/1607
f 1601/1989/1601 1605/1994/1605 1600/1988/1600
f 1605/1994/1605 1601/1989/1601 1604/1993/1604
f 1605/1994/1605 1604/1993/1604 1606/1995/1606
f 1593/1980/1593 1592/1979/1592 1594/1982/1594
f 1596/1984/1596 1600/1988/1600 1605/1994/1605
f 1592/1979/1592 1589/1974/1589 1594/1982/1594
f 1590/1975/1590 1603/1992/1603 1592/1979/1592
f 1608/1997/1608 1596/1984/1596 1605/1994/1605
f 1598/1986/1598 1600/1988/1600 1596/1984/1596
f 1589/1974/1589 1606/1995/1606 1609/1998/1609
f 1606/1995/1606 1589/1974/1589 1592/1979/1592
f 1609/1998/1609 1587/1972/1587 1589/1974/1589
f 1603/1992/1603 1606/1995/1606 1592/1979/1592
f 1606/1995/1606 1604/1993/1604 1609/1998/1609
f 1604/1993/1604 1588/1973/1588 1609/1998/1609
f 1609/1998/1609 1588/1973/1588 1587/1972/1587
f 1610/1999/1610 1611/2000/1611 1612/2001/1612
f 1612/2001/1612 1611/2000/1611 1613/2002/1613
f 1367/1669/1367 1610/2003/1610 1614/2004/1614
f 1615/2005/1615 1616/2006/1616 1617/2007/1617
f 1615/2005/1615 1618/2008/1618 1616/2006/1616
f 1616/2009/1616 1618/2010/1618 1612/2001/1612
f 1614/2011/1614 1612/2001/1612 1618/2010/1618
f 1614/2011/1614 1610/1999/1610 1612/2001/1612
f 1615/2005/1615 1617/2007/1617 1619/2012/1619
f 1620/2013/1620 1621/2014/1621 1622/2015/1622
f 1623/2016/1623 1620/2013/1620 1624/2017/1624
f 1624/2017/1624 1620/2013/1620 1622/2015/1622
f 1623/2016/1623 1624/2017/1624 1625/2018/1625
f 1623/2016/1623 1625/2018/1625 1626/2019/1626
f 1615/2005/1615 1627/2020/1627 1618/2008/1618
f 1591/1977/1591 1628/2021/1628 1627/2020/1627
f 1627/2020/1627 1628/2021/1628 1614/2022/1614
f 1627/2020/1627 1615/2005/1615 1629/2023/1629
f 1627/2020/1627 1614/2022/1614 1618/2008/1618
f 1619/2012/1619 1620/2013/1620 1615/2005/1615
f 1591/1977/1591 1630/2024/1630 1628/2021/1628
f 1603/1992/1603 1627/2020/1627 1629/2023/1629
f 1615/2005/1615 1620/2013/1620 1629/2023/1629
f 1614/2004/1614 1628/2025/1628 1367/1669/1367
f 1367/1669/1367 1628/2025/1628 1366/1668/1366
f 1623/2016/1623 1631/2026/1631 1629/2023/1629
f 1596/1984/1596 1608/1997/1608 1631/2026/1631
f 1632/2027/1632 1631/2026/1631 1623/2016/1623
f 1629/2023/1629 1620/2013/1620 1623/2016/1623
f 1632/2027/1632 1623/2016/1623 1626/2019/1626
f 1632/2027/1632 1626/2019/1626 1602/1991/1602
f 1631/2026/1631 1608/1997/1608 1607/1996/1607
f 1631/2026/1631 1607/1996/1607 1629/2023/1629
f 1629/2023/1629 1607/1996/1607 1603/1992/1603
f 1602/1991/1602 1631/2026/1631 1632/2027/1632
f 1596/1984/1596 1631/2026/1631 1602/1991/1602
f 1626/2019/1626 1633/2028/1633 1634/2029/1634
f 1634/2029/1634 1633/2028/1633 763/910/763
f 1635/2030/1635 1636/2031/1636 1633/2028/1633
f 1635/2032/1635 1637/2033/1637 1636/2034/1636
f 1636/2034/1636 1638/2035/1638 1639/2036/1639
f 1637/2033/1637 1638/2035/1638 1636/2034/1636
f 1625/2018/1625 1633/2028/1633 1626/2019/1626
f 1633/2028/1633 1625/2018/1625 1635/2030/1635
f 1624/2037/1624 1622/2038/1622 1640/2039/1640
f 1641/2040/1641 1640/2039/1640 1622/2038/1622
f 1622/2038/1622 1642/2041/1642 1641/2040/1641
f 1635/2042/1635 1625/2043/1625 1640/2039/1640
f 1640/2044/1640 1637/2033/1637 1635/2032/1635
f 1624/2037/1624 1640/2039/1640 1625/2043/1625
f 1640/2039/1640 1641/2040/1641 1643/2045/1643
f 1638/2035/1638 1637/2033/1637 1644/2046/1644
f 1594/1982/1594 1583/1967/1583 1584/1969/1584
f 1589/1974/1589 1587/1972/1587 1581/1965/1581
f 1591/1977/1591 1369/1976/1369 1630/2024/1630
f 1603/1992/1603 1591/1977/1591 1627/2020/1627
f 1594/1982/1594 1589/1974/1589 1583/1967/1583
f 1606/1995/1606 1603/1992/1603 1607/1996/1607
f 1608/1997/1608 1605/1994/1605 1607/1996/1607
f 1626/2019/1626 1634/2029/1634 1602/1991/1602
f 1645/2047/1645 1638/2035/1638 1644/2046/1644
f 1646/2048/1646 1647/2049/1647 1613/2002/1613
f 1648/2050/1648 1612/2001/1612 1647/2049/1647
f 1613/2002/1613 1647/2049/1647 1612/2001/1612
f 1649/2051/1649 1613/2002/1613 1456/1787/1456
f 1613/2002/1613 1649/2051/1649 1646/2048/1646
f 1650/2052/1650 1651/2053/1651 1652/2054/1652
f 1653/2055/1653 1652/2054/1652 1569/2056/1569
f 1649/2057/1649 1654/2058/1654 1646/2059/1646
f 1652/2054/1652 1654/2060/1654 1569/2056/1569
f 1651/2053/1651 1654/2060/1654 1652/2054/1652
f 1655/2061/1655 1656/2062/1656 1657/2063/1657
f 1656/2062/1656 1651/2053/1651 1650/2052/1650
f 1651/2064/1651 1646/2059/1646 1654/2058/1654
f 1651/2053/1651 1656/2062/1656 1648/2065/1648
f 1656/2062/1656 1655/2061/1655 1648/2065/1648
f 1651/2066/1651 1648/2050/1648 1647/2049/1647
f 1646/2048/1646 1651/2066/1651 1647/2049/1647
f 1653/2055/1653 1658/2067/1658 1652/2054/1652
f 1652/2054/1652 1659/2068/1659 1660/2069/1660
f 1661/2070/1661 1662/2071/1662 1663/2072/1663
f 1661/2073/1661 1664/2074/1664 1665/2075/1665
f 1662/2076/1662 1661/2073/1661 1665/2075/1665
f 1660/2069/1660 1659/2068/1659 1661/2070/1661
f 1659/2068/1659 1664/2077/1664 1661/2070/1661
f 1662/2071/1662 1666/2078/1666 1663/2072/1663
f 1664/2077/1664 1659/2068/1659 1667/2079/1667
f 1668/2080/1668 1669/2081/1669 1670/2082/1670
f 1668/2080/1668 1670/2082/1670 1671/2083/1671
f 1666/2084/1666 1672/2085/1672 1673/2086/1673
f 1666/2084/1666 1662/2087/1662 1672/2085/1672
f 1662/2076/1662 1665/2075/1665 1674/2088/1674
f 1675/2089/1675 1662/2087/1662 1674/2090/1674
f 1672/2085/1672 1662/2087/1662 1675/2089/1675
f 1664/2074/1664 1667/2091/1667 1665/2075/1665
f 1667/2079/1667 1659/2068/1659 1676/2092/1676
f 1676/2092/1676 1659/2068/1659 1658/2067/1658
f 1667/2079/1667 1676/2092/1676 1677/2093/1677
f 1677/2093/1677 1678/2094/1678 1667/2079/1667
f 1665/2075/1665 1667/2091/1667 1679/2095/1679
f 1650/2052/1650 1652/2054/1652 1660/2069/1660
f 1680/2096/1680 1650/2052/1650 1660/2069/1660
f 1681/2097/1681 1669/2081/1669 1668/2080/1668
f 1668/2080/1668 1682/2098/1682 1681/2097/1681
f 1666/2078/1666 1683/2099/1683 1663/2072/1663
f 1684/2100/1684 1685/2101/1685 1686/2102/1686
f 1673/2086/1673 1686/2103/1686 1687/2104/1687
f 1687/2105/1687 1686/2102/1686 1685/2101/1685
f 1687/2105/1687 1685/2101/1685 1666/2106/1666
f 1688/2107/1688 1689/2108/1689 1690/2109/1690
f 1690/2109/1690 1683/2110/1683 1685/2101/1685
f 1691/2111/1691 1689/2108/1689 1688/2107/1688
f 1660/2069/1660 1661/2070/1661 1663/2072/1663
f 1683/2099/1683 1689/2112/1689 1663/2072/1663
f 1683/2110/1683 1666/2106/1666 1685/2101/1685
f 1690/2109/1690 1689/2108/1689 1683/2110/1683
f 1691/2111/1691 1682/2098/1682 1680/2113/1680
f 1689/2112/1689 1680/2096/1680 1663/2072/1663
f 1663/2072/1663 1680/2096/1680 1660/2069/1660
f 1680/2113/1680 1689/2108/1689 1691/2111/1691
f 1666/2084/1666 1673/2086/1673 1687/2104/1687
f 1658/2067/1658 1659/2068/1659 1652/2054/1652
f 1682/2098/1682 1691/2111/1691 1681/2097/1681
f 1692/2114/1692 1693/2115/1693 1694/2116/1694
f 1694/2116/1694 1693/2115/1693 1695/2117/1695
f 1693/2115/1693 1671/2118/1671 1695/2117/1695
f 1692/2119/1692 1696/2120/1696 1693/2121/1693
f 1694/2116/1694 1695/2117/1695 1697/2122/1697
f 1696/2120/1696 1692/2119/1692 1657/2123/1657
f 1657/2063/1657 1656/2062/1656 1650/2052/1650
f 1692/2114/1692 1698/2124/1698 1657/2125/1657
f 1692/2114/1692 1694/2116/1694 1698/2124/1698
f 1699/2126/1699 1641/2040/1641 1642/2041/1642
f 1698/2124/1698 1700/2127/1700 1657/2125/1657
f 1698/2124/1698 1701/2128/1701 1700/2127/1700
f 1699/2126/1699 1642/2041/1642 1701/2128/1701
f 1694/2116/1694 1701/2128/1701 1698/2124/1698
f 1702/2129/1702 1699/2126/1699 1703/2130/1703
f 1694/2116/1694 1704/2131/1704 1701/2128/1701
f 1704/2131/1704 1699/2126/1699 1701/2128/1701
f 1642/2041/1642 1621/2132/1621 1700/2127/1700
f 1701/2128/1701 1642/2041/1642 1700/2127/1700
f 1643/2045/1643 1641/2040/1641 1702/2129/1702
f 1702/2129/1702 1641/2040/1641 1699/2126/1699
f 1697/2122/1697 1704/2131/1704 1694/2116/1694
f 1705/2133/1705 1699/2126/1699 1704/2131/1704
f 1655/2061/1655 1700/2134/1700 1619/2135/1619
f 1695/2117/1695 1671/2118/1671 1670/2136/1670
f 1693/2121/1693 1668/2080/1668 1671/2083/1671
f 1657/2063/1657 1650/2052/1650 1680/2096/1680
f 1668/2080/1668 1696/2120/1696 1682/2098/1682
f 1657/2123/1657 1680/2113/1680 1696/2120/1696
f 1696/2120/1696 1680/2113/1680 1682/2098/1682
f 1657/2063/1657 1700/2134/1700 1655/2061/1655
f 1668/2080/1668 1693/2121/1693 1696/2120/1696
f 1669/2081/1669 1706/2137/1706 1670/2082/1670
f 1670/2136/1670 1707/2138/1707 1708/2139/1708
f 1705/2133/1705 1704/2131/1704 1709/2140/1709
f 1706/2141/1706 1707/2138/1707 1670/2136/1670
f 1670/2136/1670 1708/2139/1708 1695/2117/1695
f 1710/2142/1710 1702/2129/1702 1703/2130/1703
f 1709/2140/1709 1704/2131/1704 1697/2122/1697
f 1708/2139/1708 1697/2122/1697 1695/2117/1695
f 1688/2107/1688 1690/2109/1690 1711/2143/1711
f 1711/2143/1711 1690/2109/1690 1685/2101/1685
f 1684/2100/1684 1686/2102/1686 1712/2144/1712
f 1710/2142/1710 1643/2045/1643 1702/2129/1702
f 1643/2145/1643 1710/2146/1710 1713/2147/1713
f 1699/2126/1699 1705/2133/1705 1703/2130/1703
f 1714/2148/1714 1665/2075/1665 1679/2095/1679
f 1715/2149/1715 1679/2095/1679 1678/2150/1678
f 1678/2150/1678 1716/2151/1716 1717/2152/1717
f 1677/2093/1677 1718/2153/1718 1470/1802/1470
f 1715/2149/1715 1714/2148/1714 1679/2095/1679
f 1674/2090/1674 1719/2154/1719 1720/2155/1720
f 1714/2156/1714 1719/2154/1719 1674/2090/1674
f 1714/2157/1714 1721/2158/1721 1719/2159/1719
f 1715/2149/1715 1721/2160/1721 1714/2148/1714
f 1675/2089/1675 1674/2090/1674 1722/2161/1722
f 1678/2150/1678 1717/2152/1717 1715/2149/1715
f 1723/2162/1723 1565/1933/1565 1724/2163/1724
f 1725/2164/1725 1726/2165/1726 1724/2166/1724
f 1727/2167/1727 1728/2168/1728 1729/2169/1729
f 1730/2170/1730 1725/2164/1725 1731/2171/1731
f 1732/2172/1732 1733/2173/1733 1734/2174/1734
f 1724/2163/1724 1565/1933/1565 1731/2175/1731
f 1735/2176/1735 1553/1916/1553 1530/1882/1530
f 1736/2177/1736 1734/2174/1734 1737/2178/1737
f 1738/2179/1738 1734/2174/1734 1736/2177/1736
f 1737/2178/1737 1734/2174/1734 1739/2180/1739
f 1740/2181/1740 1741/2182/1741 1738/2183/1738
f 1742/2184/1742 1730/2170/1730 1743/2185/1743
f 1529/1881/1529 1505/1850/1505 1504/1849/1504
f 1744/2186/1744 1745/2187/1745 1746/2188/1746
f 1747/2189/1747 1748/2190/1748 1540/1898/1540
f 1730/2170/1730 1749/2191/1749 1750/2192/1750
f 1749/2191/1749 1730/2170/1730 1751/2193/1751
f 1565/1933/1565 1743/2194/1743 1731/2175/1731
f 1741/2182/1741 1751/2193/1751 1752/2195/1752
f 1753/2196/1753 1752/2195/1752 1732/2197/1732
f 1730/2170/1730 1750/2192/1750 1725/2164/1725
f 1750/2192/1750 1744/2186/1744 1725/2164/1725
f 1754/2198/1754 1722/2161/1722 1755/2199/1755
f 1722/2161/1722 1674/2090/1674 1720/2155/1720
f 1725/2164/1725 1755/2199/1755 1726/2165/1726
f 1756/2200/1756 1757/2201/1757 1758/2202/1758
f 1758/2203/1758 1757/2204/1757 1759/2205/1759
f 1760/2206/1760 1761/2207/1761 1757/2204/1757
f 1762/2208/1762 1763/2209/1763 1764/2210/1764
f 1765/2211/1765 1763/2209/1763 1762/2208/1762
f 1766/2212/1766 1767/2213/1767 1768/2214/1768
f 1769/2215/1769 1770/2216/1770 1766/2212/1766
f 1771/2217/1771 1772/2218/1772 1773/2219/1773
f 1773/2219/1773 1774/2220/1774 1775/2221/1775
f 1758/2203/1758 1759/2205/1759 1776/2222/1776
f 1774/2220/1774 1772/2218/1772 1777/2223/1777
f 1777/2223/1777 1778/2224/1778 1774/2220/1774
f 1774/2220/1774 1773/2219/1773 1772/2218/1772
f 1774/2220/1774 1778/2224/1778 1779/2225/1779
f 1759/2205/1759 1708/2139/1708 1707/2138/1707
f 1756/2200/1756 1669/2081/1669 1772/2218/1772
f 1761/2207/1761 1708/2139/1708 1759/2205/1759
f 1706/2137/1706 1756/2200/1756 1776/2226/1776
f 1772/2218/1772 1669/2081/1669 1777/2223/1777
f 1780/2227/1780 1708/2139/1708 1761/2207/1761
f 1708/2139/1708 1780/2227/1780 1781/2228/1781
f 1669/2081/1669 1756/2200/1756 1706/2137/1706
f 1776/2226/1776 1756/2200/1756 1758/2202/1758
f 1706/2141/1706 1776/2222/1776 1707/2138/1707
f 1707/2138/1707 1776/2222/1776 1759/2205/1759
f 1763/2209/1763 1782/2229/1782 1764/2210/1764
f 1763/2209/1763 1783/2230/1783 1782/2229/1782
f 1784/2231/1784 1785/2232/1785 1786/2233/1786
f 1786/2233/1786 1787/2234/1787 1788/2235/1788
f 1786/2233/1786 1785/2232/1785 1787/2234/1787
f 1783/2230/1783 1788/2235/1788 1787/2234/1787
f 1789/2236/1789 1790/2237/1790 1784/2231/1784
f 1785/2232/1785 1784/2231/1784 1790/2237/1790
f 1764/2210/1764 1780/2227/1780 1761/2207/1761
f 1791/2238/1791 1774/2220/1774 1768/2214/1768
f 1774/2220/1774 1779/2225/1779 1768/2214/1768
f 1768/2214/1768 1779/2225/1779 1792/2239/1792
f 1769/2215/1769 1766/2212/1766 1768/2214/1768
f 1768/2214/1768 1793/2240/1793 1769/2215/1769
f 1793/2240/1793 1768/2214/1768 1792/2239/1792
f 1783/2230/1783 1794/2241/1794 1782/2229/1782
f 1764/2210/1764 1782/2229/1782 1780/2227/1780
f 1709/2140/1709 1697/2122/1697 1781/2228/1781
f 1794/2241/1794 1781/2228/1781 1782/2229/1782
f 1780/2227/1780 1782/2229/1782 1781/2228/1781
f 1781/2228/1781 1794/2241/1794 1795/2242/1795
f 1795/2242/1795 1709/2140/1709 1781/2228/1781
f 1708/2139/1708 1781/2228/1781 1697/2122/1697
f 1796/2243/1796 1709/2140/1709 1795/2242/1795
f 1769/2244/1769 1784/2231/1784 1770/2245/1770
f 1797/2246/1797 1784/2231/1784 1769/2244/1769
f 1793/2240/1793 1797/2247/1797 1769/2215/1769
f 1794/2241/1794 1783/2230/1783 1787/2234/1787
f 1787/2234/1787 1785/2232/1785 1794/2241/1794
f 1785/2232/1785 1790/2237/1790 1798/2248/1798
f 1785/2232/1785 1798/2248/1798 1794/2241/1794
f 1794/2241/1794 1798/2248/1798 1795/2242/1795
f 1798/2248/1798 1790/2237/1790 1799/2249/1799
f 1798/2248/1798 1796/2243/1796 1795/2242/1795
f 1799/2249/1799 1796/2243/1796 1798/2248/1798
f 1800/2250/1800 1778/2224/1778 1681/2097/1681
f 1801/2251/1801 1802/2252/1802 1803/2253/1803
f 1779/2225/1779 1800/2250/1800 1804/2254/1804
f 1711/2143/1711 1805/2255/1805 1801/2256/1801
f 1779/2225/1779 1778/2224/1778 1800/2250/1800
f 1800/2250/1800 1806/2257/1806 1804/2254/1804
f 1807/2258/1807 1808/2259/1808 1803/2260/1803
f 1808/2259/1808 1804/2254/1804 1806/2257/1806
f 1806/2257/1806 1801/2256/1801 1803/2260/1803
f 1809/2261/1809 1801/2262/1801 1810/2263/1810
f 1803/2260/1803 1808/2259/1808 1806/2257/1806
f 1800/2250/1800 1688/2107/1688 1806/2257/1806
f 1809/2261/1809 1811/2264/1811 1801/2262/1801
f 1711/2143/1711 1801/2256/1801 1806/2257/1806
f 1801/2262/1801 1805/2265/1805 1812/2266/1812
f 1789/2236/1789 1807/2267/1807 1802/2252/1802
f 1803/2253/1803 1802/2252/1802 1807/2267/1807
f 1801/2262/1801 1812/2266/1812 1810/2263/1810
f 1789/2236/1789 1802/2252/1802 1790/2237/1790
f 1778/2224/1778 1777/2223/1777 1681/2097/1681
f 1813/2268/1813 1811/2264/1811 1809/2261/1809
f 1802/2252/1802 1814/2269/1814 1703/2130/1703
f 1813/2268/1813 1815/2270/1815 1811/2264/1811
f 1814/2269/1814 1802/2252/1802 1811/2271/1811
f 1815/2272/1815 1814/2269/1814 1811/2271/1811
f 1802/2252/1802 1801/2251/1801 1811/2271/1811
f 1813/2268/1813 1816/2273/1816 1815/2270/1815
f 1799/2249/1799 1802/2252/1802 1703/2130/1703
f 1802/2252/1802 1799/2249/1799 1790/2237/1790
f 1816/2274/1816 1710/2146/1710 1815/2275/1815
f 1792/2239/1792 1804/2254/1804 1808/2259/1808
f 1805/2255/1805 1712/2144/1712 1817/2276/1817
f 1807/2258/1807 1797/2247/1797 1808/2259/1808
f 1818/2277/1818 1809/2261/1809 1810/2263/1810
f 1792/2239/1792 1808/2259/1808 1797/2247/1797
f 1818/2277/1818 1810/2263/1810 1819/2278/1819
f 1819/2278/1819 1820/2279/1820 1818/2277/1818
f 1821/2280/1821 1809/2261/1809 1818/2277/1818
f 1820/2279/1820 1821/2280/1821 1818/2277/1818
f 1807/2267/1807 1789/2236/1789 1797/2246/1797
f 1799/2249/1799 1703/2130/1703 1705/2133/1705
f 1796/2243/1796 1799/2249/1799 1705/2133/1705
f 1822/2281/1822 1820/2279/1820 1823/2282/1823
f 1819/2278/1819 1823/2282/1823 1820/2279/1820
f 1824/2283/1824 1825/2284/1825 1826/2285/1826
f 1813/2268/1813 1827/2286/1827 1816/2273/1816
f 1813/2268/1813 1828/2287/1828 1827/2286/1827
f 1828/2287/1828 1829/2288/1829 1827/2286/1827
f 1816/2273/1816 1827/2286/1827 1830/2289/1830
f 1831/2290/1831 1832/2291/1832 1833/2292/1833
f 1834/2293/1834 1831/2294/1831 907/1101/907
f 1835/2295/1835 1836/2296/1836 1827/2286/1827
f 1827/2286/1827 1836/2296/1836 1830/2289/1830
f 1830/2297/1830 1836/2298/1836 1834/2293/1834
f 1834/2293/1834 1713/2147/1713 1830/2297/1830
f 907/1101/907 1644/2046/1644 1834/2293/1834
f 1832/2291/1832 1836/2296/1836 1835/2295/1835
f 1836/2296/1836 1832/2291/1832 1831/2290/1831
f 909/1104/909 907/1101/907 1831/2294/1831
f 1831/2294/1831 1834/2293/1834 1836/2298/1836
f 812/974/812 909/1104/909 1833/2299/1833
f 909/1104/909 1831/2294/1831 1833/2299/1833
f 834/1003/834 1833/2292/1833 1832/2291/1832
f 1822/2281/1822 1837/2300/1837 1820/2279/1820
f 1820/2279/1820 1837/2300/1837 1838/2301/1838
f 1839/2302/1839 1825/2303/1825 883/1077/883
f 913/2304/913 1840/2305/1840 1841/2306/1841
f 1825/2303/1825 1839/2302/1839 1841/2307/1841
f 1839/2302/1839 915/1111/915 1841/2307/1841
f 1825/2284/1825 1841/2306/1841 1840/2305/1840
f 1826/2285/1826 1837/2308/1837 1822/2309/1822
f 1826/2285/1826 1840/2305/1840 1837/2308/1837
f 1838/2310/1838 1837/2308/1837 1840/2305/1840
f 1820/2279/1820 1838/2301/1838 1821/2280/1821
f 1828/2287/1828 1813/2268/1813 1821/2280/1821
f 1821/2280/1821 1838/2301/1838 1842/2311/1842
f 1826/2285/1826 1825/2284/1825 1840/2305/1840
f 1771/2217/1771 1756/2200/1756 1772/2218/1772
f 1788/2235/1788 1770/2245/1770 1786/2233/1786
f 1775/2221/1775 1774/2220/1774 1791/2238/1791
f 1757/2204/1757 1761/2207/1761 1759/2205/1759
f 1784/2231/1784 1786/2233/1786 1770/2245/1770
f 1792/2239/1792 1797/2247/1797 1793/2240/1793
f 1792/2239/1792 1779/2225/1779 1804/2254/1804
f 1821/2280/1821 1813/2268/1813 1809/2261/1809
f 1797/2246/1797 1789/2236/1789 1784/2231/1784
f 883/1077/883 1825/2303/1825 1824/2312/1824
f 1843/2313/1843 1844/2314/1844 1845/2315/1845
f 1846/2316/1846 1844/2317/1844 1843/2318/1843
f 1847/2319/1847 1757/2201/1757 1771/2217/1771
f 1848/2320/1848 1762/2208/1762 1764/2210/1764
f 1848/2320/1848 1764/2210/1764 1761/2207/1761
f 1848/2320/1848 1761/2207/1761 1760/2206/1760
f 1847/2319/1847 1849/2321/1849 1850/2322/1850
f 1850/2322/1850 1757/2201/1757 1847/2319/1847
f 1760/2206/1760 1850/2323/1850 1848/2320/1848
f 1850/2323/1850 1760/2206/1760 1757/2204/1757
f 1847/2319/1847 1773/2219/1773 1775/2221/1775
f 1775/2221/1775 1851/2324/1851 1847/2319/1847
f 1851/2324/1851 1852/2325/1852 1847/2319/1847
f 1853/2326/1853 1783/2230/1783 1765/2211/1765
f 1854/2327/1854 1853/2326/1853 1765/2211/1765
f 1855/2328/1855 1854/2327/1854 1765/2211/1765
f 1852/2325/1852 1851/2324/1851 1767/2213/1767
f 1853/2326/1853 1788/2235/1788 1783/2230/1783
f 1856/2329/1856 1762/2208/1762 1848/2320/1848
f 1857/2330/1857 1858/2331/1858 1766/2212/1766
f 1852/2325/1852 1767/2213/1767 1859/2332/1859
f 1854/2327/1854 1860/2333/1860 1861/2334/1861
f 1858/2331/1858 1859/2332/1859 1767/2213/1767
f 1767/2213/1767 1766/2212/1766 1858/2331/1858
f 1600/1988/1600 1585/1970/1585 1601/1989/1601
f 1849/2321/1849 1862/2335/1862 1850/2322/1850
f 1856/2329/1856 1850/2323/1850 1863/2336/1863
f 1848/2320/1848 1850/2323/1850 1856/2329/1856
f 1859/2332/1859 1858/2331/1858 1861/2337/1861
f 1857/2338/1857 1788/2235/1788 1853/2326/1853
f 1861/2337/1861 1858/2331/1858 1857/2330/1857
f 1861/2334/1861 1857/2338/1857 1854/2327/1854
f 1854/2327/1854 1857/2338/1857 1853/2326/1853
f 1847/2319/1847 1852/2325/1852 1864/2339/1864
f 1849/2321/1849 1847/2319/1847 1864/2339/1864
f 1856/2329/1856 1765/2211/1765 1762/2208/1762
f 1864/2339/1864 1852/2325/1852 1859/2332/1859
f 1855/2328/1855 1860/2333/1860 1854/2327/1854
f 1860/2340/1860 1865/2341/1865 1864/2339/1864
f 1864/2339/1864 1865/2341/1865 1849/2321/1849
f 1866/2342/1866 1849/2321/1849 1865/2341/1865
f 1867/2343/1867 1866/2344/1866 1865/2345/1865
f 1866/2344/1866 1867/2343/1867 1863/2336/1863
f 1855/2328/1855 1863/2336/1863 1867/2343/1867
f 1860/2340/1860 1864/2339/1864 1859/2332/1859
f 1859/2332/1859 1861/2337/1861 1860/2340/1860
f 1867/2343/1867 1860/2333/1860 1855/2328/1855
f 1860/2333/1860 1867/2343/1867 1865/2345/1865
f 1855/2328/1855 1765/2211/1765 1856/2329/1856
f 1856/2329/1856 1863/2336/1863 1855/2328/1855
f 1866/2342/1866 1862/2335/1862 1849/2321/1849
f 1712/2346/1712 1868/2347/1868 1817/2348/1817
f 1817/2349/1817 1869/2350/1869 1812/2266/1812
f 895/1089/895 1870/2351/1870 903/1097/903
f 1824/2312/1824 1870/2351/1870 895/1089/895
f 1871/2352/1871 1872/2353/1872 1870/2354/1870
f 1872/2353/1872 903/2355/903 1870/2354/1870
f 1873/2356/1873 1874/2357/1874 1875/2358/1875
f 1817/2348/1817 1875/2358/1875 1869/2359/1869
f 1812/2266/1812 1869/2350/1869 1876/2360/1876
f 1875/2358/1875 1868/2347/1868 1877/2361/1877
f 1878/2362/1878 1879/2363/1879 1880/2364/1880
f 1876/2360/1876 1881/2365/1881 1812/2266/1812
f 1872/2353/1872 1871/2352/1871 1882/2366/1882
f 903/2355/903 1872/2353/1872 904/2367/904
f 1883/2368/1883 1878/2362/1878 1884/2369/1884
f 914/1109/914 895/1089/895 903/1097/903
f 1873/2356/1873 1885/2370/1885 902/1096/902
f 902/1096/902 1885/2370/1885 914/1109/914
f 1886/2371/1886 1881/2365/1881 1887/2372/1887
f 904/1098/904 1869/2359/1869 1874/2357/1874
f 1881/2365/1881 1876/2360/1876 904/2373/904
f 904/2373/904 1876/2360/1876 1869/2350/1869
f 1888/2374/1888 1746/2188/1746 1877/2361/1877
f 1824/2283/1824 1871/2352/1871 1870/2354/1870
f 895/1089/895 883/1077/883 1824/2312/1824
f 1889/2375/1889 1890/2376/1890 1880/2364/1880
f 1891/2377/1891 1892/2378/1892 1893/2379/1893
f 1894/2380/1894 1846/2316/1846 1823/2282/1823
f 1895/2381/1895 1882/2366/1882 1845/2315/1845
f 1896/2382/1896 1895/2381/1895 1845/2315/1845
f 1846/2383/1846 1845/2315/1845 1897/2384/1897
f 1897/2384/1897 1845/2315/1845 1882/2366/1882
f 1894/2380/1894 1823/2282/1823 1819/2278/1819
f 1846/2316/1846 1898/2385/1898 1823/2282/1823
f 1897/2384/1897 1826/2285/1826 1822/2309/1822
f 1871/2352/1871 1897/2384/1897 1882/2366/1882
f 1897/2384/1897 1898/2386/1898 1846/2383/1846
f 1871/2352/1871 1826/2285/1826 1897/2384/1897
f 1846/2316/1846 1894/2380/1894 1844/2317/1844
f 1843/2313/1843 1845/2315/1845 1846/2383/1846
f 1844/2317/1844 1894/2380/1894 1899/2387/1899
f 1886/2371/1886 1894/2380/1894 1819/2278/1819
f 1900/2388/1900 1894/2380/1894 1887/2372/1887
f 1896/2382/1896 1845/2315/1845 1844/2314/1844
f 1898/2386/1898 1897/2384/1897 1822/2309/1822
f 884/1078/884 1839/2302/1839 883/1077/883
f 1770/2245/1770 1788/2235/1788 1857/2338/1857
f 1766/2212/1766 1770/2216/1770 1857/2330/1857
f 1791/2238/1791 1768/2214/1768 1767/2213/1767
f 1756/2200/1756 1771/2217/1771 1757/2201/1757
f 1812/2266/1812 1805/2265/1805 1817/2349/1817
f 1810/2263/1810 1812/2266/1812 1886/2371/1886
f 1822/2281/1822 1823/2282/1823 1898/2385/1898
f 1826/2285/1826 1871/2352/1871 1824/2283/1824
f 1765/2211/1765 1783/2230/1783 1763/2209/1763
f 1847/2319/1847 1771/2217/1771 1773/2219/1773
f 1791/2238/1791 1851/2324/1851 1775/2221/1775
f 1851/2324/1851 1791/2238/1791 1767/2213/1767
f 1810/2263/1810 1886/2371/1886 1819/2278/1819
f 883/1077/883 895/1089/895 242/275/242
f 1901/2389/1901 1896/2382/1896 1902/2390/1902
f 1903/2391/1903 1904/2392/1904 1905/2393/1905
f 1906/2394/1906 1907/2395/1907 1908/2396/1908
f 1885/2370/1885 1889/2375/1889 1909/2397/1909
f 1878/2362/1878 1883/2368/1883 1910/2398/1910
f 1911/2399/1911 1912/2400/1912 243/276/243
f 1754/2198/1754 1755/2199/1755 1744/2186/1744
f 1913/2401/1913 1914/2402/1914 1915/2403/1915
f 1916/2404/1916 1917/2405/1917 1918/2406/1918
f 1919/2407/1919 1879/2363/1879 1920/2408/1920
f 1921/2409/1921 1922/2410/1922 1923/2411/1923
f 1891/2377/1891 1924/2412/1924 1925/2413/1925
f 1920/2408/1920 1910/2398/1910 1926/2414/1926
f 1927/2415/1927 1928/2416/1928 1920/2408/1920
f 1921/2409/1921 1929/2417/1929 1928/2416/1928
f 1749/2191/1749 1744/2186/1744 1750/2192/1750
f 1930/2418/1930 1931/2419/1931 1903/2391/1903
f 1540/1898/1540 1932/2420/1932 1933/2421/1933
f 1934/2422/1934 1935/2423/1935 1936/2424/1936
f 1883/2368/1883 1746/2188/1746 1745/2187/1745
f 1937/2425/1937 1938/2426/1938 1939/2427/1939
f 1940/2428/1940 1941/2429/1941 1942/2430/1942
f 888/1082/888 887/1081/887 244/277/244
f 1943/2431/1943 1058/1266/1058 1060/1269/1060
f 243/276/243 896/1090/896 1944/2432/1944
f 896/1090/896 895/1089/895 914/1109/914
f 974/1174/974 1014/1214/1014 1042/1243/1042
f 1945/2433/1945 1946/2434/1946 1947/2435/1947
f 1056/1264/1056 1023/1224/1023 1013/1213/1013
f 1948/2436/1948 1949/2437/1949 1947/2435/1947
f 1950/2438/1950 1911/2399/1911 1951/2439/1951
f 1911/2399/1911 1952/2440/1952 1912/2400/1912
f 538/637/538 890/1084/890 539/638/539
f 1940/2428/1940 1942/2430/1942 1953/2441/1953
f 1954/2442/1954 1909/2397/1909 1942/2430/1942
f 1955/2443/1955 1956/2444/1956 1957/2445/1957
f 1955/2443/1955 1958/2446/1958 1956/2444/1956
f 1959/2447/1959 1960/2448/1960 1961/2449/1961
f 1962/2450/1962 1956/2444/1956 1958/2446/1958
f 889/1083/889 1963/2451/1963 888/1082/888
f 899/1093/899 684/826/684 901/1095/901
f 1728/2168/1728 1924/2412/1924 1964/2452/1964
f 1965/2453/1965 1729/2169/1729 1728/2168/1728
f 639/781/639 1966/2454/1966 1967/2455/1967
f 1968/2456/1968 1940/2428/1940 1953/2441/1953
f 1969/2457/1969 1970/2458/1970 1971/2459/1971
f 1970/2458/1970 918/1114/918 1972/2460/1972
f 1969/2457/1969 918/1114/918 1970/2458/1970
f 983/1183/983 973/1173/973 1959/2447/1959
f 1963/2451/1963 1071/1284/1071 1009/1209/1009
f 1060/1269/1060 1061/1270/1061 1973/2461/1973
f 1941/2429/1941 1940/2428/1940 1729/2169/1729
f 1972/2460/1972 983/1183/983 982/1182/982
f 1972/2460/1972 982/1182/982 1970/2458/1970
f 971/1171/971 983/1183/983 1972/2460/1972
f 893/1087/893 969/1169/969 1971/2459/1971
f 969/1169/969 1969/2457/1969 1971/2459/1971
f 1966/2454/1966 1973/2461/1973 1967/2455/1967
f 916/1112/916 918/1114/918 980/1180/980
f 968/1168/968 980/1180/980 969/1169/969
f 1942/2430/1942 1941/2429/1941 1974/2462/1974
f 981/1181/981 980/1180/980 968/1168/968
f 1975/2463/1975 1960/2448/1960 1976/2464/1976
f 637/779/637 639/781/639 1975/2463/1975
f 1945/2433/1945 892/1086/892 894/1088/894
f 1977/2465/1977 1978/2466/1978 1979/2467/1979
f 1977/2465/1977 1979/2467/1979 1980/2468/1980
f 1939/2427/1939 893/1087/893 1937/2425/1937
f 731/873/731 1051/1258/1051 1069/1282/1069
f 982/1182/982 1977/2465/1977 1971/2459/1971
f 1977/2465/1977 1980/2468/1980 1937/2425/1937
f 1054/1261/1054 1009/1209/1009 1071/1284/1071
f 1981/2469/1981 981/1181/981 1948/2436/1948
f 1942/2430/1942 1974/2462/1974 1981/2469/1981
f 1973/2461/1973 1966/2454/1966 1943/2431/1943
f 964/1164/964 994/1194/994 978/1178/978
f 1926/2414/1926 1910/2398/1910 1745/2187/1745
f 1982/2470/1982 1983/2471/1983 971/1171/971
f 1983/2471/1983 1930/2418/1930 1984/2472/1984
f 1934/2422/1934 1985/2473/1985 1986/2474/1986
f 1934/2422/1934 1986/2474/1986 1935/2423/1935
f 1965/2453/1965 1964/2452/1964 1986/2474/1986
f 1728/2168/1728 1987/2475/1987 1924/2412/1924
f 1986/2474/1986 1988/2476/1988 1965/2453/1965
f 1924/2412/1924 1989/2477/1989 1964/2452/1964
f 1990/2478/1990 1935/2423/1935 1989/2477/1989
f 639/781/639 1967/2455/1967 1991/2479/1991
f 918/1114/918 917/1113/917 1982/2470/1982
f 1728/2168/1728 1964/2452/1964 1965/2453/1965
f 1988/2476/1988 1992/2480/1992 1974/2462/1974
f 1988/2476/1988 1986/2474/1986 1992/2480/1992
f 1973/2461/1973 1061/1270/1061 1978/2466/1978
f 1946/2434/1946 1956/2444/1956 1947/2435/1947
f 967/1167/967 1071/1284/1071 1955/2443/1955
f 892/1086/892 1945/2433/1945 968/1168/968
f 1992/2480/1992 1981/2469/1981 1974/2462/1974
f 971/1171/971 1972/2460/1972 1982/2470/1982
f 1993/2481/1993 1094/1315/1094 1571/1955/1571
f 1571/1955/1571 1094/1315/1094 1573/1952/1573
f 1573/1952/1573 1094/1315/1094 1096/1317/1096
f 429/523/429 1578/1960/1578 1586/1971/1586
f 1580/1962/1580 1582/1968/1582 1583/1967/1583
f 1587/1972/1587 1579/1961/1579 1581/1965/1581
f 1580/1962/1580 1583/1967/1583 1576/1956/1576
f 1587/1972/1587 1578/1960/1578 1579/1961/1579
f 1655/2061/1655 1617/2482/1617 1616/2483/1616
f 1616/2009/1616 1612/2001/1612 1648/2050/1648
f 1619/2012/1619 1621/2014/1621 1620/2013/1620
f 1619/2135/1619 1617/2482/1617 1655/2061/1655
f 1622/2038/1622 1621/2132/1621 1642/2041/1642
f 1637/2033/1637 1640/2044/1640 1643/2145/1643
f 1643/2145/1643 1713/2147/1713 1637/2033/1637
f 1644/2046/1644 1637/2033/1637 1713/2147/1713
f 1814/2269/1814 1710/2142/1710 1703/2130/1703
f 1684/2100/1684 1711/2143/1711 1685/2101/1685
f 1830/2297/1830 1713/2147/1713 1710/2146/1710
f 1711/2143/1711 1684/2100/1684 1805/2255/1805
f 1777/2223/1777 1669/2081/1669 1681/2097/1681
f 1691/2111/1691 1800/2250/1800 1681/2097/1681
f 1655/2061/1655 1616/2483/1616 1648/2065/1648
f 1658/2067/1658 1653/2055/1653 1994/2484/1994
f 1754/2198/1754 1672/2085/1672 1675/2089/1675
f 1673/2086/1673 1672/2085/1672 1754/2198/1754
f 1716/2485/1716 1678/2094/1678 1677/2093/1677
f 1678/2150/1678 1679/2095/1679 1667/2091/1667
f 1718/2153/1718 1676/2092/1676 1658/2067/1658
f 1700/2134/1700 1621/2486/1621 1619/2135/1619
f 1688/2107/1688 1800/2250/1800 1691/2111/1691
f 1686/2103/1686 1673/2086/1673 1888/2374/1888
f 1673/2086/1673 1754/2198/1754 1888/2374/1888
f 1665/2075/1665 1714/2148/1714 1674/2088/1674
f 1722/2161/1722 1754/2198/1754 1675/2089/1675
f 1718/2153/1718 1677/2093/1677 1676/2092/1676
f 1718/2153/1718 1658/2067/1658 1994/2484/1994
f 1563/1931/1563 1543/1901/1543 1995/2487/1995
f 1796/2243/1796 1705/2133/1705 1709/2140/1709
f 1711/2143/1711 1806/2257/1806 1688/2107/1688
f 1814/2269/1814 1815/2272/1815 1710/2142/1710
f 1710/2146/1710 1816/2274/1816 1830/2297/1830
f 1684/2100/1684 1712/2144/1712 1805/2255/1805
f 1713/2147/1713 1834/2293/1834 1644/2046/1644
f 1844/2317/1844 1899/2387/1899 1902/2488/1902
f 1896/2382/1896 1844/2314/1844 1902/2390/1902
f 904/1098/904 1874/2357/1874 902/1096/902
f 1996/2489/1996 1885/2370/1885 1909/2397/1909
f 1868/2347/1868 1888/2374/1888 1877/2361/1877
f 1895/2381/1895 1896/2382/1896 1901/2389/1901
f 1901/2389/1901 1900/2490/1900 1895/2381/1895
f 900/1094/900 891/1085/891 538/637/538
f 1868/2347/1868 1686/2103/1686 1888/2374/1888
f 1686/2103/1686 1868/2347/1868 1712/2346/1712
f 1910/2398/1910 1883/2368/1883 1745/2187/1745
f 1883/2368/1883 1997/2491/1997 1746/2188/1746
f 1920/2408/1920 1926/2414/1926 1998/2492/1998
f 1745/2187/1745 1749/2191/1749 1926/2414/1926
f 1084/2493/1084 267/306/267 234/310/234
f 1084/2493/1084 234/310/234 1078/2494/1078
f 92/110/92 94/112/94 224/253/224
f 1106/1327/1106 1105/1326/1105 1999/2495/1999
f 234/267/234 236/269/236 263/302/263
f 554/661/554 393/467/393 397/473/397
f 405/486/405 394/468/394 548/773/548
f 390/464/390 393/467/393 394/2496/394
f 549/656/549 394/2496/394 393/467/393
f 424/513/424 2000/2497/2000 417/506/417
f 628/758/628 425/516/425 407/488/407
f 635/2498/635 418/507/418 425/518/425
f 423/514/423 2000/2499/2000 422/511/422
f 421/510/421 422/511/422 494/591/494
f 417/506/417 2000/2497/2000 423/512/423
f 427/1957/427 430/524/430 416/504/416
f 394/2496/394 549/656/549 548/655/548
f 553/660/553 549/656/549 393/467/393
f 488/585/488 493/590/493 495/592/495
f 493/590/493 492/589/492 644/786/644
f 474/571/474 653/795/653 475/572/475
f 2001/2500/2001 2002/2501/2002 655/797/655
f 526/624/526 513/611/513 2003/2502/2003
f 720/862/720 516/614/516 2001/2500/2001
f 744/2503/744 532/630/532 533/632/533
f 532/2504/532 744/886/744 554/661/554
f 429/523/429 1586/1971/1586 536/635/536
f 537/636/537 1599/1987/1599 1595/1983/1595
f 537/636/537 536/635/536 1599/1987/1599
f 2004/2505/2004 535/634/535 537/636/537
f 1634/2029/1634 535/634/535 2004/2505/2004
f 1597/1985/1597 1634/2029/1634 2004/2505/2004
f 300/348/300 269/308/269 428/521/428
f 554/661/554 397/473/397 532/2504/532
f 597/711/597 1063/1272/1063 1062/1271/1062
f 393/467/393 554/661/554 553/660/553
f 634/767/634 424/513/424 629/761/629
f 424/513/424 636/771/636 629/761/629
f 636/771/636 424/513/424 418/507/418
f 635/2498/635 636/771/636 418/507/418
f 422/511/422 593/707/593 441/536/441
f 628/758/628 635/770/635 425/516/425
f 2000/2497/2000 424/513/424 634/767/634
f 628/758/628 407/488/407 405/486/405
f 422/511/422 2000/2499/2000 634/2506/634
f 506/604/506 493/590/493 488/585/488
f 603/720/603 601/715/601 643/785/643
f 651/793/651 652/794/652 496/593/496
f 654/796/654 663/805/663 650/792/650
f 2001/2500/2001 677/819/677 721/863/721
f 721/863/721 720/862/720 2001/2500/2001
f 2005/2507/2005 2006/2508/2006 2007/2509/2007
f 681/823/681 678/820/678 2008/2510/2008
f 678/820/678 691/833/691 2008/2510/2008
f 1634/2029/1634 534/633/534 535/634/535
f 756/900/756 1638/2035/1638 760/905/760
f 1639/2511/1639 761/2512/761 763/910/763
f 756/900/756 761/907/761 1639/2036/1639
f 762/909/762 763/910/763 761/2512/761
f 762/908/762 761/906/761 749/891/749
f 742/2513/742 744/2503/744 533/632/533
f 753/897/753 742/2513/742 533/632/533
f 744/886/744 745/887/745 554/661/554
f 1645/2047/1645 760/905/760 1638/2035/1638
f 763/910/763 534/633/534 1634/2029/1634
f 908/1102/908 841/1010/841 1645/2047/1645
f 836/1005/836 816/978/816 812/2514/812
f 913/1108/913 911/1106/911 1842/2311/1842
f 930/1126/930 929/1125/929 2009/2515/2009
f 2009/2515/2009 979/1179/979 1957/2445/1957
f 2010/2516/2010 967/1167/967 1955/2443/1955
f 663/805/663 656/798/656 650/792/650
f 760/905/760 1645/2047/1645 842/1012/842
f 1835/2295/1835 848/1020/848 834/1003/834
f 838/1007/838 907/1101/907 909/1104/909
f 842/1012/842 1645/2047/1645 841/1010/841
f 911/1106/911 910/1105/910 1829/2288/1829
f 911/1106/911 1829/2288/1829 1828/2287/1828
f 1829/2288/1829 910/1105/910 848/1020/848
f 1938/2426/1938 1980/2468/1980 2011/2517/2011
f 1939/2427/1939 958/1158/958 929/1125/929
f 908/1102/908 1644/2046/1644 907/1101/907
f 908/1102/908 1645/2047/1645 1644/2046/1644
f 1842/2311/1842 911/1106/911 1828/2287/1828
f 1958/2446/1958 1963/2451/1963 1962/2450/1962
f 1078/1304/1078 234/267/234 263/302/263
f 1088/1308/1088 249/282/249 247/280/247
f 249/282/249 175/199/175 250/283/250
f 239/272/239 249/282/249 1088/1308/1088
f 1100/1321/1100 1099/1320/1099 224/253/224
f 224/253/224 94/112/94 1100/1321/1100
f 1093/2518/1093 267/306/267 1084/2493/1084
f 1093/2518/1093 268/307/268 267/306/267
f 1093/1314/1093 1094/1315/1094 1993/2481/1993
f 143/163/143 246/279/246 149/169/149
f 1110/1333/1110 1568/1939/1568 1572/1950/1572
f 1568/1939/1568 1574/1953/1574 1572/1950/1572
f 1568/1939/1568 1358/1938/1358 1357/2519/1357
f 1356/1657/1356 1593/2520/1593 1355/1656/1355
f 1355/1656/1355 1593/2520/1593 2012/2521/2012
f 1350/1651/1350 1359/1660/1359 1357/1658/1357
f 1355/1656/1355 2012/2521/2012 1359/1660/1359
f 1584/2522/1584 1357/1658/1357 1359/1660/1359
f 2013/2523/2013 1367/1669/1367 1368/1670/1368
f 2014/2524/2014 1649/2051/1649 1456/1787/1456
f 2014/2524/2014 1456/1787/1456 1440/1765/1440
f 1432/1760/1432 2015/2525/2015 1454/1783/1454
f 2016/2526/2016 2015/2525/2015 1432/1760/1432
f 1452/1784/1452 1454/1783/1454 1453/2527/1453
f 2016/2526/2016 1432/1760/1432 1451/2528/1451
f 2014/2529/2014 1440/1777/1440 1569/1945/1569
f 2014/2529/2014 1569/1945/1569 1654/2058/1654
f 1994/2484/1994 1510/1856/1510 1549/1908/1549
f 1510/1856/1510 1994/2484/1994 1562/1928/1562
f 1469/1910/1469 1550/1909/1550 1716/2151/1716
f 1677/2093/1677 1470/1802/1470 1469/1801/1469
f 1564/1932/1564 1566/1934/1566 2017/2530/2017
f 1550/1909/1550 1539/1913/1539 1717/2152/1717
f 2018/2531/2018 1539/1894/1539 1538/1893/1538
f 1721/2160/1721 1715/2149/1715 1539/1913/1539
f 2018/2531/2018 1721/2158/1721 1539/1894/1539
f 1096/1317/1096 1097/1318/1097 1110/1333/1110
f 1096/1317/1096 1110/1333/1110 1572/1950/1572
f 1568/1939/1568 1582/1966/1582 1574/1953/1574
f 1454/1786/1454 2013/2523/2013 1368/1670/1368
f 1454/1783/1454 2015/2525/2015 2013/2532/2013
f 268/307/268 1093/2518/1093 1993/2533/1993
f 1993/2533/1993 269/308/269 268/307/268
f 1573/1952/1573 1096/1317/1096 1572/1950/1572
f 427/520/427 428/521/428 1575/1954/1575
f 430/524/430 427/1957/427 1577/1959/1577
f 1356/1657/1356 1354/1655/1354 1369/1671/1369
f 2013/2523/2013 1610/2003/1610 1367/1669/1367
f 1584/2522/1584 1582/2534/1582 1357/1658/1357
f 1593/1980/1593 1359/1981/1359 2012/2535/2012
f 1598/1986/1598 1595/1983/1595 1599/1987/1599
f 536/635/536 1586/1971/1586 1585/1970/1585
f 1585/1970/1585 1599/1987/1599 536/635/536
f 1597/1985/1597 537/636/537 1595/1983/1595
f 537/636/537 1597/1985/1597 2004/2505/2004
f 1369/1672/1369 1362/1663/1362 1630/2536/1630
f 1633/2028/1633 1636/2031/1636 763/910/763
f 1639/2511/1639 763/910/763 1636/2031/1636
f 1638/2035/1638 756/900/756 1639/2036/1639
f 1597/1985/1597 1602/1991/1602 1634/2029/1634
f 1362/1663/1362 1366/1668/1366 1630/2536/1630
f 1610/2003/1610 2013/2523/2013 1611/2537/1611
f 1628/2025/1628 1630/2536/1630 1366/1668/1366
f 2014/2529/2014 1654/2058/1654 1649/2057/1649
f 1562/1928/1562 1653/2055/1653 1561/1929/1561
f 1569/2056/1569 1561/1929/1561 1653/2055/1653
f 1456/1787/1456 1613/2002/1613 1451/1780/1451
f 1613/2002/1613 2016/2538/2016 1451/1780/1451
f 1470/1802/1470 1718/2153/1718 1549/1908/1549
f 1720/2539/1720 2018/2531/2018 1726/2540/1726
f 1719/2159/1719 1721/2158/1721 2018/2531/2018
f 2019/2541/2019 1565/1933/1565 1564/1932/1564
f 1717/2152/1717 1539/1913/1539 1715/2149/1715
f 1550/1909/1550 1717/2152/1717 1716/2151/1716
f 1549/1908/1549 1718/2153/1718 1994/2484/1994
f 1835/2295/1835 1827/2286/1827 1829/2288/1829
f 913/1110/913 1841/2307/1841 915/1111/915
f 1840/2305/1840 1842/2542/1842 1838/2310/1838
f 1840/2305/1840 913/2304/913 1842/2542/1842
f 930/1126/930 2009/2515/2009 894/1088/894
f 1982/2470/1982 917/1113/917 2020/2543/2020
f 1571/1949/1571 269/308/269 1993/2533/1993
f 1357/2519/1357 1582/1966/1582 1568/1939/1568
f 2015/2525/2015 1611/2544/1611 2013/2532/2013
f 2015/2545/2015 1613/2002/1613 1611/2000/1611
f 2016/2538/2016 1613/2002/1613 2015/2545/2015
f 1562/1928/1562 1994/2484/1994 1653/2055/1653
f 1716/2485/1716 1677/2093/1677 1469/1801/1469
f 834/1003/834 1832/2291/1832 1835/2295/1835
f 1833/2292/1833 836/1005/836 812/2514/812
f 812/974/812 843/1013/843 909/1104/909
f 1833/2292/1833 834/1003/834 836/1005/836
f 1821/2280/1821 1842/2311/1842 1828/2287/1828
f 1829/2288/1829 848/1020/848 1835/2295/1835
f 884/1078/884 887/1081/887 539/638/539
f 884/1078/884 915/1111/915 1839/2302/1839
f 2021/2546/2021 1978/2466/1978 1061/1270/1061
f 161/185/161 2022/2547/2022 2023/2548/2023
f 23/23/23 1146/1380/1146 1147/1381/1147
f 2024/2549/2024 2025/2550/2025 2026/2551/2026
f 2027/2552/2027 2028/2553/2028 2029/2554/2029
f 2030/2555/2030 1106/1327/1106 2031/2556/2031
f 2032/2557/2032 2033/2558/2033 2034/2559/2034
f 2033/2558/2033 2025/2550/2025 2024/2549/2024
f 2035/2560/2035 2033/2558/2033 2032/2557/2032
f 2036/2561/2036 2037/2562/2037 2038/2563/2038
f 2038/2563/2038 2039/2564/2039 2036/2561/2036
f 2040/2565/2040 2041/2566/2041 2039/2564/2039
f 2041/2566/2041 2042/2567/2042 2036/2561/2036
f 2043/2568/2043 2044/2569/2044 2045/2570/2045
f 2023/2548/2023 2022/2547/2022 2046/2571/2046
f 2047/2572/2047 2048/2573/2048 2049/2574/2049
f 2050/2575/2050 2043/2568/2043 2051/2576/2051
f 2052/2577/2052 1091/1312/1091 191/1311/191
f 2053/2578/2053 2040/2565/2040 2039/2564/2039
f 2038/2563/2038 2037/2562/2037 2054/2579/2054
f 2048/2573/2048 2047/2572/2047 2054/2579/2054
f 2039/2564/2039 2038/2563/2038 2055/2580/2055
f 259/298/259 2034/2559/2034 260/299/260
f 2032/2557/2032 2034/2559/2034 259/298/259
f 2034/2559/2034 2033/2558/2033 2024/2549/2024
f 2043/2568/2043 260/299/260 2051/2576/2051
f 2056/2581/2056 2057/2582/2057 2058/2583/2058
f 543/645/543 173/197/173 166/190/166
f 2059/2584/2059 1107/1328/1107 1106/1327/1106
f 2060/2585/2060 2061/2586/2061 2062/2587/2062
f 2063/2588/2063 2064/2589/2064 2065/2590/2065
f 2066/2591/2066 2067/2592/2067 2057/2582/2057
f 2068/2593/2068 2069/2594/2069 2070/2595/2070
f 2023/2548/2023 2046/2571/2046 2071/2596/2071
f 2072/2597/2072 2073/2598/2073 2067/2592/2067
f 2058/2583/2058 2074/2599/2074 2075/2600/2075
f 2076/2601/2076 2077/2602/2077 2078/2603/2078
f 2056/2581/2056 2079/2604/2079 2045/2570/2045
f 2066/2591/2066 2056/2581/2056 2045/2570/2045
f 2058/2583/2058 2080/2605/2080 2056/2581/2056
f 2056/2581/2056 2081/2606/2081 2079/2604/2079
f 2067/2592/2067 2066/2591/2066 2072/2597/2072
f 2081/2606/2081 2082/2607/2082 2083/2608/2083
f 261/300/261 2084/2609/2084 2085/2610/2085
f 2026/2551/2026 2025/2550/2025 2086/2611/2086
f 2087/2612/2087 2045/2570/2045 2079/2604/2079
f 261/300/261 2079/2604/2079 2083/2608/2083
f 2058/2583/2058 2075/2600/2075 2088/2613/2088
f 2079/2604/2079 2081/2606/2081 2083/2608/2083
f 2088/2613/2088 2089/2614/2089 2090/2615/2090
f 2089/2614/2089 2075/2600/2075 2091/2616/2091
f 2091/2616/2091 2092/2617/2092 2093/2618/2093
f 2094/2619/2094 2095/2620/2095 2096/2621/2096
f 2074/2599/2074 2057/2582/2057 2067/2592/2067
f 2097/2622/2097 2096/2621/2096 2098/2623/2098
f 2099/2624/2099 2100/2625/2100 2101/2626/2101
f 2102/2627/2102 2103/2628/2103 2077/2602/2077
f 2045/2570/2045 2044/2569/2044 2072/2597/2072
f 2104/2629/2104 2105/2630/2105 2106/2631/2106
f 2103/2628/2103 2107/2632/2107 2108/2633/2108
f 220/249/220 168/192/168 167/191/167
f 2073/2598/2073 2109/2634/2109 2110/2635/2110
f 2067/2592/2067 2110/2635/2110 2111/2636/2111
f 2112/2637/2112 2113/2638/2113 2114/2639/2114
f 2110/2635/2110 2108/2633/2108 2096/2621/2096
f 2115/2640/2115 2100/2641/2100 2099/2642/2099
f 2073/2598/2073 2110/2635/2110 2067/2592/2067
f 2116/2643/2116 2076/2601/2076 2117/2644/2117
f 2118/2645/2118 216/245/216 215/244/215
f 215/244/215 2116/2643/2116 2118/2645/2118
f 217/246/217 2119/2646/2119 2102/2627/2102
f 2102/2627/2102 2120/2647/2120 217/246/217
f 2121/2648/2121 2122/2649/2122 2098/2623/2098
f 2102/2627/2102 2119/2646/2119 2123/2650/2123
f 2121/2648/2121 2124/2651/2124 2122/2649/2122
f 2125/2652/2125 2126/2653/2126 2127/2654/2127
f 2114/2639/2114 2128/2655/2128 2112/2637/2112
f 2037/2562/2037 2064/2589/2064 2129/2656/2129
f 2072/2597/2072 2044/2569/2044 2130/2657/2130
f 2043/2568/2043 2050/2575/2050 2044/2569/2044
f 2073/2598/2073 2049/2574/2049 2131/2658/2131
f 2091/2616/2091 2132/2659/2132 2089/2614/2089
f 2106/2631/2106 2121/2648/2121 2098/2623/2098
f 2059/2584/2059 2133/2660/2133 2134/2661/2134
f 2123/2650/2123 2094/2619/2094 2107/2632/2107
f 2135/2662/2135 2136/2663/2136 2137/2664/2137
f 2138/2665/2138 2139/2666/2139 2140/2667/2140
f 2141/2668/2141 2075/2600/2075 2142/2669/2142
f 2027/2670/2027 2143/2671/2143 2046/2571/2046
f 160/184/160 162/186/162 1144/1378/1144
f 2143/2672/2143 2027/2552/2027 2144/2673/2144
f 2145/2674/2145 2090/2615/2090 2146/2675/2146
f 2146/2675/2146 2147/2676/2147 2145/2674/2145
f 2145/2674/2145 2082/2607/2082 2080/2605/2080
f 2148/2677/2148 2149/2678/2149 2150/2679/2150
f 2151/2680/2151 2152/2681/2152 2153/2682/2153
f 2154/2683/2154 2155/2684/2155 2084/2609/2084
f 162/186/162 2023/2548/2023 2071/2596/2071
f 2156/2685/2156 2157/2686/2157 2158/2687/2158
f 2159/2688/2159 2147/2676/2147 2146/2675/2146
f 2160/2689/2160 2161/2690/2161 2162/2691/2162
f 2163/2692/2163 162/186/162 2071/2596/2071
f 2164/2693/2164 2165/2694/2165 2166/2695/2166
f 1100/1321/1100 2167/2696/2167 1101/1322/1101
f 2149/2678/2149 259/298/259 2085/2610/2085
f 2168/2697/2168 2164/2693/2164 2169/2698/2169
f 2090/2615/2090 2089/2614/2089 2170/2699/2170
f 2163/2692/2163 2171/2700/2171 1252/1515/1252
f 2168/2697/2168 2172/2701/2172 2171/2700/2171
f 2173/2702/2173 2174/2703/2174 2175/2704/2175
f 2174/2703/2174 2169/2698/2169 2030/2705/2030
f 2174/2706/2174 2030/2555/2030 2031/2556/2031
f 2176/2707/2176 2177/2708/2177 2178/2709/2178
f 2169/2698/2169 2173/2702/2173 2179/2710/2179
f 1151/1385/1151 1252/1515/1252 2171/2700/2171
f 2171/2700/2171 2172/2701/2172 1151/1385/1151
f 2179/2710/2179 2180/2711/2180 2172/2701/2172
f 2181/2712/2181 2182/2713/2182 2183/2714/2183
f 1148/1382/1148 1252/1515/1252 1150/1384/1150
f 2184/2715/2184 1149/1383/1149 2162/2691/2162
f 2162/2691/2162 1149/1383/1149 2160/2689/2160
f 2181/2712/2181 2185/2716/2185 2182/2713/2182
f 2059/2584/2059 2144/2673/2144 2186/2717/2186
f 2187/2718/2187 1149/1383/1149 2180/2711/2180
f 2188/2719/2188 2189/2720/2189 2190/2721/2190
f 2190/2721/2190 2191/2722/2191 2188/2719/2188
f 2178/2709/2178 2177/2708/2177 2192/2723/2192
f 2192/2723/2192 2177/2708/2177 2193/2724/2193
f 2194/2725/2194 2195/2726/2195 2193/2724/2193
f 2134/2661/2134 2144/2673/2144 2059/2584/2059
f 2151/2727/2151 2175/2728/2175 2196/2729/2196
f 2194/2725/2194 2193/2724/2193 2177/2708/2177
f 2197/2730/2197 2198/2731/2198 2199/2732/2199
f 2178/2709/2178 2200/2733/2200 2176/2707/2176
f 2175/2704/2175 2151/2680/2151 2173/2702/2173
f 2201/2734/2201 2190/2721/2190 2202/2735/2202
f 23/23/23 1147/1381/1147 2203/2736/2203
f 2204/2737/2204 2205/2738/2205 2191/2739/2191
f 2202/2735/2202 2190/2721/2190 2189/2720/2189
f 2152/2740/2152 2206/2741/2206 2195/2742/2195
f 2189/2720/2189 2153/2682/2153 2202/2735/2202
f 2207/2743/2207 2208/2744/2208 2209/2745/2209
f 2210/2746/2210 2211/2747/2211 2212/2748/2212
f 2194/2725/2194 2212/2748/2212 2195/2726/2195
f 2202/2735/2202 2195/2749/2195 2211/2750/2211
f 2143/2671/2143 2071/2596/2071 2046/2571/2046
f 2143/2672/2143 2144/2673/2144 2134/2661/2134
f 2051/2576/2051 260/299/260 2213/2751/2213
f 2167/2696/2167 148/168/148 2214/2752/2214
f 543/645/543 2065/2753/2065 2215/2754/2215
f 2060/2585/2060 2214/2752/2214 2061/2586/2061
f 2198/2731/2198 2216/2755/2216 2217/2756/2217
f 2218/2757/2218 2219/2758/2219 2220/2759/2220
f 2198/2731/2198 2221/2760/2221 2199/2732/2199
f 2033/2558/2033 2029/2554/2029 2025/2550/2025
f 2148/2677/2148 2150/2679/2150 2219/2758/2219
f 2222/2761/2222 2223/2762/2223 2224/2763/2224
f 2197/2730/2197 2225/2764/2225 2198/2731/2198
f 2163/2692/2163 2071/2596/2071 2165/2694/2165
f 2216/2755/2216 2226/2765/2226 2217/2756/2217
f 2150/2679/2150 2227/2766/2227 2228/2767/2228
f 2226/2765/2226 2229/2768/2229 2230/2769/2230
f 1105/1326/1105 2148/2677/2148 2219/2758/2219
f 1144/1378/1144 162/186/162 2163/2692/2163
f 2231/2770/2231 2232/2771/2232 2233/2772/2233
f 2227/2766/2227 2155/2684/2155 2154/2683/2154
f 2187/2718/2187 2179/2710/2179 2188/2719/2188
f 2147/2676/2147 2082/2607/2082 2145/2674/2145
f 2196/2729/2196 2175/2728/2175 2234/2773/2234
f 2220/2759/2220 2235/2774/2235 2236/2775/2236
f 2175/2728/2175 2031/2556/2031 2234/2773/2234
f 2237/2776/2237 2238/2777/2238 2239/2778/2239
f 1102/1323/1102 264/303/264 160/184/160
f 2235/2774/2235 2225/2764/2225 2197/2730/2197
f 2240/2779/2240 2241/2780/2241 2242/2781/2242
f 2197/2730/2197 2243/2782/2243 2237/2776/2237
f 2241/2780/2241 2237/2776/2237 2243/2782/2243
f 2197/2730/2197 2237/2776/2237 2236/2775/2236
f 2241/2780/2241 2238/2777/2238 2237/2776/2237
f 2244/2783/2244 2200/2733/2200 2242/2784/2242
f 2201/2785/2201 2245/2786/2245 2246/2787/2246
f 2247/2788/2247 2199/2732/2199 2221/2760/2221
f 1149/1383/1149 2184/2715/2184 1150/1384/1150
f 2197/2730/2197 2248/2789/2248 2249/2790/2249
f 2215/2754/2215 2250/2791/2250 2042/2792/2042
f 2071/2596/2071 2166/2695/2166 2165/2694/2165
f 2251/2793/2251 2215/2754/2215 2042/2792/2042
f 2220/2759/2220 2225/2764/2225 2235/2774/2235
f 2192/2794/2192 2238/2777/2238 2241/2780/2241
f 2148/2677/2148 1107/1328/1107 2186/2717/2186
f 2071/2596/2071 2143/2671/2143 2166/2695/2166
f 2199/2732/2199 2247/2788/2247 2252/2795/2252
f 189/2796/189 2253/2797/2253 2254/2798/2254
f 2255/2799/2255 2256/2800/2256 2257/2801/2257
f 2159/2688/2159 2258/2802/2258 2147/2676/2147
f 2259/2803/2259 2260/2804/2260 2261/2805/2261
f 2260/2804/2260 2259/2803/2259 2262/2806/2262
f 2262/2806/2262 2259/2803/2259 2263/2807/2263
f 2264/2808/2264 2265/2809/2265 2262/2806/2262
f 2257/2801/2257 2266/2810/2266 2264/2811/2264
f 2267/2812/2267 2268/2813/2268 2263/2807/2263
f 2268/2813/2268 2264/2808/2264 2263/2807/2263
f 2269/2814/2269 2270/2815/2270 2271/2816/2271
f 2272/2817/2272 2247/2788/2247 2273/2818/2273
f 2274/2819/2274 2275/2820/2275 2276/2821/2276
f 2273/2818/2273 2140/2667/2140 2277/2822/2277
f 2278/2823/2278 2279/2824/2279 2275/2820/2275
f 2280/2825/2280 2260/2804/2260 2278/2826/2278
f 2280/2827/2280 2278/2823/2278 2275/2820/2275
f 2281/2828/2281 2279/2824/2279 2282/2829/2282
f 2260/2804/2260 2280/2825/2280 2274/2830/2274
f 2270/2815/2270 188/2831/188 2283/2832/2283
f 2276/2821/2276 2281/2828/2281 2284/2833/2284
f 2285/2834/2285 2286/2835/2286 2276/2821/2276
f 2281/2828/2281 2276/2821/2276 2275/2820/2275
f 2211/2750/2211 2245/2836/2245 2202/2735/2202
f 2287/2837/2287 2284/2833/2284 2288/2838/2288
f 2289/2839/2289 2258/2802/2258 2290/2840/2290
f 2222/2761/2222 2291/2841/2291 2292/2842/2292
f 2293/2843/2293 2288/2838/2288 2284/2833/2284
f 2294/2844/2294 2295/2845/2295 2296/2846/2296
f 2297/2847/2297 2298/2848/2298 2299/2849/2299
f 2287/2837/2287 2288/2838/2288 2224/2763/2224
f 2300/2850/2300 2301/2851/2301 186/211/186
f 2302/2852/2302 2303/2853/2303 2304/2854/2304
f 2305/2855/2305 2253/2797/2253 2294/2844/2294
f 2158/2856/2158 2306/2857/2306 2156/2858/2156
f 2307/2859/2307 2308/2860/2308 2184/2715/2184
f 2259/2803/2259 2261/2805/2261 2309/2861/2309
f 2310/2862/2310 2281/2828/2281 2282/2829/2282
f 2311/2863/2311 2312/2864/2312 2313/2865/2313
f 2272/2866/2272 2314/2867/2314 2315/2868/2315
f 2316/2869/2316 2317/2870/2317 2318/2871/2318
f 2319/2872/2319 2320/2873/2320 2321/2874/2321
f 2317/2870/2317 2231/2770/2231 2318/2871/2318
f 2277/2875/2277 2314/2867/2314 2273/2876/2273
f 2260/2804/2260 2322/2877/2322 2261/2805/2261
f 2323/2878/2323 2256/2800/2256 2324/2879/2324
f 2320/2873/2320 2325/2880/2325 2321/2874/2321
f 2283/2832/2283 2326/2881/2326 2270/2815/2270
f 2326/2881/2326 2233/2882/2233 2327/2883/2327
f 2317/2870/2317 2232/2771/2232 2231/2770/2231
f 2326/2884/2326 2231/2770/2231 2233/2772/2233
f 2174/2706/2174 2031/2556/2031 2175/2728/2175
f 2209/2745/2209 2328/2885/2328 2207/2743/2207
f 2329/2886/2329 229/262/229 228/261/228
f 2140/2667/2140 2330/2887/2330 2277/2822/2277
f 2274/2819/2274 2286/2835/2286 2331/2888/2331
f 2322/2877/2322 2260/2804/2260 2331/2889/2331
f 2286/2835/2286 2285/2834/2285 2232/2890/2232
f 2327/2883/2327 2299/2849/2299 2270/2815/2270
f 2290/2840/2290 2332/2891/2332 2333/2892/2333
f 2270/2815/2270 2326/2881/2326 2327/2883/2327
f 2293/2843/2293 2284/2833/2284 2281/2828/2281
f 2310/2862/2310 2209/2745/2209 2208/2744/2208
f 2334/2893/2334 2335/2894/2335 2336/2895/2336
f 2224/2763/2224 2299/2849/2299 2287/2837/2287
f 2299/2849/2299 2327/2883/2327 2285/2834/2285
f 2286/2896/2286 2322/2877/2322 2331/2889/2331
f 2282/2829/2282 2209/2745/2209 2310/2862/2310
f 2295/2845/2295 2337/2897/2337 2338/2898/2338
f 2339/2899/2339 2340/2900/2340 2341/2901/2341
f 2336/2895/2336 2342/2902/2342 2334/2893/2334
f 2342/2902/2342 2336/2895/2336 2254/2903/2254
f 2231/2770/2231 2283/2904/2283 2318/2871/2318
f 2343/2905/2343 2294/2844/2294 2296/2846/2296
f 2342/2906/2342 2254/2798/2254 2253/2797/2253
f 2316/2869/2316 2344/2907/2344 2345/2908/2345
f 2301/2851/2301 2297/2847/2297 2346/2909/2346
f 2347/2910/2347 2297/2847/2297 2301/2851/2301
f 2347/2910/2347 2301/2851/2301 2300/2850/2300
f 2346/2909/2346 2224/2763/2224 2223/2762/2223
f 2303/2853/2303 2348/2911/2348 2349/2912/2349
f 2350/2913/2350 2271/2816/2271 2304/2854/2304
f 2347/2910/2347 2302/2852/2302 2304/2854/2304
f 2336/2895/2336 189/214/189 2254/2903/2254
f 2351/2914/2351 2279/2824/2279 2278/2823/2278
f 2283/2904/2283 190/215/190 2318/2871/2318
f 2224/2763/2224 2297/2847/2297 2299/2849/2299
f 2310/2862/2310 2208/2744/2208 2352/2915/2352
f 2287/2837/2287 2299/2849/2299 2285/2834/2285
f 2139/2666/2139 2138/2665/2138 2333/2892/2333
f 2353/2916/2353 2309/2861/2309 2261/2805/2261
f 2260/2804/2260 2274/2830/2274 2331/2889/2331
f 189/2796/189 2269/2814/2269 2253/2797/2253
f 2325/2880/2325 2320/2873/2320 2354/2917/2354
f 2159/2688/2159 2332/2891/2332 2290/2840/2290
f 2355/2918/2355 2356/2919/2356 2357/2920/2357
f 2291/2841/2291 2355/2918/2355 2357/2920/2357
f 2356/2919/2356 2358/2921/2358 2359/2922/2359
f 2360/2923/2360 2332/2891/2332 2361/2924/2361
f 2082/2607/2082 2154/2683/2154 2083/2608/2083
f 2160/2689/2160 2191/2722/2191 2362/2925/2362
f 2288/2838/2288 2222/2761/2222 2224/2763/2224
f 2310/2862/2310 2352/2915/2352 2359/2922/2359
f 2363/2926/2363 2364/2927/2364 2323/2878/2323
f 2365/2928/2365 2366/2929/2366 2367/2930/2367
f 2315/2868/2315 2368/2931/2368 2369/2932/2369
f 2263/2807/2263 2309/2861/2309 2267/2812/2267
f 2367/2930/2367 2368/2931/2368 2370/2933/2370
f 2371/2934/2371 2372/2935/2372 2373/2936/2373
f 2366/2929/2366 2244/2783/2244 2368/2931/2368
f 2240/2937/2240 2242/2784/2242 2178/2709/2178
f 2368/2931/2368 2315/2868/2315 2374/2938/2374
f 2375/2939/2375 2376/2940/2376 2377/2941/2377
f 2378/2942/2378 2379/2943/2379 2330/2944/2330
f 2315/2868/2315 2369/2932/2369 2252/2945/2252
f 2199/2732/2199 2252/2795/2252 2380/2946/2380
f 2381/2947/2381 2382/2948/2382 2176/2707/2176
f 2209/2745/2209 2383/2949/2383 2328/2885/2328
f 2384/2950/2384 2385/2951/2385 2311/2863/2311
f 2069/2594/2069 2223/2762/2223 2070/2595/2070
f 2379/2952/2379 2378/2953/2378 2386/2954/2386
f 2285/2834/2285 2233/2882/2233 2232/2890/2232
f 2314/2867/2314 2364/2927/2364 2374/2938/2374
f 2286/2896/2286 2232/2771/2232 2322/2877/2322
f 2386/2954/2386 2314/2867/2314 2379/2952/2379
f 2353/2916/2353 2261/2805/2261 2345/2908/2345
f 2387/2955/2387 2373/2936/2373 2372/2935/2372
f 2383/2956/2383 2388/2957/2388 2389/2958/2389
f 2140/2959/2140 2139/2960/2139 2328/2885/2328
f 2328/2885/2328 2378/2942/2378 2330/2944/2330
f 2390/2961/2390 2201/2785/2201 2246/2787/2246
f 2273/2876/2273 2314/2867/2314 2272/2866/2272
f 2247/2788/2247 2138/2665/2138 2273/2818/2273
f 2252/2795/2252 2247/2788/2247 2272/2817/2272
f 2247/2788/2247 2221/2760/2221 2138/2665/2138
f 2363/2926/2363 2370/2933/2370 2374/2938/2374
f 2364/2927/2364 2363/2926/2363 2374/2938/2374
f 2138/2665/2138 2221/2760/2221 2289/2839/2289
f 2391/2962/2391 2392/2963/2392 2393/2964/2393
f 2138/2665/2138 2289/2839/2289 2333/2892/2333
f 2207/2743/2207 2360/2965/2360 2208/2744/2208
f 2139/2960/2139 2360/2965/2360 2207/2743/2207
f 2328/2885/2328 2139/2960/2139 2207/2743/2207
f 2206/2741/2206 2238/2777/2238 2192/2794/2192
f 2301/2851/2301 2346/2909/2346 2223/2762/2223
f 2394/2966/2394 2135/2662/2135 2395/2967/2395
f 2396/2968/2396 2100/2641/2100 2115/2640/2115
f 2178/2709/2178 2397/2969/2397 2240/2937/2240
f 2093/2618/2093 2170/2699/2170 2132/2659/2132
f 2170/2699/2170 2093/2618/2093 2306/2857/2306
f 2042/2567/2042 2250/2970/2250 2036/2561/2036
f 2170/2699/2170 2089/2614/2089 2132/2659/2132
f 2398/2971/2398 2399/2972/2399 2361/2924/2361
f 2092/2617/2092 2141/2668/2141 2142/2669/2142
f 2100/2625/2100 2400/2973/2400 2401/2974/2401
f 2310/2862/2310 2359/2922/2359 2358/2921/2358
f 2402/2975/2402 2356/2919/2356 2359/2922/2359
f 2068/2593/2068 2403/2976/2403 2404/2977/2404
f 2356/2919/2356 2402/2975/2402 2157/2686/2157
f 2405/2978/2405 2170/2699/2170 2406/2979/2406
f 2352/2915/2352 2402/2975/2402 2359/2922/2359
f 2291/2841/2291 2293/2843/2293 2355/2918/2355
f 2402/2975/2402 2352/2915/2352 2398/2980/2398
f 2402/2975/2402 2406/2981/2406 2407/2982/2407
f 2306/2857/2306 2407/2983/2407 2406/2979/2406
f 2360/2965/2360 2399/2984/2399 2208/2744/2208
f 2399/2984/2399 2398/2980/2398 2352/2915/2352
f 2408/2985/2408 2356/2919/2356 2157/2686/2157
f 2402/2975/2402 2398/2980/2398 2406/2981/2406
f 2409/2986/2409 2410/2987/2410 187/212/187
f 2411/2988/2411 2412/2989/2412 2413/2990/2413
f 2414/2991/2414 2415/2992/2415 2396/2993/2396
f 2416/2994/2416 2100/2625/2100 2396/2993/2396
f 2412/2989/2412 2415/2992/2415 2414/2991/2414
f 2301/2851/2301 2069/2594/2069 186/211/186
f 2411/2988/2411 2415/2992/2415 2412/2989/2412
f 2413/2990/2413 2093/2618/2093 2411/2988/2411
f 2417/2995/2417 2418/2996/2418 2412/2997/2412
f 2137/2664/2137 2414/2998/2414 2396/2968/2396
f 2408/2985/2408 2156/2685/2156 2419/2999/2419
f 2408/2985/2408 2157/2686/2157 2156/2685/2156
f 2420/3000/2420 2419/2999/2419 2417/2995/2417
f 2421/3001/2421 2357/2920/2357 2422/3002/2422
f 2156/2685/2156 2413/3003/2413 2419/2999/2419
f 2410/2987/2410 2409/2986/2409 2423/3004/2423
f 2417/2995/2417 2419/2999/2419 2418/2996/2418
f 2417/2995/2417 2424/3005/2424 2420/3000/2420
f 2106/2631/2106 2401/2974/2401 2121/2648/2121
f 2409/2986/2409 187/212/187 2425/3006/2425
f 2417/2995/2417 2136/2663/2136 2424/3005/2424
f 2360/2923/2360 2361/2924/2361 2399/2972/2399
f 2297/2847/2297 2224/2763/2224 2346/2909/2346
f 2364/2927/2364 2426/3007/2426 2323/2878/2323
f 2427/3008/2427 2269/2814/2269 2350/2913/2350
f 2388/2957/2388 2428/3009/2428 2389/2958/2389
f 2357/2920/2357 2421/3001/2421 2291/2841/2291
f 2178/2709/2178 2192/2723/2192 2397/2969/2397
f 2394/2966/2394 2429/3010/2429 2430/3011/2430
f 2395/2967/2395 2429/3010/2429 2394/2966/2394
f 2156/2858/2156 2306/2857/2306 2413/2990/2413
f 2405/2978/2405 2398/2971/2398 2361/2924/2361
f 2222/2761/2222 2288/2838/2288 2291/2841/2291
f 2417/2995/2417 2412/2997/2412 2414/2998/2414
f 2413/3003/2413 2418/2996/2418 2419/2999/2419
f 2289/2839/2289 2226/2765/2226 2258/2802/2258
f 2264/2808/2264 2266/3012/2266 2431/3013/2431
f 2266/3012/2266 2432/3014/2432 2431/3013/2431
f 2369/2932/2369 2249/3015/2249 2380/3016/2380
f 2433/3017/2433 2434/3018/2434 2435/3019/2435
f 2432/3020/2432 2436/3021/2436 2426/3007/2426
f 2436/3021/2436 2432/3020/2432 2266/2810/2266
f 2252/2945/2252 2369/2932/2369 2380/3016/2380
f 2358/2921/2358 2355/2918/2355 2293/2843/2293
f 2310/2862/2310 2358/2921/2358 2281/2828/2281
f 185/210/185 2410/2987/2410 2437/3022/2437
f 2369/2932/2369 2244/2783/2244 2249/3015/2249
f 2438/3023/2438 2431/3013/2431 2383/2956/2383
f 2279/2824/2279 2209/2745/2209 2282/2829/2282
f 2136/2663/2136 2394/2966/2394 2424/3005/2424
f 2431/3013/2431 2388/2957/2388 2383/2956/2383
f 2279/2824/2279 2438/3024/2438 2209/2745/2209
f 2248/2789/2248 2199/2732/2199 2380/2946/2380
f 2356/2919/2356 2408/2985/2408 2357/2920/2357
f 1149/1383/1149 2187/2718/2187 2160/2689/2160
f 2162/2691/2162 2439/3025/2439 2184/2715/2184
f 2308/2860/2308 2440/3026/2440 2441/3027/2441
f 2035/2560/2035 2029/2554/2029 2033/2558/2033
f 2088/2613/2088 2145/2674/2145 2080/2605/2080
f 2091/2616/2091 2075/2600/2075 2141/2668/2141
f 2304/2854/2304 2271/2816/2271 2298/2848/2298
f 2403/2976/2403 2442/3028/2442 2443/3029/2443
f 2145/2674/2145 2088/2613/2088 2090/2615/2090
f 2142/2669/2142 2122/2649/2122 2124/2651/2124
f 2035/2560/2035 2144/2673/2144 2029/2554/2029
f 1104/1325/1104 264/303/264 1102/1323/1102
f 2154/2683/2154 2084/2609/2084 2083/2608/2083
f 2355/2918/2355 2358/2921/2358 2356/2919/2356
f 2147/2676/2147 2230/2769/2230 2082/2607/2082
f 2149/2678/2149 2148/2677/2148 2444/3030/2444
f 2034/2559/2034 2213/2751/2213 260/299/260
f 2065/2590/2065 2064/2589/2064 2250/2970/2250
f 2161/2690/2161 2362/2925/2362 1217/1475/1217
f 2191/2722/2191 2160/2689/2160 2188/2719/2188
f 2333/2892/2333 2289/2839/2289 2290/2840/2290
f 2258/2802/2258 2159/2688/2159 2290/2840/2290
f 2405/2978/2405 2406/2979/2406 2398/2971/2398
f 2266/2810/2266 2257/2801/2257 2436/3021/2436
f 2336/2895/2336 2445/3031/2445 190/215/190
f 2275/2820/2275 2279/2824/2279 2281/2828/2281
f 2292/2842/2292 2421/3001/2421 2422/3002/2422
f 2422/3002/2422 2424/3005/2424 2430/3011/2430
f 2297/2847/2297 2347/2910/2347 2298/2848/2298
f 2405/2978/2405 2332/2891/2332 2146/2675/2146
f 2242/2784/2242 2249/3015/2249 2244/2783/2244
f 2092/2617/2092 2091/2616/2091 2141/2668/2141
f 2257/2801/2257 2256/2800/2256 2436/3021/2436
f 2446/3032/2446 2337/2897/2337 2295/2845/2295
f 2403/2976/2403 2443/3029/2443 2404/2977/2404
f 2128/2655/2128 2447/3033/2447 2112/2637/2112
f 512/610/512 2448/3034/2448 509/607/509
f 2449/3035/2449 2450/3036/2450 2451/3037/2451
f 2452/3038/2452 2453/3039/2453 2454/3040/2454
f 2454/3040/2454 2455/3041/2455 2095/2620/2095
f 2068/2593/2068 2430/3011/2430 2403/2976/2403
f 2456/3042/2456 2457/3043/2457 2393/3044/2393
f 2401/2974/2401 2101/2626/2101 2100/2625/2100
f 2458/3045/2458 2459/3046/2459 2105/2630/2105
f 2460/3047/2460 2461/3048/2461 2462/3049/2462
f 81/99/81 2463/3050/2463 2464/3051/2464
f 2415/2992/2415 2400/2973/2400 2416/2994/2416
f 2113/2638/2113 2465/3052/2465 2466/3053/2466
f 2458/3045/2458 2467/3054/2467 2468/3055/2468
f 2469/3056/2469 2470/3057/2470 2471/3058/2471
f 2429/3010/2429 2442/3028/2442 2403/2976/2403
f 2472/3059/2472 2473/3060/2473 2474/3061/2474
f 2475/3062/2475 2476/3063/2476 2477/3064/2477
f 2478/3065/2478 2479/3066/2479 2480/3067/2480
f 2480/3068/2480 2481/3069/2481 2482/3070/2482
f 2483/3071/2483 2484/3072/2484 2485/3073/2485
f 2483/3071/2483 2485/3073/2485 2479/3066/2479
f 2486/3074/2486 2487/3075/2487 2465/3052/2465
f 2487/3075/2487 2488/3076/2488 2489/3077/2489
f 2465/3052/2465 2487/3075/2487 2466/3053/2466
f 2487/3075/2487 2125/2652/2125 2466/3053/2466
f 2490/3078/2490 2112/2637/2112 2447/3033/2447
f 2128/3079/2128 2491/3080/2491 2492/3081/2492
f 2493/3082/2493 217/246/217 216/245/216
f 2494/3083/2494 2486/3074/2486 2495/3084/2495
f 2496/3085/2496 2497/3086/2497 2464/3051/2464
f 452/547/452 504/602/504 2498/3087/2498
f 2494/3083/2494 2495/3084/2495 2499/3088/2499
f 2494/3083/2494 2499/3088/2499 2500/3089/2500
f 2098/2623/2098 2096/2621/2096 2104/2629/2104
f 2103/2628/2103 2102/2627/2102 2107/2632/2107
f 2459/3046/2459 2501/3090/2501 2101/2626/2101
f 2502/3091/2502 2495/3084/2495 2113/2638/2113
f 2503/3092/2503 2099/2642/2099 2504/3093/2504
f 2495/3084/2495 2502/3091/2502 2499/3088/2499
f 2500/3089/2500 2499/3088/2499 2505/3094/2505
f 2496/3095/2496 2505/3094/2505 2497/3096/2497
f 2497/3096/2497 2505/3094/2505 2499/3088/2499
f 2506/3097/2506 2507/3098/2507 2497/3086/2497
f 2508/3099/2508 2509/3100/2509 2510/3101/2510
f 451/546/451 2511/3102/2511 2510/3101/2510
f 2490/3078/2490 2506/3103/2506 2502/3091/2502
f 2512/3104/2512 2513/3105/2513 2514/3106/2514
f 2453/3039/2453 2515/3107/2515 2516/3108/2516
f 2453/3039/2453 2517/3109/2517 2515/3107/2515
f 2486/3074/2486 2515/3107/2515 2517/3109/2517
f 2452/3038/2452 2517/3109/2517 2453/3039/2453
f 2518/3110/2518 2519/3111/2519 2520/3112/2520
f 2482/3070/2482 2521/3113/2521 2478/3114/2478
f 2477/3064/2477 2476/3063/2476 2522/3115/2522
f 2516/3108/2516 2523/3116/2523 2524/3117/2524
f 2524/3117/2524 2525/3118/2525 2477/3064/2477
f 2477/3064/2477 2522/3115/2522 2524/3117/2524
f 2112/2637/2112 2502/3091/2502 2113/2638/2113
f 2522/3115/2522 2526/3119/2526 2527/3120/2527
f 2422/3002/2422 2430/3011/2430 2070/2595/2070
f 2495/3084/2495 2465/3052/2465 2113/2638/2113
f 2516/3108/2516 2515/3107/2515 2494/3083/2494
f 2528/3121/2528 2529/3122/2529 2530/3123/2530
f 2482/3070/2482 2481/3069/2481 2475/3062/2475
f 2475/3062/2475 2481/3069/2481 2476/3063/2476
f 2531/3124/2531 2532/3125/2532 2533/3126/2533
f 2122/2649/2122 2111/2636/2111 2097/2622/2097
f 2534/3127/2534 2349/2912/2349 2535/3128/2535
f 2536/3129/2536 2537/3130/2537 2538/3131/2538
f 2523/3116/2523 2516/3108/2516 2494/3083/2494
f 2524/3117/2524 2527/3120/2527 2516/3108/2516
f 2539/3132/2539 2540/3133/2540 2541/3134/2541
f 2542/3135/2542 2525/3118/2525 2523/3116/2523
f 2541/3134/2541 2543/3136/2543 2544/3137/2544
f 2541/3134/2541 2544/3137/2544 2539/3132/2539
f 2545/3138/2545 2463/3050/2463 2546/3139/2546
f 2547/3140/2547 2510/3101/2510 2511/3102/2511
f 2463/3050/2463 2545/3138/2545 2548/3141/2548
f 2511/3102/2511 451/546/451 507/605/507
f 2549/3142/2549 2545/3138/2545 2550/3143/2550
f 2545/3138/2545 2549/3142/2549 2551/3144/2551
f 2549/3142/2549 2540/3145/2540 2551/3144/2551
f 2552/3146/2552 2553/3147/2553 2554/3148/2554
f 2551/3144/2551 2548/3141/2548 2545/3138/2545
f 2447/3149/2447 2509/3100/2509 2508/3099/2508
f 2555/3150/2555 2522/3115/2522 2476/3063/2476
f 497/594/497 655/797/655 2002/2501/2002
f 2550/3143/2550 2556/3151/2556 2549/3142/2549
f 2557/3152/2557 2509/3100/2509 222/251/222
f 2558/3153/2558 2559/3154/2559 2560/3155/2560
f 81/99/81 2561/3156/2561 79/97/79
f 2508/3099/2508 2510/3101/2510 2547/3140/2547
f 2105/2630/2105 2562/3157/2562 2555/3150/2555
f 2521/3158/2521 2563/3159/2563 2478/3065/2478
f 2474/3061/2474 2470/3057/2470 2563/3159/2563
f 2564/3160/2564 2565/3161/2565 2566/3162/2566
f 2567/3163/2567 2473/3164/2473 2568/3165/2568
f 2568/3165/2568 2569/3166/2569 2570/3167/2570
f 2571/3168/2571 2474/3061/2474 2473/3060/2473
f 2473/3164/2473 2569/3166/2569 2568/3165/2568
f 2572/3169/2572 2569/3170/2569 2472/3059/2472
f 2572/3171/2572 2573/3172/2573 2569/3173/2569
f 2573/3172/2573 2540/3133/2540 2549/3174/2549
f 2556/3175/2556 2573/3172/2573 2549/3174/2549
f 2541/3134/2541 2540/3133/2540 2573/3172/2573
f 2541/3134/2541 2573/3172/2573 2543/3136/2543
f 2521/3158/2521 2574/3176/2574 2563/3159/2563
f 2575/3177/2575 2570/3178/2570 2550/3143/2550
f 2569/3170/2569 2556/3179/2556 2570/3180/2570
f 79/97/79 2547/3140/2547 2511/3102/2511
f 2569/3173/2569 2573/3172/2573 2556/3175/2556
f 2572/3171/2572 2543/3136/2543 2573/3172/2573
f 2467/3054/2467 2555/3150/2555 2481/3069/2481
f 2114/2639/2114 2491/3181/2491 2128/2655/2128
f 2069/2594/2069 2068/2593/2068 186/211/186
f 213/3182/213 214/255/214 218/258/218
f 2523/3116/2523 2494/3083/2494 2500/3089/2500
f 657/799/657 776/923/776 501/598/501
f 2480/3068/2480 2467/3054/2467 2481/3069/2481
f 2500/3089/2500 2576/3183/2576 2542/3135/2542
f 2108/2633/2108 2094/2619/2094 2096/2621/2096
f 2577/3184/2577 2470/3057/2470 2474/3061/2474
f 2076/2601/2076 215/244/215 2120/2647/2120
f 2578/3185/2578 2579/3186/2579 2580/3187/2580
f 2471/3058/2471 2577/3184/2577 2581/3188/2581
f 2582/3189/2582 2581/3190/2581 2567/3163/2567
f 2581/3190/2581 2571/3191/2571 2567/3163/2567
f 2583/3192/2583 2501/3090/2501 2484/3193/2484
f 2567/3163/2567 2571/3191/2571 2473/3164/2473
f 2584/3194/2584 2585/3195/2585 2586/3196/2586
f 2581/3190/2581 2585/3195/2585 2471/3197/2471
f 2587/3198/2587 2501/3090/2501 2583/3192/2583
f 2574/3176/2574 2474/3061/2474 2563/3159/2563
f 2587/3198/2587 2504/3199/2504 2501/3090/2501
f 2588/3200/2588 2589/3201/2589 2590/3202/2590
f 2501/3090/2501 2468/3055/2468 2484/3193/2484
f 2591/3203/2591 2592/3204/2592 2593/3205/2593
f 2594/3206/2594 2595/3207/2595 2564/3160/2564
f 2596/3208/2596 2597/3209/2597 2598/3210/2598
f 2599/3211/2599 2600/3212/2600 2601/3213/2601
f 446/541/446 509/607/509 452/547/452
f 510/608/510 511/609/511 522/620/522
f 2566/3162/2566 2565/3161/2565 2602/3214/2602
f 2603/3215/2603 2559/3154/2559 2558/3153/2558
f 2596/3208/2596 2604/3216/2604 2594/3206/2594
f 2575/3177/2575 2564/3160/2564 2570/3178/2570
f 2605/3217/2605 2606/3218/2606 2607/3219/2607
f 2564/3160/2564 2566/3162/2566 2594/3206/2594
f 2594/3206/2594 2608/3220/2608 2595/3207/2595
f 2564/3160/2564 2595/3207/2595 2609/3221/2609
f 2567/3163/2567 2609/3222/2609 2610/3223/2610
f 2611/3224/2611 2612/3225/2612 2591/3203/2591
f 519/617/519 2613/3226/2613 688/830/688
f 688/830/688 2614/3227/2614 2615/3228/2615
f 2615/3228/2615 2616/3229/2616 2005/2507/2005
f 2617/3230/2617 518/616/518 2451/3037/2451
f 2005/2507/2005 2007/2509/2007 2618/3231/2618
f 690/832/690 2619/3232/2619 688/830/688
f 2606/3218/2606 2605/3217/2605 2620/3233/2620
f 2597/3209/2597 2596/3208/2596 520/618/520
f 2621/3234/2621 2622/3235/2622 2623/3236/2623
f 2619/3232/2619 519/617/519 688/830/688
f 725/867/725 2624/3237/2624 2625/3238/2625
f 706/848/706 2626/3239/2626 2627/3240/2627
f 2596/3208/2596 2594/3206/2594 2566/3162/2566
f 519/617/519 2597/3209/2597 520/618/520
f 2626/3239/2626 2628/3241/2628 2621/3234/2621
f 2450/3036/2450 2449/3035/2449 2616/3229/2616
f 2629/3242/2629 2614/3227/2614 2613/3226/2613
f 2628/3241/2628 2607/3243/2607 2606/3244/2606
f 2630/3245/2630 2631/3246/2631 2632/3247/2632
f 2633/3248/2633 2599/3249/2599 2634/3250/2634
f 2621/3234/2621 2623/3236/2623 2626/3239/2626
f 2602/3214/2602 2565/3161/2565 2635/3251/2635
f 2636/3252/2636 2637/3253/2637 2638/3254/2638
f 2635/3251/2635 2463/3050/2463 2639/3255/2639
f 2640/3256/2640 2641/3257/2641 2582/3189/2582
f 2482/3070/2482 2475/3062/2475 2543/3136/2543
f 2642/3258/2642 2484/3072/2484 2483/3071/2483
f 2586/3196/2586 2641/3257/2641 2637/3253/2637
f 2643/3259/2643 2644/3260/2644 2636/3252/2636
f 2645/3261/2645 2646/3262/2646 2647/3263/2647
f 2643/3259/2643 2648/3264/2648 2649/3265/2649
f 2648/3264/2648 2645/3261/2645 2647/3263/2647
f 2593/3205/2593 2611/3224/2611 2591/3203/2591
f 2650/3266/2650 2634/3250/2634 2651/3267/2651
f 2634/3250/2634 2652/3268/2652 2633/3248/2633
f 2653/3269/2653 2654/3270/2654 2639/3255/2639
f 2651/3267/2651 2655/3271/2655 2656/3272/2656
f 2657/3273/2657 2593/3205/2593 2592/3204/2592
f 2634/3250/2634 2601/3274/2601 2658/3275/2658
f 2651/3267/2651 2658/3275/2658 2655/3271/2655
f 2600/3212/2600 2659/3276/2659 2601/3213/2601
f 2599/3211/2599 2660/3277/2660 2600/3212/2600
f 2605/3217/2605 2657/3273/2657 2592/3204/2592
f 2661/3278/2661 2662/3279/2662 2650/3266/2650
f 2463/3050/2463 2653/3269/2653 2639/3255/2639
f 2646/3262/2646 2652/3268/2652 2647/3263/2647
f 2598/3210/2598 2663/3280/2663 2596/3208/2596
f 2596/3208/2596 2663/3280/2663 2604/3216/2604
f 2633/3248/2633 2598/3281/2598 2660/3282/2660
f 2664/3283/2664 2620/3233/2620 2592/3204/2592
f 2599/3249/2599 2633/3248/2633 2660/3282/2660
f 2598/3281/2598 2665/3284/2665 2660/3282/2660
f 2660/3277/2660 2665/3285/2665 2600/3212/2600
f 2652/3268/2652 2646/3262/2646 2666/3286/2666
f 2633/3248/2633 2652/3268/2652 2666/3286/2666
f 2645/3261/2645 2667/3287/2667 2646/3262/2646
f 2598/3281/2598 2666/3286/2666 2663/3288/2663
f 2647/3263/2647 2662/3279/2662 2661/3278/2661
f 2668/3289/2668 2657/3273/2657 2607/3219/2607
f 2669/3290/2669 2670/3291/2670 2671/3292/2671
f 2507/3098/2507 2547/3140/2547 2561/3156/2561
f 2667/3287/2667 2610/3223/2610 2608/3293/2608
f 2672/3294/2672 2673/3295/2673 2674/3296/2674
f 2612/3225/2612 2675/3297/2675 2661/3278/2661
f 2675/3297/2675 2673/3295/2673 2661/3278/2661
f 2674/3296/2674 2611/3224/2611 2676/3298/2676
f 2677/3299/2677 2678/3300/2678 2679/3301/2679
f 2650/3266/2650 2651/3267/2651 2680/3302/2680
f 2680/3302/2680 2661/3278/2661 2650/3266/2650
f 2672/3294/2672 2649/3265/2649 2673/3295/2673
f 2570/3167/2570 2564/3303/2564 2568/3165/2568
f 2607/3219/2607 2681/3304/2681 2668/3289/2668
f 2664/3283/2664 2656/3272/2656 2620/3233/2620
f 2620/3305/2620 2656/3306/2656 2621/3234/2621
f 2630/3245/2630 2632/3247/2632 510/608/510
f 516/614/516 720/862/720 2003/2502/2003
f 2659/3276/2659 2682/3307/2682 2683/3308/2683
f 2682/3307/2682 690/832/690 2684/3309/2684
f 509/607/509 448/543/448 512/610/512
f 2682/3307/2682 2684/3309/2684 2683/3308/2683
f 2656/3306/2656 2622/3235/2622 2621/3234/2621
f 2685/3310/2685 2686/3311/2686 2687/3312/2687
f 2688/3313/2688 2687/3312/2687 2689/3314/2689
f 2690/3315/2690 2691/3316/2691 735/877/735
f 674/816/674 732/874/732 671/813/671
f 923/1119/923 2692/3317/2692 924/1120/924
f 2623/3236/2623 2683/3308/2683 2685/3310/2685
f 2683/3308/2683 2684/3309/2684 2686/3311/2686
f 2618/3231/2618 2693/3318/2693 689/831/689
f 2687/3312/2687 2686/3311/2686 2694/3319/2694
f 2449/3035/2449 2451/3037/2451 2695/3320/2695
f 681/823/681 2008/2510/2008 682/824/682
f 690/832/690 2693/3318/2693 2694/3319/2694
f 2696/3321/2696 2695/3320/2695 524/622/524
f 2636/3252/2636 2638/3254/2638 2645/3261/2645
f 2645/3261/2645 2638/3254/2638 2640/3256/2640
f 2664/3283/2664 2651/3267/2651 2656/3272/2656
f 2601/3213/2601 2659/3276/2659 2655/3322/2655
f 2659/3276/2659 2600/3212/2600 2682/3307/2682
f 2697/3323/2697 2698/3324/2698 2681/3325/2681
f 2651/3267/2651 2634/3250/2634 2658/3275/2658
f 2680/3302/2680 2612/3225/2612 2661/3278/2661
f 2651/3267/2651 2664/3283/2664 2680/3302/2680
f 2682/3307/2682 2619/3232/2619 690/832/690
f 689/831/689 2693/3318/2693 690/832/690
f 2680/3302/2680 2664/3283/2664 2592/3204/2592
f 2679/3301/2679 2699/3326/2699 2674/3296/2674
f 2577/3184/2577 2474/3061/2474 2581/3188/2581
f 2680/3302/2680 2592/3204/2592 2591/3203/2591
f 2137/2664/2137 2115/2640/2115 2700/3327/2700
f 2135/2662/2135 2137/2664/2137 2700/3327/2700
f 2503/3092/2503 2115/2640/2115 2099/2642/2099
f 2701/3328/2701 2442/3028/2442 2395/2967/2395
f 2442/3028/2442 2429/3010/2429 2395/2967/2395
f 2702/3329/2702 2461/3048/2461 2703/3330/2703
f 2703/3330/2703 2461/3048/2461 2704/3331/2704
f 2538/3131/2538 2537/3130/2537 2705/3332/2705
f 2706/3333/2706 2707/3334/2707 198/223/198
f 2705/3332/2705 2644/3260/2644 2708/3335/2708
f 2701/3328/2701 2460/3047/2460 2462/3049/2462
f 2531/3124/2531 2702/3329/2702 2703/3330/2703
f 2462/3049/2462 2461/3048/2461 2603/3215/2603
f 2701/3328/2701 2700/3327/2700 2460/3047/2460
f 2709/3336/2709 2704/3331/2704 2460/3047/2460
f 2603/3215/2603 2702/3329/2702 2559/3154/2559
f 2701/3328/2701 2462/3049/2462 2442/3028/2442
f 2710/3337/2710 2711/3338/2711 2712/3339/2712
f 2704/3331/2704 2642/3258/2642 2483/3071/2483
f 2703/3330/2703 2532/3125/2532 2531/3124/2531
f 2713/3340/2713 2714/3341/2714 2715/3342/2715
f 2703/3330/2703 2716/3343/2716 2532/3125/2532
f 2709/3336/2709 2642/3258/2642 2704/3331/2704
f 2528/3121/2528 2712/3339/2712 2717/3344/2717
f 2528/3121/2528 2717/3344/2717 2718/3345/2718
f 2717/3344/2717 2712/3339/2712 2719/3346/2719
f 2720/3347/2720 2603/3215/2603 2558/3153/2558
f 2720/3347/2720 2462/3049/2462 2603/3215/2603
f 2721/3348/2721 2722/3349/2722 2723/3350/2723
f 2715/3342/2715 2724/3351/2724 2725/3352/2725
f 2714/3341/2714 2726/3353/2726 2715/3342/2715
f 2642/3258/2642 2503/3092/2503 2583/3354/2583
f 2714/3341/2714 2560/3155/2560 2727/3355/2727
f 2558/3153/2558 2728/3356/2728 2720/3347/2720
f 2729/3357/2729 2730/3358/2730 2717/3344/2717
f 2731/3359/2731 2533/3126/2533 2732/3360/2732
f 2732/3361/2732 2733/3362/2733 2734/3363/2734
f 2735/3364/2735 2560/3155/2560 2559/3154/2559
f 2736/3365/2736 2737/3366/2737 2738/3367/2738
f 2730/3368/2730 2735/3364/2735 2737/3369/2737
f 2737/3369/2737 2735/3364/2735 2738/3370/2738
f 2735/3364/2735 2739/3371/2739 2738/3370/2738
f 2731/3359/2731 2736/3372/2736 2738/3370/2738
f 2700/3327/2700 2503/3092/2503 2709/3336/2709
f 2740/3373/2740 2741/3374/2741 2742/3375/2742
f 2702/3329/2702 2531/3124/2531 2739/3371/2739
f 2559/3154/2559 2739/3371/2739 2735/3364/2735
f 2743/3376/2743 2742/3375/2742 2744/3377/2744
f 2739/3371/2739 2531/3124/2531 2533/3126/2533
f 2717/3344/2717 2719/3346/2719 2729/3357/2729
f 2745/3378/2745 2740/3373/2740 2746/3379/2746
f 2461/3048/2461 2702/3329/2702 2603/3215/2603
f 2726/3353/2726 2714/3341/2714 2727/3355/2727
f 2747/3380/2747 2730/3368/2730 2729/3381/2729
f 2746/3379/2746 2748/3382/2748 2745/3378/2745
f 2726/3353/2726 2727/3355/2727 2749/3383/2749
f 2537/3130/2537 2750/3384/2750 2751/3385/2751
f 2709/3336/2709 2503/3092/2503 2642/3258/2642
f 2560/3155/2560 2714/3341/2714 2558/3153/2558
f 2752/3386/2752 2729/3381/2729 2719/3387/2719
f 2735/3364/2735 2730/3368/2730 2747/3380/2747
f 2752/3386/2752 2747/3380/2747 2729/3381/2729
f 2719/3387/2719 2711/3388/2711 2752/3386/2752
f 2709/3336/2709 2460/3047/2460 2700/3327/2700
f 2753/3389/2753 2734/3363/2734 2589/3201/2589
f 2734/3363/2734 2733/3362/2733 2754/3390/2754
f 2589/3201/2589 2734/3363/2734 2590/3202/2590
f 2755/3391/2755 2721/3348/2721 2756/3392/2756
f 2757/3393/2757 2758/3394/2758 2753/3389/2753
f 2759/3395/2759 2679/3301/2679 2760/3396/2760
f 2745/3378/2745 2741/3374/2741 2740/3373/2740
f 2292/2842/2292 2422/3002/2422 2070/2595/2070
f 2732/3361/2732 2734/3363/2734 2753/3389/2753
f 2585/3195/2585 2584/3194/2584 2471/3197/2471
f 2705/3332/2705 2761/3397/2761 2762/3398/2762
f 2678/3300/2678 2722/3349/2722 2755/3391/2755
f 2582/3189/2582 2585/3195/2585 2581/3190/2581
f 2762/3398/2762 2644/3260/2644 2705/3332/2705
f 2538/3131/2538 2705/3332/2705 2708/3335/2708
f 2582/3189/2582 2641/3257/2641 2585/3195/2585
f 2763/3399/2763 2590/3202/2590 2754/3390/2754
f 2589/3201/2589 2588/3200/2588 2762/3398/2762
f 2529/3122/2529 2761/3397/2761 2751/3385/2751
f 2763/3399/2763 2584/3194/2584 2590/3202/2590
f 2471/3058/2471 2584/3400/2584 2763/3401/2763
f 2532/3125/2532 2469/3056/2469 2764/3402/2764
f 2765/3403/2765 2699/3326/2699 2759/3395/2759
f 2766/3404/2766 2767/3405/2767 2768/3406/2768
f 2644/3260/2644 2643/3259/2643 2708/3335/2708
f 2529/3122/2529 2757/3393/2757 2761/3397/2761
f 2769/3407/2769 2767/3405/2767 2770/3408/2770
f 2537/3130/2537 2761/3397/2761 2705/3332/2705
f 2762/3398/2762 2761/3397/2761 2589/3201/2589
f 2771/3409/2771 2708/3335/2708 2649/3265/2649
f 2771/3409/2771 2538/3131/2538 2708/3335/2708
f 2461/3048/2461 2460/3047/2460 2704/3331/2704
f 2733/3410/2733 2764/3402/2764 2754/3411/2754
f 2733/3410/2733 2533/3126/2533 2764/3402/2764
f 2772/3412/2772 2532/3125/2532 2716/3343/2716
f 2716/3343/2716 2704/3331/2704 2483/3071/2483
f 2420/3000/2420 2408/2985/2408 2419/2999/2419
f 2519/3111/2519 2707/3334/2707 2742/3375/2742
f 2716/3343/2716 2483/3071/2483 2772/3412/2772
f 2524/3117/2524 2522/3115/2522 2527/3120/2527
f 2710/3337/2710 2748/3382/2748 2773/3413/2773
f 2748/3382/2748 2710/3337/2710 2712/3339/2712
f 2713/3340/2713 2774/3414/2774 2728/3356/2728
f 2409/2986/2409 2425/3006/2425 2775/3415/2775
f 2728/3356/2728 2443/3029/2443 2720/3347/2720
f 2776/3416/2776 2746/3379/2746 2706/3333/2706
f 2710/3337/2710 2777/3417/2777 2554/3148/2554
f 2778/3418/2778 2750/3384/2750 2741/3374/2741
f 2778/3418/2778 2741/3374/2741 2530/3123/2530
f 2560/3155/2560 2747/3380/2747 2727/3355/2727
f 2748/3382/2748 2528/3121/2528 2745/3378/2745
f 2766/3404/2766 2744/3377/2744 2779/3419/2779
f 2775/3415/2775 2728/3356/2728 2774/3414/2774
f 2779/3419/2779 2536/3129/2536 2538/3131/2538
f 2537/3130/2537 2536/3129/2536 2750/3384/2750
f 2737/3366/2737 2758/3394/2758 2717/3344/2717
f 2520/3112/2520 2743/3376/2743 2780/3420/2780
f 2781/3421/2781 2782/3422/2782 2783/3423/2783
f 2776/3416/2776 2784/3424/2784 2785/3425/2785
f 2766/3404/2766 2779/3419/2779 2765/3403/2765
f 2780/3420/2780 2743/3376/2743 2767/3405/2767
f 2743/3376/2743 2768/3406/2768 2767/3405/2767
f 2731/3426/2731 2732/3361/2732 2753/3389/2753
f 2744/3377/2744 2750/3384/2750 2536/3129/2536
f 2768/3406/2768 2743/3376/2743 2744/3377/2744
f 2781/3421/2781 2410/2987/2410 2423/3004/2423
f 2712/3339/2712 2528/3121/2528 2748/3382/2748
f 2581/3188/2581 2474/3061/2474 2571/3168/2571
f 2741/3374/2741 2744/3377/2744 2742/3375/2742
f 2741/3374/2741 2750/3384/2750 2744/3377/2744
f 2744/3377/2744 2766/3404/2766 2768/3406/2768
f 2742/3375/2742 2743/3376/2743 2519/3111/2519
f 2305/2855/2305 2294/2844/2294 2343/2905/2343
f 2706/3333/2706 2746/3379/2746 2740/3373/2740
f 2670/3291/2670 2578/3185/2578 2671/3292/2671
f 2707/3334/2707 2740/3373/2740 2742/3375/2742
f 2779/3419/2779 2771/3409/2771 2765/3403/2765
f 2699/3326/2699 2771/3409/2771 2672/3294/2672
f 2766/3404/2766 2770/3408/2770 2767/3405/2767
f 2734/3363/2734 2754/3390/2754 2590/3202/2590
f 2744/3377/2744 2536/3129/2536 2779/3419/2779
f 2776/3416/2776 2773/3413/2773 2746/3379/2746
f 2767/3405/2767 2786/3427/2786 2780/3420/2780
f 2773/3413/2773 2748/3382/2748 2746/3379/2746
f 2538/3131/2538 2771/3409/2771 2779/3419/2779
f 2770/3408/2770 2765/3403/2765 2759/3395/2759
f 2423/3004/2423 2725/3352/2725 2781/3421/2781
f 2782/3422/2782 2781/3421/2781 2724/3351/2724
f 2726/3353/2726 2787/3428/2787 2715/3342/2715
f 2788/3429/2788 2789/3430/2789 2790/3431/2790
f 2773/3413/2773 2776/3416/2776 2777/3417/2777
f 2787/3428/2787 2749/3383/2749 2552/3432/2552
f 2787/3428/2787 2791/3433/2791 2782/3422/2782
f 2787/3428/2787 2782/3422/2782 2724/3351/2724
f 2724/3351/2724 2715/3342/2715 2787/3428/2787
f 2715/3342/2715 2725/3352/2725 2774/3414/2774
f 2725/3352/2725 2423/3004/2423 2774/3414/2774
f 2706/3333/2706 198/223/198 200/225/200
f 2409/2986/2409 2775/3415/2775 2774/3414/2774
f 2792/3434/2792 2793/3435/2793 2393/3044/2393
f 2514/3106/2514 2794/3436/2794 2795/3437/2795
f 2796/3438/2796 2783/3423/2783 2797/3439/2797
f 2437/3022/2437 2535/3128/2535 2349/2912/2349
f 2334/2893/2334 2342/2902/2342 2305/3440/2305
f 2796/3438/2796 2534/3127/2534 2535/3128/2535
f 2410/2987/2410 2781/3421/2781 2437/3022/2437
f 2534/3127/2534 2798/3441/2798 2349/2912/2349
f 2799/3442/2799 2788/3429/2788 2790/3431/2790
f 2349/2912/2349 185/210/185 2437/3022/2437
f 187/212/187 2410/2987/2410 185/210/185
f 2800/3443/2800 2794/3436/2794 2514/3106/2514
f 2296/2846/2296 2295/2845/2295 2338/2898/2338
f 2305/3440/2305 2343/3444/2343 2801/3445/2801
f 229/262/229 2802/3446/2802 2803/3447/2803
f 2349/2912/2349 2348/2911/2348 185/210/185
f 2775/3415/2775 2443/3029/2443 2728/3356/2728
f 2804/3448/2804 2777/3417/2777 2776/3416/2776
f 2518/3110/2518 2329/2886/2329 2805/3449/2805
f 2806/3450/2806 2790/3431/2790 2807/3451/2807
f 2808/3452/2808 2809/3453/2809 2785/3425/2785
f 2804/3448/2804 2776/3416/2776 2785/3425/2785
f 2806/3450/2806 2807/3451/2807 2810/3454/2810
f 2727/3355/2727 2752/3386/2752 2749/3383/2749
f 2809/3453/2809 2804/3448/2804 2785/3425/2785
f 2810/3455/2810 2811/3456/2811 2806/3457/2806
f 2520/3112/2520 2519/3111/2519 2743/3376/2743
f 2790/3431/2790 2806/3450/2806 2799/3442/2799
f 2423/3004/2423 2409/2986/2409 2774/3414/2774
f 2807/3451/2807 2791/3433/2791 2552/3432/2552
f 2812/3458/2812 2813/3459/2813 2512/3104/2512
f 2808/3452/2808 200/225/200 2814/3460/2814
f 2799/3461/2799 2804/3448/2804 2815/3462/2815
f 2329/2886/2329 2802/3446/2802 229/262/229
f 2784/3424/2784 2706/3333/2706 200/225/200
f 2329/2886/2329 2816/3463/2816 2805/3449/2805
f 2750/3384/2750 2778/3418/2778 2751/3385/2751
f 2329/2886/2329 2518/3110/2518 2802/3446/2802
f 2513/3464/2513 2817/3465/2817 2793/3435/2793
f 2342/2906/2342 2253/2797/2253 2305/2855/2305
f 2818/3466/2818 2797/3439/2797 2456/3042/2456
f 2818/3466/2818 2817/3465/2817 2534/3127/2534
f 2796/3438/2796 2797/3439/2797 2818/3466/2818
f 2819/3467/2819 2343/2905/2343 2296/2846/2296
f 2296/2846/2296 2338/2898/2338 2812/3468/2812
f 2813/3459/2813 2513/3105/2513 2512/3104/2512
f 2813/3469/2813 2338/2898/2338 2817/3465/2817
f 2446/3032/2446 2303/2853/2303 2798/3441/2798
f 2793/3435/2793 2817/3465/2817 2818/3466/2818
f 2820/3470/2820 2821/3471/2821 2822/3472/2822
f 2792/3434/2792 2393/3044/2393 2392/3473/2392
f 2817/3465/2817 2337/2897/2337 2534/3127/2534
f 2783/3423/2783 2796/3438/2796 2535/3128/2535
f 2797/3439/2797 2823/3474/2823 2824/3475/2824
f 2783/3423/2783 2823/3474/2823 2797/3439/2797
f 2825/3476/2825 230/263/230 2826/3477/2826
f 2827/3478/2827 2457/3043/2457 2828/3479/2828
f 2391/2962/2391 2800/3443/2800 2392/2963/2392
f 2829/3480/2829 2828/3479/2828 2788/3429/2788
f 2788/3429/2788 2457/3043/2457 2824/3475/2824
f 2793/3435/2793 2456/3042/2456 2393/3044/2393
f 2534/3127/2534 2796/3438/2796 2818/3466/2818
f 2812/3458/2812 2795/3437/2795 2819/3481/2819
f 2812/3458/2812 2819/3481/2819 2296/3482/2296
f 2830/3483/2830 2831/3484/2831 2832/3485/2832
f 188/2831/188 2269/2814/2269 189/2796/189
f 2513/3105/2513 2800/3443/2800 2514/3106/2514
f 2513/3105/2513 2793/3486/2793 2792/3487/2792
f 2793/3435/2793 2818/3466/2818 2456/3042/2456
f 2270/2815/2270 2269/2814/2269 188/2831/188
f 2800/3443/2800 2792/3487/2792 2392/2963/2392
f 2800/3443/2800 2513/3105/2513 2792/3487/2792
f 2391/2962/2391 2833/3488/2833 2800/3443/2800
f 2823/3474/2823 2782/3422/2782 2789/3430/2789
f 2834/3489/2834 2835/3490/2835 2794/3436/2794
f 2836/3491/2836 2837/3492/2837 2838/3493/2838
f 2795/3437/2795 2812/3458/2812 2512/3104/2512
f 230/263/230 2839/3494/2839 2826/3477/2826
f 2456/3042/2456 2824/3475/2824 2457/3043/2457
f 2813/3469/2813 2812/3468/2812 2338/2898/2338
f 2835/3490/2835 2840/3495/2840 2841/3496/2841
f 2833/3488/2833 2794/3436/2794 2800/3443/2800
f 2512/3104/2512 2514/3106/2514 2795/3437/2795
f 2283/2904/2283 188/213/188 190/215/190
f 2842/3497/2842 2822/3472/2822 2821/3471/2821
f 2833/3488/2833 2391/2962/2391 2822/3472/2822
f 2831/3484/2831 2843/3498/2843 2844/3499/2844
f 2838/3493/2838 2820/3470/2820 2845/3500/2845
f 2846/3501/2846 2845/3500/2845 2820/3470/2820
f 2847/3502/2847 2815/3462/2815 2829/3503/2829
f 2815/3462/2815 2848/3504/2848 2829/3503/2829
f 2811/3456/2811 2777/3417/2777 2804/3448/2804
f 2849/3505/2849 2850/3506/2850 2848/3504/2848
f 2851/3507/2851 2833/3488/2833 2822/3472/2822
f 2851/3507/2851 2834/3489/2834 2833/3488/2833
f 2337/2897/2337 2817/3465/2817 2338/2898/2338
f 2836/3491/2836 2838/3493/2838 2845/3500/2845
f 2852/3508/2852 2853/3509/2853 2843/3498/2843
f 2845/3500/2845 2854/3510/2854 2855/3511/2855
f 2855/3512/2855 2854/3513/2854 2808/3452/2808
f 2836/3491/2836 2845/3500/2845 2855/3511/2855
f 2856/3514/2856 2854/3510/2854 2845/3500/2845
f 2857/3515/2857 2848/3504/2848 2815/3462/2815
f 2849/3516/2849 2827/3517/2827 2850/3518/2850
f 2849/3516/2849 2856/3514/2856 2846/3501/2846
f 2151/2727/2151 2206/2741/2206 2152/2740/2152
f 2809/3453/2809 2857/3515/2857 2815/3462/2815
f 2816/3463/2816 2858/3519/2858 199/224/199
f 2820/3470/2820 2391/2962/2391 2846/3501/2846
f 2858/3519/2858 2814/3460/2814 199/224/199
f 2859/3520/2859 2860/3521/2860 2837/3492/2837
f 2809/3453/2809 2815/3462/2815 2804/3448/2804
f 2799/3461/2799 2815/3462/2815 2847/3502/2847
f 2788/3429/2788 2799/3442/2799 2847/3522/2847
f 200/225/200 2808/3452/2808 2785/3425/2785
f 2437/3022/2437 2783/3423/2783 2535/3128/2535
f 80/98/80 2511/3102/2511 507/605/507
f 2427/3008/2427 2446/3032/2446 2295/2845/2295
f 2522/3115/2522 2562/3157/2562 2526/3119/2526
f 2395/2967/2395 2135/2662/2135 2701/3328/2701
f 2401/2974/2401 2459/3046/2459 2101/2626/2101
f 2488/3076/2488 2487/3075/2487 2486/3074/2486
f 2487/3075/2487 2861/3523/2861 2125/2652/2125
f 2562/3157/2562 2455/3041/2455 2526/3119/2526
f 450/545/450 507/605/507 451/546/451
f 2653/3269/2653 80/98/80 508/606/508
f 2107/2632/2107 2102/2627/2102 2123/2650/2123
f 2641/3257/2641 2640/3256/2640 2638/3254/2638
f 2587/3524/2587 2583/3354/2583 2503/3092/2503
f 2532/3125/2532 2862/3525/2862 2469/3056/2469
f 2590/3202/2590 2586/3196/2586 2588/3200/2588
f 2586/3196/2586 2590/3202/2590 2584/3194/2584
f 2649/3265/2649 2672/3294/2672 2771/3409/2771
f 2862/3525/2862 2772/3412/2772 2479/3066/2479
f 2635/3251/2635 2565/3161/2565 2546/3139/2546
f 2546/3139/2546 2463/3050/2463 2635/3251/2635
f 2567/3163/2567 2568/3165/2568 2609/3222/2609
f 2663/3288/2663 2667/3287/2667 2608/3293/2608
f 2005/2507/2005 2449/3035/2449 2006/2508/2006
f 505/603/505 509/607/509 2448/3034/2448
f 2629/3242/2629 2602/3214/2602 2614/3227/2614
f 2691/3316/2691 2690/3315/2690 2688/3313/2688
f 2649/3265/2649 2708/3335/2708 2643/3259/2643
f 2699/3326/2699 2672/3294/2672 2674/3296/2674
f 2546/3139/2546 2565/3161/2565 2575/3177/2575
f 2762/3398/2762 2637/3253/2637 2644/3260/2644
f 2863/3526/2863 2864/3527/2864 2865/3528/2865
f 2720/3347/2720 2442/3028/2442 2462/3049/2462
f 2484/3072/2484 2642/3258/2642 2583/3354/2583
f 2700/3327/2700 2701/3328/2701 2135/2662/2135
f 2412/2989/2412 2418/3529/2418 2413/2990/2413
f 2711/3388/2711 2553/3530/2553 2749/3383/2749
f 2713/3340/2713 2715/3342/2715 2774/3414/2774
f 2754/3411/2754 2764/3402/2764 2763/3401/2763
f 2782/3422/2782 2791/3433/2791 2789/3430/2789
f 2810/3455/2810 2554/3148/2554 2777/3417/2777
f 2518/3110/2518 2520/3112/2520 2802/3446/2802
f 2855/3512/2855 2808/3452/2808 2814/3460/2814
f 2740/3373/2740 2707/3334/2707 2706/3333/2706
f 2518/3110/2518 2707/3334/2707 2519/3111/2519
f 2854/3513/2854 2809/3453/2809 2808/3452/2808
f 2534/3127/2534 2446/3032/2446 2798/3441/2798
f 2552/3432/2552 2749/3383/2749 2553/3530/2553
f 2425/3006/2425 2443/3029/2443 2775/3415/2775
f 2404/2977/2404 2425/3006/2425 2068/2593/2068
f 2333/2892/2333 2332/2891/2332 2360/2923/2360
f 2348/2911/2348 186/211/186 185/210/185
f 2291/2841/2291 2421/3001/2421 2292/2842/2292
f 2301/2851/2301 2223/2762/2223 2069/2594/2069
f 186/211/186 2068/2593/2068 2425/3006/2425
f 2798/3441/2798 2303/2853/2303 2349/2912/2349
f 2810/3455/2810 2552/3146/2552 2554/3148/2554
f 2805/3449/2805 198/223/198 2707/3334/2707
f 2343/3444/2343 2819/3481/2819 2795/3437/2795
f 2534/3127/2534 2337/2897/2337 2446/3032/2446
f 2776/3416/2776 2706/3333/2706 2784/3424/2784
f 2866/3531/2866 1218/3532/1218 1217/3533/1217
f 2867/3534/2867 2868/3535/2868 2869/3536/2869
f 2390/2961/2390 2210/2746/2210 2870/3537/2870
f 2871/3538/2871 2381/2947/2381 2176/2707/2176
f 2872/3539/2872 2267/2812/2267 2309/2861/2309
f 2873/3540/2873 2370/2933/2370 2324/2879/2324
f 2365/2928/2365 2874/3541/2874 2875/3542/2875
f 2205/2738/2205 2204/2737/2204 2201/2785/2201
f 2876/3543/2876 2877/3544/2877 2878/3545/2878
f 2879/3546/2879 1221/1481/1221 1223/1483/1223
f 2879/3546/2879 2877/3544/2877 2880/3547/2880
f 2881/3548/2881 1264/1530/1264 2183/2714/2183
f 1223/1483/1223 2882/3549/2882 2866/3531/2866
f 1265/1531/1265 2181/2712/2181 2183/2714/2183
f 2883/3550/2883 2884/3551/2884 2876/3543/2876
f 2885/3552/2885 2886/3553/2886 2887/3554/2887
f 2888/3555/2888 2185/2716/2185 2889/3556/2889
f 2390/2961/2390 2890/3557/2890 2884/3551/2884
f 2891/3558/2891 2892/3559/2892 2893/3560/2893
f 2880/3547/2880 2185/2716/2185 2879/3546/2879
f 2894/3561/2894 2895/3562/2895 2892/3559/2892
f 2896/3563/2896 2894/3561/2894 2897/3564/2897
f 2894/3561/2894 2892/3559/2892 2897/3564/2897
f 2880/3547/2880 2898/3565/2898 2899/3566/2899
f 2900/3567/2900 2901/3568/2901 2902/3569/2902
f 2903/3570/2903 2904/3571/2904 2905/3572/2905
f 2906/3573/2906 2890/3557/2890 2870/3537/2870
f 2907/3574/2907 2908/3575/2908 2909/3576/2909
f 2910/3577/2910 2911/3578/2911 2912/3579/2912
f 2913/3580/2913 2886/3553/2886 2885/3552/2885
f 2914/3581/2914 2915/3582/2915 2907/3574/2907
f 2891/3558/2891 2884/3551/2884 2890/3557/2890
f 2904/3571/2904 2916/3583/2916 2905/3572/2905
f 2917/3584/2917 2905/3572/2905 2916/3583/2916
f 2918/3585/2918 2868/3535/2868 2919/3586/2919
f 2869/3536/2869 2904/3571/2904 2920/3587/2920
f 2921/3588/2921 2918/3585/2918 2917/3584/2917
f 2910/3577/2910 2922/3589/2922 2911/3578/2911
f 2923/3590/2923 2924/3591/2924 2925/3592/2925
f 2926/3593/2926 2927/3594/2927 2901/3568/2901
f 2928/3595/2928 2869/3536/2869 2920/3587/2920
f 1214/1469/1214 1268/1534/1268 1216/1474/1216
f 2929/3596/2929 2930/3597/2930 2931/3598/2931
f 2932/3599/2932 2933/3600/2933 2930/3597/2930
f 2834/3489/2834 2794/3436/2794 2833/3488/2833
f 2934/3601/2934 2896/3563/2896 2935/3602/2935
f 2917/3584/2917 2889/3556/2889 2899/3566/2899
f 2905/3572/2905 2894/3561/2894 2896/3563/2896
f 2903/3570/2903 2905/3572/2905 2934/3601/2934
f 2903/3570/2903 2936/3603/2936 2937/3604/2937
f 2938/3605/2938 2939/3606/2939 2940/3607/2940
f 2335/2894/2335 2445/3031/2445 2336/2895/2336
f 2212/2748/2212 2910/3577/2910 2210/2746/2210
f 2390/2961/2390 2884/3551/2884 2883/3550/2883
f 2941/3608/2941 2942/3609/2942 2384/2950/2384
f 2889/3556/2889 2918/3585/2918 2888/3555/2888
f 2943/3610/2943 2944/3611/2944 2945/3612/2945
f 2946/3613/2946 2947/3614/2947 2948/3615/2948
f 2947/3614/2947 2949/3616/2949 2948/3615/2948
f 2376/2940/2376 2950/3617/2950 2377/2941/2377
f 2923/3618/2923 2927/3594/2927 2926/3593/2926
f 1518/1869/1518 1499/1844/1499 1519/1870/1519
f 2923/3590/2923 2926/3619/2926 2924/3591/2924
f 1507/1852/1507 1495/1840/1495 1503/1848/1503
f 2951/3620/2951 2952/3621/2952 2953/3622/2953
f 2901/3568/2901 2900/3567/2900 2926/3593/2926
f 2954/3623/2954 2955/3624/2955 2956/3625/2956
f 1330/1616/1330 1329/1615/1329 1277/1545/1277
f 2924/3591/2924 2926/3619/2926 2945/3626/2945
f 2957/3627/2957 2949/3616/2949 2947/3614/2947
f 2958/3628/2958 2867/3534/2867 2959/3629/2959
f 2960/3630/2960 1552/1915/1552 1551/1914/1551
f 1277/1942/1277 1276/3631/1276 2961/3632/2961
f 2962/3633/2962 2963/3634/2963 2956/3625/2956
f 2964/3635/2964 2901/3568/2901 2927/3594/2927
f 2922/3589/2922 2910/3577/2910 2212/2748/2212
f 2965/3636/2965 2316/2869/2316 2318/2871/2318
f 2966/3637/2966 2967/3638/2967 2968/3639/2968
f 1262/3640/1262 1261/3641/1261 2943/3610/2943
f 2375/2939/2375 2377/2941/2377 2969/3642/2969
f 2968/3643/2968 2957/3627/2957 2952/3621/2952
f 2970/3644/2970 2953/3622/2953 2952/3621/2952
f 2951/3620/2951 2968/3643/2968 2952/3621/2952
f 1910/2398/1910 1920/2408/1920 1878/2362/1878
f 2971/3645/2971 2930/3597/2930 2972/3646/2972
f 2933/3600/2933 2936/3603/2936 2935/3602/2935
f 2973/3647/2973 2942/3609/2942 2941/3608/2941
f 2434/3018/2434 2929/3596/2929 2931/3598/2931
f 2913/3580/2913 2433/3017/2433 2886/3553/2886
f 2966/3637/2966 2953/3648/2953 2974/3649/2974
f 2975/3650/2975 2907/3574/2907 2909/3576/2909
f 2960/3630/2960 2976/3651/2976 2943/3610/2943
f 2977/3652/2977 2910/3577/2910 2912/3579/2912
f 2929/3596/2929 2913/3580/2913 2932/3599/2932
f 2947/3614/2947 2946/3613/2946 2937/3604/2937
f 2967/3638/2967 2954/3623/2954 2963/3634/2963
f 2963/3634/2963 2964/3635/2964 2967/3638/2967
f 1480/1818/1480 2978/3653/2978 2979/3654/2979
f 2979/3654/2979 2978/3653/2978 1523/1874/1523
f 1481/1819/1481 1480/1818/1480 2979/3654/2979
f 2902/3569/2902 2979/3654/2979 2980/3655/2980
f 2964/3635/2964 2927/3594/2927 2967/3638/2967
f 2434/3018/2434 2931/3598/2931 2981/3656/2981
f 2931/3598/2931 2930/3597/2930 2982/3657/2982
f 2885/3552/2885 2936/3603/2936 2932/3599/2932
f 2983/3658/2983 2984/3659/2984 2985/3660/2985
f 2986/3661/2986 2987/3662/2987 2988/3663/2988
f 2377/3664/2377 2989/3665/2989 2986/3661/2986
f 2950/3666/2950 2953/3622/2953 2989/3665/2989
f 2987/3662/2987 2990/3667/2990 2991/3668/2991
f 2991/3668/2991 2992/3669/2992 2993/3670/2993
f 2942/3609/2942 2371/2934/2371 2994/3671/2994
f 2801/3445/2801 2795/3437/2795 2841/3496/2841
f 2995/3672/2995 2996/3673/2996 2997/3674/2997
f 2986/3661/2986 2998/3675/2998 2377/3664/2377
f 2988/3663/2988 2987/3662/2987 2991/3668/2991
f 2999/3676/2999 3000/3677/3000 2955/3624/2955
f 2376/2940/2376 2999/3676/2999 2974/3649/2974
f 2969/3642/2969 3001/3678/3001 3002/3679/3002
f 3000/3677/3000 3003/3680/3003 2955/3624/2955
f 1541/1899/1541 1482/1820/1482 1481/1819/1481
f 2966/3637/2966 2951/3681/2951 2953/3648/2953
f 2375/2939/2375 3000/3677/3000 2376/2940/2376
f 3004/3682/3004 3005/3683/3005 3006/3684/3006
f 3000/3677/3000 2999/3676/2999 2376/2940/2376
f 3007/3685/3007 3008/3686/3008 3009/3687/3009
f 3010/3688/3010 3003/3680/3003 1932/2420/1932
f 3011/3689/3011 3012/3690/3012 3013/3691/3013
f 3012/3690/3012 3014/3692/3014 3006/3684/3006
f 3013/3691/3013 3012/3690/3012 3006/3684/3006
f 3015/3693/3015 3013/3691/3013 3005/3683/3005
f 2850/3694/2850 2827/3478/2827 2828/3479/2828
f 3016/3695/3016 3017/3696/3017 3018/3697/3018
f 3019/3698/3019 3012/3690/3012 3020/3699/3020
f 3021/3700/3021 3022/3701/3022 3023/3702/3023
f 2945/3612/2945 2960/3630/2960 2943/3610/2943
f 2375/2939/2375 3002/3679/3002 3024/3703/3024
f 3025/3704/3025 3026/3705/3026 3027/3706/3027
f 3028/3707/3028 3029/3708/3029 3030/3709/3030
f 3011/3689/3011 3013/3691/3013 3031/3710/3031
f 3032/3711/3032 3033/3712/3033 3034/3713/3034
f 3035/3714/3035 3024/3703/3024 3015/3693/3015
f 1542/1900/1542 1541/1899/1541 3010/3688/3010
f 3015/3693/3015 3005/3683/3005 3035/3714/3035
f 1499/1844/1499 3036/3715/3036 1500/1845/1500
f 1540/1898/1540 1542/1900/1542 1932/2420/1932
f 3037/3716/3037 1933/2421/1933 3005/3683/3005
f 1932/2420/1932 1542/1900/1542 3010/3688/3010
f 1933/2421/1933 1932/2420/1932 3035/3714/3035
f 3038/3717/3038 3039/3718/3039 3040/3719/3040
f 1558/1921/1558 1747/2189/1747 3041/3720/3041
f 1748/2190/1748 1747/2189/1747 1558/1921/1558
f 3039/3718/3039 3042/3721/3042 3043/3722/3043
f 3029/3708/3029 3044/3723/3044 3045/3724/3045
f 1556/1919/1556 1555/1918/1555 1564/1932/1564
f 1907/2395/1907 3046/3725/3046 3047/3726/3047
f 3048/3727/3048 3049/3728/3049 3050/3729/3050
f 3037/3716/3037 3051/3730/3051 1933/2421/1933
f 3052/3731/3052 3008/3686/3008 3053/3732/3053
f 3051/3730/3051 3037/3716/3037 3052/3731/3052
f 3046/3725/3046 1906/2394/1906 3053/3732/3053
f 3054/3733/3054 3053/3732/3053 3055/3734/3055
f 3053/3732/3053 3056/3735/3056 3055/3734/3055
f 3042/3721/3042 3057/3736/3057 3043/3722/3043
f 3058/3737/3058 3059/3738/3059 3057/3739/3057
f 1739/2180/1739 1907/2395/1907 3060/3740/3060
f 3061/3741/3061 3057/3736/3057 3059/3742/3059
f 3061/3741/3061 3059/3742/3059 3062/3743/3062
f 3063/3744/3063 3062/3743/3062 3059/3742/3059
f 3007/3685/3007 3062/3743/3062 3047/3726/3047
f 3007/3685/3007 3047/3726/3047 3046/3725/3046
f 3007/3685/3007 3046/3725/3046 3008/3686/3008
f 1565/1933/1565 2019/2541/2019 1743/2194/1743
f 1554/1917/1554 1560/1923/1560 3041/3720/3041
f 3054/3733/3054 3051/3730/3051 3052/3731/3052
f 1530/1882/1530 1529/1881/1529 1735/2176/1735
f 1540/1898/1540 3054/3733/3054 1747/2189/1747
f 3064/3745/3064 3065/3746/3065 3066/3747/3066
f 3067/3748/3067 3068/3749/3068 3069/3750/3069
f 2948/3615/2948 2920/3587/2920 2946/3613/2946
f 3040/3719/3040 3068/3749/3068 3067/3748/3067
f 3066/3747/3066 3067/3751/3067 3064/3745/3064
f 3070/3752/3070 3071/3753/3071 3072/3754/3072
f 3006/3684/3006 3014/3692/3014 3004/3682/3004
f 3073/3755/3073 1741/2182/1741 1740/2181/1740
f 3012/3690/3012 3011/3689/3011 3020/3699/3020
f 1732/2172/1732 1734/2174/1734 1753/3756/1753
f 3074/3757/3074 3042/3758/3042 3075/3759/3075
f 3074/3757/3074 3075/3759/3075 3038/3760/3038
f 3076/3761/3076 3077/3762/3077 3078/3763/3078
f 3074/3757/3074 1916/2404/1916 3042/3758/3042
f 3039/3718/3039 3079/3764/3079 3068/3749/3068
f 3068/3749/3068 3080/3765/3080 3069/3750/3069
f 1740/2181/1740 1738/2183/1738 1736/3766/1736
f 3039/3718/3039 3081/3767/3081 3079/3764/3079
f 3039/3718/3039 3075/3768/3075 3042/3721/3042
f 3081/3767/3081 3039/3718/3039 3043/3722/3043
f 3067/3751/3067 3066/3747/3066 3040/3769/3040
f 3082/3770/3082 3083/3771/3083 3084/3772/3084
f 3030/3709/3030 3085/3773/3085 3028/3707/3028
f 3086/3774/3086 3087/3775/3087 3088/3776/3088
f 3079/3764/3079 3014/3692/3014 3080/3765/3080
f 3081/3767/3081 3004/3682/3004 3014/3692/3014
f 1918/2406/1918 3089/3777/3089 1916/2404/1916
f 3090/3778/3090 1914/2402/1914 1892/2378/1892
f 3069/3750/3069 3019/3698/3019 3091/3779/3091
f 3085/3773/3085 3030/3709/3030 3092/3780/3092
f 3093/3781/3093 3094/3782/3094 3095/3783/3095
f 3096/3784/3096 3097/3785/3097 3028/3707/3028
f 3098/3786/3098 3099/3787/3099 3100/3788/3100
f 3065/3789/3065 3101/3790/3101 3102/3791/3102
f 3103/3792/3103 3104/3793/3104 3105/3794/3105
f 3102/3791/3102 3106/3795/3106 3107/3796/3107
f 3090/3778/3090 1892/2378/1892 3108/3797/3108
f 3109/3798/3109 1918/2406/1918 3110/3799/3110
f 3111/3800/3111 1918/2406/1918 3109/3798/3109
f 3112/3801/3112 3025/3704/3025 3027/3706/3027
f 2875/3542/2875 3113/3802/3113 3114/3803/3114
f 3115/3804/3115 3001/3805/3001 2986/3661/2986
f 3020/3699/3020 3029/3708/3029 3045/3724/3045
f 3079/3764/3079 3081/3767/3081 3014/3692/3014
f 2257/2801/2257 3116/3806/3116 2255/2799/2255
f 3117/3807/3117 3118/3808/3118 2313/2865/2313
f 3118/3808/3118 3119/3809/3119 3120/3810/3120
f 2940/3607/2940 2381/2947/2381 3121/3811/3121
f 3121/3811/3121 2938/3605/2938 2940/3607/2940
f 3122/3812/3122 3113/3802/3113 3117/3807/3117
f 3122/3812/3122 3121/3811/3121 3113/3802/3113
f 3123/3813/3123 2313/2865/2313 2312/2864/2312
f 2312/2864/2312 2982/3657/2982 3123/3813/3123
f 3124/3814/3124 2938/3605/2938 3121/3811/3121
f 3113/3802/3113 2381/2947/2381 3114/3803/3114
f 3121/3811/3121 2381/2947/2381 3113/3802/3113
f 2887/3554/2887 2947/3614/2947 2937/3604/2937
f 3121/3811/3121 3122/3812/3122 3124/3814/3124
f 3125/3815/3125 3126/3816/3126 3127/3817/3127
f 2365/2928/2365 2367/2930/2367 2874/3541/2874
f 2939/3606/2939 2938/3605/2938 3128/3818/3128
f 2311/2863/2311 2313/2865/2313 2941/3608/2941
f 2351/3819/2351 2262/2806/2262 2265/2809/2265
f 3129/3820/3129 3120/3810/3120 3119/3809/3119
f 3130/3821/3130 3131/3822/3131 3132/3823/3132
f 3132/3823/3132 3131/3822/3131 2973/3647/2973
f 3127/3817/3127 3133/3824/3133 3119/3809/3119
f 3134/3825/3134 3130/3821/3130 3132/3823/3132
f 2264/2808/2264 2431/3013/2431 2265/2809/2265
f 3126/3816/3126 2874/3541/2874 2873/3540/2873
f 2931/3598/2931 2982/3657/2982 2385/2951/2385
f 3135/3826/3135 3136/3827/3136 3127/3817/3127
f 3134/3825/3134 3137/3828/3137 3138/3829/3138
f 2365/2928/2365 3114/3803/3114 2871/3538/2871
f 3129/3820/3129 3137/3828/3137 2973/3647/2973
f 3126/3816/3126 2873/3540/2873 3127/3817/3127
f 3138/3829/3138 3137/3828/3137 3136/3827/3136
f 3136/3827/3136 3135/3826/3135 2997/3674/2997
f 2345/2908/2345 2261/2805/2261 2317/2870/2317
f 3138/3829/3138 2997/3674/2997 3139/3830/3139
f 2872/3539/2872 3140/3831/3140 3141/3832/3141
f 2314/2867/2314 2374/2938/2374 2315/2868/2315
f 2255/2799/2255 3142/3833/3142 2996/3673/2996
f 2386/2954/2386 2428/3834/2428 2388/3835/2388
f 2379/2952/2379 2314/2867/2314 2277/2875/2277
f 3143/3836/3143 2384/2950/2384 2942/3609/2942
f 3144/3837/3144 3145/3838/3145 3134/3825/3134
f 3138/3829/3138 3144/3837/3144 3134/3825/3134
f 2438/3024/2438 2383/2949/2383 2209/2745/2209
f 2872/3539/2872 3146/3839/3146 3147/3840/3147
f 2223/2762/2223 2222/2761/2222 2292/2842/2292
f 3148/3841/3148 3149/3842/3149 3150/3843/3150
f 3151/3844/3151 3139/3830/3139 3152/3845/3152
f 3153/3846/3153 3154/3847/3154 2372/2935/2372
f 2319/2872/2319 3151/3844/3151 3150/3848/3150
f 3155/3849/3155 3141/3832/3141 3148/3841/3148
f 3152/3845/3152 3147/3850/3147 3146/3851/3146
f 2320/2873/2320 2319/2872/2319 3150/3848/3150
f 3149/3842/3149 3156/3852/3156 3150/3843/3150
f 2383/2949/2383 2389/3853/2389 2328/2885/2328
f 3142/3833/3142 3152/3845/3152 3139/3830/3139
f 2319/2872/2319 3145/3838/3145 3144/3837/3144
f 3157/3854/3157 3129/3820/3129 2973/3647/2973
f 2313/2865/2313 3157/3854/3157 2941/3608/2941
f 3157/3854/3157 3120/3810/3120 3129/3820/3129
f 3152/3845/3152 3142/3833/3142 3147/3850/3147
f 2321/2874/2321 3145/3838/3145 2319/2872/2319
f 3158/3855/3158 2435/3019/2435 3159/3856/3159
f 3155/3857/3155 3148/3858/3148 3150/3848/3150
f 2941/3608/2941 2384/2950/2384 2311/2863/2311
f 3160/3859/3160 3161/3860/3161 3162/3861/3162
f 3163/3862/3163 3164/3863/3164 3160/3859/3160
f 3165/3864/3165 3166/3865/3166 3167/3866/3167
f 3168/3867/3168 3002/3679/3002 3112/3868/3112
f 3093/3781/3093 3095/3783/3095 3169/3869/3169
f 3026/3705/3026 3170/3870/3170 3097/3871/3097
f 2384/2950/2384 2981/3656/2981 2385/2951/2385
f 3135/3826/3135 2873/3540/2873 2995/3672/2995
f 3171/3872/3171 3172/3873/3172 3173/3874/3173
f 2371/2934/2371 2942/3609/2942 3131/3822/3131
f 3131/3822/3131 2942/3609/2942 2973/3647/2973
f 3166/3865/3166 3165/3864/3165 3174/3875/3174
f 3175/3876/3175 3162/3861/3162 3161/3860/3161
f 3175/3876/3175 2373/2936/2373 3162/3861/3162
f 3175/3876/3175 3176/3877/3176 3177/3878/3177
f 3178/3879/3178 3176/3877/3176 3161/3860/3161
f 3179/3880/3179 2927/3594/2927 2923/3618/2923
f 2982/3657/2982 3180/3881/3180 3124/3814/3124
f 3154/3847/3154 2321/2874/2321 3181/3882/3181
f 3013/3691/3013 3015/3693/3015 3031/3710/3031
f 3182/3883/3182 3099/3787/3099 3183/3884/3183
f 3096/3784/3096 3028/3707/3028 3085/3773/3085
f 3184/3885/3184 3185/3886/3185 3186/3887/3186
f 3187/3888/3187 3087/3775/3087 3188/3889/3188
f 3189/3890/3189 3183/3891/3183 3190/3892/3190
f 2371/2934/2371 3130/3821/3130 2372/2935/2372
f 3191/3893/3191 3192/3894/3192 3094/3782/3094
f 3165/3864/3165 3181/3882/3181 3174/3875/3174
f 2432/3014/2432 2388/2957/2388 2431/3013/2431
f 2274/2819/2274 2276/2821/2276 2286/2835/2286
f 3193/3895/3193 3194/3896/3194 3195/3897/3195
f 3194/3896/3194 3192/3894/3192 3196/3898/3196
f 3194/3896/3194 3094/3782/3094 3192/3894/3192
f 3095/3783/3095 3194/3896/3194 3197/3899/3197
f 1748/2190/1748 1541/1899/1541 1540/1898/1540
f 3166/3900/3166 3174/3901/3174 3198/3902/3198
f 3022/3701/3022 3199/3903/3199 3023/3702/3023
f 3200/3904/3200 3174/3875/3174 2325/2880/2325
f 3160/3859/3160 3201/3905/3201 3086/3774/3086
f 2325/2880/2325 3181/3882/3181 2321/2874/2321
f 3118/3808/3118 3125/3815/3125 3119/3809/3119
f 3145/3838/3145 2321/2874/2321 3153/3846/3153
f 2385/2951/2385 2312/2864/2312 2311/2863/2311
f 2372/2935/2372 3130/3821/3130 3153/3846/3153
f 2432/3020/2432 2426/3007/2426 2388/3835/2388
f 3202/3906/3202 3203/3907/3203 3149/3842/3149
f 3156/3852/3156 3149/3842/3149 3203/3907/3203
f 3203/3907/3203 3204/3908/3204 3156/3852/3156
f 3205/3909/3205 3141/3832/3141 3140/3831/3140
f 3206/3910/3206 3172/3873/3172 3207/3911/3207
f 3208/3912/3208 3205/3909/3205 3209/3913/3209
f 3202/3906/3202 3149/3842/3149 3148/3841/3148
f 3205/3909/3205 3140/3831/3140 3209/3913/3209
f 3210/3914/3210 3211/3915/3211 3212/3916/3212
f 3213/3917/3213 3208/3912/3208 3214/3918/3214
f 3213/3917/3213 3215/3919/3215 3216/3920/3216
f 3203/3907/3203 3032/3711/3032 3217/3921/3217
f 3211/3915/3211 3218/3922/3218 3219/3923/3219
f 3220/3924/3220 3213/3917/3213 3033/3712/3033
f 3220/3924/3220 3205/3909/3205 3213/3917/3213
f 3032/3711/3032 3220/3924/3220 3033/3712/3033
f 3208/3912/3208 3213/3917/3213 3205/3909/3205
f 3141/3832/3141 3205/3909/3205 3202/3906/3202
f 3202/3906/3202 3205/3909/3205 3220/3924/3220
f 3221/3925/3221 3210/3914/3210 3222/3926/3222
f 3217/3921/3217 3032/3711/3032 3034/3713/3034
f 3214/3918/3214 3215/3919/3215 3213/3917/3213
f 3033/3712/3033 3216/3920/3216 3223/3927/3223
f 3223/3927/3223 3224/3928/3224 3034/3713/3034
f 3225/3929/3225 3226/3930/3226 3227/3931/3227
f 3228/3932/3228 2985/3660/2985 3229/3933/3229
f 3212/3916/3212 3230/3934/3230 3210/3914/3210
f 3172/3873/3172 3171/3872/3171 3219/3923/3219
f 3231/3935/3231 3232/3936/3232 3233/3937/3233
f 3219/3923/3219 3171/3872/3171 3234/3938/3234
f 3224/3928/3224 3235/3939/3235 3236/3940/3236
f 3224/3928/3224 3223/3927/3223 3235/3939/3235
f 3199/3903/3199 3237/3941/3237 3238/3942/3238
f 2354/3943/2354 3239/3944/3239 3200/3945/3200
f 3203/3907/3203 3220/3924/3220 3032/3711/3032
f 3173/3874/3173 3216/3920/3216 3171/3872/3171
f 3214/3918/3214 3208/3912/3208 2344/2907/2344
f 3235/3939/3235 3223/3927/3223 3173/3874/3173
f 3240/3946/3240 3241/3947/3241 3242/3948/3242
f 3243/3949/3243 3244/3950/3244 3245/3951/3245
f 3246/3952/3246 3247/3953/3247 3248/3954/3248
f 3249/3955/3249 3250/3956/3250 3251/3957/3251
f 3252/3958/3252 3253/3959/3253 3254/3960/3254
f 3201/3905/3201 3087/3775/3087 3086/3774/3086
f 3184/3961/3184 3255/3962/3255 3185/3963/3185
f 3256/3964/3256 3255/3962/3255 3257/3965/3257
f 3258/3966/3258 3259/3967/3259 3045/3724/3045
f 3260/3968/3260 3261/3969/3261 3262/3970/3262
f 3263/3971/3263 3186/3972/3186 3256/3964/3256
f 3264/3973/3264 3226/3930/3226 3225/3929/3225
f 3259/3967/3259 3265/3974/3265 3045/3724/3045
f 3265/3975/3265 3259/3976/3259 3107/3796/3107
f 3247/3953/3247 3266/3977/3266 3248/3954/3248
f 3186/3978/3186 3263/3979/3263 3267/3980/3267
f 3258/3966/3258 3268/3981/3268 3184/3885/3184
f 3082/3770/3082 3267/3980/3267 3263/3979/3263
f 3044/3723/3044 3268/3981/3268 3258/3966/3258
f 3106/3795/3106 3101/3790/3101 3269/3982/3269
f 3084/3772/3084 3270/3983/3270 3271/3984/3271
f 3084/3772/3084 3272/3985/3272 3270/3983/3270
f 3111/3800/3111 3090/3778/3090 3273/3986/3273
f 3198/3902/3198 3239/3944/3239 3021/3700/3021
f 3198/3902/3198 3021/3700/3021 3023/3702/3023
f 3023/3702/3023 3274/3987/3274 3167/3988/3167
f 3198/3902/3198 3167/3988/3167 3166/3900/3166
f 3274/3987/3274 3197/3989/3197 3167/3988/3167
f 3022/3701/3022 3021/3700/3021 3227/3931/3227
f 3169/3990/3169 3275/3991/3275 3276/3992/3276
f 3277/3993/3277 3278/3994/3278 3279/3995/3279
f 3238/3942/3238 3237/3941/3237 3280/3996/3280
f 3281/3997/3281 3274/3987/3274 3282/3998/3282
f 3264/3973/3264 3237/3941/3237 3226/3930/3226
f 3262/3970/3262 3249/3955/3249 3251/3957/3251
f 3283/3999/3283 3284/4000/3284 3285/4001/3285
f 2865/3528/2865 3251/3957/3251 2863/3526/2863
f 3286/4002/3286 3287/4003/3287 3288/4004/3288
f 3200/3945/3200 3239/3944/3239 3174/3901/3174
f 3237/3941/3237 3022/3701/3022 3226/3930/3226
f 3226/3930/3226 3022/3701/3022 3227/3931/3227
f 3240/3946/3240 3264/3973/3264 3225/3929/3225
f 3076/4005/3076 3289/4006/3289 3077/4007/3077
f 3224/3928/3224 3240/3946/3240 3225/3929/3225
f 3290/4008/3290 3291/4009/3291 3276/3992/3276
f 3290/4010/3290 3275/4011/3275 3286/4002/3286
f 3290/4010/3290 3288/4004/3288 3292/4012/3292
f 3071/4013/3071 3293/4014/3293 3294/4015/3294
f 3295/4016/3295 3296/4017/3296 3297/4018/3297
f 3065/3746/3065 3064/3745/3064 3101/4019/3101
f 3298/4020/3298 3295/4016/3295 3093/4021/3093
f 3291/4009/3291 3290/4008/3290 3292/4022/3292
f 3296/4017/3296 3299/4023/3299 3243/3949/3243
f 3296/4017/3296 3295/4016/3295 3276/3992/3276
f 3298/4024/3298 3093/3781/3093 3169/3869/3169
f 3300/4025/3300 3301/4026/3301 3288/4004/3288
f 3106/4027/3106 3269/4028/3269 3091/3779/3091
f 3165/3864/3165 3167/3866/3167 3193/3895/3193
f 3302/4029/3302 3257/3965/3257 3072/3754/3072
f 3104/3793/3104 3103/3792/3103 3303/4030/3303
f 3163/3862/3163 2387/2955/2387 3196/3898/3196
f 3304/4031/3304 3025/3704/3025 3115/3804/3115
f 3282/3998/3282 3274/3987/3274 3023/3702/3023
f 3239/3944/3239 3198/3902/3198 3174/3901/3174
f 3293/4014/3293 3305/4032/3305 3294/4015/3294
f 3306/4033/3306 3307/4034/3307 3308/4035/3308
f 3309/4036/3309 3247/3953/3247 3310/4037/3310
f 3311/4038/3311 3312/4039/3312 3313/4040/3313
f 3314/4041/3314 2841/3496/2841 3212/3916/3212
f 3277/3993/3277 3315/4042/3315 3242/3948/3242
f 3316/4043/3316 3317/4044/3317 3318/4045/3318
f 3319/4046/3319 3250/3956/3250 3320/4047/3320
f 3321/4048/3321 3322/4049/3322 3323/4050/3323
f 3324/4051/3324 3325/4052/3325 3300/4025/3300
f 2335/2894/2335 3326/4053/3326 3234/3938/3234
f 3327/4054/3327 3328/4055/3328 3329/4056/3329
f 3330/4057/3330 3331/4058/3331 3215/3919/3215
f 3331/4058/3331 2335/2894/2335 3234/3938/3234
f 3222/3926/3222 3210/3914/3210 3230/3934/3230
f 3332/4059/3332 3236/3940/3236 3206/3910/3206
f 2822/3472/2822 2842/3497/2842 2851/3507/2851
f 3212/3916/3212 3211/3915/3211 3333/4060/3333
f 3083/3771/3083 3334/4061/3334 3335/4062/3335
f 3336/4063/3336 3310/4037/3310 3246/3952/3246
f 3337/4064/3337 3338/4065/3338 3339/4066/3339
f 3334/4061/3334 3297/4018/3297 3243/3949/3243
f 3340/4067/3340 3084/3772/3084 3083/3771/3083
f 3083/3771/3083 3335/4062/3335 3340/4067/3340
f 3334/4061/3334 3245/3951/3245 3335/4062/3335
f 3227/3931/3227 3204/3908/3204 3217/3921/3217
f 3021/3700/3021 3204/3908/3204 3227/3931/3227
f 3239/3944/3239 3204/3908/3204 3021/3700/3021
f 3264/3973/3264 3240/3946/3240 3242/3948/3242
f 3276/3992/3276 3291/4009/3291 3296/4017/3296
f 3083/3771/3083 3297/4018/3297 3334/4061/3334
f 3253/3959/3253 3341/4068/3341 3342/4069/3342
f 3325/4052/3325 3324/4051/3324 3315/4042/3315
f 3332/4059/3332 3206/3910/3206 2341/2901/2341
f 3343/4070/3343 3277/3993/3277 3344/4071/3344
f 3296/4017/3296 3291/4009/3291 3299/4023/3299
f 3280/3996/3280 3287/4003/3287 3238/3942/3238
f 3333/4060/3333 3219/3923/3219 3234/3938/3234
f 3236/3940/3236 3235/3939/3235 3206/3910/3206
f 2958/3628/2958 2959/3629/2959 2944/4072/2944
f 2280/2827/2280 2275/2820/2275 2274/2819/2274
f 2895/3562/2895 2898/3565/2898 2892/3559/2892
f 22/22/22 1104/1325/1104 1146/1380/1146
f 2327/2883/2327 2233/2882/2233 2285/2834/2285
f 3215/3919/3215 3214/3918/3214 3330/4057/3330
f 2344/2907/2344 2965/3636/2965 3214/3918/3214
f 3156/3852/3156 2320/4073/2320 3150/3843/3150
f 2882/3549/2882 1218/3532/1218 2866/3531/2866
f 14/14/14 107/125/107 15/15/15
f 2890/3557/2890 2390/2961/2390 2870/3537/2870
f 2881/3548/2881 2183/2714/2183 2182/2713/2182
f 2439/3025/2439 2307/2859/2307 2184/2715/2184
f 2990/3667/2990 3345/4074/3345 2886/3553/2886
f 1541/1899/1541 1481/1819/1481 2956/3625/2956
f 2974/3649/2974 2954/3623/2954 2966/3637/2966
f 2928/3595/2928 2920/3587/2920 2948/3615/2948
f 3159/3856/3159 2435/3019/2435 2434/3018/2434
f 2931/3598/2931 2385/2951/2385 2981/3656/2981
f 3113/3802/3113 3125/3815/3125 3118/3808/3118
f 3346/4075/3346 1735/2176/1735 1529/1881/1529
f 1747/2189/1747 3055/3734/3055 3041/3720/3041
f 3050/3729/3050 3347/4076/3347 3348/4077/3348
f 2992/3669/2992 3158/3855/3158 3178/3879/3178
f 3045/3724/3045 3019/3698/3019 3020/3699/3020
f 3187/3888/3187 3170/3870/3170 3088/3776/3088
f 3026/3705/3026 3097/3871/3097 3096/4078/3096
f 2977/3652/2977 2912/3579/2912 2939/3606/2939
f 3123/3813/3123 2982/3657/2982 3124/3814/3124
f 2975/3650/2975 3128/3818/3128 2938/3605/2938
f 3142/3833/3142 2255/2799/2255 3147/3850/3147
f 2324/2879/2324 2995/3672/2995 2873/3540/2873
f 2431/3013/2431 2351/3819/2351 2265/2809/2265
f 3204/3908/3204 2354/3943/2354 3156/3852/3156
f 2909/3576/2909 2939/3606/2939 3128/3818/3128
f 3349/4079/3349 3304/4031/3304 3350/4080/3350
f 3177/3878/3177 3178/3879/3178 3158/3855/3158
f 3350/4080/3350 2992/3669/2992 3178/3879/3178
f 3139/3830/3139 2997/3674/2997 3142/3833/3142
f 3159/3856/3159 2981/3656/2981 2384/2950/2384
f 3257/3965/3257 3188/3889/3188 3191/3893/3191
f 3268/3981/3268 3028/3707/3028 3170/4081/3170
f 3164/3863/3164 3188/3889/3188 3201/3905/3201
f 3023/3702/3023 3167/3988/3167 3198/3902/3198
f 2939/3606/2939 2382/2948/2382 2940/3607/2940
f 2325/2880/2325 2354/2917/2354 3200/3904/3200
f 2314/2867/2314 2386/2954/2386 2426/3007/2426
f 2244/2783/2244 2366/2929/2366 2200/2733/2200
f 2872/3539/2872 2309/2861/2309 3140/3831/3140
f 2270/2815/2270 2299/2849/2299 2271/2816/2271
f 2309/2861/2309 3209/3913/3209 3140/3831/3140
f 3171/3872/3171 3331/4058/3331 3234/3938/3234
f 3351/4082/3351 3260/3968/3260 3352/4083/3352
f 3167/3866/3167 3197/3899/3197 3193/3895/3193
f 3093/3781/3093 3072/3754/3072 3094/3782/3094
f 3194/3896/3194 3095/3783/3095 3094/3782/3094
f 3103/3792/3103 3105/3794/3105 3307/4084/3307
f 3314/4041/3314 3212/3916/3212 3333/4060/3333
f 2354/3943/2354 3204/3908/3204 3239/3944/3239
f 2530/3123/2530 2741/3374/2741 2745/3378/2745
f 2679/3301/2679 2678/3300/2678 2755/3391/2755
f 2853/3509/2853 3353/4085/3353 3354/4086/3354
f 1862/2335/1862 1866/2342/1866 1863/4087/1863
f 3355/4088/3355 3356/4089/3356 3357/4090/3357
f 3357/4090/3357 3358/4091/3358 3355/4088/3355
f 3359/4092/3359 3360/4093/3360 3357/4090/3357
f 3357/4090/3357 3356/4089/3356 3359/4092/3359
f 3361/4094/3361 3362/4095/3362 3355/4088/3355
f 3362/4095/3362 3361/4094/3361 3363/4096/3363
f 1273/1539/1273 1269/1535/1269 1271/1537/1271
f 1408/4097/1408 1416/1734/1416 1424/1744/1424
f 3364/4098/3364 3361/4094/3361 3358/4091/3358
f 3365/4099/3365 973/1173/973 972/1172/972
f 1410/1724/1410 1405/1726/1405 1408/4097/1408
f 1408/4097/1408 1424/1744/1424 1410/1724/1410
f 1408/1721/1408 1407/1720/1407 1416/1739/1416
f 1984/2472/1984 3366/4100/3366 3365/4099/3365
f 1405/1718/1405 1404/1717/1404 1408/1721/1408
f 3367/4101/3367 3368/4102/3368 3369/4103/3369
f 3360/4093/3360 3370/4104/3370 3357/4090/3357
f 3371/4105/3371 3372/4106/3372 3373/4107/3373
f 3372/4106/3372 3374/4108/3374 3303/4030/3303
f 1891/2377/1891 1893/2379/1893 3375/4109/3375
f 971/1171/971 1983/2471/1983 972/1172/972
f 3376/4110/3376 3377/4111/3377 3378/4112/3378
f 3379/4113/3379 3380/4114/3380 3381/4115/3381
f 3382/4116/3382 3383/4117/3383 3384/4118/3384
f 3377/4111/3377 3379/4119/3379 3381/4120/3381
f 3311/4038/3311 3385/4121/3385 3386/4122/3386
f 3379/4119/3379 3377/4111/3377 3387/4123/3387
f 3388/4124/3388 3378/4112/3378 3381/4120/3381
f 1976/2464/1976 1959/2447/1959 973/1173/973
f 3389/4125/3389 3390/4126/3390 3391/4127/3391
f 3392/4128/3392 3393/4129/3393 3394/4130/3394
f 3395/4131/3395 3396/4132/3396 3397/4133/3397
f 3397/4133/3397 3398/4134/3398 3399/4135/3399
f 3400/4136/3400 3401/4137/3401 3402/4138/3402
f 3401/4137/3401 3313/4040/3313 3402/4138/3402
f 3307/4034/3307 3065/3789/3065 3102/3791/3102
f 3403/4139/3403 3404/4140/3404 3405/4141/3405
f 3386/4122/3386 3385/4121/3385 3406/4142/3406
f 1729/2169/1729 1965/2453/1965 1941/2429/1941
f 3377/4111/3377 3381/4120/3381 3378/4112/3378
f 3407/4143/3407 3386/4122/3386 1913/2401/1913
f 3376/4110/3376 3373/4107/3373 3387/4123/3387
f 3256/3964/3256 3302/4029/3302 3263/3971/3263
f 3408/4144/3408 3395/4131/3395 3394/4130/3394
f 3335/4062/3335 3409/4145/3409 3340/4067/3340
f 1984/2472/1984 1903/2391/1903 3366/4100/3366
f 1503/1848/1503 1495/1840/1495 2961/3632/2961
f 3410/4146/3410 1905/2393/1905 3411/4147/3411
f 3412/4148/3412 3366/4100/3366 3410/4146/3410
f 1271/1537/1271 1279/1549/1279 1346/1990/1346
f 3413/4149/3413 3365/4099/3365 3412/4148/3412
f 1991/2479/1991 984/1184/984 1961/2449/1961
f 3400/4136/3400 3392/4128/3392 3412/4148/3412
f 3414/4150/3414 3415/4151/3415 3370/4104/3370
f 1931/2419/1931 3416/4152/3416 1904/2392/1904
f 3417/4153/3417 1976/2464/1976 973/1173/973
f 3305/4032/3305 3293/4014/3293 3082/3770/3082
f 3063/3744/3063 3418/4154/3418 3060/3740/3060
f 1893/2379/1893 3406/4142/3406 3375/4109/3375
f 3413/4149/3413 3417/4153/3417 3365/4099/3365
f 1934/2422/1934 3419/4155/3419 2020/2543/2020
f 3420/4156/3420 3421/4157/3421 3422/4158/3422
f 3423/4159/3423 3424/4160/3424 3356/4089/3356
f 20/20/20 18/18/18 63/4161/63
f 3383/4162/3383 3394/4130/3394 3384/4163/3384
f 3321/4048/3321 3425/4164/3425 3426/4165/3426
f 3365/4099/3365 972/1172/972 1984/2472/1984
f 3427/4166/3427 3356/4089/3356 3424/4160/3424
f 3428/4167/3428 3429/4168/3429 3430/4169/3430
f 3422/4158/3422 3431/4170/3431 3420/4156/3420
f 1984/2472/1984 1930/2418/1930 1903/2391/1903
f 3412/4148/3412 3392/4128/3392 3395/4131/3395
f 3432/4171/3432 3391/4127/3391 3390/4126/3390
f 3432/4171/3432 3427/4166/3427 3382/4116/3382
f 3427/4166/3427 3424/4160/3424 3382/4116/3382
f 794/948/794 787/938/787 792/950/792
f 3430/4169/3430 3427/4166/3427 3432/4171/3432
f 3432/4171/3432 3428/4167/3428 3430/4169/3430
f 1274/1540/1274 1282/1556/1282 1232/1494/1232
f 3403/4139/3403 3405/4141/3405 3409/4145/3409
f 3420/4156/3420 3431/4170/3431 3433/4172/3433
f 3434/4173/3434 3420/4156/3420 3433/4172/3433
f 1274/1546/1274 1226/1487/1226 1282/1553/1282
f 3109/3798/3109 3435/4174/3435 1915/2403/1915
f 3376/4110/3376 3402/4138/3402 3313/4040/3313
f 3436/4175/3436 3383/4117/3383 3437/4176/3437
f 3438/4177/3438 3439/4178/3439 3440/4179/3440
f 1262/3640/1262 2976/3651/2976 3016/3695/3016
f 1850/2323/1850 1862/4180/1862 1863/2336/1863
f 3436/4181/3436 3439/4182/3439 3396/4132/3396
f 3384/4163/3384 3389/4183/3389 3391/4184/3391
f 3373/4107/3373 3441/4185/3441 3387/4123/3387
f 3270/3983/3270 3442/4186/3442 3271/3984/3271
f 3312/4039/3312 3311/4038/3311 3386/4122/3386
f 3411/4147/3411 3385/4121/3385 3311/4038/3311
f 3424/4160/3424 3423/4159/3423 3437/4176/3437
f 3408/4144/3408 3436/4181/3436 3396/4132/3396
f 3396/4132/3396 3395/4131/3395 3408/4144/3408
f 3443/4187/3443 3444/4188/3444 3429/4168/3429
f 3307/4084/3307 3066/3747/3066 3065/3746/3065
f 3445/4189/3445 3369/4103/3369 3446/4190/3446
f 1271/1550/1271 1278/1548/1278 1273/1547/1273
f 3308/4035/3308 3102/3791/3102 3447/4191/3447
f 3448/4192/3448 3422/4158/3422 3429/4168/3429
f 3446/4190/3446 3449/4193/3449 3445/4189/3445
f 3370/4104/3370 3358/4091/3358 3357/4090/3357
f 3444/4188/3444 3450/4194/3450 3429/4168/3429
f 3451/4195/3451 935/1133/935 937/1135/937
f 3452/4196/3452 3453/4197/3453 3454/4198/3454
f 935/1133/935 3455/4199/3455 3456/4200/3456
f 3457/4201/3457 3458/4202/3458 3459/4203/3459
f 3460/4204/3460 3459/4203/3459 3455/4199/3455
f 3461/4205/3461 3462/4206/3462 3463/4207/3463
f 3459/4203/3459 3456/4200/3456 3455/4199/3455
f 3464/4208/3464 3465/4209/3465 3466/4210/3466
f 3467/4211/3467 3468/4212/3468 3469/4213/3469
f 3470/4214/3470 3471/4215/3471 3466/4210/3466
f 2690/3315/2690 704/846/704 2627/3240/2627
f 3472/4216/3472 3473/4217/3473 3474/4218/3474
f 3475/4219/3475 3476/4220/3476 3477/4221/3477
f 3466/4210/3466 3472/4216/3472 3474/4218/3474
f 686/828/686 726/868/726 687/829/687
f 3452/4222/3452 3475/4219/3475 3478/4223/3478
f 3458/4224/3458 3464/4208/3464 3454/4225/3454
f 3479/4226/3479 3480/4227/3480 3481/4228/3481
f 3464/4208/3464 3474/4218/3474 3473/4217/3473
f 3465/4209/3465 3470/4214/3470 3466/4210/3466
f 3482/4229/3482 3483/4230/3483 3484/4231/3484
f 3485/4232/3485 3457/4201/3457 3459/4203/3459
f 3486/4233/3486 3487/4234/3487 3488/4235/3488
f 3457/4236/3457 3465/4209/3465 3458/4224/3458
f 3489/4237/3489 3364/4098/3364 3370/4104/3370
f 3464/4208/3464 3452/4222/3452 3454/4225/3454
f 3453/4197/3453 3490/4238/3490 3454/4198/3454
f 3452/4222/3452 3473/4217/3473 3475/4219/3475
f 2624/3237/2624 725/867/725 708/850/708
f 3472/4216/3472 1004/1204/1004 1006/1206/1006
f 3491/4239/3491 2692/3317/2692 3479/4226/3479
f 3479/4226/3479 3470/4214/3470 3480/4227/3480
f 3482/4229/3482 2657/3273/2657 3483/4230/3483
f 527/625/527 702/844/702 701/843/701
f 3479/4226/3479 3471/4215/3471 3470/4214/3470
f 507/605/507 504/602/504 511/609/511
f 638/780/638 1966/2454/1966 639/781/639
f 3492/4240/3492 3493/4241/3493 734/876/734
f 733/875/733 693/835/693 3494/4242/3494
f 528/626/528 2696/3321/2696 524/622/524
f 3495/4243/3495 705/847/705 1019/1220/1019
f 2668/4244/2668 3496/4245/3496 3483/4246/3483
f 3496/4245/3496 2681/4247/2681 2698/4248/2698
f 3182/3883/3182 3469/4249/3469 3100/3788/3100
f 2698/3324/2698 3497/4250/3497 3498/4251/3498
f 3499/4252/3499 2578/3185/2578 3500/4253/3500
f 2859/3520/2859 2830/3483/2830 3501/4254/3501
f 2832/4255/2832 2831/4256/2831 228/261/228
f 2578/3185/2578 3502/4257/3502 3500/4253/3500
f 3460/4204/3460 3485/4232/3485 3459/4203/3459
f 3503/4258/3503 2579/3186/2579 3504/4259/3504
f 3460/4204/3460 3505/4260/3505 3485/4232/3485
f 2832/3485/2832 3506/4261/3506 3507/4262/3507
f 3508/4263/3508 3506/4264/3506 2832/4255/2832
f 3455/4199/3455 3509/4265/3509 3460/4204/3460
f 3509/4265/3509 3510/4266/3510 3505/4260/3505
f 3509/4265/3509 3505/4260/3505 3460/4204/3460
f 2579/3186/2579 3503/4258/3503 3510/4266/3510
f 3511/4267/3511 937/1135/937 936/1134/936
f 3457/4201/3457 3485/4232/3485 3512/4268/3512
f 2753/3389/2753 2589/3201/2589 2757/3393/2757
f 3513/4269/3513 3482/4229/3482 3499/4270/3499
f 2645/3261/2645 2640/3256/2640 2667/3287/2667
f 2649/3265/2649 2647/3263/2647 2673/3295/2673
f 3504/4259/3504 3484/4271/3484 3483/4246/3483
f 2673/3295/2673 2647/3263/2647 2661/3278/2661
f 3482/4229/3482 2593/3205/2593 2657/3273/2657
f 2697/3323/2697 2607/3243/2607 2628/3241/2628
f 2666/3286/2666 2667/3287/2667 2663/3288/2663
f 2614/3227/2614 2602/3214/2602 3514/4272/3514
f 2607/3243/2607 2697/3323/2697 2681/3325/2681
f 3496/4245/3496 3512/4268/3512 3505/4260/3505
f 3497/4250/3497 3481/4228/3481 3498/4251/3498
f 3497/4250/3497 2698/3324/2698 2697/3323/2697
f 2697/3323/2697 3515/4273/3515 3497/4250/3497
f 2687/3312/2687 2690/3315/2690 2627/3240/2627
f 2697/3323/2697 2628/3241/2628 3515/4273/3515
f 2628/3241/2628 3516/4274/3516 3515/4273/3515
f 3497/4250/3497 3515/4273/3515 3491/4239/3491
f 3515/4273/3515 3516/4274/3516 706/848/706
f 3463/4207/3463 3462/4206/3462 3517/4275/3517
f 3478/4276/3478 3488/4235/3488 3453/4197/3453
f 1966/2454/1966 638/780/638 3518/4277/3518
f 3488/4235/3488 3477/4278/3477 3486/4233/3486
f 3519/4279/3519 3520/4280/3520 3521/4281/3521
f 3461/4205/3461 3488/4235/3488 3520/4280/3520
f 3374/4108/3374 3407/4143/3407 3435/4174/3435
f 3462/4206/3462 3461/4205/3461 3520/4280/3520
f 637/779/637 3522/4282/3522 3486/4283/3486
f 3523/4284/3523 3487/4285/3487 3486/4283/3486
f 3524/4286/3524 3525/4287/3525 3526/4288/3526
f 3456/4200/3456 3463/4207/3463 935/1133/935
f 3459/4203/3459 3463/4207/3463 3456/4200/3456
f 3459/4203/3459 3490/4238/3490 3463/4207/3463
f 3527/4289/3527 3528/4290/3528 3451/4195/3451
f 3528/4290/3528 3509/4265/3509 3455/4199/3455
f 2769/3407/2769 3529/4291/3529 2786/3427/2786
f 2855/3512/2855 2814/3460/2814 2858/3519/2858
f 2391/2962/2391 2393/2964/2393 2827/3517/2827
f 3530/4292/3530 3531/4293/3531 3532/4294/3532
f 3532/4294/3532 3531/4293/3531 3533/4295/3533
f 2856/4296/2856 2857/3515/2857 2854/3513/2854
f 2579/3186/2579 3510/4266/3510 2580/3187/2580
f 2856/4296/2856 2849/3505/2849 2857/3515/2857
f 2671/3292/2671 2578/3185/2578 2580/3187/2580
f 3504/4259/3504 2579/3186/2579 2578/3185/2578
f 3534/4297/3534 3451/4195/3451 3511/4267/3511
f 935/1133/935 3517/4275/3517 3363/4096/3363
f 3486/4283/3486 3477/4298/3477 637/779/637
f 3515/4273/3515 3495/4243/3495 3491/4239/3491
f 3488/4235/3488 3478/4276/3478 3475/4299/3475
f 3488/4235/3488 3475/4299/3475 3477/4278/3477
f 936/1134/936 3363/4096/3363 3361/4094/3361
f 2870/3537/2870 2910/3577/2910 2977/3652/2977
f 3459/4203/3459 3458/4202/3458 3490/4238/3490
f 1975/2463/1975 3399/4135/3399 3398/4134/3398
f 3532/4294/3532 3535/4300/3535 3536/4301/3536
f 3533/4295/3533 3534/4297/3534 3532/4294/3532
f 3533/4295/3533 3531/4293/3531 3537/4302/3537
f 2669/3290/2669 2671/3292/2671 3531/4293/3531
f 3538/4303/3538 3521/4304/3521 3539/4305/3539
f 3318/4045/3318 3540/4306/3540 3541/4307/3541
f 3341/4068/3341 3253/3959/3253 3542/4308/3542
f 3542/4308/3542 3253/3959/3253 3541/4307/3541
f 3542/4308/3542 3541/4307/3541 3540/4306/3540
f 3543/4309/3543 3544/4310/3544 3545/4311/3545
f 3546/4312/3546 3325/4052/3325 3279/3995/3279
f 3546/4312/3546 3279/3995/3279 3547/4313/3547
f 3278/3994/3278 3547/4313/3547 3279/3995/3279
f 3548/4314/3548 3267/3980/3267 3082/3770/3082
f 3544/4315/3544 3543/4316/3543 3342/4069/3342
f 3544/4315/3544 3342/4069/3342 3341/4068/3341
f 3294/4317/3294 3072/3754/3072 3071/3753/3071
f 3325/4052/3325 3546/4312/3546 3542/4318/3542
f 3546/4312/3546 3544/4310/3544 3341/4319/3341
f 3549/4320/3549 2339/2899/2339 3550/4321/3550
f 3229/3933/3229 3551/4322/3551 3221/3925/3221
f 2341/2901/2341 3550/4321/3550 2339/2899/2339
f 2801/3445/2801 2841/3496/2841 3314/4041/3314
f 3229/3933/3229 2984/3659/2984 3552/4323/3552
f 3229/3933/3229 3552/4323/3552 3551/4322/3551
f 3228/3932/3228 3229/3933/3229 3221/3925/3221
f 3209/3913/3209 2353/2916/2353 2344/2907/2344
f 3228/3932/3228 3221/3925/3221 3222/3926/3222
f 3553/4324/3553 3549/4320/3549 3551/4322/3551
f 3549/4320/3549 3550/4321/3550 3551/4322/3551
f 3550/4321/3550 3210/3914/3210 3221/3925/3221
f 3022/3701/3022 3237/3941/3237 3199/3903/3199
f 3549/4320/3549 3554/4325/3554 3555/4326/3555
f 3235/3939/3235 3173/3874/3173 3172/3873/3172
f 3555/4326/3555 3556/4327/3556 3343/4070/3343
f 3557/4328/3557 3558/4329/3558 3559/4330/3559
f 3344/4071/3344 3555/4326/3555 3343/4070/3343
f 3251/3957/3251 3250/3956/3250 2863/3526/2863
f 3553/4324/3553 3554/4325/3554 3549/4320/3549
f 3329/4056/3329 3560/4331/3560 3327/4054/3327
f 3561/4332/3561 3562/4333/3562 3563/4334/3563
f 3563/4334/3563 3547/4313/3547 3556/4327/3556
f 3564/4335/3564 3565/4336/3565 3566/4337/3566
f 3289/4006/3289 3567/4338/3567 3568/4339/3568
f 3289/4006/3289 3076/4005/3076 3569/4340/3569
f 3570/4341/3570 3571/4342/3571 3572/4343/3572
f 3556/4327/3556 3573/4344/3573 3563/4334/3563
f 3574/4345/3574 3575/4346/3575 3562/4347/3562
f 3545/4311/3545 3547/4313/3547 3563/4334/3563
f 2842/3497/2842 3576/4348/3576 2851/3507/2851
f 3577/4349/3577 3554/4325/3554 3553/4324/3553
f 3577/4349/3577 3327/4054/3327 3554/4325/3554
f 3326/4053/3326 3314/4041/3314 3333/4060/3333
f 2285/2834/2285 2276/2821/2276 2284/2833/2284
f 2427/3008/2427 2295/2845/2295 2294/2844/2294
f 2985/3660/2985 2984/3659/2984 3229/3933/3229
f 3564/4335/3564 2985/3660/2985 3228/3932/3228
f 3565/4336/3565 3564/4335/3564 3228/3932/3228
f 3564/4335/3564 3576/4348/3576 2985/3660/2985
f 3322/4049/3322 3426/4165/3426 3254/3960/3254
f 3261/3969/3261 3351/4082/3351 3425/4164/3425
f 3260/3968/3260 3415/4151/3415 3352/4083/3352
f 3302/4029/3302 3305/4350/3305 3263/3971/3263
f 3257/3965/3257 3302/4029/3302 3256/3964/3256
f 3546/4312/3546 3545/4311/3545 3544/4310/3544
f 3352/4083/3352 3578/4351/3578 3579/4352/3579
f 3484/4271/3484 3504/4259/3504 2578/3185/2578
f 3253/3959/3253 3252/3958/3252 3541/4307/3541
f 3342/4069/3342 3254/3960/3254 3253/3959/3253
f 3252/3958/3252 3266/3977/3266 3541/4307/3541
f 3322/4049/3322 3575/4346/3575 3323/4050/3323
f 3448/4192/3448 3390/4126/3390 3580/4353/3580
f 3269/4028/3269 3064/4354/3064 3069/3750/3069
f 3562/4333/3562 3543/4309/3543 3563/4334/3563
f 3562/4347/3562 3342/4069/3342 3543/4316/3543
f 3342/4069/3342 3562/4347/3562 3322/4049/3322
f 3545/4311/3545 3546/4312/3546 3547/4313/3547
f 3549/4320/3549 3555/4326/3555 2340/2900/2340
f 3222/3926/3222 3565/4336/3565 3228/3932/3228
f 3543/4309/3543 3545/4311/3545 3563/4334/3563
f 3318/4045/3318 3541/4307/3541 3316/4043/3316
f 3568/4339/3568 3567/4338/3567 3559/4330/3559
f 3581/4355/3581 3582/4356/3582 3329/4056/3329
f 3329/4056/3329 3328/4055/3328 3583/4357/3583
f 3078/3763/3078 3077/3762/3077 3584/4358/3584
f 3281/4359/3281 3095/3783/3095 3274/4360/3274
f 3585/4361/3585 3586/4362/3586 3582/4356/3582
f 3560/4331/3560 3582/4356/3582 3570/4363/3570
f 3528/4290/3528 3527/4289/3527 3510/4266/3510
f 3280/3996/3280 3324/4051/3324 3287/4003/3287
f 3587/4364/3587 3588/4365/3588 3589/4366/3589
f 3585/4361/3585 3582/4356/3582 3581/4355/3581
f 3508/4367/3508 3285/4001/3285 3506/4261/3506
f 3581/4355/3581 3587/4364/3587 3590/4368/3590
f 3575/4346/3575 3591/4369/3591 3323/4050/3323
f 3581/4355/3581 3583/4357/3583 3588/4365/3588
f 3283/3999/3283 3592/4370/3592 3284/4000/3284
f 3262/3970/3262 3524/4286/3524 3593/4371/3593
f 3480/4227/3480 3512/4372/3512 3481/4228/3481
f 3284/4000/3284 3592/4370/3592 3594/4373/3594
f 3595/4374/3595 3590/4375/3590 3594/4376/3594
f 3587/4364/3587 3284/4000/3284 3594/4373/3594
f 3555/4326/3555 3344/4071/3344 2340/2900/2340
f 3587/4364/3587 3594/4373/3594 3590/4368/3590
f 3284/4000/3284 3587/4364/3587 3589/4366/3589
f 3570/4363/3570 3574/4377/3574 3560/4331/3560
f 3574/4345/3574 3570/4341/3570 3575/4346/3575
f 3587/4364/3587 3581/4355/3581 3588/4365/3588
f 3595/4374/3595 3596/4378/3596 3597/4379/3597
f 2826/3477/2826 3598/4380/3598 2825/3476/2825
f 3508/4263/3508 228/261/228 230/263/230
f 3508/4263/3508 230/263/230 2825/3476/2825
f 3599/4381/3599 3598/4380/3598 3584/4358/3584
f 228/261/228 2844/4382/2844 2329/2886/2329
f 3600/4383/3600 3285/4001/3285 3508/4367/3508
f 3501/4254/3501 3507/4262/3507 3589/4366/3589
f 937/1135/937 3511/4267/3511 3451/4195/3451
f 2816/3463/2816 2329/2886/2329 2844/4382/2844
f 2859/3520/2859 3501/4254/3501 3601/4384/3601
f 3588/4365/3588 3583/4357/3583 3601/4384/3601
f 3508/4263/3508 2832/4255/2832 228/261/228
f 3601/4384/3601 3602/4385/3602 2859/3520/2859
f 3602/4385/3602 2983/3658/2983 2859/3520/2859
f 3501/4254/3501 2830/3483/2830 3507/4262/3507
f 2788/3429/2788 2847/3522/2847 2829/3480/2829
f 2859/3520/2859 2983/3658/2983 2860/3521/2860
f 3353/4085/3353 2830/3483/2830 2837/3492/2837
f 2830/3483/2830 2859/3520/2859 2837/3492/2837
f 3507/4262/3507 2830/3483/2830 2832/3485/2832
f 3596/4378/3596 3077/4007/3077 3289/4006/3289
f 3286/4002/3286 3275/4011/3275 3282/3998/3282
f 3560/4331/3560 3561/4332/3561 3573/4344/3573
f 3575/4346/3575 3572/4343/3572 3591/4369/3591
f 3558/4329/3558 3572/4343/3572 3571/4342/3571
f 3557/4328/3557 3319/4046/3319 3572/4343/3572
f 3289/4006/3289 3568/4339/3568 3597/4379/3597
f 3597/4379/3597 3571/4342/3571 3595/4374/3595
f 3597/4379/3597 3596/4378/3596 3289/4006/3289
f 3231/3935/3231 3078/3763/3078 2826/3477/2826
f 3600/4386/3600 2825/3476/2825 3599/4381/3599
f 3599/4387/3599 3592/4388/3592 3283/4389/3283
f 3285/4001/3285 3284/4000/3284 3589/4366/3589
f 3596/4378/3596 3584/4390/3584 3077/4007/3077
f 3100/3788/3100 3469/4249/3469 3603/4391/3603
f 2196/2729/2196 2238/2777/2238 2206/2741/2206
f 3078/3763/3078 3231/3935/3231 3233/3937/3233
f 2831/4256/2831 2844/4382/2844 228/261/228
f 2195/2742/2195 2206/2741/2206 2193/4392/2193
f 3595/4374/3595 3592/4388/3592 3596/4378/3596
f 2839/3494/2839 3604/4393/3604 3231/3935/3231
f 3602/4385/3602 3601/4384/3601 3583/4357/3583
f 3575/4346/3575 3570/4341/3570 3572/4343/3572
f 3235/3939/3235 3172/3873/3172 3206/3910/3206
f 3595/4374/3595 3571/4342/3571 3590/4375/3590
f 3590/4375/3590 3571/4342/3571 3586/4394/3586
f 3600/4386/3600 3599/4381/3599 3283/4395/3283
f 3328/4055/3328 3577/4349/3577 3602/4385/3602
f 3602/4385/3602 3583/4357/3583 3328/4055/3328
f 3577/4349/3577 2984/3659/2984 3602/4385/3602
f 3581/4355/3581 3590/4368/3590 3585/4361/3585
f 3310/4037/3310 3247/3953/3247 3246/3952/3246
f 3321/4048/3321 3605/4396/3605 3425/4164/3425
f 3606/4397/3606 3426/4165/3426 3425/4164/3425
f 3301/4398/3301 3317/4044/3317 3607/4399/3607
f 3339/4066/3339 3606/4397/3606 3337/4064/3337
f 3337/4064/3337 3608/4400/3608 3338/4065/3338
f 3448/4192/3448 3428/4167/3428 3390/4126/3390
f 3608/4400/3608 3246/3952/3246 3338/4065/3338
f 3443/4187/3443 3422/4158/3422 3421/4157/3421
f 3609/4401/3609 3336/4063/3336 3608/4400/3608
f 3610/4402/3610 3443/4187/3443 3611/4403/3611
f 3578/4351/3578 3610/4402/3610 3612/4404/3612
f 3336/4063/3336 3610/4402/3610 3611/4403/3611
f 3609/4401/3609 3579/4352/3579 3612/4404/3612
f 3310/4037/3310 3336/4063/3336 3613/4405/3613
f 3614/4406/3614 3091/3779/3091 3265/3974/3265
f 3608/4400/3608 3615/4407/3615 3609/4401/3609
f 3538/4303/3538 3539/4305/3539 3398/4134/3398
f 3449/4193/3449 3403/4139/3403 3421/4157/3421
f 3449/4193/3449 3404/4140/3404 3403/4139/3403
f 3310/4037/3310 3409/4145/3409 3309/4036/3309
f 3420/4156/3420 3445/4189/3445 3449/4193/3449
f 3351/4082/3351 3352/4083/3352 3579/4352/3579
f 3374/4108/3374 3616/4408/3616 3303/4030/3303
f 3409/4145/3409 3405/4141/3405 3272/3985/3272
f 3306/4409/3306 3617/4410/3617 3103/3792/3103
f 3338/4065/3338 3246/3952/3246 3248/3954/3248
f 3338/4065/3338 3248/3954/3248 3266/3977/3266
f 3266/3977/3266 3247/3953/3247 3244/3950/3244
f 3337/4064/3337 3615/4407/3615 3608/4400/3608
f 3336/4063/3336 3611/4403/3611 3613/4405/3613
f 3608/4400/3608 3336/4063/3336 3246/3952/3246
f 3338/4065/3338 3266/3977/3266 3339/4066/3339
f 3618/4411/3618 2678/3300/2678 2676/3298/2676
f 3425/4164/3425 3351/4082/3351 3619/4412/3619
f 3607/4399/3607 3299/4023/3299 3291/4009/3291
f 3609/4401/3609 3351/4082/3351 3579/4352/3579
f 3282/3998/3282 3199/3903/3199 3238/3942/3238
f 3572/4343/3572 3319/4046/3319 3591/4369/3591
f 3557/4328/3557 2863/3526/2863 3250/3956/3250
f 3250/3956/3250 3319/4046/3319 3557/4328/3557
f 3315/4042/3315 3324/4051/3324 3280/3996/3280
f 3320/4047/3320 3249/3955/3249 3605/4396/3605
f 3264/3973/3264 3280/3996/3280 3237/3941/3237
f 3557/4328/3557 3559/4330/3559 2863/3526/2863
f 3473/4217/3473 3452/4222/3452 3464/4208/3464
f 3569/4413/3569 3076/3761/3076 3620/4414/3620
f 3525/4287/3525 3251/3957/3251 2865/3528/2865
f 3525/4287/3525 3262/3970/3262 3251/3957/3251
f 3582/4356/3582 3560/4331/3560 3329/4056/3329
f 3262/3970/3262 3261/3969/3261 3249/3955/3249
f 3619/4412/3619 3615/4407/3615 3337/4064/3337
f 3425/4164/3425 3619/4412/3619 3606/4397/3606
f 3300/4025/3300 3317/4415/3317 3301/4026/3301
f 3415/4151/3415 3260/3968/3260 3593/4371/3593
f 3260/3968/3260 3262/3970/3262 3593/4371/3593
f 3249/3955/3249 3261/3969/3261 3425/4164/3425
f 3272/3985/3272 3084/3772/3084 3340/4067/3340
f 3102/3791/3102 3101/3790/3101 3106/3795/3106
f 3351/4082/3351 3261/3969/3261 3260/3968/3260
f 3091/3779/3091 3045/3724/3045 3265/3974/3265
f 3107/3796/3107 3106/3795/3106 3614/4416/3614
f 3525/4287/3525 3524/4286/3524 3262/3970/3262
f 3414/4150/3414 3578/4351/3578 3352/4083/3352
f 3578/4351/3578 3414/4150/3414 3621/4417/3621
f 2900/3567/2900 2980/3655/2980 1552/1915/1552
f 3277/3993/3277 3242/3948/3242 3344/4071/3344
f 3232/3936/3232 2721/3348/2721 3622/4418/3622
f 3232/3936/3232 2756/3392/2756 2721/3348/2721
f 3453/4197/3453 3461/4205/3461 3463/4207/3463
f 3583/4357/3583 3581/4355/3581 3329/4056/3329
f 3076/3761/3076 3078/3763/3078 3620/4414/3620
f 3233/3937/3233 3620/4414/3620 3078/3763/3078
f 3622/4418/3622 3620/4414/3620 3233/3937/3233
f 3233/3937/3233 3232/3936/3232 3622/4418/3622
f 3189/3890/3189 3182/4419/3182 3183/3891/3183
f 3559/4330/3559 3567/4338/3567 2864/3527/2864
f 3622/4418/3622 2721/3348/2721 3190/3892/3190
f 2723/3350/2723 2722/3349/2722 3467/4211/3467
f 3623/4420/3623 3098/3786/3098 3100/3788/3100
f 3624/4421/3624 3511/4267/3511 3625/4422/3625
f 2757/3393/2757 2589/3201/2589 2761/3397/2761
f 200/225/200 2785/3425/2785 2784/3424/2784
f 3530/4292/3530 2669/3290/2669 3531/4293/3531
f 3189/3890/3189 2723/3350/2723 3467/4211/3467
f 2721/3348/2721 3189/3890/3189 3190/3892/3190
f 3099/4423/3099 3190/3892/3190 3183/3891/3183
f 3626/4424/3626 3098/3786/3098 2864/3527/2864
f 3527/4289/3527 3534/4297/3534 3533/4295/3533
f 3626/4424/3626 3099/3787/3099 3098/3786/3098
f 3078/3763/3078 3584/4358/3584 3598/4380/3598
f 3190/3892/3190 3099/4423/3099 3627/4425/3627
f 2825/3476/2825 3598/4380/3598 3599/4381/3599
f 3627/4425/3627 3622/4418/3622 3190/3892/3190
f 3569/4340/3569 3627/4426/3627 3626/4424/3626
f 3526/4288/3526 3536/4301/3536 3535/4300/3535
f 2865/3528/2865 3628/4427/3628 3525/4287/3525
f 3535/4300/3535 3524/4286/3524 3526/4288/3526
f 2846/3501/2846 2391/2962/2391 2827/3517/2827
f 3629/4428/3629 3630/4429/3630 3618/4411/3618
f 2678/3300/2678 3618/4411/3618 3630/4429/3630
f 3630/4429/3630 2722/3349/2722 2678/3300/2678
f 3603/4391/3603 2669/3290/2669 3530/4292/3530
f 2669/3290/2669 3468/4430/3468 2670/3291/2670
f 3469/4249/3469 3468/4430/3468 3603/4391/3603
f 3629/4431/3629 3631/4432/3631 3468/4430/3468
f 2820/3470/2820 2822/3472/2822 2391/2962/2391
f 2864/3527/2864 3567/4338/3567 3626/4424/3626
f 3596/4378/3596 3599/4387/3599 3584/4390/3584
f 3221/3925/3221 3551/4322/3551 3550/4321/3550
f 3451/4195/3451 3455/4199/3455 935/1133/935
f 3620/4414/3620 3622/4418/3622 3627/4425/3627
f 3098/3786/3098 3623/4420/3623 3628/4427/3628
f 3567/4338/3567 3569/4340/3569 3626/4424/3626
f 3285/4001/3285 3600/4383/3600 3283/3999/3283
f 3468/4430/3468 3631/4432/3631 2670/3291/2670
f 3603/4391/3603 3530/4292/3530 3100/3788/3100
f 2865/3528/2865 2864/3527/2864 3628/4427/3628
f 3285/4001/3285 3507/4262/3507 3506/4261/3506
f 3489/4237/3489 3593/4371/3593 3625/4422/3625
f 3530/4292/3530 3623/4420/3623 3100/3788/3100
f 3535/4300/3535 3624/4421/3624 3625/4422/3625
f 3535/4300/3535 3532/4294/3532 3624/4421/3624
f 3604/4393/3604 2839/3494/2839 2803/3447/2803
f 2671/3292/2671 3537/4302/3537 3531/4293/3531
f 2718/3345/2718 2757/3393/2757 2529/3122/2529
f 3536/4301/3536 3526/4288/3526 3623/4420/3623
f 3605/4396/3605 3249/3955/3249 3425/4164/3425
f 3569/4413/3569 3620/4414/3620 3627/4425/3627
f 3532/4294/3532 3536/4301/3536 3530/4292/3530
f 3625/4422/3625 3593/4371/3593 3524/4286/3524
f 3337/4064/3337 3606/4397/3606 3619/4412/3619
f 3351/4082/3351 3615/4407/3615 3619/4412/3619
f 3612/4404/3612 3579/4352/3579 3578/4351/3578
f 3609/4401/3609 3615/4407/3615 3351/4082/3351
f 2618/3231/2618 2007/2509/2007 2689/3314/2689
f 2608/3293/2608 2604/4433/2604 2663/3288/2663
f 2621/3234/2621 2628/3241/2628 2606/3244/2606
f 3632/4434/3632 3576/4348/3576 2842/3497/2842
f 2836/3491/2836 2855/3511/2855 3354/4086/3354
f 2860/3521/2860 2842/3497/2842 3633/4435/3633
f 3369/4103/3369 3306/4033/3306 3447/4191/3447
f 3476/4220/3476 3475/4219/3475 3473/4217/3473
f 936/1134/936 3361/4094/3361 3364/4098/3364
f 3488/4235/3488 3461/4205/3461 3453/4197/3453
f 3397/4133/3397 3399/4135/3399 1976/2464/1976
f 3398/4134/3398 3439/4182/3439 3538/4303/3538
f 3449/4193/3449 3446/4190/3446 3634/4436/3634
f 3443/4187/3443 3610/4402/3610 3444/4188/3444
f 3421/4157/3421 3420/4156/3420 3449/4193/3449
f 3450/4194/3450 3621/4417/3621 3360/4093/3360
f 3414/4150/3414 3370/4104/3370 3360/4093/3360
f 3511/4267/3511 3364/4098/3364 3625/4422/3625
f 1052/1259/1052 1070/1283/1070 885/1079/885
f 924/1120/924 1019/1220/1019 1018/1219/1018
f 3516/4274/3516 2628/3241/2628 2626/3239/2626
f 2566/3162/2566 2602/3214/2602 2629/3242/2629
f 3362/4095/3362 3519/4279/3519 3635/4437/3635
f 3511/4267/3511 936/1134/936 3364/4098/3364
f 2983/3658/2983 3632/4434/3632 2860/3521/2860
f 3538/4438/3538 3636/4439/3636 3521/4281/3521
f 3520/4280/3520 3487/4234/3487 3523/4440/3523
f 2676/3298/2676 3513/4269/3513 3618/4411/3618
f 2316/2869/2316 2965/3636/2965 2344/2907/2344
f 2840/3495/2840 3565/4336/3565 3230/3934/3230
f 3565/4336/3565 2840/3495/2840 3566/4337/3566
f 3266/3977/3266 3252/3958/3252 3339/4066/3339
f 3339/4066/3339 3426/4165/3426 3606/4397/3606
f 2860/3521/2860 3632/4434/3632 2842/3497/2842
f 3354/4086/3354 2837/3492/2837 2836/3491/2836
f 2831/3484/2831 2830/3483/2830 2852/3508/2852
f 2830/3483/2830 3353/4085/3353 2852/3508/2852
f 3524/4286/3524 3535/4300/3535 3625/4422/3625
f 3607/4399/3607 3291/4009/3291 3292/4022/3292
f 1145/1379/1145 1252/1515/1252 1148/1382/1148
f 3568/4339/3568 3559/4330/3559 3558/4329/3558
f 2848/4441/2848 2850/3694/2850 2828/3479/2828
f 2795/3437/2795 2794/3436/2794 2835/3490/2835
f 3245/3951/3245 3334/4061/3334 3243/3949/3243
f 2537/3130/2537 2751/3385/2751 2761/3397/2761
f 3321/4048/3321 3320/4047/3320 3605/4396/3605
f 3319/4046/3319 3323/4050/3323 3591/4369/3591
f 2481/3069/2481 2555/3150/2555 2476/3063/2476
f 2670/3291/2670 3631/4432/3631 3502/4257/3502
f 2698/4248/2698 3498/4442/3498 3496/4245/3496
f 3502/4443/3502 3618/4411/3618 3500/4444/3500
f 2755/3391/2755 2722/3349/2722 2721/3348/2721
f 3610/4402/3610 3621/4417/3621 3444/4188/3444
f 215/244/215 217/246/217 2120/2647/2120
f 2082/2607/2082 2081/2606/2081 2080/2605/2080
f 170/194/170 155/175/155 158/181/158
f 2390/2961/2390 2246/2787/2246 2210/2746/2210
f 1087/1307/1087 145/165/145 225/254/225
f 2267/2812/2267 3116/4445/3116 2268/2813/2268
f 2268/4446/2268 3116/3806/3116 2257/2801/2257
f 2344/2907/2344 2353/2916/2353 2345/2908/2345
f 2283/2904/2283 2231/2770/2231 2326/2884/2326
f 2445/3031/2445 3330/4057/3330 2965/3636/2965
f 3331/4058/3331 3330/4057/3330 2445/3031/2445
f 2334/2893/2334 3326/4053/3326 2335/2894/2335
f 2446/3032/2446 2427/3008/2427 2350/2913/2350
f 2347/2910/2347 2300/2850/2300 2302/2852/2302
f 2456/3042/2456 2797/3439/2797 2824/3475/2824
f 2253/2797/2253 2427/3008/2427 2294/2844/2294
f 2378/2953/2378 2428/3834/2428 2386/2954/2386
f 2783/3423/2783 2437/3022/2437 2781/3421/2781
f 2364/2927/2364 2314/2867/2314 2426/3007/2426
f 2246/2787/2246 2245/2786/2245 2210/2746/2210
f 2292/2842/2292 2070/2595/2070 2223/2762/2223
f 2298/2848/2298 2271/2816/2271 2299/2849/2299
f 2139/2666/2139 2333/2892/2333 2360/2923/2360
f 3326/4053/3326 2334/2893/2334 2801/3445/2801
f 2334/2893/2334 2305/3440/2305 2801/3445/2801
f 2370/2933/2370 2363/2926/2363 2324/2879/2324
f 2370/2933/2370 2874/3541/2874 2367/2930/2367
f 2137/2664/2137 2136/2663/2136 2417/2995/2417
f 2414/2998/2414 2137/2664/2137 2417/2995/2417
f 2981/3656/2981 3159/3856/3159 2434/3018/2434
f 2415/2992/2415 2416/2994/2416 2396/2993/2396
f 2336/2895/2336 190/215/190 189/214/189
f 2100/2625/2100 2416/2994/2416 2400/2973/2400
f 1219/1477/1219 2161/2690/2161 1217/1475/1217
f 2424/3005/2424 2394/2966/2394 2430/3011/2430
f 2098/2623/2098 2104/2629/2104 2106/2631/2106
f 2095/2620/2095 2455/3041/2455 2104/2629/2104
f 2489/3077/2489 2488/3076/2488 2119/2646/2119
f 2454/3040/2454 2095/2620/2095 2094/2619/2094
f 2459/3046/2459 2458/3045/2458 2501/3090/2501
f 2070/2595/2070 2430/3011/2430 2068/2593/2068
f 2304/2854/2304 2303/2853/2303 2446/3032/2446
f 2302/2852/2302 2300/2850/2300 2348/2911/2348
f 2304/2854/2304 2446/3032/2446 2350/2913/2350
f 2302/2852/2302 2348/2911/2348 2303/2853/2303
f 186/211/186 2348/2911/2348 2300/2850/2300
f 3564/4335/3564 2834/3489/2834 2851/3507/2851
f 2343/3444/2343 2795/3437/2795 2801/3445/2801
f 2801/3445/2801 3314/4041/3314 3326/4053/3326
f 2142/2669/2142 2111/2636/2111 2122/2649/2122
f 2401/2974/2401 2106/2631/2106 2459/3046/2459
f 2135/2662/2135 2394/2966/2394 2136/2663/2136
f 2677/3299/2677 2674/3296/2674 2676/3298/2676
f 2685/3310/2685 2627/3240/2627 2626/3239/2626
f 2695/3320/2695 2696/3321/2696 2006/2508/2006
f 2685/3310/2685 2687/3312/2687 2627/3240/2627
f 2626/3239/2626 2623/3236/2623 2685/3310/2685
f 2679/3301/2679 2674/3296/2674 2677/3299/2677
f 2699/3326/2699 2679/3301/2679 2759/3395/2759
f 2764/3402/2764 2533/3126/2533 2532/3125/2532
f 2736/3365/2736 2731/3426/2731 2753/3389/2753
f 2767/3405/2767 2769/3407/2769 2786/3427/2786
f 2770/3408/2770 2760/3396/2760 2769/3407/2769
f 2759/3395/2759 2760/3396/2760 2770/3408/2770
f 3629/4428/3629 3618/4411/3618 3631/4447/3631
f 2717/3344/2717 2758/3394/2758 2718/3345/2718
f 2816/3463/2816 199/224/199 2805/3449/2805
f 3566/4337/3566 2840/3495/2840 2835/3490/2835
f 2445/3031/2445 2335/2894/2335 3331/4058/3331
f 2795/3437/2795 2835/3490/2835 2841/3496/2841
f 2838/3493/2838 3633/4435/3633 2821/3471/2821
f 3566/4337/3566 2834/3489/2834 3564/4335/3564
f 2855/3512/2855 2858/3519/2858 3354/4448/3354
f 2816/3463/2816 2853/4449/2853 2858/3519/2858
f 2843/4450/2843 2853/4449/2853 2816/3463/2816
f 2849/3505/2849 2848/3504/2848 2857/3515/2857
f 2131/2658/2131 2103/2628/2103 2108/2633/2108
f 2105/2630/2105 2104/2629/2104 2562/3157/2562
f 3637/4451/3637 2142/2669/2142 2124/2651/2124
f 3513/4269/3513 2676/3298/2676 2611/3224/2611
f 2382/2948/2382 2911/3578/2911 2176/2707/2176
f 2273/2818/2273 2138/2665/2138 2140/2667/2140
f 2910/3577/2910 2870/3537/2870 2210/2746/2210
f 2390/2961/2390 2205/2738/2205 2201/2785/2201
f 2906/3573/2906 2870/3537/2870 2977/3652/2977
f 2382/2948/2382 2381/2947/2381 2940/3607/2940
f 3218/3922/3218 3172/3873/3172 3219/3923/3219
f 3208/3912/3208 3209/3913/3209 2344/2907/2344
f 2245/2786/2245 2211/2747/2211 2210/2746/2210
f 2255/2799/2255 3116/3806/3116 2267/4452/2267
f 3147/3840/3147 2267/2812/2267 2872/3539/2872
f 2874/3541/2874 2370/2933/2370 2873/3540/2873
f 2866/3531/2866 1217/3533/1217 2362/4453/2362
f 3242/3948/3242 3315/4042/3315 3280/3996/3280
f 3219/3923/3219 3333/4060/3333 3211/3915/3211
f 2851/3507/2851 3576/4348/3576 3564/4335/3564
f 3270/3983/3270 3272/3985/3272 3405/4141/3405
f 3234/3938/3234 3326/4053/3326 3333/4060/3333
f 3146/3839/3146 2872/3539/2872 3141/3832/3141
f 2194/2725/2194 2177/2708/2177 2922/3589/2922
f 2324/2879/2324 2256/2800/2256 2995/3672/2995
f 2939/3606/2939 2911/3578/2911 2382/2948/2382
f 3049/3728/3049 3063/4454/3063 3050/3729/3050
f 2994/3671/2994 2373/2936/2373 3175/3876/3175
f 3103/3792/3103 3372/4106/3372 3303/4030/3303
f 3332/4059/3332 3344/4071/3344 3241/3947/3241
f 3607/4399/3607 3244/3950/3244 3299/4023/3299
f 3616/4408/3616 3435/4174/3435 3109/3798/3109
f 3634/4436/3634 3447/4191/3447 3442/4186/3442
f 3279/3995/3279 3315/4042/3315 3277/3993/3277
f 3316/4043/3316 3607/4399/3607 3317/4044/3317
f 3318/4455/3318 3300/4025/3300 3540/4456/3540
f 3318/4455/3318 3317/4415/3317 3300/4025/3300
f 2341/2901/2341 2340/2900/2340 3332/4059/3332
f 3510/4266/3510 3509/4265/3509 3528/4290/3528
f 3331/4058/3331 3171/3872/3171 3215/3919/3215
f 3634/4436/3634 3442/4186/3442 3404/4140/3404
f 3426/4165/3426 3252/3958/3252 3254/3960/3254
f 3320/4047/3320 3321/4048/3321 3323/4050/3323
f 3340/4067/3340 3409/4145/3409 3272/3985/3272
f 3309/4036/3309 3335/4062/3335 3245/3951/3245
f 2751/3385/2751 2778/3418/2778 2529/3122/2529
f 2598/3281/2598 2633/3248/2633 2666/3286/2666
f 2612/3225/2612 2611/3224/2611 2674/3296/2674
f 2621/3234/2621 2606/3244/2606 2620/3305/2620
f 2718/3345/2718 2758/3394/2758 2757/3393/2757
f 2756/3392/2756 2760/3396/2760 2755/3391/2755
f 2755/3391/2755 2760/3396/2760 2679/3301/2679
f 2786/3427/2786 3529/4291/3529 2803/3447/2803
f 2760/3396/2760 2756/3392/2756 2769/3407/2769
f 2837/3492/2837 3633/4435/3633 2838/3493/2838
f 3354/4086/3354 3353/4085/3353 2837/3492/2837
f 3566/4337/3566 2835/3490/2835 2834/3489/2834
f 2816/3463/2816 2844/4382/2844 2843/4450/2843
f 3527/4289/3527 2580/3187/2580 3510/4266/3510
f 3354/4448/3354 2858/3519/2858 2853/4449/2853
f 3373/4107/3373 3617/4410/3617 3368/4457/3368
f 3369/4103/3369 3617/4458/3617 3306/4033/3306
f 3091/3779/3091 3269/4028/3269 3069/3750/3069
f 1752/2195/1752 1742/2184/1742 1732/2197/1732
f 1913/2401/1913 3435/4174/3435 3407/4143/3407
f 3373/4107/3373 3372/4106/3372 3617/4410/3617
f 3372/4106/3372 3103/3792/3103 3617/4410/3617
f 3447/4191/3447 3446/4190/3446 3369/4103/3369
f 3489/4237/3489 3370/4104/3370 3415/4151/3415
f 3278/3994/3278 3277/3993/3277 3343/4070/3343
f 3571/4342/3571 3570/4341/3570 3586/4394/3586
f 3325/4052/3325 3540/4456/3540 3300/4025/3300
f 3550/4321/3550 2341/2901/2341 3210/3914/3210
f 3565/4336/3565 3222/3926/3222 3230/3934/3230
f 3207/3911/3207 3210/3914/3210 2341/2901/2341
f 2340/2900/2340 2339/2899/2339 3549/4320/3549
f 3206/3910/3206 3207/3911/3207 2341/2901/2341
f 3292/4022/3292 3301/4398/3301 3607/4399/3607
f 3244/3950/3244 3316/4043/3316 3266/3977/3266
f 3307/4084/3307 3105/3794/3105 3066/3747/3066
f 3247/3953/3247 3309/4036/3309 3245/3951/3245
f 2593/3205/2593 3513/4269/3513 2611/3224/2611
f 3232/3936/3232 3529/4291/3529 2756/3392/2756
f 3576/4348/3576 3632/4434/3632 2985/3660/2985
f 2177/2708/2177 2176/2707/2176 2922/3589/2922
f 3638/4459/3638 2888/3555/2888 3639/4460/3639
f 2831/3484/2831 2852/3508/2852 2843/3498/2843
f 2607/3219/2607 2657/3273/2657 2605/3217/2605
f 3513/4269/3513 2593/3205/2593 3482/4229/3482
f 2840/3495/2840 3212/3916/3212 2841/3496/2841
f 230/263/230 229/262/229 2839/3494/2839
f 3247/3953/3247 3245/3951/3245 3244/3950/3244
f 3640/4461/3640 3403/4139/3403 3409/4145/3409
f 3309/4036/3309 3409/4145/3409 3335/4062/3335
f 2186/2717/2186 2144/2673/2144 2035/2560/2035
f 150/170/150 105/123/105 192/217/192
f 222/251/222 2492/3081/2492 212/239/212
f 201/226/201 194/4462/194 209/235/209
f 2491/3181/2491 179/203/179 178/202/178
f 220/4463/220 171/195/171 180/205/180
f 450/545/450 2498/3087/2498 504/602/504
f 2061/4464/2061 3641/4465/3641 2041/2566/2041
f 701/843/701 725/867/725 2625/3238/2625
f 3520/4280/3520 3488/4235/3488 3487/4234/3487
f 3477/4298/3477 638/780/638 637/779/637
f 525/623/525 528/626/528 524/622/524
f 530/628/530 881/1075/881 500/597/500
f 2225/2764/2225 2216/2755/2216 2198/2731/2198
f 2441/3027/2441 2440/3026/2440 1148/1382/1148
f 262/301/262 173/197/173 2251/2793/2251
f 733/875/733 698/840/698 693/835/693
f 734/876/734 733/875/733 3492/4240/3492
f 1058/1266/1058 1057/1265/1057 1026/1227/1026
f 946/1146/946 897/1091/897 955/1155/955
f 1059/4466/1059 1004/1204/1004 1057/4467/1057
f 1033/1234/1033 1035/1236/1035 715/857/715
f 2161/2690/2161 2160/2689/2160 2362/2925/2362
f 2439/3025/2439 1266/1532/1266 2307/2859/2307
f 1221/1481/1221 3642/4468/3642 1222/1482/1222
f 2976/3651/2976 1501/1846/1501 3017/3696/3017
f 1502/1847/1502 3036/3715/3036 1487/1825/1487
f 1551/1914/1551 1508/1853/1508 1500/1845/1500
f 1522/1873/1522 1559/1922/1559 1543/1901/1543
f 1551/1914/1551 1500/1845/1500 1501/1846/1501
f 1230/1517/1230 3642/4468/3642 1244/1507/1244
f 1977/2465/1977 984/1184/984 1978/2466/1978
f 2020/2543/2020 3419/4155/3419 1930/2418/1930
f 1991/2479/1991 1978/2466/1978 984/1184/984
f 1091/1312/1091 3643/4469/3643 39/4470/39
f 2063/4471/2063 2065/2753/2065 3643/4472/3643
f 2077/2602/2077 2131/2658/2131 2049/2574/2049
f 2208/2744/2208 2399/2984/2399 2352/2915/2352
f 179/203/179 2491/3181/2491 2114/2639/2114
f 153/173/153 2127/2654/2127 2126/2653/2126
f 522/620/522 523/621/523 510/608/510
f 523/621/523 2450/3036/2450 2630/3245/2630
f 706/848/706 3516/4274/3516 2626/3239/2626
f 2624/3237/2624 2007/2509/2007 2625/3238/2625
f 3493/4241/3493 2624/3237/2624 708/850/708
f 3495/4243/3495 924/1120/924 2692/3317/2692
f 2613/3226/2613 2614/3227/2614 688/830/688
f 2007/2509/2007 2624/3237/2624 3493/4241/3493
f 511/609/511 504/602/504 522/620/522
f 3492/4240/3492 733/875/733 3494/4242/3494
f 708/850/708 734/876/734 3493/4241/3493
f 1010/1210/1010 1025/1226/1025 1045/1256/1045
f 3644/4473/3644 1018/1219/1018 729/871/729
f 991/1191/991 990/1190/990 1048/1251/1048
f 2696/3321/2696 2007/2509/2007 2006/2508/2006
f 2221/2760/2221 2217/2756/2217 2289/2839/2289
f 3645/4474/3645 1101/1322/1101 2167/2696/2167
f 543/645/543 166/190/166 165/189/165
f 1128/1358/1128 3646/4475/3646 1142/1376/1142
f 1150/1384/1150 2441/3027/2441 1148/1382/1148
f 2184/2715/2184 2308/2860/2308 2441/3027/2441
f 1222/4476/1222 1229/1490/1229 1267/1533/1267
f 1221/1481/1221 1265/1531/1265 3642/4468/3642
f 2916/3583/2916 2921/3588/2921 2917/3584/2917
f 3018/4477/3018 3639/4460/3639 1260/1524/1260
f 1275/1543/1275 1277/1545/1277 1329/1615/1329
f 1552/1915/1552 2980/3655/2980 1523/1874/1523
f 1523/1874/1523 1508/1853/1508 1552/1915/1552
f 3056/3735/3056 1908/2396/1908 1554/1917/1554
f 3041/3720/3041 1560/1923/1560 1995/2487/1995
f 3056/3735/3056 1554/1917/1554 3041/3720/3041
f 1734/2174/1734 1733/2173/1733 1739/2180/1739
f 3060/3740/3060 3418/4154/3418 1737/2178/1737
f 3108/3797/3108 3647/4478/3647 3648/4479/3648
f 1923/2411/1923 3647/4478/3647 3108/3797/3108
f 1921/2409/1921 1740/2181/1740 1922/2410/1922
f 1739/2180/1739 3060/3740/3060 1737/2178/1737
f 1015/1215/1015 2011/2517/2011 2021/2546/2021
f 1930/2418/1930 1983/2471/1983 1982/2470/1982
f 1936/2424/1936 3419/4155/3419 1934/2422/1934
f 896/1090/896 1996/2489/1996 1944/2432/1944
f 2184/2715/2184 2441/3027/2441 1150/1384/1150
f 2064/2589/2064 2063/2588/2063 2129/2656/2129
f 2118/2645/2118 2116/2643/2116 2052/2577/2052
f 2149/2678/2149 2032/2557/2032 259/298/259
f 2116/2643/2116 3649/4480/3649 1091/1312/1091
f 2165/2694/2165 2171/2700/2171 2163/2692/2163
f 2479/3066/2479 2563/3159/2563 2862/3525/2862
f 2689/3314/2689 2693/3318/2693 2618/3231/2618
f 3492/4240/3492 2688/3313/2688 3493/4241/3493
f 2631/3246/2631 2630/3245/2630 2450/3036/2450
f 3348/4077/3348 3048/3727/3048 3050/3729/3050
f 1522/1873/1522 1523/1874/1523 2978/3653/2978
f 3348/4077/3348 1922/2410/1922 3048/3727/3048
f 2918/3585/2918 3650/4481/3650 3639/4460/3639
f 1558/1921/1558 1557/1920/1557 1748/2190/1748
f 1736/3766/1736 3048/3727/3048 1740/2181/1740
f 1011/1211/1011 1027/1228/1027 1029/1230/1029
f 3476/4482/3476 1966/2454/1966 3518/4277/3518
f 1939/2427/1939 929/1125/929 893/1087/893
f 3187/3888/3187 3088/3776/3088 3087/3775/3087
f 3490/4238/3490 3458/4202/3458 3454/4198/3454
f 3416/4152/3416 3375/4109/3375 3385/4121/3385
f 3522/4282/3522 637/779/637 1975/2463/1975
f 153/173/153 219/248/219 151/171/151
f 1087/1307/1087 1088/1308/1088 248/281/248
f 202/227/202 2466/3053/2466 2127/2654/2127
f 202/227/202 179/203/179 2466/3053/2466
f 3651/4483/3651 3652/4484/3652 1030/1231/1030
f 2042/2567/2042 2041/2566/2041 3641/4465/3641
f 2023/2548/2023 162/186/162 161/185/161
f 2918/3585/2918 3639/4460/3639 2888/3555/2888
f 1264/1530/1264 2881/3548/2881 1329/1615/1329
f 1557/1920/1557 2978/3653/2978 1480/1818/1480
f 2205/2738/2205 3653/4485/3653 2866/3531/2866
f 1982/2470/1982 2020/2543/2020 1930/2418/1930
f 3375/4109/3375 1990/2478/1990 1891/2377/1891
f 1936/2424/1936 1931/2419/1931 3419/4155/3419
f 2116/2643/2116 1091/1312/1091 2052/2577/2052
f 219/248/219 3654/4486/3654 168/192/168
f 219/248/219 153/173/153 2126/2653/2126
f 219/248/219 2126/2653/2126 3654/4486/3654
f 2439/3025/2439 1219/1477/1219 1266/1532/1266
f 1147/1381/1147 1148/1382/1148 2440/3026/2440
f 1148/1382/1148 1103/1324/1103 1145/1379/1145
f 3649/4480/3649 2129/2656/2129 1091/1312/1091
f 2155/2684/2155 2149/2678/2149 2085/2610/2085
f 216/245/216 3654/4486/3654 2493/3082/2493
f 2217/2756/2217 2226/2765/2226 2289/2839/2289
f 2062/2587/2062 3645/4474/3645 2060/2585/2060
f 2214/2752/2214 2251/2793/2251 3641/4487/3641
f 2522/3115/2522 2555/3150/2555 2562/3157/2562
f 2780/3420/2780 2803/3447/2803 2802/3446/2802
f 244/277/244 884/1078/884 242/275/242
f 2466/3053/2466 179/203/179 2114/2639/2114
f 2447/3149/2447 2128/3079/2128 2492/3081/2492
f 2449/3035/2449 2695/3320/2695 2006/2508/2006
f 2693/3318/2693 2689/3314/2689 2694/3319/2694
f 732/874/732 730/872/730 712/854/712
f 677/819/677 723/865/723 721/863/721
f 526/624/526 528/626/528 525/623/525
f 2691/3316/2691 3494/4242/3494 735/877/735
f 2490/4488/2490 2447/3149/2447 2508/3099/2508
f 2696/3321/2696 2625/3238/2625 2007/2509/2007
f 510/608/510 2632/3247/2632 508/606/508
f 2181/2712/2181 1221/1481/1221 2879/3546/2879
f 3038/3760/3038 1917/2405/1917 3074/3757/3074
f 2960/3630/2960 1551/1914/1551 2976/3651/2976
f 1755/2199/1755 1725/2164/1725 1744/2186/1744
f 2961/3632/2961 3018/3697/3018 3017/3696/3017
f 1737/4489/1737 3048/3727/3048 1736/3766/1736
f 1275/1543/1275 2881/3548/2881 3638/4459/3638
f 1275/1543/1275 3638/4459/3638 3639/4460/3639
f 3638/4459/3638 2881/3548/2881 2888/3555/2888
f 1495/1840/1495 1277/1942/1277 2961/3632/2961
f 3041/3720/3041 1995/2487/1995 1558/1921/1558
f 3018/4477/3018 1275/1543/1275 3639/4460/3639
f 1497/1842/1497 1499/1844/1499 1518/1869/1518
f 2877/3544/2877 2879/3546/2879 1223/1483/1223
f 1995/2487/1995 1559/1922/1559 1558/1921/1558
f 3273/3986/3273 3108/3797/3108 3648/4479/3648
f 1916/2404/1916 3074/3757/3074 1917/2405/1917
f 695/837/695 736/878/736 3494/4242/3494
f 1485/1823/1485 1495/1840/1495 1507/1852/1507
f 1991/2479/1991 1961/2449/1961 1960/2448/1960
f 736/878/736 695/837/695 729/871/729
f 3655/4490/3655 1006/1206/1006 1005/1205/1005
f 3476/4482/3476 1943/2431/1943 1966/2454/1966
f 925/1121/925 1018/1219/1018 3644/4473/3644
f 3655/4491/3655 1058/1266/1058 3476/4482/3476
f 2020/2543/2020 916/1112/916 1985/2473/1985
f 704/846/704 735/877/735 705/847/705
f 3125/3815/3125 2875/3542/2875 3126/3816/3126
f 2445/3031/2445 2965/3636/2965 2318/2871/2318
f 746/888/746 554/661/554 739/881/739
f 791/944/791 794/4492/794 792/945/792
f 1298/1647/1298 1295/1572/1295 1294/1571/1294
f 1363/4493/1363 1298/1647/1298 1294/1571/1294
f 1363/4493/1363 1294/1571/1294 1361/1662/1361
f 2984/3659/2984 2983/3658/2983 3602/4385/3602
f 3306/4409/3306 3103/3792/3103 3307/4084/3307
f 3306/4033/3306 3308/4035/3308 3447/4191/3447
f 3362/4095/3362 3635/4437/3635 3355/4088/3355
f 3355/4088/3355 3635/4437/3635 3423/4159/3423
f 3368/4102/3368 3617/4458/3617 3369/4103/3369
f 3270/3983/3270 3404/4140/3404 3442/4186/3442
f 3369/4103/3369 3445/4189/3445 3434/4173/3434
f 3369/4103/3369 3434/4173/3434 3367/4101/3367
f 3434/4173/3434 3433/4172/3433 3367/4101/3367
f 1904/2392/1904 1903/2391/1903 1931/2419/1931
f 3373/4107/3373 3368/4457/3368 3441/4185/3441
f 3431/4170/3431 3380/4114/3380 3433/4172/3433
f 3367/4101/3367 3433/4172/3433 3380/4114/3380
f 3371/4105/3371 3374/4108/3374 3372/4106/3372
f 3398/4134/3398 3522/4282/3522 1975/2463/1975
f 3640/4461/3640 3409/4145/3409 3310/4037/3310
f 3374/4108/3374 3435/4174/3435 3616/4408/3616
f 3636/4439/3636 3538/4438/3538 3440/4179/3440
f 3580/4353/3580 3656/4494/3656 3380/4114/3380
f 3580/4353/3580 3380/4114/3380 3431/4170/3431
f 3636/4439/3636 3519/4279/3519 3521/4281/3521
f 3539/4305/3539 3522/4282/3522 3398/4134/3398
f 3407/4143/3407 3374/4108/3374 3371/4105/3371
f 3312/4039/3312 3386/4122/3386 3407/4143/3407
f 3389/4183/3389 3384/4163/3384 3394/4130/3394
f 3388/4124/3388 3393/4129/3393 3378/4112/3378
f 3656/4495/3656 3388/4124/3388 3381/4120/3381
f 3635/4437/3635 3636/4439/3636 3440/4179/3440
f 3390/4126/3390 3656/4494/3656 3580/4353/3580
f 1985/2473/1985 1992/2480/1992 1986/2474/1986
f 3388/4496/3388 3390/4126/3390 3389/4125/3389
f 3388/4124/3388 3389/4183/3389 3393/4129/3393
f 3636/4439/3636 3635/4437/3635 3519/4279/3519
f 3416/4152/3416 3385/4121/3385 1904/2392/1904
f 3312/4039/3312 3407/4143/3407 3371/4105/3371
f 1913/2401/1913 3386/4122/3386 3406/4142/3406
f 3302/4029/3302 3294/4317/3294 3305/4350/3305
f 3360/4093/3360 3359/4092/3359 3450/4194/3450
f 3634/4436/3634 3404/4140/3404 3449/4193/3449
f 3395/4131/3395 3392/4128/3392 3394/4130/3394
f 1905/2393/1905 3410/4146/3410 3366/4100/3366
f 3320/4047/3320 3250/3956/3250 3249/3955/3249
f 1904/2392/1904 3411/4147/3411 1905/2393/1905
f 3366/4100/3366 1903/2391/1903 1905/2393/1905
f 3439/4182/3439 3438/4497/3438 3538/4303/3538
f 3400/4136/3400 3412/4148/3412 3410/4146/3410
f 3365/4099/3365 3366/4100/3366 3412/4148/3412
f 3385/4121/3385 3411/4147/3411 1904/2392/1904
f 3410/4146/3410 3411/4147/3411 3401/4137/3401
f 3410/4146/3410 3401/4137/3401 3400/4136/3400
f 3440/4179/3440 3538/4438/3538 3438/4177/3438
f 1959/2447/1959 984/1184/984 983/1183/983
f 3413/4149/3413 3395/4131/3395 3417/4153/3417
f 3417/4153/3417 3397/4133/3397 1976/2464/1976
f 3417/4153/3417 973/1173/973 3365/4099/3365
f 3428/4167/3428 3448/4192/3448 3429/4168/3429
f 3400/4136/3400 3402/4138/3402 3393/4129/3393
f 3431/4170/3431 3448/4192/3448 3580/4353/3580
f 3611/4403/3611 3403/4139/3403 3613/4405/3613
f 3422/4158/3422 3448/4192/3448 3431/4170/3431
f 3368/4102/3368 3367/4101/3367 3441/4498/3441
f 3383/4162/3383 3436/4181/3436 3408/4144/3408
f 3430/4169/3430 3359/4092/3359 3427/4166/3427
f 3429/4168/3429 3450/4194/3450 3430/4169/3430
f 3430/4169/3430 3450/4194/3450 3359/4092/3359
f 3427/4166/3427 3359/4092/3359 3356/4089/3356
f 3432/4171/3432 3382/4116/3382 3391/4127/3391
f 3424/4160/3424 3383/4117/3383 3382/4116/3382
f 1984/2472/1984 972/1172/972 1983/2471/1983
f 3383/4162/3383 3408/4144/3408 3394/4130/3394
f 3270/3983/3270 3405/4141/3405 3404/4140/3404
f 1891/2377/1891 1925/2413/1925 1892/2378/1892
f 3383/4117/3383 3424/4160/3424 3437/4176/3437
f 3635/4437/3635 3440/4179/3440 3423/4159/3423
f 3440/4179/3440 3437/4176/3437 3423/4159/3423
f 3439/4178/3439 3437/4176/3437 3440/4179/3440
f 3398/4134/3398 3397/4133/3397 3396/4132/3396
f 3396/4132/3396 3439/4182/3439 3398/4134/3398
f 3439/4178/3439 3436/4175/3436 3437/4176/3437
f 3380/4114/3380 3379/4113/3379 3441/4498/3441
f 3387/4499/3387 3441/4498/3441 3379/4113/3379
f 3417/4153/3417 3395/4131/3395 3397/4133/3397
f 3336/4063/3336 3609/4401/3609 3612/4404/3612
f 3444/4188/3444 3621/4417/3621 3450/4194/3450
f 935/1133/935 3463/4207/3463 3517/4275/3517
f 3364/4098/3364 3358/4091/3358 3370/4104/3370
f 3382/4116/3382 3384/4118/3384 3391/4127/3391
f 3434/4173/3434 3445/4189/3445 3420/4156/3420
f 3422/4158/3422 3443/4187/3443 3429/4168/3429
f 3517/4275/3517 3519/4279/3519 3363/4096/3363
f 3403/4139/3403 3611/4403/3611 3421/4157/3421
f 3520/4280/3520 3519/4279/3519 3462/4206/3462
f 3462/4206/3462 3519/4279/3519 3517/4275/3517
f 3520/4280/3520 3523/4440/3523 3521/4281/3521
f 3522/4282/3522 3539/4305/3539 3523/4284/3523
f 3522/4282/3522 3523/4284/3523 3486/4283/3486
f 3477/4298/3477 3518/4277/3518 638/780/638
f 1975/2463/1975 1976/2464/1976 3399/4135/3399
f 3154/3847/3154 3181/3882/3181 3195/3897/3195
f 3521/4304/3521 3523/4284/3523 3539/4305/3539
f 1998/2492/1998 1927/2415/1927 1920/2408/1920
f 3380/4114/3380 3656/4494/3656 3381/4115/3381
f 3376/4110/3376 3387/4123/3387 3377/4111/3377
f 3389/4183/3389 3394/4130/3394 3393/4129/3393
f 3413/4149/3413 3412/4148/3412 3395/4131/3395
f 3402/4138/3402 3376/4110/3376 3378/4112/3378
f 3313/4040/3313 3401/4137/3401 3311/4038/3311
f 3312/4039/3312 3371/4105/3371 3313/4040/3313
f 3313/4040/3313 3371/4105/3371 3376/4110/3376
f 3640/4461/3640 3613/4405/3613 3403/4139/3403
f 3310/4037/3310 3613/4405/3613 3640/4461/3640
f 3442/4186/3442 3107/3796/3107 3271/3984/3271
f 3045/3724/3045 3044/3723/3044 3258/3966/3258
f 3556/4327/3556 3278/3994/3278 3343/4070/3343
f 3443/4187/3443 3421/4157/3421 3611/4403/3611
f 3280/3996/3280 3264/3973/3264 3242/3948/3242
f 3102/3791/3102 3107/3796/3107 3442/4186/3442
f 3290/4008/3290 3276/3992/3276 3275/3991/3275
f 3442/4186/3442 3447/4191/3447 3102/3791/3102
f 3299/4023/3299 3244/3950/3244 3243/3949/3243
f 3548/4314/3548 3084/3772/3084 3271/3984/3271
f 3084/3772/3084 3548/4314/3548 3082/3770/3082
f 3088/3776/3088 3170/3870/3170 3026/3705/3026
f 3083/3771/3083 3082/3770/3082 3293/4014/3293
f 3170/4081/3170 3028/3707/3028 3097/3785/3097
f 3271/3984/3271 3259/3976/3259 3548/4314/3548
f 3297/4018/3297 3296/4017/3296 3243/3949/3243
f 3614/4416/3614 3265/3975/3265 3107/3796/3107
f 3107/3796/3107 3259/3976/3259 3271/3984/3271
f 3297/4018/3297 3083/3771/3083 3293/4014/3293
f 3297/4018/3297 3293/4014/3293 3295/4016/3295
f 3258/3966/3258 3186/3887/3186 3657/4500/3657
f 3091/3779/3091 3614/4406/3614 3106/4027/3106
f 3186/3972/3186 3185/3963/3185 3256/3964/3256
f 3019/3698/3019 3045/3724/3045 3091/3779/3091
f 3258/3966/3258 3657/4500/3657 3259/3967/3259
f 3548/4314/3548 3259/3976/3259 3657/4501/3657
f 3267/3980/3267 3657/4501/3657 3186/3978/3186
f 3548/4314/3548 3657/4501/3657 3267/3980/3267
f 3276/3992/3276 3295/4016/3295 3298/4020/3298
f 3295/4016/3295 3293/4014/3293 3070/4502/3070
f 3070/4502/3070 3293/4014/3293 3071/4013/3071
f 3070/4502/3070 3093/4021/3093 3295/4016/3295
f 3244/3950/3244 3607/4399/3607 3316/4043/3316
f 3298/4020/3298 3169/3990/3169 3276/3992/3276
f 3186/3887/3186 3258/3966/3258 3184/3885/3184
f 3322/4049/3322 3254/3960/3254 3342/4069/3342
f 3288/4004/3288 3290/4010/3290 3286/4002/3286
f 3321/4048/3321 3426/4165/3426 3322/4049/3322
f 3305/4032/3305 3082/3770/3082 3263/3979/3263
f 3160/3859/3160 3164/3863/3164 3201/3905/3201
f 3093/3781/3093 3070/3752/3070 3072/3754/3072
f 3546/4312/3546 3341/4319/3341 3542/4318/3542
f 3324/4051/3324 3300/4025/3300 3288/4004/3288
f 3288/4004/3288 3287/4003/3287 3324/4051/3324
f 3540/4456/3540 3325/4052/3325 3542/4318/3542
f 3072/3754/3072 3294/4317/3294 3302/4029/3302
f 3573/4344/3573 3561/4332/3561 3563/4334/3563
f 3327/4054/3327 3560/4331/3560 3573/4344/3573
f 3281/3997/3281 3282/3998/3282 3169/4503/3169
f 3275/4011/3275 3169/4503/3169 3282/3998/3282
f 3286/4002/3286 3282/3998/3282 3238/3942/3238
f 3165/3864/3165 3195/3897/3195 3181/3882/3181
f 3282/3998/3282 3023/3702/3023 3199/3903/3199
f 3556/4327/3556 3547/4313/3547 3278/3994/3278
f 3561/4332/3561 3574/4377/3574 3562/4333/3562
f 3560/4331/3560 3574/4377/3574 3561/4332/3561
f 3604/4393/3604 3232/3936/3232 3231/3935/3231
f 3592/4388/3592 3599/4387/3599 3596/4378/3596
f 3570/4363/3570 3582/4356/3582 3586/4362/3586
f 3554/4325/3554 3556/4327/3556 3555/4326/3555
f 3353/4085/3353 2853/3509/2853 2852/3508/2852
f 3301/4026/3301 3292/4012/3292 3288/4004/3288
f 3214/3918/3214 2965/3636/2965 3330/4057/3330
f 3328/4055/3328 3327/4054/3327 3577/4349/3577
f 3537/4302/3537 2580/3187/2580 3527/4289/3527
f 3559/4330/3559 2864/3527/2864 2863/3526/2863
f 3541/4307/3541 3266/3977/3266 3316/4043/3316
f 3557/4328/3557 3572/4343/3572 3558/4329/3558
f 3289/4006/3289 3569/4340/3569 3567/4338/3567
f 3327/4054/3327 3573/4344/3573 3554/4325/3554
f 3241/3947/3241 3224/3928/3224 3236/3940/3236
f 3553/4324/3553 3551/4322/3551 3552/4323/3552
f 3242/3948/3242 3241/3947/3241 3344/4071/3344
f 3588/4365/3588 3501/4254/3501 3589/4366/3589
f 3592/4388/3592 3595/4374/3595 3594/4376/3594
f 3577/4349/3577 3552/4323/3552 2984/3659/2984
f 3537/4302/3537 2671/3292/2671 2580/3187/2580
f 3507/4262/3507 3285/4001/3285 3589/4366/3589
f 3099/3787/3099 3626/4424/3626 3627/4426/3627
f 3526/4288/3526 3628/4427/3628 3623/4420/3623
f 3078/3763/3078 3598/4380/3598 2826/3477/2826
f 3044/3723/3044 3029/3708/3029 3028/3707/3028
f 3184/3961/3184 3170/3870/3170 3255/3962/3255
f 2436/3021/2436 2256/2800/2256 2323/2878/2323
f 3086/3774/3086 3349/4079/3349 3350/4080/3350
f 3092/3780/3092 3031/3710/3031 3168/3867/3168
f 3168/3867/3168 3031/3710/3031 3015/3693/3015
f 3085/3773/3085 3092/3780/3092 3112/3868/3112
f 3031/3710/3031 3092/3780/3092 3030/3709/3030
f 3031/3710/3031 3030/3709/3030 3011/3689/3011
f 3020/3699/3020 3011/3689/3011 3030/3709/3030
f 3006/3684/3006 3005/3683/3005 3013/3691/3013
f 3164/3863/3164 3192/3894/3192 3191/3893/3191
f 3188/3889/3188 3257/3965/3257 3187/3888/3187
f 3067/3748/3067 3069/3750/3069 3064/4354/3064
f 3349/4079/3349 3025/3704/3025 3304/4031/3304
f 3075/3768/3075 3039/3718/3039 3038/3717/3038
f 3038/3760/3038 3066/3747/3066 3105/3794/3105
f 3072/3754/3072 3191/3893/3191 3094/3782/3094
f 3090/3778/3090 3108/3797/3108 3273/3986/3273
f 3188/3889/3188 3087/3775/3087 3201/3905/3201
f 3349/4079/3349 3088/3776/3088 3026/3705/3026
f 3081/3767/3081 3043/3722/3043 3004/3682/3004
f 3255/3962/3255 3187/3888/3187 3257/3965/3257
f 3014/3692/3014 3012/3690/3012 3019/3698/3019
f 3658/4504/3658 3043/3722/3043 3009/3687/3009
f 3188/3889/3188 3164/3863/3164 3191/3893/3191
f 3069/3750/3069 3080/3765/3080 3019/3698/3019
f 3001/3678/3001 3112/3868/3112 3002/3679/3002
f 1925/2413/1925 3108/3797/3108 1892/2378/1892
f 1915/2403/1915 3111/3800/3111 3109/3798/3109
f 3026/3705/3026 3096/4078/3096 3027/3706/3027
f 3349/4079/3349 3026/3705/3026 3025/3704/3025
f 3020/3699/3020 3030/3709/3030 3029/3708/3029
f 3028/3707/3028 3268/3981/3268 3044/3723/3044
f 3255/3962/3255 3170/3870/3170 3187/3888/3187
f 3110/3799/3110 3104/3793/3104 3303/4030/3303
f 3268/3981/3268 3170/4081/3170 3184/3885/3184
f 3085/3773/3085 3027/4505/3027 3096/3784/3096
f 3040/3719/3040 3039/3718/3039 3068/3749/3068
f 3112/3801/3112 3027/3706/3027 3085/4506/3085
f 3092/3780/3092 3168/3867/3168 3112/3868/3112
f 3192/3894/3192 3164/3863/3164 3163/3862/3163
f 3004/3682/3004 3037/3716/3037 3005/3683/3005
f 3385/4121/3385 3375/4109/3375 3406/4142/3406
f 1917/2405/1917 3105/3794/3105 3104/3793/3104
f 3349/4079/3349 3086/3774/3086 3088/3776/3088
f 3178/3879/3178 3086/3774/3086 3350/4080/3350
f 3002/3679/3002 3168/3867/3168 3024/3703/3024
f 3168/3867/3168 3015/3693/3015 3024/3703/3024
f 2993/3670/2993 3304/4031/3304 3115/3804/3115
f 2375/2939/2375 2969/3642/2969 3002/3679/3002
f 3161/3860/3161 3086/3774/3086 3178/3879/3178
f 3163/3862/3163 3160/3859/3160 3162/3861/3162
f 3095/3783/3095 3197/3899/3197 3274/4360/3274
f 3162/3861/3162 2387/2955/2387 3163/3862/3163
f 3196/3898/3196 3195/3897/3195 3194/3896/3194
f 3194/3896/3194 3193/3895/3193 3197/3899/3197
f 3304/4031/3304 2993/3670/2993 3350/4080/3350
f 1261/3641/1261 2944/3611/2944 2943/3610/2943
f 2372/2935/2372 3154/3847/3154 2387/2955/2387
f 2945/3612/2945 2900/3567/2900 2960/3630/2960
f 2387/2955/2387 3195/3897/3195 3196/3898/3196
f 2373/2936/2373 2387/2955/2387 3162/3861/3162
f 3196/3898/3196 3192/3894/3192 3163/3862/3163
f 2993/3670/2993 3115/3804/3115 2988/3663/2988
f 2996/3673/2996 3142/3833/3142 2997/3674/2997
f 2426/3007/2426 2386/2954/2386 2388/3835/2388
f 3177/3878/3177 2994/3671/2994 3175/3876/3175
f 2994/3671/2994 2371/2934/2371 2373/2936/2373
f 3154/3847/3154 3153/3846/3153 2321/2874/2321
f 3153/3846/3153 3130/3821/3130 3145/3838/3145
f 3528/4290/3528 3455/4199/3455 3451/4195/3451
f 2322/2877/2322 2232/2771/2232 2317/2870/2317
f 3174/3875/3174 3181/3882/3181 2325/2880/2325
f 2354/3943/2354 2320/4073/2320 3156/3852/3156
f 3227/3931/3227 3217/3921/3217 3034/3713/3034
f 3034/3713/3034 3033/3712/3033 3223/3927/3223
f 3034/3713/3034 3225/3929/3225 3227/3931/3227
f 3215/3919/3215 3171/3872/3171 3216/3920/3216
f 3203/3907/3203 3202/3906/3202 3220/3924/3220
f 3172/3873/3172 3218/3922/3218 3207/3911/3207
f 3151/3844/3151 2319/2872/2319 3144/3837/3144
f 3151/3844/3151 3155/3857/3155 3150/3848/3150
f 3141/3832/3141 3202/3906/3202 3148/3841/3148
f 3210/3914/3210 3207/3911/3207 3211/3915/3211
f 2886/3553/2886 2433/3017/2433 2990/3667/2990
f 3144/3837/3144 3138/3829/3138 3139/3830/3139
f 2975/3650/2975 2971/3645/2971 2914/3581/2914
f 2970/3644/2970 2987/3662/2987 2989/3665/2989
f 2972/3646/2972 2914/3581/2914 2971/3645/2971
f 2933/3600/2933 2972/3646/2972 2930/3597/2930
f 2987/3662/2987 3345/4074/3345 2990/3667/2990
f 2970/3644/2970 3345/4074/3345 2987/3662/2987
f 2914/3581/2914 2972/3646/2972 2935/3602/2935
f 3151/3844/3151 3152/3845/3152 3155/3857/3155
f 2933/3600/2933 2935/3602/2935 2972/3646/2972
f 2971/3645/2971 3180/3881/3180 2982/3657/2982
f 2933/3600/2933 2932/3599/2932 2936/3603/2936
f 2885/3552/2885 2937/3604/2937 2936/3603/2936
f 3136/3827/3136 3133/3824/3133 3127/3817/3127
f 2950/3617/2950 2974/3649/2974 2953/3648/2953
f 2903/3570/2903 2934/3601/2934 2936/3603/2936
f 2887/3554/2887 2886/3553/2886 3345/4074/3345
f 2887/3554/2887 3345/4074/3345 2970/3644/2970
f 2967/3638/2967 2966/3637/2966 2954/3623/2954
f 2913/3580/2913 2434/3018/2434 2433/3017/2433
f 2959/3629/2959 2924/3591/2924 2944/4072/2944
f 3114/3803/3114 2381/2947/2381 2871/3538/2871
f 3112/3801/3112 3115/3804/3115 3025/3704/3025
f 2975/3650/2975 3180/3881/3180 2971/3645/2971
f 2875/3542/2875 2874/3541/2874 3126/3816/3126
f 2256/2800/2256 2996/3673/2996 2995/3672/2995
f 2323/2878/2323 2426/3007/2426 2436/3021/2436
f 2919/3586/2919 2867/3534/2867 2958/3628/2958
f 3157/3854/3157 2973/3647/2973 2941/3608/2941
f 2992/3669/2992 2991/3668/2991 2435/3019/2435
f 3117/3807/3117 2313/2865/2313 3123/3813/3123
f 2993/3670/2993 2988/3663/2988 2991/3668/2991
f 2988/3663/2988 3115/3804/3115 2986/3661/2986
f 2932/3599/2932 2913/3580/2913 2885/3552/2885
f 2993/3670/2993 2992/3669/2992 3350/4080/3350
f 3122/3812/3122 3117/3807/3117 3123/3813/3123
f 3118/3808/3118 3120/3810/3120 2313/2865/2313
f 2875/3542/2875 3114/3803/3114 2365/2928/2365
f 3157/3854/3157 2313/2865/2313 3120/3810/3120
f 3659/4507/3659 2942/3609/2942 2994/3671/2994
f 3113/3802/3113 3118/3808/3118 3117/3807/3117
f 3176/3877/3176 3178/3879/3178 3177/3878/3177
f 3001/3805/3001 2998/3675/2998 2986/3661/2986
f 3177/3878/3177 3659/4507/3659 2994/3671/2994
f 3177/3878/3177 3143/3836/3143 3659/4507/3659
f 3124/3814/3124 3122/3812/3122 3123/3813/3123
f 2433/3017/2433 2991/3668/2991 2990/3667/2990
f 3177/3878/3177 3158/3855/3158 3143/3836/3143
f 3124/3814/3124 3180/3881/3180 2938/3605/2938
f 2431/3013/2431 2438/3023/2438 2351/3819/2351
f 3129/3820/3129 3119/3809/3119 3133/3824/3133
f 3143/3836/3143 3158/3855/3158 3159/3856/3159
f 3132/3823/3132 2973/3647/2973 3137/3828/3137
f 3137/3828/3137 3129/3820/3129 3133/3824/3133
f 2384/2950/2384 3143/3836/3143 3159/3856/3159
f 2433/3017/2433 2435/3019/2435 2991/3668/2991
f 3119/3809/3119 3125/3815/3125 3127/3817/3127
f 2997/3674/2997 3135/3826/3135 2995/3672/2995
f 3133/3824/3133 3136/3827/3136 3137/3828/3137
f 2930/3597/2930 2971/3645/2971 2982/3657/2982
f 2873/3540/2873 3135/3826/3135 3127/3817/3127
f 3136/3827/3136 2997/3674/2997 3138/3829/3138
f 2152/2681/2152 2202/2735/2202 2153/2682/2153
f 3125/3815/3125 3113/3802/3113 2875/3542/2875
f 2264/2808/2264 2262/2806/2262 2263/2807/2263
f 3147/3850/3147 2255/2799/2255 2267/4452/2267
f 2256/2800/2256 2255/2799/2255 2996/3673/2996
f 3141/3832/3141 3155/3849/3155 3146/3839/3146
f 3152/3845/3152 3146/3851/3146 3155/3857/3155
f 2370/2933/2370 2368/2931/2368 2374/2938/2374
f 2871/3538/2871 2200/2733/2200 2366/2929/2366
f 2323/2878/2323 2324/2879/2324 2363/2926/2363
f 2268/4446/2268 2257/2801/2257 2264/2811/2264
f 2367/2930/2367 2366/2929/2366 2368/2931/2368
f 2369/2932/2369 2368/2931/2368 2244/2783/2244
f 2263/2807/2263 2259/2803/2259 2309/2861/2309
f 2315/2868/2315 2252/2945/2252 2272/2866/2272
f 2328/2885/2328 2330/2944/2330 2140/2959/2140
f 2513/3464/2513 2813/3469/2813 2817/3465/2817
f 2445/3031/2445 2318/2871/2318 190/215/190
f 2438/3024/2438 2279/2824/2279 2351/2914/2351
f 2428/3009/2428 2378/4508/2378 2389/2958/2389
f 2277/2822/2277 2330/2887/2330 2379/4509/2379
f 2260/2804/2260 2262/2806/2262 2278/2826/2278
f 2284/2833/2284 2287/2837/2287 2285/2834/2285
f 2378/2942/2378 2328/2885/2328 2389/3853/2389
f 2405/2978/2405 2090/2615/2090 2170/2699/2170
f 2351/3819/2351 2278/2826/2278 2262/2806/2262
f 2288/2838/2288 2293/2843/2293 2291/2841/2291
f 2178/2709/2178 2242/2784/2242 2200/2733/2200
f 2194/2725/2194 2922/3589/2922 2212/2748/2212
f 2953/3622/2953 2970/3644/2970 2989/3665/2989
f 3180/3881/3180 2975/3650/2975 2938/3605/2938
f 2176/2707/2176 2911/3578/2911 2922/3589/2922
f 2876/3543/2876 2893/3560/2893 2898/3565/2898
f 2895/3562/2895 2899/3566/2899 2898/3565/2898
f 3642/4468/3642 1265/1531/1265 1244/1507/1244
f 2908/3575/2908 2906/3573/2906 2977/3652/2977
f 2939/3606/2939 2909/3576/2909 2977/3652/2977
f 3179/4510/3179 2923/3590/2923 2949/3616/2949
f 2906/3573/2906 2891/3558/2891 2890/3557/2890
f 2975/3650/2975 2914/3581/2914 2907/3574/2907
f 2928/3595/2928 2867/3534/2867 2869/3536/2869
f 2917/3584/2917 2899/3566/2899 2895/3562/2895
f 2916/3583/2916 2869/3536/2869 2921/3588/2921
f 2868/3535/2868 2918/3585/2918 2921/3588/2921
f 2915/3582/2915 2896/3563/2896 2897/3564/2897
f 2935/3602/2935 2915/3582/2915 2914/3581/2914
f 2974/3649/2974 2950/3617/2950 2376/2940/2376
f 2866/3531/2866 2362/4453/2362 2205/2738/2205
f 2916/3583/2916 2904/3571/2904 2869/3536/2869
f 2952/3621/2952 2887/3554/2887 2970/3644/2970
f 2915/3582/2915 2897/3564/2897 2907/3574/2907
f 2894/3561/2894 2917/3584/2917 2895/3562/2895
f 2894/3561/2894 2905/3572/2905 2917/3584/2917
f 2952/3621/2952 2947/3614/2947 2887/3554/2887
f 3112/3801/3112 3001/3805/3001 3115/3804/3115
f 2918/3585/2918 2889/3556/2889 2917/3584/2917
f 2897/3564/2897 2891/3558/2891 2908/3575/2908
f 2925/3592/2925 2949/3616/2949 2923/3590/2923
f 2925/3592/2925 2948/3615/2948 2949/3616/2949
f 2957/3627/2957 2947/3614/2947 2952/3621/2952
f 2925/3592/2925 2928/3595/2928 2948/3615/2948
f 1275/1543/1275 1329/1615/1329 2881/3548/2881
f 2924/3591/2924 2959/3629/2959 2928/3595/2928
f 2924/3591/2924 2928/3595/2928 2925/3592/2925
f 2959/3629/2959 2867/3534/2867 2928/3595/2928
f 3660/4511/3660 1268/1534/1268 1214/1469/1214
f 1229/1490/1229 1220/1479/1220 1267/1533/1267
f 2883/3550/2883 2876/3543/2876 2878/3545/2878
f 2884/3551/2884 2893/3560/2893 2876/3543/2876
f 2932/3599/2932 2930/3597/2930 2929/3596/2929
f 2911/3578/2911 2939/3606/2939 2912/3579/2912
f 2893/3560/2893 2884/3551/2884 2891/3558/2891
f 2892/3559/2892 2891/3558/2891 2897/3564/2897
f 2867/3534/2867 2919/3586/2919 2868/3535/2868
f 2891/3558/2891 2906/3573/2906 2908/3575/2908
f 2957/3627/2957 3179/4510/3179 2949/3616/2949
f 2869/3536/2869 2868/3535/2868 2921/3588/2921
f 2308/2860/2308 2307/2859/2307 3661/4512/3661
f 2957/4513/2957 2968/3639/2968 3179/3880/3179
f 2967/3638/2967 3179/3880/3179 2968/3639/2968
f 2887/3554/2887 2937/3604/2937 2885/3552/2885
f 2924/3591/2924 2945/3626/2945 2944/4072/2944
f 2966/3637/2966 2968/3639/2968 2951/3681/2951
f 2902/3569/2902 2980/3655/2980 2900/3567/2900
f 2377/3664/2377 2950/3666/2950 2989/3665/2989
f 2927/3594/2927 3179/3880/3179 2967/3638/2967
f 2998/4514/2998 2969/3642/2969 2377/2941/2377
f 2969/4515/2969 2998/3675/2998 3001/3805/3001
f 1501/1846/1501 1503/1848/1503 3017/3696/3017
f 2974/3649/2974 2999/3676/2999 2954/3623/2954
f 1932/2420/1932 3662/4516/3662 3035/3714/3035
f 2936/3603/2936 2934/3601/2934 2935/3602/2935
f 1932/2420/1932 3003/3680/3003 3662/4516/3662
f 2945/3612/2945 2926/3593/2926 2900/3567/2900
f 2963/3634/2963 2962/3633/2962 2964/3635/2964
f 2963/3634/2963 2954/3623/2954 2956/3625/2956
f 2964/3635/2964 2902/3569/2902 2901/3568/2901
f 2999/3676/2999 2955/3624/2955 2954/3623/2954
f 1260/1524/1260 2958/3628/2958 1261/1525/1261
f 1260/1524/1260 3650/4481/3650 2958/3628/2958
f 2903/3570/2903 2937/3604/2937 2904/3571/2904
f 2904/3571/2904 2937/3604/2937 2946/3613/2946
f 2904/3571/2904 2946/3613/2946 2920/3587/2920
f 3662/4516/3662 2375/2939/2375 3024/3703/3024
f 2962/3633/2962 2902/3569/2902 2964/3635/2964
f 1261/1525/1261 2958/3628/2958 2944/4072/2944
f 3003/3680/3003 2956/3625/2956 2955/3624/2955
f 3662/4516/3662 3000/3677/3000 2375/2939/2375
f 3003/3680/3003 3000/3677/3000 3662/4516/3662
f 3010/3688/3010 2956/3625/2956 3003/3680/3003
f 2979/3654/2979 2902/3569/2902 1481/1819/1481
f 3010/3688/3010 1541/1899/1541 2956/3625/2956
f 1481/1819/1481 2962/3633/2962 2956/3625/2956
f 3662/4516/3662 3024/3703/3024 3035/3714/3035
f 1563/1931/1563 1995/2487/1995 1560/1923/1560
f 3005/3683/3005 1933/2421/1933 3035/3714/3035
f 3046/3725/3046 3053/3732/3053 3008/3686/3008
f 3346/4075/3346 1563/1931/1563 1556/1919/1556
f 1543/1901/1543 1521/1872/1521 1520/1871/1520
f 2961/3632/2961 3017/3696/3017 1503/1848/1503
f 2978/3653/2978 1559/1922/1559 1522/1873/1522
f 1557/1920/1557 1559/1922/1559 2978/3653/2978
f 2019/2541/2019 1733/2173/1733 1732/2172/1732
f 1908/2396/1908 3056/3735/3056 1906/2394/1906
f 1556/1919/1556 2017/2530/2017 3346/4075/3346
f 2902/3569/2902 2962/3633/2962 1481/1819/1481
f 2017/2530/2017 1556/1919/1556 1564/1932/1564
f 3648/4479/3648 3647/4478/3647 3348/4077/3348
f 3049/4517/3049 3418/4154/3418 3063/3744/3063
f 2980/3655/2980 2979/3654/2979 1523/1874/1523
f 1482/1820/1482 1748/2190/1748 1480/1818/1480
f 3063/3744/3063 3047/3726/3047 3062/3743/3062
f 3063/3744/3063 3060/3740/3060 3047/3726/3047
f 3347/4076/3347 3663/4518/3663 3648/4479/3648
f 3057/3739/3057 1916/2404/1916 3058/3737/3058
f 1755/2199/1755 1722/2161/1722 1720/2155/1720
f 1906/2394/1906 3046/3725/3046 1907/2395/1907
f 1922/2410/1922 1740/2181/1740 3048/3727/3048
f 1914/2402/1914 3406/4142/3406 1893/2379/1893
f 1737/4489/1737 3418/4519/3418 3048/3727/3048
f 3017/3696/3017 3016/3695/3016 2976/3651/2976
f 3061/3741/3061 3007/3685/3007 3009/3687/3009
f 3658/4504/3658 3009/3687/3009 3008/3686/3008
f 3658/4504/3658 3008/3686/3008 3052/3731/3052
f 1922/2410/1922 3348/4077/3348 3647/4478/3647
f 1906/2394/1906 3056/3735/3056 3053/3732/3053
f 1739/2180/1739 1733/2173/1733 1907/2395/1907
f 3053/3732/3053 3054/3733/3054 3052/3731/3052
f 3057/3736/3057 3061/3741/3061 3043/3722/3043
f 2019/2541/2019 1555/1918/1555 1733/2173/1733
f 2019/2541/2019 1564/1932/1564 1555/1918/1555
f 3050/3729/3050 3059/3738/3059 3347/4076/3347
f 3054/3733/3054 3055/3734/3055 1747/2189/1747
f 3063/4454/3063 3059/3738/3059 3050/3729/3050
f 3047/3726/3047 3060/3740/3060 1907/2395/1907
f 3048/3727/3048 3418/4519/3418 3049/3728/3049
f 1733/2173/1733 1555/1918/1555 1908/2396/1908
f 3051/3730/3051 3054/3733/3054 1540/1898/1540
f 1733/2173/1733 1908/2396/1908 1907/2395/1907
f 3058/3737/3058 1916/2404/1916 3089/3777/3089
f 3648/4479/3648 3663/4518/3663 3273/3986/3273
f 1916/4520/1916 3057/3736/3057 3042/3721/3042
f 3658/4504/3658 3004/3682/3004 3043/3722/3043
f 3658/4504/3658 3037/3716/3037 3004/3682/3004
f 3055/3734/3055 3056/3735/3056 3041/3720/3041
f 1908/2396/1908 1555/1918/1555 1554/1917/1554
f 1563/1931/1563 1521/1872/1521 1543/1901/1543
f 1520/1871/1520 1506/1851/1506 1522/1873/1522
f 1723/2162/1723 1553/1916/1553 1566/1934/1566
f 3435/4174/3435 1913/2401/1913 1915/2403/1915
f 1741/2182/1741 1753/2196/1753 1738/2183/1738
f 1755/2199/1755 1720/2155/1720 1726/2165/1726
f 1480/1818/1480 1748/2190/1748 1557/1920/1557
f 3089/3777/3089 3111/3800/3111 3273/3986/3273
f 1742/2184/1742 1752/2195/1752 1730/2170/1730
f 1753/3756/1753 1734/2174/1734 1738/2179/1738
f 3663/4518/3663 3347/4076/3347 3058/3737/3058
f 3110/3799/3110 1918/2406/1918 1917/2405/1917
f 3348/4077/3348 3347/4076/3347 3648/4479/3648
f 1927/2415/1927 3073/3755/3073 1921/2409/1921
f 1743/2194/1743 2019/2541/2019 1742/4521/1742
f 1742/4521/1742 2019/2541/2019 1732/2172/1732
f 3616/4408/3616 3109/3798/3109 3110/3799/3110
f 1741/2182/1741 1752/2195/1752 1753/2196/1753
f 1922/2410/1922 3647/4478/3647 1923/2411/1923
f 1929/2417/1929 1923/2411/1923 1925/2413/1925
f 1987/2475/1987 1925/2413/1925 1924/2412/1924
f 1915/2403/1915 3090/3778/3090 3111/3800/3111
f 1990/2478/1990 3416/4152/3416 1931/2419/1931
f 1927/2415/1927 1921/2409/1921 1928/2416/1928
f 1927/2415/1927 1751/2193/1751 3073/3755/3073
f 1749/2191/1749 1998/2492/1998 1926/2414/1926
f 1927/2415/1927 1998/2492/1998 1751/2193/1751
f 1936/2424/1936 1990/2478/1990 1931/2419/1931
f 1987/2475/1987 1919/2407/1919 1928/2416/1928
f 1990/2478/1990 1989/2477/1989 1891/2377/1891
f 1740/2181/1740 1921/2409/1921 3073/3755/3073
f 1917/2405/1917 3038/3760/3038 3105/3794/3105
f 3037/3716/3037 3658/4504/3658 3052/3731/3052
f 3051/3730/3051 1540/1898/1540 1933/2421/1933
f 3406/4142/3406 1914/2402/1914 1913/2401/1913
f 1919/2407/1919 1920/2408/1920 1928/2416/1928
f 1987/2475/1987 1727/2167/1727 1919/2407/1919
f 1914/2402/1914 1893/2379/1893 1892/2378/1892
f 3663/4518/3663 3058/3737/3058 3089/3777/3089
f 1936/2424/1936 1935/2423/1935 1990/2478/1990
f 3110/3799/3110 3303/4030/3303 3616/4408/3616
f 1929/2417/1929 1921/2409/1921 1923/2411/1923
f 3375/4109/3375 3416/4152/3416 1990/2478/1990
f 1879/2363/1879 1919/2407/1919 1727/2167/1727
f 1728/2168/1728 1727/2167/1727 1987/2475/1987
f 1935/2423/1935 1964/2452/1964 1989/2477/1989
f 1986/2474/1986 1964/2452/1964 1935/2423/1935
f 1880/2364/1880 1727/2167/1727 1968/2456/1968
f 1879/2363/1879 1727/2167/1727 1880/2364/1880
f 1887/2372/1887 1895/4522/1895 1900/2388/1900
f 1934/2422/1934 2020/2543/2020 1985/2473/1985
f 1959/2447/1959 1961/2449/1961 984/1184/984
f 990/1190/990 964/1164/964 1041/1242/1041
f 958/1158/958 1938/2426/1938 2011/2517/2011
f 1968/2456/1968 1953/2441/1953 1880/2364/1880
f 1978/2466/1978 1967/2455/1967 1973/2461/1973
f 1963/2451/1963 1958/2446/1958 1071/1284/1071
f 1960/2448/1960 1975/2463/1975 639/781/639
f 1962/2450/1962 1952/2440/1952 1947/2435/1947
f 1962/2450/1962 1947/2435/1947 1956/2444/1956
f 1952/2440/1952 1962/2450/1962 1912/2400/1912
f 1899/2387/1899 1901/4523/1901 1902/2488/1902
f 1950/2438/1950 1948/2436/1948 1947/2435/1947
f 1950/2438/1950 1947/2435/1947 1952/2440/1952
f 1945/2433/1945 1947/2435/1947 1949/2437/1949
f 1950/2438/1950 1951/2439/1951 1981/2469/1981
f 1938/2426/1938 1937/2425/1937 1980/2468/1980
f 1951/2439/1951 1942/2430/1942 1981/2469/1981
f 1911/2399/1911 1950/2438/1950 1952/2440/1952
f 981/1181/981 1985/2473/1985 916/1112/916
f 1954/2442/1954 1942/2430/1942 1951/2439/1951
f 2009/2515/2009 1957/2445/1957 894/1088/894
f 1988/2476/1988 1974/2462/1974 1941/2429/1941
f 1911/2399/1911 243/276/243 1944/2432/1944
f 1939/2427/1939 1938/2426/1938 958/1158/958
f 967/1167/967 985/1185/985 1054/1261/1054
f 1956/2444/1956 1946/2434/1946 1957/2445/1957
f 1041/1242/1041 964/1164/964 3664/4524/3664
f 894/1088/894 1957/2445/1957 1946/2434/1946
f 894/1088/894 1946/2434/1946 1945/2433/1945
f 1971/2459/1971 1970/2458/1970 982/1182/982
f 726/868/726 919/1115/919 1008/1208/1008
f 980/1180/980 1969/2457/1969 969/1169/969
f 1977/2465/1977 982/1182/982 984/1184/984
f 1071/1284/1071 1958/2446/1958 1955/2443/1955
f 918/1114/918 1969/2457/1969 980/1180/980
f 1957/2445/1957 2010/2516/2010 1955/2443/1955
f 2011/2517/2011 1980/2468/1980 2021/2546/2021
f 1044/1245/1044 991/1191/991 1048/1251/1048
f 979/1179/979 2010/2516/2010 1957/2445/1957
f 2009/2515/2009 929/1125/929 970/1170/970
f 1911/2399/1911 1944/2432/1944 1951/2439/1951
f 1937/2425/1937 1971/2459/1971 1977/2465/1977
f 1041/1242/1041 997/1197/997 999/1199/999
f 1900/2388/1900 1901/4523/1901 1899/2387/1899
f 1954/2442/1954 1996/2489/1996 1909/2397/1909
f 1992/2480/1992 1985/2473/1985 981/1181/981
f 1942/2430/1942 1909/2397/1909 1953/2441/1953
f 1948/2436/1948 1950/2438/1950 1981/2469/1981
f 1061/1270/1061 1056/1264/1056 2021/2546/2021
f 3419/4155/3419 1931/2419/1931 1930/2418/1930
f 894/1088/894 893/1087/893 930/1126/930
f 2021/2546/2021 1056/1264/1056 1015/1215/1015
f 892/1086/892 969/1169/969 893/1087/893
f 1038/1239/1038 1022/1223/1022 996/1196/996
f 896/1090/896 243/276/243 242/275/242
f 1014/1214/1014 958/1158/958 1015/1215/1015
f 965/1165/965 977/1177/977 975/1175/975
f 1944/2432/1944 1996/2489/1996 1954/2442/1954
f 970/1170/970 979/1179/979 2009/2515/2009
f 889/1083/889 1912/2400/1912 1962/2450/1962
f 1015/1215/1015 958/1158/958 2011/2517/2011
f 981/1181/981 968/1168/968 1948/2436/1948
f 1945/2433/1945 1949/2437/1949 968/1168/968
f 1912/2400/1912 244/277/244 243/276/243
f 974/1174/974 963/1163/963 957/1157/957
f 1965/2453/1965 1988/2476/1988 1941/2429/1941
f 977/1177/977 965/1165/965 970/1170/970
f 963/1163/963 977/1177/977 970/1170/970
f 1991/2479/1991 1967/2455/1967 1978/2466/1978
f 997/1197/997 1042/1243/1042 1036/1237/1036
f 1912/2400/1912 889/1083/889 244/277/244
f 1009/1209/1009 1054/1261/1054 905/1099/905
f 3664/4524/3664 974/1174/974 1042/1243/1042
f 1026/1227/1026 1023/1224/1023 1060/1269/1060
f 1024/1225/1024 1023/1224/1023 1026/1227/1026
f 3664/4524/3664 963/1163/963 974/1174/974
f 2020/2543/2020 917/1113/917 916/1112/916
f 2010/2516/2010 965/1165/965 967/1167/967
f 1960/2448/1960 639/781/639 1991/2479/1991
f 1042/1243/1042 1041/1242/1041 3664/4524/3664
f 963/1163/963 3664/4524/3664 964/1164/964
f 1009/1209/1009 888/1082/888 1963/2451/1963
f 966/1166/966 965/1165/965 976/1176/976
f 1972/2460/1972 918/1114/918 1982/2470/1982
f 1873/2356/1873 3665/4525/3665 1885/2370/1885
f 963/1163/963 962/1162/962 977/1177/977
f 1037/1238/1037 1047/1249/1047 1046/1248/1046
f 1943/2431/1943 1060/1269/1060 1973/2461/1973
f 997/1197/997 1036/1237/1036 1010/1210/1010
f 1010/1210/1010 1036/1237/1036 1024/1225/1024
f 978/1178/978 977/1177/977 962/1162/962
f 966/1166/966 985/1185/985 967/1167/967
f 1026/1227/1026 1060/1269/1060 1058/1266/1058
f 966/1166/966 976/1176/976 960/1160/960
f 989/1189/989 976/1176/976 978/1178/978
f 1050/1262/1050 1020/1221/1020 1016/1217/1016
f 1060/1269/1060 1023/1224/1023 1056/1264/1056
f 1010/1210/1010 1024/1225/1024 1025/1226/1025
f 1009/1209/1009 905/1099/905 887/1081/887
f 885/1079/885 897/1091/897 946/1146/946
f 962/1162/962 964/1164/964 978/1178/978
f 1041/1242/1041 999/1199/999 1048/1251/1048
f 1048/1251/1048 990/1190/990 1041/1242/1041
f 992/1192/992 994/1194/994 990/1190/990
f 927/1123/927 1021/1222/1021 942/1142/942
f 978/1178/978 956/1156/956 961/1161/961
f 954/1154/954 961/1161/961 944/1144/944
f 954/1154/954 955/1155/955 960/1160/960
f 1007/1207/1007 1000/4526/1000 1002/1216/1002
f 1050/1255/1050 987/1187/987 988/1188/988
f 988/1188/988 992/1192/992 991/1191/991
f 1046/1257/1046 998/1198/998 1010/1210/1010
f 1012/1212/1012 905/1099/905 1054/1261/1054
f 989/1189/989 978/1178/978 961/1161/961
f 1027/1228/1027 1037/1238/1037 1039/1240/1039
f 992/1192/992 988/1188/988 953/1153/953
f 961/1161/961 952/1152/952 944/1144/944
f 952/1152/952 949/1149/949 944/1144/944
f 987/4527/987 1050/1262/1050 1016/1217/1016
f 995/1195/995 1043/4528/1043 1047/1249/1047
f 934/1132/934 950/1150/950 948/1148/948
f 1050/1262/1050 993/1253/993 1049/1252/1049
f 944/1144/944 946/1146/946 954/1154/954
f 927/1123/927 926/1122/926 1020/1221/1020
f 1038/1239/1038 1047/1249/1047 1037/1238/1037
f 1026/1246/1026 1057/4467/1057 1031/1232/1031
f 1047/1249/1047 1038/1239/1038 995/1195/995
f 906/1100/906 538/637/538 540/639/540
f 951/1151/951 1001/1201/1001 1003/1203/1003
f 640/782/640 642/784/642 603/720/603
f 1039/1240/1039 1032/1233/1032 1027/1228/1027
f 726/868/726 1008/1208/1008 727/869/727
f 996/1196/996 995/1195/995 1038/1239/1038
f 1050/1262/1050 1049/1252/1049 1021/1222/1021
f 952/1152/952 947/1147/947 949/1149/949
f 987/4527/987 1016/1217/1016 1001/4529/1001
f 1002/1216/1002 1001/4529/1001 1016/1217/1016
f 933/1129/933 919/1115/919 920/1116/920
f 1053/1260/1053 947/1147/947 1003/1203/1003
f 1053/4530/1053 1000/4526/1000 1007/1207/1007
f 951/1151/951 1003/1203/1003 952/1152/952
f 1045/1247/1045 1025/4531/1025 1040/1241/1040
f 1011/1211/1011 1022/1223/1022 1038/1239/1038
f 941/1141/941 996/1196/996 1051/1258/1051
f 905/1099/905 1012/1212/1012 906/1100/906
f 996/1196/996 941/1141/941 943/1143/943
f 948/1148/948 1052/1259/1052 945/1145/945
f 960/1160/960 959/1159/959 986/1186/986
f 720/862/720 702/844/702 526/624/526
f 1004/1204/1004 1059/4466/1059 1005/1205/1005
f 1040/1241/1040 1025/4531/1025 1026/1246/1026
f 1052/1259/1052 946/1146/946 945/1145/945
f 1044/1245/1044 999/1199/999 1066/4532/1066
f 1043/1244/1043 1066/4532/1066 999/1199/999
f 727/869/727 926/1122/926 1055/1263/1055
f 732/874/732 674/816/674 928/1124/928
f 934/1132/934 947/1147/947 932/1130/932
f 948/1148/948 947/1147/947 934/1132/934
f 933/1129/933 932/1128/932 1007/1207/1007
f 995/1195/995 1066/1277/1066 1043/4528/1043
f 1007/4533/1007 932/1130/932 1053/1260/1053
f 1055/1263/1055 928/1124/928 674/816/674
f 730/872/730 928/1124/928 927/1123/927
f 953/1153/953 994/1194/994 992/1192/992
f 1051/1258/1051 714/856/714 1069/1282/1069
f 1005/4534/1005 1058/1266/1058 3655/4491/3655
f 1034/1235/1034 1028/1229/1028 1030/1231/1030
f 724/866/724 709/851/709 708/850/708
f 1049/1252/1049 1066/1277/1066 995/1195/995
f 1034/1235/1034 715/857/715 1029/1230/1029
f 2691/3316/2691 3492/4240/3492 3494/4242/3494
f 1059/1267/1059 1058/1266/1058 1005/4534/1005
f 1004/1204/1004 1031/1232/1031 1057/4467/1057
f 714/856/714 921/1117/921 1069/1282/1069
f 719/861/719 713/855/713 1068/1281/1068
f 731/873/731 1069/1282/1069 713/855/713
f 2688/3313/2688 3492/4240/3492 2691/3316/2691
f 2690/3315/2690 735/877/735 704/846/704
f 687/829/687 727/869/727 675/817/675
f 712/854/712 731/873/731 713/855/713
f 922/1118/922 728/870/728 921/1117/921
f 3651/4483/3651 1030/1231/1030 3472/4216/3472
f 710/852/710 713/855/713 719/861/719
f 671/813/671 712/854/712 710/852/710
f 1035/1236/1035 922/1118/922 716/858/716
f 3644/4473/3644 1034/1235/1034 925/1121/925
f 728/870/728 1067/1280/1067 921/1117/921
f 1068/1281/1068 713/855/713 1069/1282/1069
f 1035/1236/1035 1033/1234/1033 3644/4473/3644
f 1034/1235/1034 3644/4473/3644 1033/1234/1033
f 670/812/670 674/816/674 671/813/671
f 3651/4483/3651 923/1119/923 3652/4484/3652
f 3494/4242/3494 736/878/736 735/877/735
f 709/851/709 696/838/696 698/840/698
f 1035/1236/1035 3644/4473/3644 729/871/729
f 719/861/719 1068/1281/1068 696/838/696
f 717/859/717 709/851/709 703/845/703
f 694/836/694 697/839/697 728/870/728
f 728/870/728 697/839/697 1067/1280/1067
f 697/839/697 1068/1281/1068 1067/1280/1067
f 696/838/696 1068/1281/1068 697/839/697
f 675/817/675 676/818/676 687/829/687
f 673/815/673 687/829/687 676/818/676
f 699/841/699 692/834/692 669/811/669
f 665/807/665 673/815/673 676/818/676
f 707/849/707 723/865/723 718/860/718
f 676/818/676 670/812/670 679/821/679
f 665/807/665 676/818/676 679/821/679
f 711/853/711 719/861/719 717/859/717
f 2625/3238/2625 2696/3321/2696 527/625/527
f 694/836/694 728/870/728 695/837/695
f 709/851/709 724/866/724 703/845/703
f 697/839/697 693/835/693 698/840/698
f 669/811/669 692/834/692 680/822/680
f 678/820/678 3666/4535/3666 679/821/679
f 710/852/710 719/861/719 711/853/711
f 677/819/677 682/824/682 723/865/723
f 695/837/695 3494/4242/3494 693/835/693
f 691/833/691 692/834/692 699/841/699
f 700/842/700 699/841/699 718/860/718
f 976/1176/976 989/1189/989 960/1160/960
f 723/865/723 2008/2510/2008 691/833/691
f 528/626/528 527/625/527 2696/3321/2696
f 924/1120/924 1018/1219/1018 925/1121/925
f 736/878/736 1019/1220/1019 705/847/705
f 673/815/673 722/864/722 686/828/686
f 670/812/670 680/822/680 679/821/679
f 663/805/663 3666/4535/3666 681/823/681
f 733/875/733 708/850/708 698/840/698
f 700/842/700 723/865/723 691/833/691
f 726/868/726 686/828/686 668/810/668
f 3666/4535/3666 662/804/662 666/808/666
f 887/1081/887 905/1099/905 540/639/540
f 2005/2507/2005 689/831/689 2615/3228/2615
f 2684/3309/2684 690/832/690 2694/3319/2694
f 2623/3236/2623 2622/3235/2622 2683/3308/2683
f 682/824/682 677/819/677 656/798/656
f 2005/2507/2005 2618/3231/2618 689/831/689
f 938/1136/938 672/814/672 810/972/810
f 707/849/707 702/844/702 723/865/723
f 702/844/702 721/863/721 723/865/723
f 3464/4208/3464 3466/4210/3466 3474/4218/3474
f 1058/1266/1058 1943/2431/1943 3476/4482/3476
f 3452/4196/3452 3478/4276/3478 3453/4197/3453
f 3473/4217/3473 1006/1206/1006 3655/4490/3655
f 3472/4216/3472 1006/1206/1006 3473/4217/3473
f 3471/4215/3471 923/1119/923 3651/4483/3651
f 3471/4215/3471 3651/4483/3651 3466/4210/3466
f 3471/4215/3471 2692/3317/2692 923/1119/923
f 3466/4210/3466 3651/4483/3651 3472/4216/3472
f 3473/4217/3473 3655/4490/3655 3476/4220/3476
f 3495/4243/3495 1019/1220/1019 924/1120/924
f 3495/4243/3495 706/848/706 705/847/705
f 923/1119/923 925/1121/925 3652/4484/3652
f 2692/3317/2692 3471/4215/3471 3479/4226/3479
f 2694/3319/2694 2686/3311/2686 2684/3309/2684
f 1069/1282/1069 921/1117/921 1067/1280/1067
f 3515/4273/3515 706/848/706 3495/4243/3495
f 3497/4250/3497 3491/4239/3491 3479/4226/3479
f 2688/3313/2688 2690/3315/2690 2687/3312/2687
f 704/846/704 706/848/706 2627/3240/2627
f 723/865/723 682/824/682 2008/2510/2008
f 730/872/730 732/874/732 928/1124/928
f 2685/3310/2685 2683/3308/2683 2686/3311/2686
f 669/811/669 671/813/671 710/852/710
f 708/850/708 725/867/725 724/866/724
f 2687/3312/2687 2694/3319/2694 2689/3314/2689
f 2003/2502/2003 720/862/720 526/624/526
f 518/616/518 524/622/524 2451/3037/2451
f 701/843/701 2625/3238/2625 527/625/527
f 2616/3229/2616 2449/3035/2449 2005/2507/2005
f 488/585/488 495/592/495 481/578/481
f 3493/4241/3493 2689/3314/2689 2007/2509/2007
f 505/603/505 2617/3230/2617 523/621/523
f 2616/3229/2616 2614/3227/2614 2631/3246/2631
f 3666/4535/3666 678/820/678 681/823/681
f 526/624/526 702/844/702 527/625/527
f 650/792/650 653/795/653 654/796/654
f 688/830/688 2615/3228/2615 689/831/689
f 525/623/525 518/616/518 513/611/513
f 482/579/482 470/567/470 490/587/490
f 2862/3525/2862 2563/3159/2563 2470/3057/2470
f 515/613/515 516/614/516 513/611/513
f 2682/3307/2682 2600/3212/2600 2619/3232/2619
f 516/614/516 517/615/517 2001/2500/2001
f 515/613/515 498/595/498 517/615/517
f 2551/4536/2551 2539/3132/2539 2548/4537/2548
f 512/610/512 515/613/515 514/612/514
f 2673/3295/2673 2675/3297/2675 2674/3296/2674
f 513/611/513 516/614/516 2003/2502/2003
f 2656/3306/2656 2659/3276/2659 2622/3235/2622
f 2758/3394/2758 2736/3365/2736 2753/3389/2753
f 662/804/662 661/803/661 660/802/660
f 684/826/684 809/971/809 685/827/685
f 2619/3232/2619 2600/3212/2600 2597/3209/2597
f 519/617/519 521/619/521 2613/3226/2613
f 523/621/523 2617/3230/2617 2451/3037/2451
f 2448/3034/2448 512/610/512 514/612/514
f 2659/3276/2659 2683/3308/2683 2622/3235/2622
f 2001/2500/2001 517/615/517 2002/2501/2002
f 2566/3162/2566 2629/3242/2629 521/619/521
f 2597/3209/2597 519/617/519 2619/3232/2619
f 2118/2645/2118 3654/4486/3654 216/245/216
f 2450/3036/2450 2616/3229/2616 2631/3246/2631
f 2639/3255/2639 2631/3246/2631 3514/4272/3514
f 2632/3247/2632 2631/3246/2631 2654/3270/2654
f 2667/3287/2667 2666/3286/2666 2646/3262/2646
f 2655/3322/2655 2659/3276/2659 2656/3306/2656
f 514/612/514 518/616/518 2617/3230/2617
f 2654/3270/2654 508/606/508 2632/3247/2632
f 81/99/81 2653/3269/2653 2463/3050/2463
f 2652/3268/2652 2634/3250/2634 2650/3266/2650
f 2658/4538/2658 2601/3213/2601 2655/3322/2655
f 520/618/520 2596/3208/2596 521/619/521
f 2602/3214/2602 2635/3251/2635 3514/4272/3514
f 2695/3320/2695 2451/3037/2451 524/622/524
f 2605/3217/2605 2592/3204/2592 2620/3233/2620
f 2608/3220/2608 2594/3206/2594 2604/3216/2604
f 2649/3265/2649 2648/3264/2648 2647/3263/2647
f 2662/3279/2662 2652/3268/2652 2650/3266/2650
f 2564/3160/2564 2575/3177/2575 2565/3161/2565
f 2614/3227/2614 3514/4272/3514 2631/3246/2631
f 2680/3302/2680 2591/3203/2591 2612/3225/2612
f 2484/3072/2484 2468/4539/2468 2485/3073/2485
f 2546/3139/2546 2575/3177/2575 2550/3143/2550
f 2601/3274/2601 2634/3250/2634 2599/3249/2599
f 2648/3264/2648 2643/3259/2643 2645/3261/2645
f 2545/3138/2545 2546/3139/2546 2550/3143/2550
f 2643/3259/2643 2636/3252/2636 2645/3261/2645
f 2637/3253/2637 2636/3252/2636 2644/3260/2644
f 2472/3059/2472 2569/3170/2569 2473/3060/2473
f 2556/3151/2556 2550/3143/2550 2570/3178/2570
f 2586/3196/2586 2637/3253/2637 2588/3200/2588
f 2540/3133/2540 2539/3132/2539 2551/4536/2551
f 2637/3253/2637 2641/3257/2641 2638/3254/2638
f 521/619/521 2596/3208/2596 2566/3162/2566
f 2574/3176/2574 2472/3059/2472 2474/3061/2474
f 2674/3296/2674 2675/3297/2675 2612/3225/2612
f 2533/3126/2533 2733/3410/2733 2732/3360/2732
f 2470/3057/2470 2577/3184/2577 2471/3058/2471
f 3182/4419/3182 3189/3890/3189 3469/4213/3469
f 2469/3056/2469 2471/3058/2471 2764/3402/2764
f 2595/4540/2595 2608/3293/2608 2610/3223/2610
f 3513/4269/3513 3500/4444/3500 3618/4411/3618
f 2609/3222/2609 2595/4540/2595 2610/3223/2610
f 2778/3418/2778 2530/3123/2530 2529/3122/2529
f 2737/3366/2737 2736/3365/2736 2758/3394/2758
f 2731/3359/2731 2738/3370/2738 2739/3371/2739
f 2533/3126/2533 2731/3359/2731 2739/3371/2739
f 2718/3345/2718 2529/3122/2529 2528/3121/2528
f 2756/3392/2756 3529/4291/3529 2769/3407/2769
f 2730/3358/2730 2737/3366/2737 2717/3344/2717
f 450/545/450 231/264/231 2498/3087/2498
f 2464/3051/2464 2497/3086/2497 2561/3156/2561
f 657/799/657 501/598/501 500/597/500
f 231/264/231 450/545/450 232/265/232
f 2561/3156/2561 2547/3140/2547 79/97/79
f 446/541/446 449/544/449 447/542/447
f 2561/3156/2561 81/99/81 2464/3051/2464
f 449/544/449 443/538/443 442/537/442
f 231/264/231 226/256/226 484/581/484
f 448/543/448 491/588/491 499/596/499
f 442/537/442 444/539/444 491/588/491
f 491/588/491 447/542/447 442/537/442
f 221/250/221 226/256/226 231/264/231
f 473/570/473 475/572/475 499/596/499
f 473/570/473 499/596/499 491/588/491
f 81/99/81 80/98/80 2653/3269/2653
f 503/601/503 653/795/653 474/571/474
f 596/710/596 1063/1272/1063 597/711/597
f 498/595/498 448/543/448 499/596/499
f 484/581/484 449/544/449 452/547/452
f 655/797/655 497/594/497 650/792/650
f 484/581/484 483/580/483 449/544/449
f 504/602/504 507/605/507 450/545/450
f 502/599/502 530/628/530 500/597/500
f 505/603/505 522/620/522 504/602/504
f 653/795/653 650/792/650 475/572/475
f 2557/3152/2557 221/250/221 232/265/232
f 3667/4541/3667 2464/3051/2464 2548/3141/2548
f 227/259/227 464/560/464 195/4542/195
f 213/240/213 218/247/218 205/230/205
f 475/572/475 497/594/497 499/596/499
f 2557/3152/2557 232/265/232 451/546/451
f 497/594/497 2002/2501/2002 517/615/517
f 221/250/221 2557/3152/2557 222/251/222
f 2490/4488/2490 2547/3140/2547 2507/3098/2507
f 2508/3099/2508 2547/3140/2547 2490/4488/2490
f 2496/3085/2496 2464/3051/2464 3667/4541/3667
f 2497/3086/2497 2507/3098/2507 2561/3156/2561
f 2525/3118/2525 2524/3117/2524 2523/3116/2523
f 3667/4543/3667 2505/3094/2505 2496/3095/2496
f 2780/3420/2780 2802/3446/2802 2520/3112/2520
f 2506/3103/2506 2490/3078/2490 2507/4544/2507
f 2499/3088/2499 2506/3103/2506 2497/3096/2497
f 2463/3050/2463 2548/3141/2548 2464/3051/2464
f 2500/3089/2500 2505/3094/2505 2576/3183/2576
f 2112/2637/2112 2490/3078/2490 2502/3091/2502
f 2823/3474/2823 2783/3423/2783 2782/3422/2782
f 2499/3088/2499 2502/3091/2502 2506/3103/2506
f 181/206/181 102/120/102 182/207/182
f 2544/3137/2544 2542/3135/2542 2539/3132/2539
f 2542/3135/2542 2576/3183/2576 2539/3132/2539
f 3667/4543/3667 2539/3132/2539 2576/3183/2576
f 2523/3116/2523 2500/3089/2500 2542/3135/2542
f 2477/3064/2477 2525/3118/2525 2475/3062/2475
f 2542/3135/2542 2544/3137/2544 2525/3118/2525
f 2475/3062/2475 2525/3118/2525 2544/3137/2544
f 2558/3153/2558 2713/3340/2713 2728/3356/2728
f 2480/3068/2480 2485/4545/2485 2467/3054/2467
f 2120/2647/2120 2102/2627/2102 2077/2602/2077
f 2501/3090/2501 2458/3045/2458 2468/3055/2468
f 2555/3150/2555 2458/3045/2458 2105/2630/2105
f 2704/3331/2704 2716/3343/2716 2703/3330/2703
f 2752/3386/2752 2711/3388/2711 2749/3383/2749
f 2711/3338/2711 2719/3346/2719 2712/3339/2712
f 2101/2626/2101 2501/3090/2501 2504/3199/2504
f 2749/3383/2749 2787/3428/2787 2726/3353/2726
f 2504/3093/2504 2587/3524/2587 2503/3092/2503
f 2485/4545/2485 2468/3055/2468 2467/3054/2467
f 2582/3189/2582 2567/3163/2567 2610/3223/2610
f 2799/3461/2799 2806/3457/2806 2811/3456/2811
f 2443/3029/2443 2442/3028/2442 2720/3347/2720
f 2807/3451/2807 2552/3432/2552 2810/3454/2810
f 198/223/198 2805/3449/2805 199/224/199
f 2725/3352/2725 2724/3351/2724 2781/3421/2781
f 2711/3338/2711 2554/3148/2554 2553/3147/2553
f 2713/3340/2713 2558/3153/2558 2714/3341/2714
f 2727/3355/2727 2747/3380/2747 2752/3386/2752
f 3451/4195/3451 3534/4297/3534 3527/4289/3527
f 2857/3515/2857 2809/3453/2809 2854/3513/2854
f 2787/3428/2787 2552/3432/2552 2791/3433/2791
f 2799/3461/2799 2811/3456/2811 2804/3448/2804
f 3654/4486/3654 2126/2653/2126 2493/3082/2493
f 212/239/212 211/238/211 223/252/223
f 201/226/201 193/233/193 194/4462/194
f 121/139/121 113/131/113 112/130/112
f 177/201/177 179/203/179 202/227/202
f 164/188/164 170/194/170 158/181/158
f 202/227/202 201/226/201 177/201/177
f 177/201/177 201/226/201 210/236/210
f 209/235/209 194/4462/194 214/242/214
f 156/176/156 155/175/155 106/124/106
f 431/525/431 434/529/434 361/420/361
f 3654/4486/3654 2118/2645/2118 168/192/168
f 152/172/152 193/233/193 201/226/201
f 202/227/202 153/173/153 152/172/152
f 209/235/209 211/4546/211 210/236/210
f 2119/2646/2119 217/246/217 2489/3077/2489
f 211/4546/211 209/235/209 213/243/213
f 463/559/463 130/554/130 460/556/460
f 218/258/218 214/255/214 227/259/227
f 183/208/183 152/172/152 151/171/151
f 151/171/151 220/249/220 182/257/182
f 2107/2632/2107 2094/2619/2094 2108/2633/2108
f 2104/2629/2104 2455/3041/2455 2562/3157/2562
f 2486/3074/2486 2494/3083/2494 2515/3107/2515
f 2492/3081/2492 178/241/178 212/239/212
f 2492/3081/2492 2491/3080/2491 178/241/178
f 2495/3084/2495 2486/3074/2486 2465/3052/2465
f 2489/3077/2489 2493/3082/2493 2861/3523/2861
f 2123/2650/2123 2488/3076/2488 2452/3038/2452
f 2401/2974/2401 2400/2973/2400 2121/2648/2121
f 2527/3120/2527 2453/3039/2453 2516/3108/2516
f 2527/3120/2527 2454/3040/2454 2453/3039/2453
f 2306/2857/2306 2093/2618/2093 2413/2990/2413
f 2094/2619/2094 2123/2650/2123 2454/3040/2454
f 2493/3082/2493 2489/3077/2489 217/246/217
f 2488/3076/2488 2486/3074/2486 2517/3109/2517
f 2115/2640/2115 2137/2664/2137 2396/2968/2396
f 2526/3119/2526 2455/3041/2455 2454/3040/2454
f 483/580/483 467/564/467 466/563/466
f 467/564/467 223/252/223 204/229/204
f 2447/3149/2447 2492/3081/2492 2509/3100/2509
f 119/137/119 37/41/37 158/181/158
f 170/194/170 164/188/164 141/161/141
f 2861/3523/2861 2493/3082/2493 2126/2653/2126
f 2487/3075/2487 2489/3077/2489 2861/3523/2861
f 2104/2629/2104 2096/2621/2096 2095/2620/2095
f 2861/3523/2861 2126/2653/2126 2125/2652/2125
f 2113/2638/2113 2466/3053/2466 2114/2639/2114
f 2454/3040/2454 2527/3120/2527 2526/3119/2526
f 2124/2651/2124 2400/2973/2400 3637/4451/3637
f 2121/2648/2121 2400/2973/2400 2124/2651/2124
f 2509/3100/2509 2557/3152/2557 2510/3101/2510
f 2510/3101/2510 2557/3152/2557 451/546/451
f 2131/2658/2131 2077/2602/2077 2103/2628/2103
f 2415/2992/2415 2411/2988/2411 3637/4451/3637
f 2074/2599/2074 2111/2636/2111 2142/2669/2142
f 2109/2634/2109 2108/2633/2108 2110/2635/2110
f 2097/2622/2097 2110/2635/2110 2096/2621/2096
f 2572/3169/2572 2574/3176/2574 2521/3158/2521
f 2407/2982/2407 2158/2687/2158 2157/2686/2157
f 2097/2622/2097 2098/2623/2098 2122/2649/2122
f 2067/2592/2067 2111/2636/2111 2074/2599/2074
f 2131/2658/2131 2109/2634/2109 2073/2598/2073
f 3637/4451/3637 2411/2988/2411 2092/2617/2092
f 2099/2624/2099 2101/2626/2101 2504/3199/2504
f 2092/2617/2092 2142/2669/2142 3637/4451/3637
f 2097/2622/2097 2111/2636/2111 2110/2635/2110
f 2075/2600/2075 2074/2599/2074 2142/2669/2142
f 2422/3002/2422 2420/3000/2420 2424/3005/2424
f 2091/2616/2091 2093/2618/2093 2132/2659/2132
f 2092/2617/2092 2411/2988/2411 2093/2618/2093
f 2408/2985/2408 2422/3002/2422 2357/2920/2357
f 1092/1313/1092 1091/1312/1091 39/4470/39
f 102/120/102 208/4547/208 184/4548/184
f 102/120/102 184/4548/184 183/4549/183
f 48/55/48 6/94/6 5/51/5
f 1091/1312/1091 2063/2588/2063 3643/4469/3643
f 457/552/457 468/565/468 437/532/437
f 171/195/171 181/206/181 180/205/180
f 2037/2562/2037 2036/2561/2036 2064/2589/2064
f 2080/2605/2080 2058/2583/2058 2088/2613/2088
f 191/1311/191 167/191/167 169/193/169
f 2049/2574/2049 2078/2603/2078 2077/2602/2077
f 169/193/169 2052/2577/2052 191/1311/191
f 171/195/171 220/4463/220 167/204/167
f 9/9/9 11/36/11 3668/4550/3668
f 220/249/220 219/248/219 168/192/168
f 2078/2603/2078 2049/2574/2049 2048/2573/2048
f 2117/2644/2117 2078/2603/2078 2054/2579/2054
f 2054/2579/2054 2078/2603/2078 2048/2573/2048
f 2047/2572/2047 2050/2575/2050 2055/2580/2055
f 2053/2578/2053 2055/2580/2055 2050/2575/2050
f 38/42/38 191/216/191 1092/4551/1092
f 2037/2562/2037 3649/4480/3649 2117/2644/2117
f 2037/2562/2037 2117/2644/2117 2054/2579/2054
f 2047/2572/2047 2055/2580/2055 2054/2579/2054
f 2038/2563/2038 2054/2579/2054 2055/2580/2055
f 2130/2657/2130 2049/2574/2049 2073/2598/2073
f 2066/2591/2066 2045/2570/2045 2072/2597/2072
f 2129/2656/2129 3649/4480/3649 2037/2562/2037
f 2044/2569/2044 2047/2572/2047 2130/2657/2130
f 3649/4480/3649 2116/2643/2116 2117/2644/2117
f 2076/2601/2076 2120/2647/2120 2077/2602/2077
f 2076/2601/2076 2116/2643/2116 215/244/215
f 220/249/220 180/4552/180 182/257/182
f 1143/1377/1143 1101/1322/1101 161/185/161
f 2047/2572/2047 2049/2574/2049 2130/2657/2130
f 102/120/102 183/4549/183 182/207/182
f 2053/2578/2053 2050/2575/2050 2051/2576/2051
f 2039/2564/2039 2055/2580/2055 2053/2578/2053
f 2057/2582/2057 2056/2581/2056 2066/2591/2066
f 2053/2578/2053 2051/2576/2051 2213/2751/2213
f 2087/2612/2087 2043/2568/2043 2045/2570/2045
f 2147/2676/2147 2258/2802/2258 2226/2765/2226
f 2056/2581/2056 2080/2605/2080 2081/2606/2081
f 2040/2565/2040 2024/2549/2024 2041/2566/2041
f 2406/2979/2406 2170/2699/2170 2306/2857/2306
f 2082/2607/2082 2230/2769/2230 2154/2683/2154
f 260/299/260 2087/2612/2087 261/300/261
f 2089/2614/2089 2088/2613/2088 2075/2600/2075
f 2405/2978/2405 2146/2675/2146 2090/2615/2090
f 2084/2609/2084 261/300/261 2083/2608/2083
f 2085/2610/2085 259/298/259 261/300/261
f 2427/3008/2427 2253/2797/2253 2269/2814/2269
f 2248/2789/2248 2197/2730/2197 2199/2732/2199
f 2407/2983/2407 2306/2857/2306 2158/2856/2158
f 2230/2769/2230 2229/2768/2229 2154/2683/2154
f 2239/2778/2239 2234/2773/2234 1999/2495/1999
f 2201/2734/2201 2202/2735/2202 2245/2836/2245
f 2332/2891/2332 2405/2978/2405 2361/2924/2361
f 2407/2982/2407 2157/2686/2157 2402/2975/2402
f 2147/2676/2147 2226/2765/2226 2230/2769/2230
f 1092/4551/1092 39/43/39 38/42/38
f 71/87/71 35/180/35 73/90/73
f 2064/2589/2064 2036/2561/2036 2250/2970/2250
f 2167/2696/2167 2060/2585/2060 3645/4474/3645
f 173/197/173 148/168/148 147/167/147
f 173/197/173 172/196/172 166/190/166
f 1101/1322/1101 2022/2547/2022 161/185/161
f 3645/4474/3645 3669/4553/3669 2022/2547/2022
f 2031/2556/2031 1999/2495/1999 2234/2773/2234
f 2214/2752/2214 2060/2585/2060 2167/2696/2167
f 2133/4554/2133 2166/2695/2166 2134/4555/2134
f 2086/4556/2086 3645/4474/3645 2026/4557/2026
f 3669/4553/3669 3645/4474/3645 2086/4556/2086
f 2086/2611/2086 2025/2550/2025 2029/2554/2029
f 2029/2554/2029 2028/2553/2028 2086/2611/2086
f 160/184/160 1143/1377/1143 161/185/161
f 2062/4558/2062 2041/2566/2041 2024/2549/2024
f 2041/2566/2041 2036/2561/2036 2039/2564/2039
f 148/168/148 2167/2696/2167 1100/1321/1100
f 543/645/543 3643/4472/3643 2065/2753/2065
f 2444/3030/2444 2035/2560/2035 2032/2557/2032
f 543/645/543 37/41/37 3643/4472/3643
f 2150/2679/2150 2155/2684/2155 2227/2766/2227
f 2022/2547/2022 1101/1322/1101 3645/4474/3645
f 2213/2751/2213 2034/2559/2034 2040/2565/2040
f 2251/2793/2251 173/197/173 2215/2754/2215
f 2203/2736/2203 1147/1381/1147 2440/3026/2440
f 2062/4558/2062 2061/4464/2061 2041/2566/2041
f 2214/2752/2214 262/301/262 2251/2793/2251
f 2236/2775/2236 1999/2495/1999 2218/2757/2218
f 2214/2752/2214 148/168/148 262/301/262
f 2186/2717/2186 2035/2560/2035 2444/3030/2444
f 2215/2754/2215 2065/2753/2065 2250/2791/2250
f 2155/2684/2155 2150/2679/2150 2149/2678/2149
f 2050/2575/2050 2047/2572/2047 2044/2569/2044
f 2216/2755/2216 2227/2766/2227 2226/2765/2226
f 241/274/241 22/22/22 24/24/24
f 1252/1515/1252 1144/1378/1144 2163/2692/2163
f 2251/2793/2251 2042/2792/2042 3641/4487/3641
f 2166/2695/2166 3670/4559/3670 2164/2693/2164
f 2030/2555/2030 3670/4560/3670 1106/1327/1106
f 1106/1327/1106 3670/4560/3670 2133/2660/2133
f 2249/2790/2249 2242/2781/2242 2243/2782/2243
f 2166/2695/2166 2143/2671/2143 2134/4555/2134
f 2027/2552/2027 2029/2554/2029 2144/2673/2144
f 3670/4559/3670 2166/2695/2166 2133/4554/2133
f 543/645/543 2215/2754/2215 173/197/173
f 2059/2584/2059 1106/1327/1106 2133/2660/2133
f 3643/4472/3643 37/41/37 39/43/39
f 2155/2684/2155 2085/2610/2085 2084/2609/2084
f 2063/2588/2063 1091/1312/1091 2129/2656/2129
f 2236/2775/2236 2239/2778/2239 1999/2495/1999
f 2150/2679/2150 2228/2767/2228 2219/2758/2219
f 2216/2755/2216 2225/2764/2225 2228/2767/2228
f 2046/2571/2046 2028/4561/2028 2027/2670/2027
f 2046/2571/2046 2022/2547/2022 2028/4561/2028
f 2241/2780/2241 2243/2782/2243 2242/2781/2242
f 2197/2730/2197 2236/2775/2236 2235/2774/2235
f 2444/3030/2444 2148/2677/2148 2186/2717/2186
f 1105/1326/1105 1107/1328/1107 2148/2677/2148
f 2220/2759/2220 2236/2775/2236 2218/2757/2218
f 2227/2766/2227 2154/2683/2154 2229/2768/2229
f 2161/2690/2161 2439/3025/2439 2162/2691/2162
f 2227/2766/2227 2229/2768/2229 2226/2765/2226
f 1252/1515/1252 1145/1379/1145 1144/1378/1144
f 2214/2752/2214 3641/4487/3641 2061/2586/2061
f 2053/2578/2053 2213/2751/2213 2040/2565/2040
f 94/112/94 148/168/148 1100/1321/1100
f 1099/1320/1099 1101/1322/1101 1143/1377/1143
f 1102/1323/1102 160/184/160 1144/1378/1144
f 2444/3030/2444 2032/2557/2032 2149/2678/2149
f 1105/1326/1105 2219/2758/2219 2218/2757/2218
f 2220/2759/2220 2228/2767/2228 2225/2764/2225
f 1999/2495/1999 1105/1326/1105 2218/2757/2218
f 2198/2731/2198 2217/2756/2217 2221/2760/2221
f 1106/1327/1106 1999/2495/1999 2031/2556/2031
f 2236/2775/2236 2237/2776/2237 2239/2778/2239
f 2249/3015/2249 2248/4562/2248 2380/3016/2380
f 2249/2790/2249 2243/2782/2243 2197/2730/2197
f 2239/2778/2239 2196/2729/2196 2234/2773/2234
f 2238/2777/2238 2196/2729/2196 2239/2778/2239
f 2165/2694/2165 2164/2693/2164 2168/2697/2168
f 2169/2698/2169 2164/2693/2164 2030/2705/2030
f 2168/2697/2168 2171/2700/2171 2165/2694/2165
f 1103/1324/1103 1146/1380/1146 1104/1325/1104
f 2164/2693/2164 3670/4559/3670 2030/2705/2030
f 2151/2680/2151 2153/2682/2153 2173/2702/2173
f 2169/2698/2169 2174/2703/2174 2173/2702/2173
f 2180/2711/2180 2179/2710/2179 2187/2718/2187
f 2168/2697/2168 2169/2698/2169 2179/2710/2179
f 2204/4563/2204 2190/2721/2190 2201/2734/2201
f 2180/2711/2180 1151/1385/1151 2172/2701/2172
f 2173/2702/2173 2153/2682/2153 2179/2710/2179
f 2189/2720/2189 2179/2710/2179 2153/2682/2153
f 2188/2719/2188 2179/2710/2179 2189/2720/2189
f 2190/2721/2190 2204/4563/2204 2191/2722/2191
f 2202/2735/2202 2152/2681/2152 2195/2749/2195
f 2842/3497/2842 2821/3471/2821 3633/4435/3633
f 2827/3517/2827 2849/3516/2849 2846/3501/2846
f 2393/3044/2393 2457/3043/2457 2827/3478/2827
f 2803/3447/2803 3529/4291/3529 3604/4393/3604
f 2820/3470/2820 2838/3493/2838 2821/3471/2821
f 3630/4429/3630 3629/4428/3629 3467/4211/3467
f 3467/4211/3467 3629/4428/3629 3468/4212/3468
f 3512/4372/3512 3480/4227/3480 3457/4236/3457
f 3457/4236/3457 3480/4227/3480 3470/4214/3470
f 3503/4258/3503 3496/4245/3496 3505/4260/3505
f 3496/4245/3496 3503/4258/3503 3483/4246/3483
f 3189/3890/3189 2721/3348/2721 2723/3350/2723
f 3485/4232/3485 3505/4260/3505 3512/4268/3512
f 2668/4244/2668 2681/4247/2681 3496/4245/3496
f 3469/4213/3469 3189/3890/3189 3467/4211/3467
f 3468/4430/3468 2669/3290/2669 3603/4391/3603
f 2722/3349/2722 3630/4429/3630 3467/4211/3467
f 3497/4250/3497 3479/4226/3479 3481/4228/3481
f 3503/4258/3503 3505/4260/3505 3510/4266/3510
f 3499/4252/3499 3484/4271/3484 2578/3185/2578
f 3502/4257/3502 2578/3185/2578 2670/3291/2670
f 3498/4442/3498 3481/4564/3481 3496/4245/3496
f 3534/4297/3534 3624/4421/3624 3532/4294/3532
f 3534/4297/3534 3511/4267/3511 3624/4421/3624
f 3483/4246/3483 3503/4258/3503 3504/4259/3504
f 3483/4230/3483 2657/3273/2657 2668/3289/2668
f 935/1133/935 3363/4096/3363 936/1134/936
f 3490/4238/3490 3453/4197/3453 3463/4207/3463
f 1052/1259/1052 658/800/658 1070/1283/1070
f 648/790/648 1065/1274/1065 647/789/647
f 658/800/658 500/597/500 1070/1283/1070
f 647/789/647 1065/1274/1065 659/801/659
f 1065/1274/1065 722/864/722 667/809/667
f 660/802/660 666/808/666 662/804/662
f 722/864/722 668/810/668 686/828/686
f 649/791/649 597/711/597 1062/1271/1062
f 666/808/666 665/807/665 679/821/679
f 530/628/530 529/627/529 809/971/809
f 659/801/659 667/809/667 660/802/660
f 668/810/668 938/1136/938 920/1116/920
f 672/814/672 940/1140/940 811/973/811
f 933/1129/933 920/1116/920 931/1127/931
f 659/801/659 1065/1274/1065 667/809/667
f 938/1136/938 641/783/641 672/814/672
f 668/810/668 641/783/641 938/1136/938
f 641/783/641 648/790/648 642/784/642
f 672/814/672 640/782/640 939/1139/939
f 939/1139/939 640/782/640 643/785/643
f 662/804/662 3666/4535/3666 663/805/663
f 722/864/722 673/815/673 667/809/667
f 659/801/659 661/803/661 595/709/595
f 948/1148/948 658/800/658 1052/1259/1052
f 666/808/666 679/821/679 3666/4535/3666
f 604/721/604 603/720/603 649/791/649
f 196/221/196 195/220/195 541/643/541
f 604/721/604 649/791/649 1062/1271/1062
f 659/801/659 595/709/595 597/711/597
f 652/794/652 664/806/664 654/796/654
f 1063/1272/1063 596/710/596 645/787/645
f 646/788/646 595/709/595 651/793/651
f 664/806/664 651/793/651 662/804/662
f 645/787/645 596/710/596 595/709/595
f 645/787/645 644/786/644 1063/1272/1063
f 604/721/604 1062/1271/1062 591/705/591
f 644/786/644 440/535/440 1063/1272/1063
f 604/721/604 591/705/591 601/715/601
f 646/788/646 496/593/496 495/592/495
f 644/786/644 495/592/495 493/590/493
f 590/704/590 1062/1271/1062 440/535/440
f 1062/1271/1062 590/704/590 591/705/591
f 479/576/479 489/586/489 503/601/503
f 647/789/647 597/711/597 649/791/649
f 476/573/476 482/579/482 490/587/490
f 478/575/478 480/577/480 479/576/479
f 477/574/477 480/577/480 478/575/478
f 487/584/487 480/577/480 465/561/465
f 472/569/472 480/577/480 477/574/477
f 462/558/462 485/582/485 461/557/461
f 101/119/101 114/132/114 128/146/128
f 482/579/482 444/539/444 453/548/453
f 506/604/506 488/585/488 487/584/487
f 490/587/490 458/553/458 472/569/472
f 360/419/360 432/526/432 361/420/361
f 490/587/490 470/567/470 458/553/458
f 444/539/444 443/538/443 455/550/455
f 506/604/506 465/561/465 421/510/421
f 454/549/454 196/221/196 207/232/207
f 207/232/207 470/567/470 453/548/453
f 454/549/454 466/563/466 203/228/203
f 206/231/206 542/641/542 207/232/207
f 466/563/466 204/229/204 203/228/203
f 456/551/456 140/160/140 468/565/468
f 456/551/456 458/553/458 469/566/469
f 506/604/506 421/510/421 494/591/494
f 457/552/457 437/532/437 438/533/438
f 468/565/468 133/651/133 463/559/463
f 457/552/457 438/533/438 461/557/461
f 495/592/495 489/586/489 481/578/481
f 433/527/433 357/416/357 434/529/434
f 542/641/542 469/566/469 207/232/207
f 203/228/203 196/221/196 454/549/454
f 486/583/486 357/416/357 433/527/433
f 485/582/485 462/558/462 486/583/486
f 455/550/455 466/563/466 454/549/454
f 462/558/462 438/533/438 357/416/357
f 419/508/419 435/530/435 420/509/420
f 471/568/471 435/530/435 436/531/436
f 435/530/435 471/568/471 445/540/445
f 111/129/111 110/128/110 146/166/146
f 203/228/203 197/222/197 196/221/196
f 121/139/121 115/133/115 116/134/116
f 541/643/541 138/158/138 206/231/206
f 195/4542/195 464/560/464 541/640/541
f 146/4565/146 110/4566/110 139/159/139
f 541/640/541 464/560/464 137/157/137
f 138/158/138 146/4565/146 139/159/139
f 463/559/463 133/651/133 132/642/132
f 194/219/194 128/146/128 129/147/129
f 227/259/227 195/4542/195 197/260/197
f 129/147/129 136/156/136 464/560/464
f 129/147/129 227/259/227 214/255/214
f 460/556/460 96/114/96 356/415/356
f 96/114/96 95/113/95 356/415/356
f 467/564/467 226/256/226 223/252/223
f 114/132/114 136/156/136 129/147/129
f 110/4566/110 134/4567/134 139/159/139
f 101/119/101 193/218/193 208/4547/208
f 134/152/134 110/128/110 109/127/109
f 356/415/356 355/414/355 460/556/460
f 122/140/122 86/104/86 459/644/459
f 44/49/44 84/102/84 83/101/83
f 112/130/112 101/119/101 100/118/100
f 102/120/102 101/119/101 208/4547/208
f 109/127/109 120/138/120 116/134/116
f 85/103/85 44/49/44 142/162/142
f 358/423/358 95/113/95 97/115/97
f 124/142/124 115/133/115 126/144/126
f 124/142/124 86/104/86 122/140/122
f 1102/1323/1102 1145/1379/1145 1103/1324/1103
f 86/104/86 82/100/82 87/105/87
f 3/3/3 2/2/2 144/164/144
f 99/117/99 127/145/127 126/144/126
f 3/3/3 144/164/144 143/163/143
f 117/135/117 100/118/100 181/206/181
f 13/13/13 35/180/35 71/87/71
f 76/93/76 544/646/544 149/169/149
f 98/116/98 32/33/32 99/117/99
f 32/33/32 34/35/34 99/117/99
f 90/108/90 103/121/103 98/116/98
f 35/38/35 6/94/6 33/34/33
f 36/39/36 33/34/33 14/14/14
f 92/110/92 145/165/145 144/164/144
f 14/14/14 125/143/125 107/125/107
f 35/180/35 13/13/13 4/4/4
f 107/125/107 1/1/1 15/15/15
f 1/1/1 107/125/107 108/126/108
f 125/143/125 98/116/98 103/121/103
f 36/39/36 14/14/14 16/16/16
f 11/11/11 13/13/13 71/87/71
f 164/188/164 158/181/158 165/189/165
f 30/31/30 27/37/27 12/40/12
f 544/646/544 76/93/76 15/15/15
f 1/1/1 544/646/544 15/15/15
f 26/26/26 13/13/13 12/12/12
f 248/281/248 145/165/145 1087/1307/1087
f 1107/1328/1107 2059/2584/2059 2186/2717/2186
f 1087/1307/1087 240/273/240 239/272/239
f 241/274/241 240/273/240 22/22/22
f 1089/1309/1089 266/305/266 265/304/265
f 1089/1309/1089 240/273/240 1087/1307/1087
f 1222/4476/1222 1267/1533/1267 2882/4568/2882
f 2181/2712/2181 1265/1531/1265 1221/1481/1221
f 1218/1476/1218 2882/4568/2882 1219/1477/1219
f 2362/4453/2362 2191/2739/2191 2205/2738/2205
f 1268/1534/1268 1267/1533/1267 1220/1479/1220
f 1230/1491/1230 1231/1492/1231 1220/1479/1220
f 1222/1482/1222 2882/3549/2882 1223/1483/1223
f 2205/2738/2205 2390/2961/2390 2883/3550/2883
f 3661/4512/3661 2307/2859/2307 3660/4511/3660
f 2889/3556/2889 2185/2716/2185 2899/3566/2899
f 1231/1492/1231 1230/1491/1230 1253/1937/1253
f 2918/3585/2918 2919/3586/2919 3650/4481/3650
f 3653/4485/3653 2883/3550/2883 2878/3545/2878
f 1230/1491/1230 1229/1490/1229 1222/4476/1222
f 3661/4512/3661 3660/4511/3660 1214/1469/1214
f 2876/3543/2876 2880/3547/2880 2877/3544/2877
f 1223/1483/1223 2878/3545/2878 2877/3544/2877
f 3653/4485/3653 2878/3545/2878 1223/1483/1223
f 3653/4485/3653 1223/1483/1223 2866/3531/2866
f 1266/1532/1266 1268/1534/1268 3660/4511/3660
f 1220/1479/1220 1216/1474/1216 1268/1534/1268
f 2883/3550/2883 3653/4485/3653 2205/2738/2205
f 1260/1524/1260 3016/4569/3016 3018/4477/3018
f 1267/1533/1267 1266/1532/1266 1219/1477/1219
f 1254/1518/1254 1256/1520/1256 1265/1531/1265
f 1262/1526/1262 3016/4569/3016 1260/1524/1260
f 1334/1621/1334 1277/1545/1277 1345/4570/1345
f 1329/1615/1329 1331/1617/1331 1264/1530/1264
f 3018/4477/3018 2961/4571/2961 1276/1544/1276
f 3018/4477/3018 1276/1544/1276 1275/1543/1275
f 1262/3640/1262 2943/3610/2943 2976/3651/2976
f 1265/1531/1265 2183/2714/2183 1264/1530/1264
f 1331/1617/1331 1254/1518/1254 1264/1530/1264
f 2182/2713/2182 2888/3555/2888 2881/3548/2881
f 1334/1621/1334 1330/1616/1330 1277/1545/1277
f 1260/1524/1260 3639/4460/3639 3650/4481/3650
f 2960/3630/2960 2900/3567/2900 1552/1915/1552
f 1506/1851/1506 1498/1843/1498 1522/1873/1522
f 1529/1881/1529 1504/1849/1504 1521/1872/1521
f 1497/1842/1497 1518/1869/1518 1496/1841/1496
f 1487/1825/1487 1485/1823/1485 1507/1852/1507
f 3036/3715/3036 1497/1842/1497 1487/1825/1487
f 1497/1842/1497 3036/3715/3036 1499/1844/1499
f 1519/1870/1519 1499/1844/1499 1498/1843/1498
f 1521/1872/1521 1563/1931/1563 3346/4075/3346
f 1566/1934/1566 1553/1916/1553 1735/2176/1735
f 1521/1872/1521 3346/4075/3346 1529/1881/1529
f 2018/2531/2018 1538/1893/1538 1553/1916/1553
f 1566/1934/1566 1735/2176/1735 3346/4075/3346
f 1726/2540/1726 1723/2162/1723 1724/2163/1724
f 1731/2171/1731 1743/2185/1743 1730/2170/1730
f 1725/2164/1725 1724/2166/1724 1731/2171/1731
f 1565/1933/1565 1723/2162/1723 1566/1934/1566
f 2018/2531/2018 1723/2162/1723 1726/2540/1726
f 1553/1916/1553 1723/2162/1723 2018/2531/2018
f 1730/2170/1730 1752/2195/1752 1751/2193/1751
f 1878/2362/1878 1920/2408/1920 1879/2363/1879
f 1745/2187/1745 1744/2186/1744 1749/2191/1749
f 3665/4525/3665 1873/2356/1873 1997/2491/1997
f 1889/2375/1889 3665/4525/3665 1890/2376/1890
f 1881/4572/1881 904/2367/904 1872/2353/1872
f 1887/4573/1887 1881/4572/1881 1872/2353/1872
f 1886/2371/1886 1812/2266/1812 1881/2365/1881
f 1886/2371/1886 1887/2372/1887 1894/2380/1894
f 1997/2491/1997 1877/2361/1877 1746/2188/1746
f 1882/2366/1882 1895/2381/1895 1887/4573/1887
f 1997/2491/1997 1875/2358/1875 1877/2361/1877
f 1873/2356/1873 1875/2358/1875 1997/2491/1997
f 1996/2489/1996 896/1090/896 1885/2370/1885
f 1885/2370/1885 896/1090/896 914/1109/914
f 3665/4525/3665 1997/2491/1997 1884/2369/1884
f 3665/4525/3665 1884/2369/1884 1890/2376/1890
f 1890/2376/1890 1884/2369/1884 1878/2362/1878
f 1953/2441/1953 1909/2397/1909 1889/2375/1889
f 1874/2357/1874 1873/2356/1873 902/1096/902
f 1889/2375/1889 1885/2370/1885 3665/4525/3665
f 1889/2375/1889 1880/2364/1880 1953/2441/1953
f 1746/2188/1746 1754/2198/1754 1744/2186/1744
f 890/1084/890 884/1078/884 539/638/539
f 901/1095/901 684/826/684 882/1076/882
f 900/1094/900 901/1095/901 891/1085/891
f 901/1095/901 882/1076/882 891/1085/891
f 898/1092/898 885/1079/885 809/971/809
f 538/637/538 906/1100/906 900/1094/900
f 58/68/58 74/91/74 62/73/62
f 23/23/23 22/22/22 1146/1380/1146
f 76/93/76 58/68/58 16/16/16
f 175/199/175 263/302/263 250/283/250
f 238/271/238 245/278/245 250/283/250
f 175/199/175 249/282/249 176/200/176
f 149/169/149 245/278/245 76/93/76
f 74/91/74 76/93/76 245/278/245
f 62/73/62 74/91/74 238/271/238
f 238/271/238 74/91/74 245/278/245
f 58/68/58 36/39/36 16/16/16
f 3646/4475/3646 2440/3026/2440 3661/4512/3661
f 1089/1309/1089 1099/1320/1099 266/305/266
f 2203/2736/2203 2440/3026/2440 3646/4475/3646
f 2193/4392/2193 2206/2741/2206 2192/2794/2192
f 2172/2701/2172 2168/2697/2168 2179/2710/2179
f 3661/4512/3661 2440/3026/2440 2308/2860/2308
f 2180/2711/2180 1149/1383/1149 1151/1385/1151
f 2187/2718/2187 2188/2719/2188 2160/2689/2160
f 2028/4561/2028 3669/4553/3669 2086/4556/2086
f 2062/4558/2062 2024/2549/2024 2026/2551/2026
f 2040/2565/2040 2034/2559/2034 2024/2549/2024
f 1120/1346/1120 23/23/23 1128/1358/1128
f 266/305/266 1143/1377/1143 160/184/160
f 1142/1376/1142 3646/4475/3646 3661/4512/3661
f 2203/2736/2203 1128/1358/1128 23/23/23
f 264/303/264 266/305/266 160/184/160
f 159/182/159 23/23/23 1120/1346/1120
f 1128/1358/1128 2203/2736/2203 3646/4475/3646
f 2307/2859/2307 1266/1532/1266 3660/4511/3660
f 1142/1376/1142 3661/4512/3661 1214/1469/1214
f 1141/1375/1141 1127/1359/1127 1128/1358/1128
f 2212/2748/2212 2211/2747/2211 2195/2726/2195
f 2871/3538/2871 2176/2707/2176 2200/2733/2200
f 2896/3563/2896 2934/3601/2934 2905/3572/2905
f 2896/3563/2896 2915/3582/2915 2935/3602/2935
f 2880/3547/2880 2876/3543/2876 2898/3565/2898
f 2882/4568/2882 1267/1533/1267 1219/1477/1219
f 2879/3546/2879 2185/2716/2185 2181/2712/2181
f 2898/3565/2898 2893/3560/2893 2892/3559/2892
f 2788/3429/2788 2824/3475/2824 2823/3474/2823
f 2425/3006/2425 2404/2977/2404 2443/3029/2443
f 2559/3154/2559 2702/3329/2702 2739/3371/2739
f 186/211/186 2425/3006/2425 187/212/187
f 2710/3337/2710 2554/3148/2554 2711/3338/2711
f 2789/3430/2789 2791/3433/2791 2807/3451/2807
f 2829/3480/2829 2848/4441/2848 2828/3479/2828
f 2823/3474/2823 2789/3430/2789 2788/3429/2788
f 2807/3451/2807 2790/3431/2790 2789/3430/2789
f 2828/3479/2828 2457/3043/2457 2788/3429/2788
f 2745/3378/2745 2528/3121/2528 2530/3123/2530
f 2764/3402/2764 2471/3058/2471 2763/3401/2763
f 2532/3125/2532 2772/3412/2772 2862/3525/2862
f 2469/3056/2469 2862/3525/2862 2470/3057/2470
f 2772/3412/2772 2483/3071/2483 2479/3066/2479
f 2609/3222/2609 2568/3165/2568 2564/3303/2564
f 2640/3256/2640 2582/3189/2582 2610/3223/2610
f 2640/3256/2640 2610/3223/2610 2667/3287/2667
f 2630/3245/2630 510/608/510 523/621/523
f 2543/3136/2543 2475/3062/2475 2544/3137/2544
f 2629/3242/2629 2613/3226/2613 521/619/521
f 2597/3209/2597 2665/3285/2665 2598/3210/2598
f 2665/3285/2665 2597/3209/2597 2600/3212/2600
f 2639/3255/2639 3514/4272/3514 2635/3251/2635
f 2762/3398/2762 2588/3200/2588 2637/3253/2637
f 2482/3070/2482 2543/3136/2543 2521/3113/2521
f 2543/3136/2543 2572/3171/2572 2521/3113/2521
f 2654/3270/2654 2653/3269/2653 508/606/508
f 514/612/514 2617/3230/2617 2448/3034/2448
f 2614/3227/2614 2616/3229/2616 2615/3228/2615
f 2511/3102/2511 80/98/80 79/97/79
f 2448/3034/2448 2617/3230/2617 505/603/505
f 2688/3313/2688 2689/3314/2689 3493/4241/3493
f 2676/3298/2676 2678/3300/2678 2677/3299/2677
f 2699/3326/2699 2765/3403/2765 2771/3409/2771
f 3232/3936/3232 3604/4393/3604 3529/4291/3529
f 3484/4231/3484 3499/4270/3499 3482/4229/3482
f 3558/4329/3558 3571/4342/3571 3568/4339/3568
f 3526/4288/3526 3525/4287/3525 3628/4427/3628
f 2864/3527/2864 3098/3786/3098 3628/4427/3628
f 2839/3494/2839 3231/3935/3231 2826/3477/2826
f 3585/4574/3585 3590/4375/3590 3586/4394/3586
f 2803/3447/2803 2839/3494/2839 229/262/229
f 2825/3476/2825 3600/4386/3600 3508/4263/3508
f 3568/4339/3568 3571/4342/3571 3597/4379/3597
f 3100/3788/3100 3099/3787/3099 3182/3883/3182
f 3537/4302/3537 3527/4289/3527 3533/4295/3533
f 63/74/63 3668/4575/3668 71/87/71
f 10/10/10 11/36/11 9/9/9
f 33/34/33 32/33/32 14/14/14
f 9/9/9 3668/4550/3668 18/18/18
f 4/4/4 25/25/25 29/29/29
f 45/52/45 5/5/5 4/4/4
f 71/87/71 73/90/73 60/71/60
f 56/70/56 36/39/36 58/68/58
f 75/92/75 76/93/76 74/91/74
f 90/108/90 126/144/126 91/109/91
f 108/126/108 103/121/103 104/122/104
f 104/122/104 103/121/103 89/107/89
f 115/133/115 123/141/123 109/127/109
f 122/140/122 459/644/459 130/148/130
f 83/101/83 34/35/34 48/55/48
f 231/264/231 484/581/484 2498/3087/2498
f 96/114/96 88/562/88 87/528/87
f 472/569/472 461/557/461 485/582/485
f 121/139/121 89/107/89 91/109/91
f 206/231/206 138/158/138 542/641/542
f 144/164/144 2/2/2 163/187/163
f 93/111/93 163/187/163 172/196/172
f 484/581/484 452/547/452 2498/3087/2498
f 163/187/163 93/111/93 144/164/144
f 3668/4575/3668 11/11/11 71/87/71
f 133/651/133 139/159/139 134/4567/134
f 105/123/105 89/107/89 121/139/121
f 441/536/441 593/707/593 439/534/439
f 651/793/651 595/709/595 661/803/661
f 659/801/659 597/711/597 647/789/647
f 718/860/718 699/841/699 717/859/717
f 775/922/775 780/929/780 501/598/501
f 878/1071/878 915/1111/915 890/1084/890
f 811/1138/811 950/1150/950 934/1132/934
f 2010/2516/2010 979/1179/979 965/1165/965
f 1000/1200/1000 1003/1203/1003 1001/1201/1001
f 945/1145/945 944/1144/944 949/1149/949
f 943/1143/943 1021/1222/1021 1049/1252/1049
f 727/869/727 1008/1208/1008 1017/1218/1017
f 922/1118/922 1035/1236/1035 729/871/729
f 959/1159/959 899/1093/899 900/1094/900
f 225/254/225 224/253/224 1089/1309/1089
f 1083/1330/1083 176/200/176 1086/1306/1086
f 1256/1520/1256 1244/1507/1244 1265/1531/1265
f 1253/1516/1253 1244/1507/1244 1246/1509/1246
f 1507/1852/1507 1502/1847/1502 1487/1825/1487
f 1496/1841/1496 1493/1834/1493 1487/1825/1487
f 1504/1849/1504 1506/1851/1506 1520/1871/1520
f 1496/1841/1496 1518/1869/1518 1505/1850/1505
f 1501/1846/1501 2976/3651/2976 1551/1914/1551
f 3073/3755/3073 1751/2193/1751 1741/2182/1741
f 1875/2358/1875 1817/2348/1817 1868/2347/1868
f 1882/2366/1882 1887/4573/1887 1872/2353/1872
f 1899/2387/1899 1894/2380/1894 1900/2388/1900
f 1880/2364/1880 1890/2376/1890 1878/2362/1878
f 1944/2432/1944 1954/2442/1954 1951/2439/1951
f 1963/2451/1963 889/1083/889 1962/2450/1962
f 1968/2456/1968 1729/2169/1729 1940/2428/1940
f 983/1183/983 971/1171/971 973/1173/973
f 1976/2464/1976 1960/2448/1960 1959/2447/1959
f 1937/2425/1937 893/1087/893 1971/2459/1971
f 1948/2436/1948 968/1168/968 1949/2437/1949
f 1992/2480/1992 981/1181/981 1981/2469/1981
f 1924/2412/1924 1891/2377/1891 1989/2477/1989
f 1888/2374/1888 1754/2198/1754 1746/2188/1746
f 1883/2368/1883 1884/2369/1884 1997/2491/1997
f 1749/2191/1749 1751/2193/1751 1998/2492/1998
f 422/511/422 634/2506/634 593/707/593
f 1720/2539/1720 1719/2159/1719 2018/2531/2018
f 1980/2468/1980 1979/2467/1979 2021/2546/2021
f 2021/2546/2021 1979/2467/1979 1978/2466/1978
f 2072/2597/2072 2130/2657/2130 2073/2598/2073
f 261/300/261 2087/2612/2087 2079/2604/2079
f 2109/2634/2109 2131/2658/2131 2108/2633/2108
f 2076/2601/2076 2078/2603/2078 2117/2644/2117
f 2219/2758/2219 2228/2767/2228 2220/2759/2220
f 2192/2794/2192 2241/2780/2241 2397/4576/2397
f 2317/2870/2317 2316/2869/2316 2345/2908/2345
f 2269/2814/2269 2271/2816/2271 2350/2913/2350
f 2347/2910/2347 2304/2854/2304 2298/2848/2298
f 2317/2870/2317 2261/2805/2261 2322/2877/2322
f 2241/2780/2241 2240/2779/2240 2397/4576/2397
f 3637/4451/3637 2400/2973/2400 2415/2992/2415
f 2159/2688/2159 2146/2675/2146 2332/2891/2332
f 2358/2921/2358 2293/2843/2293 2281/2828/2281
f 2479/3066/2479 2478/3065/2478 2563/3159/2563
f 2505/3094/2505 3667/4543/3667 2576/3183/2576
f 2485/3073/2485 2480/3067/2480 2479/3066/2479
f 2480/3068/2480 2482/3070/2482 2478/3114/2478
f 2467/3054/2467 2458/3045/2458 2555/3150/2555
f 2548/4537/2548 2539/3132/2539 3667/4543/3667
f 2586/3196/2586 2585/3195/2585 2641/3257/2641
f 2662/3279/2662 2647/3263/2647 2652/3268/2652
f 677/819/677 2001/2500/2001 655/797/655
f 2560/3155/2560 2735/3364/2735 2747/3380/2747
f 2503/3092/2503 2700/3327/2700 2115/2640/2115
f 2710/3337/2710 2773/3413/2773 2777/3417/2777
f 2770/3408/2770 2766/3404/2766 2765/3403/2765
f 2810/3455/2810 2777/3417/2777 2811/3456/2811
f 2518/3110/2518 2805/3449/2805 2707/3334/2707
f 2846/3501/2846 2856/3514/2856 2845/3500/2845
f 2151/2727/2151 2196/2729/2196 2206/2741/2206
f 199/224/199 2814/3460/2814 200/225/200
f 2430/3011/2430 2429/3010/2429 2403/2976/2403
f 2105/2630/2105 2459/3046/2459 2106/2631/2106
f 2517/3109/2517 2452/3038/2452 2488/3076/2488
f 2897/3564/2897 2908/3575/2908 2907/3574/2907
f 2434/3018/2434 2913/3580/2913 2929/3596/2929
f 2909/3576/2909 2908/3575/2908 2977/3652/2977
f 2987/3662/2987 2986/3661/2986 2989/3665/2989
f 3058/3737/3058 3347/4076/3347 3059/3738/3059
f 3062/3743/3062 3007/3685/3007 3061/3741/3061
f 3068/3749/3068 3079/3764/3079 3080/3765/3080
f 1748/2190/1748 1482/1820/1482 1541/1899/1541
f 3014/3692/3014 3019/3698/3019 3080/3765/3080
f 3663/4518/3663 3089/3777/3089 3273/3986/3273
f 2871/3538/2871 2366/2929/2366 2365/2928/2365
f 3132/3823/3132 3137/3828/3137 3134/3825/3134
f 3130/3821/3130 3134/3825/3134 3145/3838/3145
f 3139/3830/3139 3151/3844/3151 3144/3837/3144
f 3143/3836/3143 2942/3609/2942 3659/4507/3659
f 3161/3860/3161 3176/3877/3176 3175/3876/3175
f 3154/3847/3154 3195/3897/3195 2387/2955/2387
f 2385/2951/2385 2982/3657/2982 2312/2864/2312
f 3211/3915/3211 3207/3911/3207 3218/3922/3218
f 3216/3920/3216 3033/3712/3033 3213/3917/3213
f 3224/3928/3224 3225/3929/3225 3034/3713/3034
f 3204/3908/3204 3203/3907/3203 3217/3921/3217
f 3255/3962/3255 3256/3964/3256 3185/3963/3185
f 3224/3928/3224 3241/3947/3241 3240/3946/3240
f 22/22/22 1090/1310/1090 1104/1325/1104
f 3257/3965/3257 3191/3893/3191 3072/3754/3072
f 3361/4094/3361 3355/4088/3355 3358/4091/3358
f 3376/4110/3376 3371/4105/3371 3373/4107/3373
f 3393/4129/3393 3392/4128/3392 3400/4136/3400
f 3311/4038/3311 3401/4137/3401 3411/4147/3411
f 63/4161/63 18/18/18 3668/4550/3668
f 3432/4171/3432 3390/4126/3390 3428/4167/3428
f 3380/4114/3380 3441/4498/3441 3367/4101/3367
f 3356/4089/3356 3355/4088/3355 3423/4159/3423
f 3458/4224/3458 3465/4209/3465 3464/4208/3464
f 3491/4239/3491 3495/4243/3495 2692/3317/2692
f 3496/4245/3496 3481/4564/3481 3512/4268/3512
f 3500/4444/3500 3513/4269/3513 3499/4270/3499
f 3169/3869/3169 3095/3783/3095 3281/4359/3281
f 3322/4049/3322 3562/4347/3562 3575/4346/3575
f 3554/4325/3554 3573/4344/3573 3556/4327/3556
f 3601/4384/3601 3501/4254/3501 3588/4365/3588
f 3336/4063/3336 3612/4404/3612 3610/4402/3610
f 3414/4150/3414 3352/4083/3352 3415/4151/3415
f 3238/3942/3238 3287/4003/3287 3286/4002/3286
f 3593/4371/3593 3489/4237/3489 3415/4151/3415
f 3618/4411/3618 3502/4443/3502 3631/4447/3631
f 3362/4095/3362 3363/4096/3363 3519/4279/3519
f 2983/3658/2983 2985/3660/2985 3632/4434/3632
f 3339/4066/3339 3252/3958/3252 3426/4165/3426
f 2837/3492/2837 2860/3521/2860 3633/4435/3633
f 3319/4046/3319 3320/4047/3320 3323/4050/3323
f 3360/4093/3360 3621/4417/3621 3414/4150/3414
f 3364/4098/3364 3489/4237/3489 3625/4422/3625
f 3610/4402/3610 3578/4351/3578 3621/4417/3621
f 2488/3076/2488 2123/2650/2123 2119/2646/2119
f 2454/3040/2454 2123/2650/2123 2452/3038/2452
f 2803/3447/2803 2780/3420/2780 2786/3427/2786
f 3209/3913/3209 2309/2861/2309 2353/2916/2353
f 3332/4059/3332 2340/2900/2340 3344/4071/3344
f 3634/4436/3634 3446/4190/3446 3447/4191/3447
f 3279/3995/3279 3325/4052/3325 3315/4042/3315
f 3090/3778/3090 1915/2403/1915 1914/2402/1914
f 2840/3495/2840 3230/3934/3230 3212/3916/3212
f 1034/1235/1034 1030/1231/1030 3652/4484/3652
f 1230/1517/1230 1222/1482/1222 3642/4468/3642
f 153/173/153 202/227/202 2127/2654/2127
f 2118/2645/2118 169/193/169 168/192/168
f 523/621/523 2451/3037/2451 2450/3036/2450
f 1995/2487/1995 1543/1901/1543 1559/1922/1559
f 1925/2413/1925 1923/2411/1923 3108/3797/3108
f 3477/4221/3477 3476/4220/3476 3518/4577/3518
f 2052/2577/2052 169/193/169 2118/2645/2118
f 2439/3025/2439 2161/2690/2161 1219/1477/1219
f 2062/2587/2062 2026/4557/2026 3645/4474/3645
f 2466/3053/2466 2125/2652/2125 2127/2654/2127
f 925/1121/925 1034/1235/1034 3652/4484/3652
f 3472/4216/3472 1030/1231/1030 1004/1204/1004
f 2435/3019/2435 3158/3855/3158 2992/3669/2992
f 3307/4034/3307 3102/3791/3102 3308/4035/3308
f 3390/4126/3390 3388/4496/3388 3656/4494/3656
f 3402/4138/3402 3378/4112/3378 3393/4129/3393
f 3536/4301/3536 3623/4420/3623 3530/4292/3530
f 3269/4578/3269 3101/4019/3101 3064/3745/3064
f 3165/3864/3165 3193/3895/3193 3195/3897/3195
f 3236/3940/3236 3332/4059/3332 3241/3947/3241
f 3577/4349/3577 3553/4324/3553 3552/4323/3552
f 3040/3769/3040 3066/3747/3066 3038/3760/3038
f 3110/3799/3110 1917/2405/1917 3104/3793/3104
f 3086/3774/3086 3161/3860/3161 3160/3859/3160
f 3223/3927/3223 3216/3920/3216 3173/3874/3173
f 3131/3822/3131 3130/3821/3130 2371/2934/2371
f 2185/2716/2185 2880/3547/2880 2899/3566/2899
f 1566/1934/1566 3346/4075/3346 2017/2530/2017
f 3061/3741/3061 3009/3687/3009 3043/3722/3043
f 1925/2413/1925 1987/2475/1987 1929/2417/1929
f 3089/3777/3089 1918/2406/1918 3111/3800/3111
f 1929/2417/1929 1987/2475/1987 1928/2416/1928
f 1968/2456/1968 1727/2167/1727 1729/2169/1729
f 1014/1214/1014 974/1174/974 958/1158/958
f 1049/1252/1049 995/1195/995 943/1143/943
f 1055/1263/1055 926/1122/926 928/1124/928
f 1051/1258/1051 1022/1223/1022 714/856/714
f 474/571/474 478/575/478 503/601/503
f 2631/3246/2631 2639/3255/2639 2654/3270/2654
f 2574/3176/2574 2572/3169/2572 2472/3059/2472
f 447/542/447 491/588/491 448/543/448
f 483/580/483 484/581/484 467/564/467
f 222/251/222 212/239/212 223/252/223
f 105/123/105 156/176/156 106/124/106
f 2509/3100/2509 2492/3081/2492 222/251/222
f 2408/2985/2408 2420/3000/2420 2422/3002/2422
f 2057/2582/2057 2074/2599/2074 2058/2583/2058
f 260/299/260 2043/2568/2043 2087/2612/2087
f 2022/2547/2022 3669/4553/3669 2028/4561/2028
f 2216/2755/2216 2228/2767/2228 2227/2766/2227
f 3457/4236/3457 3470/4214/3470 3465/4209/3465
f 642/784/642 649/791/649 603/720/603
f 652/794/652 651/793/651 664/806/664
f 492/589/492 441/536/441 644/786/644
f 490/587/490 477/574/477 476/573/476
f 465/561/465 480/577/480 485/582/485
f 355/414/355 437/532/437 463/559/463
f 101/119/101 128/146/128 193/218/193
f 112/130/112 114/132/114 101/119/101
f 33/34/33 48/55/48 34/35/34
f 1214/1469/1214 1140/1374/1140 1142/1376/1142
f 2919/3586/2919 2958/3628/2958 3650/4481/3650
f 1501/1846/1501 3036/3715/3036 1502/1847/1502
f 1500/1845/1500 3036/3715/3036 1501/1846/1501
f 1505/1850/1505 1519/1870/1519 1506/1851/1506
f 1869/2359/1869 1875/2358/1875 1874/2357/1874
f 2909/3576/2909 3128/3818/3128 2975/3650/2975
f 2185/2716/2185 2888/3555/2888 2182/2713/2182
