# www.textures.com
v -5.575321 -2.281633 6.129609
v -5.442975 -2.654175 5.847950
v -5.389117 -2.516494 6.113163
v -5.424685 -2.169039 6.090888
v -5.878952 -1.690003 6.116793
v -5.746181 -2.093638 5.955956
v -5.720445 -1.552029 6.099223
v -4.979353 -1.761550 6.100423
v -5.890775 -1.916754 5.458888
v -5.368079 -1.319010 6.078218
v -5.186547 -3.085637 5.359195
v -5.570177 -2.532099 5.385037
v -5.228893 -2.842688 6.124861
v -6.091691 -1.031245 6.115822
v -6.196221 -0.690000 6.111078
v -6.141966 -1.223003 5.604782
v -5.717699 -0.950313 6.068483
v -6.012927 -1.301486 6.116479
v -6.060806 -0.735760 6.082502
v -5.649863 -0.415928 6.084806
v -4.948309 -3.338799 5.674480
v -5.009156 -3.108994 6.113458
v -4.819749 -3.497857 5.239193
v -5.746715 -2.220181 4.893528
v -6.319148 -0.526956 5.375369
v -5.280876 -2.970844 5.022101
v -4.998446 -2.336164 6.084156
v -4.518013 -2.475065 6.105242
v -4.851429 -2.837013 6.096071
v -4.375112 -1.682880 6.135869
v -4.730591 -1.306811 6.168039
v -4.802500 -0.953348 6.095131
v -4.732460 -3.424354 6.140676
v -4.636678 -3.224369 6.087855
v -4.616839 -3.666846 5.790740
v -4.413969 -3.688127 6.117778
v -3.918996 -2.768744 6.138122
v -4.080350 -2.120725 6.124950
v -3.777960 -1.579814 6.132798
v -4.147412 -3.121306 6.111106
v -4.178305 -4.022989 5.873681
v -3.838705 -4.133319 6.140166
v -4.101063 -3.960606 6.137158
v -4.074850 -3.823901 6.107485
v -4.179420 -4.042880 4.888006
v -4.335737 -3.932830 5.334162
v -4.779988 -3.516549 4.747066
v -3.599564 -3.324469 6.114192
v -3.830853 -4.300694 5.254558
v -3.608968 -4.390899 5.767650
v -3.563241 -4.273033 6.142238
v -3.571395 -3.940999 6.093546
v -3.288469 -4.594337 5.254350
v -3.739876 -4.316278 4.612967
v -3.213409 -4.607903 4.535285
v -3.422167 -4.393508 4.048279
v -4.228364 -3.932315 4.435897
v -3.797943 -4.094249 3.848396
v -3.590480 -2.376882 6.151489
v -3.222147 -4.111841 6.102608
v -2.640327 -4.140273 6.115825
v -3.063037 -4.522707 6.147857
v -3.015025 -3.781507 6.104106
v -2.472749 -4.842596 5.757081
v -2.497582 -4.730242 6.138079
v -2.780990 -4.618334 6.152312
v -3.072724 -4.649739 5.688668
v -2.770545 -4.804741 5.267520
v -2.894935 -4.775754 4.797024
v -3.246936 -3.127265 6.122656
v -2.662777 -3.345824 6.124691
v -2.933642 -2.894427 6.142612
v -3.187724 -2.596020 6.154636
v -2.007895 -3.717091 6.163999
v -2.082522 -3.342517 6.160978
v -2.152848 -4.496302 6.138336
v -1.900771 -4.226737 6.154784
v -2.396173 -2.744941 6.135240
v -3.464345 -1.897667 6.145727
v -2.621242 -2.481928 6.142303
v -2.740726 -2.144725 6.157592
v -1.616925 -3.283072 6.187006
v -1.959701 -2.864692 6.152720
v -3.073513 -1.928741 6.154813
v -2.208437 -2.141759 6.124503
v -1.484250 -2.886222 6.177703
v -1.797815 -2.350273 6.157078
v -5.892296 0.400305 6.055321
v -5.191054 -0.014456 6.090480
v -5.343670 0.565279 6.087443
v -6.014752 -0.096747 6.067873
v -5.160549 -0.586017 6.096582
v -4.762631 -0.386159 6.097967
v -4.620152 0.251311 6.093848
v -4.657618 0.695538 6.097881
v -5.359891 0.912997 6.086488
v -4.720840 1.201869 6.110632
v -5.174276 1.205052 6.091306
v -5.051692 1.645505 6.101213
v -5.570824 1.444425 6.093320
v -6.099526 1.091231 6.064338
v -5.398480 1.927062 6.088842
v -6.320315 1.243915 6.073102
v -6.328577 0.981725 6.078770
v -6.329843 0.509643 6.093704
v -6.305548 0.748675 6.084367
v -6.385743 0.654853 5.930484
v -6.271433 0.057391 6.101617
v -6.330627 0.107636 6.025762
v -6.315709 -0.305185 5.802538
v -6.261535 -0.222327 6.104949
v -6.238331 1.556069 6.065556
v -5.966518 2.158169 6.047145
v -4.926266 2.121107 6.091916
v -5.719323 2.865353 6.018218
v -4.219018 -0.082439 6.105417
v -4.262570 1.597353 6.105956
v -4.512001 1.851935 6.104646
v -4.142235 1.072063 6.108447
v -3.920439 0.720976 6.105908
v -4.121821 0.282108 6.099356
v -3.599439 0.380575 6.099877
v -3.607429 1.058369 6.117707
v -3.807061 1.574270 6.078218
v -3.579707 0.031411 6.114316
v -4.137254 -0.485315 6.114382
v -3.539095 -0.367056 6.135422
v -2.976903 -0.078969 6.153875
v -2.969967 0.376550 6.097416
v -3.189116 1.143353 6.106761
v -3.349347 0.815191 6.054104
v -2.900875 0.780665 6.075282
v -2.507652 0.590496 6.073987
v -3.474039 1.498610 6.045497
v -3.611174 1.826869 6.123652
v -2.606668 1.122949 6.100030
v -3.130203 1.535555 6.092608
v -4.441250 -0.823630 6.104912
v -3.199612 -1.260467 6.128039
v -3.657938 -0.852616 6.134342
v -4.053817 -0.947617 6.137381
v -4.191075 -1.303530 6.202232
v -3.091539 -0.667808 6.138695
v -2.008493 -1.760851 6.135734
v -2.326616 -1.492666 6.151250
v -2.609866 -1.759401 6.153537
v -1.815596 -1.340524 6.138927
v -2.211415 -1.025859 6.173357
v -2.774564 -1.268099 6.136611
v -2.643921 -0.708599 6.111872
v -1.385981 -2.341850 6.177235
v -1.613414 -1.821576 6.122328
v -1.281901 -1.517519 6.121798
v -1.019578 -2.035056 6.151066
v -2.126724 -0.585988 6.151165
v -1.488556 -1.125296 6.066405
v -2.564959 -0.299108 6.109541
v -2.452416 0.154816 6.129318
v -1.613770 -0.551092 6.135053
v -1.185487 -0.102384 6.064244
v -1.640646 0.059297 5.998865
v -1.571996 -0.182929 6.092418
v -2.135631 -0.078536 6.093998
v -1.964544 0.531199 6.078586
v -1.540910 0.474284 5.930167
v -1.106267 -0.980378 6.059952
v -0.788199 -1.212516 6.113951
v -1.341427 -0.763328 5.976695
v -0.932743 -0.395174 6.037323
v -0.659945 -0.712250 6.095631
v -0.341703 -0.521192 6.074675
v -0.630211 -0.035421 6.035528
v 0.523493 -2.999829 6.218585
v 1.028749 -2.705957 6.244713
v 0.398594 -2.431810 6.205950
v -2.070065 1.016744 6.096745
v -1.178221 0.455649 6.028484
v -1.557302 0.648160 6.062240
v -0.953705 0.031520 6.013109
v -0.847662 0.541095 6.006628
v 1.086617 5.194673 2.569770
v 0.671698 5.542029 2.923186
v 1.087507 5.559050 3.242886
v -0.761366 4.102042 1.062087
v -0.293316 3.922217 0.867279
v -0.841658 3.656521 0.804435
v -0.686350 -1.796678 6.073791
v -2.156881 5.658992 6.015488
v -1.757431 5.326142 6.066980
v -1.651961 5.871954 6.024884
v -1.806306 6.052980 5.841199
v -2.247425 5.894763 5.822628
v -2.137909 5.874230 6.027176
v -1.343349 6.135680 6.038191
v 0.344824 1.738968 6.138852
v 0.997342 2.146939 6.133034
v 0.476442 2.438178 6.142366
v 0.967001 2.552161 6.164285
v 0.049674 2.293374 6.125894
v 0.322915 3.073338 6.141186
v 0.778259 2.857061 6.111906
v -0.711004 3.731817 6.082574
v -0.108550 4.005931 6.150465
v -0.658171 4.117074 6.070995
v -1.028380 4.049355 6.122615
v -1.055904 4.440254 6.119135
v -0.433973 4.587175 6.120443
v 0.651738 3.455567 6.161678
v 1.197569 3.125114 6.171808
v 0.977586 3.776759 6.176822
v -0.361587 3.328187 6.139795
v -0.124057 2.830985 6.135363
v 0.200367 3.617844 6.146574
v 0.546681 4.113274 6.143734
v 1.361510 3.729006 6.167034
v -1.283952 5.342151 6.091244
v -0.790912 5.420555 6.108825
v -1.259113 4.951375 6.136353
v -0.979901 6.042291 6.035142
v -0.809868 4.933672 6.139208
v -0.309726 6.014131 6.057112
v -0.597669 6.273335 6.042614
v 0.008426 6.306606 5.647216
v -0.769508 6.339138 5.517450
v -0.989788 6.207811 6.046159
v -1.149100 6.241272 5.850446
v -0.367207 5.345895 6.136702
v 0.115117 5.142406 6.129542
v 0.065452 5.849840 6.081042
v 0.679205 5.521641 6.112370
v 0.100440 6.230881 6.042793
v -0.265345 6.241963 6.055857
v 0.347786 4.596683 6.147343
v 0.068342 6.285960 4.889450
v 0.515197 6.195301 5.409406
v 0.605240 6.060003 6.083880
v 0.758739 6.098475 5.847326
v 0.717834 4.886092 6.135633
v 1.044622 5.062735 6.147524
v 0.815809 5.951423 6.098758
v 1.280554 5.823749 6.128561
v 1.190676 5.972691 5.746329
v 1.315128 5.645846 6.101044
v 0.545149 6.176787 4.861916
v 0.990728 6.047257 5.064582
v -0.483362 6.335658 4.997436
v -1.412137 6.213759 5.484121
v 1.150774 4.404518 6.135054
v 1.581091 4.229640 6.152469
v 1.621769 4.719803 6.151490
v 1.755570 5.373792 6.118678
v 2.238198 4.804547 6.145883
v 1.693334 5.640042 6.145590
v 1.856974 5.642434 5.968606
v 2.006069 5.471836 6.159950
v 2.278741 5.224324 6.135447
v 1.951405 5.645648 5.319056
v 1.525656 5.847216 5.235636
v 1.286280 5.882303 4.570225
v 1.796481 5.667222 4.651459
v -1.786138 4.880966 6.093508
v -1.713036 4.465127 6.099216
v -3.269592 2.368210 6.127667
v -3.236255 2.759664 6.102245
v -3.753551 2.339533 6.109745
v -2.875042 2.286445 6.140289
v -4.134640 2.189752 6.101795
v -4.499819 2.470324 6.084328
v -3.880111 2.678803 6.092297
v -4.143394 2.954649 6.095700
v -3.267361 1.858249 6.117948
v -2.932472 1.893179 6.145769
v -2.502275 1.611887 6.127798
v -2.430957 2.168651 6.132576
v -2.098216 1.441694 6.130163
v -2.020700 1.897736 6.130057
v -1.664374 1.567819 6.113163
v -2.651149 2.624187 6.117729
v -2.616834 3.090755 6.107457
v -2.885527 3.421443 6.097180
v -3.480075 3.074722 6.126992
v -3.293136 3.668145 6.095121
v -2.132082 2.463403 6.112054
v -1.932300 2.964040 6.091632
v -4.560140 3.152489 6.072922
v -4.999989 2.792779 6.069372
v -1.659300 3.291139 6.107730
v -1.996201 3.845469 6.109654
v -2.088326 3.423481 6.099008
v -1.450696 4.098216 6.117262
v -1.244429 3.598378 6.117656
v -1.168532 2.415092 6.120361
v -1.212532 3.003896 6.130175
v -1.646025 2.382490 6.073764
v -1.368551 1.901147 6.104394
v -0.907692 3.387097 6.068902
v -1.272856 1.054860 6.043172
v -0.754114 1.429714 6.077372
v -0.667958 0.910710 6.010798
v -0.191611 0.320018 6.043125
v -0.916802 1.962093 6.106390
v -3.689506 3.788395 6.083034
v -3.204971 4.431808 6.071870
v -3.826453 4.265308 6.055752
v -2.540574 3.757163 6.105394
v -2.868700 4.247858 6.107718
v -3.832500 3.409071 6.112330
v -4.538777 3.632742 6.052480
v -5.310480 3.475444 6.032568
v -4.386623 4.389071 6.028605
v -3.479519 4.915681 6.031165
v -4.149663 4.847503 6.011603
v -3.725110 5.114131 6.027575
v -2.532662 4.194415 6.116557
v -2.678768 4.836503 6.068824
v -2.211043 4.583322 6.099321
v -2.603614 5.482131 6.018506
v -3.259804 5.308428 6.009098
v -2.732337 5.618048 6.025631
v -3.259192 5.353814 6.028135
v -3.099802 5.527843 5.732620
v 0.167306 0.383283 6.039633
v 0.042784 0.799092 6.030738
v -0.281116 1.036508 6.054472
v -0.275734 1.749171 6.103570
v 0.157010 1.270664 6.095954
v 0.509040 1.176589 6.105013
v -0.477011 2.205466 6.098525
v -0.728209 2.468239 6.097067
v -0.699117 2.895793 6.117517
v 2.221362 5.427999 4.607177
v -0.240063 -0.028078 6.056381
v -6.155681 2.217026 6.056487
v -6.007427 2.620600 6.053326
v -6.272069 2.068801 5.353575
v -6.311337 1.798492 5.923196
v -6.121039 2.547496 5.628125
v -6.044784 -1.341462 4.349413
v -6.020931 -1.605779 4.915762
v -6.225471 -0.982866 4.969378
v -5.745213 -2.043750 4.245821
v -5.681677 -0.709114 2.899170
v -5.834801 -1.177813 3.436531
v -6.000025 -0.690029 3.633602
v -5.892220 -1.468158 3.883089
v -5.565139 -1.748389 3.247133
v -6.229608 -0.678439 4.557013
v -5.593243 -2.349046 4.259862
v -5.418149 -1.519895 2.776202
v -5.449175 -0.748761 2.497253
v -5.545727 -2.096679 3.597438
v -6.287578 -0.298366 4.609748
v -6.328671 -0.036043 4.778173
v -6.408348 0.455033 5.305134
v -6.364121 -0.011971 5.690125
v -5.836499 -0.295345 3.134821
v -5.608602 -0.301591 2.681550
v -6.000297 0.198499 3.521900
v -6.159009 -0.329547 4.062945
v -6.132744 0.364715 3.925673
v -6.263940 0.269753 4.376848
v -5.834624 0.683792 3.121930
v -5.622830 0.417911 2.661756
v -6.179906 0.939591 4.165560
v -6.352149 0.551687 4.792437
v -5.979818 0.730446 3.524988
v -5.345131 0.363283 2.210075
v -5.328489 -0.251257 2.221561
v -6.415069 0.933035 5.476686
v -6.140650 1.694824 4.231163
v -6.330109 1.110017 4.772756
v -6.384168 1.427919 5.411155
v -6.065759 2.544488 4.968977
v -6.205251 2.005696 4.722961
v -5.950316 2.501979 4.354084
v -5.806064 2.244802 3.704444
v -5.950406 1.193027 3.521266
v -5.665308 3.304420 4.947833
v -5.831362 2.931767 4.656159
v -5.691810 2.763150 3.970682
v -5.469945 1.553012 2.604073
v -5.365751 0.981595 2.286222
v -5.755275 1.493958 3.122875
v -5.047340 0.831456 1.870478
v -4.998345 1.615529 2.000891
v -4.931195 2.204708 2.207784
v -5.370932 2.118874 2.737843
v -5.841922 1.729261 3.436231
v -5.480591 2.446329 3.177832
v -4.471518 1.729242 1.555392
v -5.924825 2.928797 5.890001
v -4.705901 -3.281184 3.689502
v -5.149339 -2.801946 3.741437
v -4.819666 -2.925886 3.249559
v -4.961180 -3.164896 4.087523
v -5.400526 -2.635844 4.192449
v -5.191320 -2.466637 3.268017
v -3.876624 -3.752043 3.183891
v -4.253182 -3.647295 3.592668
v -4.356819 -3.328393 3.134402
v -3.263036 -3.910996 2.716357
v -3.516577 -4.029502 3.239858
v -4.462714 -3.666471 4.134739
v -3.889092 -2.887655 2.053997
v -4.222216 -3.004814 2.516858
v -4.532971 -2.727501 2.568460
v -3.905866 -3.444849 2.712425
v -3.119673 -3.140055 1.705122
v -3.516126 -3.477924 2.352593
v -4.854780 -2.595772 2.868104
v -5.067184 -1.541975 2.290518
v -5.140116 -1.089770 2.170419
v -5.184516 -2.106212 2.866497
v -4.559873 -1.778767 1.872429
v -4.853270 -2.055042 2.367947
v -3.800735 -2.465428 1.662360
v -3.439336 -2.809680 1.653398
v -4.364114 -2.262281 1.996137
v -5.009939 -0.707626 1.906987
v -4.710694 -1.101742 1.704762
v -3.877318 -2.073411 1.487088
v -4.259144 -1.523773 1.489106
v -4.866736 -0.231037 1.679106
v -4.404087 -0.495215 1.300007
v -5.191576 0.032966 2.020627
v -4.871552 0.392984 1.665046
v -4.557137 0.115948 1.376831
v -4.013762 -1.131835 1.158863
v -3.817976 -0.696788 0.911988
v -4.046671 -0.087363 0.987131
v -3.547177 -0.236302 0.678349
v -3.145208 -1.109998 0.654520
v -3.030531 -0.384701 0.446010
v -3.685584 -1.765971 1.206724
v -3.504512 -1.372622 0.921874
v -3.337986 -2.110444 1.176405
v -2.769225 -1.687860 0.696614
v -4.289718 0.329937 1.165159
v -3.958504 0.525440 0.939391
v -4.406730 1.100509 1.329199
v -3.915821 1.186363 0.995199
v -4.050488 1.632920 1.199970
v -4.755512 0.877877 1.585293
v -3.687665 0.547118 0.763275
v -2.420263 0.356132 0.179475
v -2.885296 0.220094 0.340675
v -2.720570 0.856078 0.307807
v -3.369110 0.441358 0.577381
v -3.089237 1.357463 0.558140
v -3.560455 0.857689 0.725423
v -3.614086 1.662876 0.930937
v -3.320298 1.177833 0.644826
v -3.729403 2.302551 1.304759
v -4.404665 2.305231 1.776242
v -2.712137 1.555588 0.461570
v -2.454112 1.194712 0.279191
v -2.249066 0.828798 0.157697
v -2.190812 1.613508 0.316375
v -3.091454 1.925902 0.771234
v -3.037300 -4.337929 3.287984
v -5.678949 3.279325 6.039854
v -5.871415 2.902161 6.042359
v -4.996621 4.075392 6.019755
v -5.373138 3.742908 6.032173
v -4.690749 4.452368 6.021856
v -4.895748 4.357537 5.801977
v -5.664943 3.391335 5.561564
v -5.222868 3.998896 5.859913
v -5.260125 3.924695 5.202377
v -4.766227 3.952417 3.822685
v -5.416257 3.452102 4.368443
v -5.036944 4.019435 4.520575
v -5.424796 3.020107 3.688978
v -5.199002 3.428578 3.819564
v -5.030028 2.840754 2.827334
v -4.903152 3.471806 3.345587
v -4.222315 4.762371 4.341886
v -4.552157 4.385386 4.204778
v -4.803545 4.386077 4.915459
v -4.615765 4.599593 5.251519
v -4.163560 4.945758 5.502531
v -4.217833 4.891555 4.980039
v -4.374136 4.773691 5.862382
v -3.692601 5.235696 4.899116
v -4.177491 4.541998 3.790722
v -4.031589 3.305257 2.239866
v -4.523303 2.906728 2.321329
v -4.637511 3.139749 2.645259
v -4.448026 3.557293 2.841146
v -4.207621 4.140846 3.241856
v -3.535432 4.853998 3.440377
v -3.897543 4.143621 2.907047
v -3.732442 3.899900 2.521612
v -3.455601 4.500910 2.888329
v -2.875509 5.068117 3.118386
v -3.671937 5.116416 4.155017
v -3.267265 5.197565 3.745313
v -3.923778 2.763849 1.741823
v -3.515777 3.409222 1.971536
v -2.870071 4.654139 2.608496
v -3.301161 4.156852 2.428000
v -2.905579 2.674520 1.099617
v -3.291027 2.953758 1.503423
v -2.872637 3.513055 1.651804
v -2.336570 3.110259 1.096162
v -2.645560 2.096892 0.660525
v -2.305771 2.657060 0.820796
v -2.116169 4.199995 1.716756
v -2.598855 4.084865 1.906445
v -2.344196 4.613185 2.212530
v -2.304594 3.607337 1.399260
v -2.918444 4.182436 2.188103
v -1.934743 3.509482 1.148911
v -1.690833 4.111485 1.428262
v -1.425060 3.716170 1.051117
v -1.564785 1.658690 0.199063
v -2.150908 1.989746 0.447060
v -1.765205 2.235226 0.440292
v -2.182400 2.316937 0.599262
v -1.767334 2.692793 0.635485
v -1.234461 2.524898 0.411911
v -1.554937 3.163332 0.789679
v -1.080032 2.802858 0.473559
v -1.257585 4.290408 1.375471
v -0.908959 3.424375 0.707759
v -3.095847 5.488517 4.278254
v -2.716947 5.391666 3.515922
v -3.311647 5.454462 4.977413
v -2.788898 5.709284 5.268057
v -2.691928 5.740716 4.583785
v -3.657404 5.241587 5.728147
v -2.162656 5.913627 4.334050
v -2.570526 5.600543 3.811999
v -2.131639 5.761052 3.764953
v -2.317505 5.007799 2.614171
v -2.259075 5.489916 3.282959
v -1.671137 4.950052 2.177095
v -1.364207 4.630428 1.711249
v -1.743629 5.597727 3.114524
v -1.544021 5.397499 2.684034
v -1.200396 5.002493 2.029174
v -1.071467 5.298563 2.362426
v -2.233819 5.945559 5.162726
v -1.759643 6.108190 4.713193
v -1.773631 6.118148 5.085296
v -1.818839 5.958084 4.025323
v -1.361346 6.188311 4.516863
v -1.596943 5.950929 3.786042
v -1.050932 6.297493 4.969124
v -0.945026 6.176784 4.085530
v -0.510415 6.283786 4.463610
v -0.962502 5.799845 3.128992
v -1.025197 5.995388 3.577524
v -0.667752 5.915151 3.297998
v -0.326215 6.122200 3.831778
v -1.434800 5.899092 3.545031
v 0.229965 6.162148 4.268566
v -1.313966 5.719455 3.107906
v -0.824776 5.605343 2.760927
v -0.356140 5.535802 2.586449
v -0.866543 4.490715 1.394660
v -0.870740 4.733284 1.633491
v -0.943617 4.911485 1.836646
v -0.720205 5.222577 2.170835
v -0.589643 5.019420 1.880174
v -0.140230 5.099637 1.966042
v 0.252254 5.358093 2.417394
v -0.204454 4.368104 1.174351
v -0.345179 4.746629 1.546132
v 0.197585 4.519856 1.325755
v 0.433142 4.918269 1.840890
v 0.531098 5.776221 3.324365
v -0.029813 5.778861 3.071461
v 0.135197 5.961871 3.554005
v 0.875137 5.862072 3.852216
v 0.798834 6.019632 4.353132
v 1.468115 5.707275 4.129957
v 1.563257 5.497270 3.591948
v -5.507910 -2.617798 4.816736
v -1.966747 1.215074 0.160252
v -1.272922 -5.193670 5.385127
v -1.195435 -5.125383 5.856567
v -1.752489 -5.050997 5.731699
v -1.568730 -5.176896 5.085760
v -0.862483 -5.196258 5.586527
v -0.324923 -5.269834 5.104588
v -0.500845 -5.203567 5.610979
v -0.199647 -5.217626 5.490335
v -0.155330 -5.165296 5.839920
v -0.321332 -5.071693 6.209306
v -0.138171 -5.115859 6.133010
v -0.858329 -5.250411 5.219108
v 0.316772 -5.187690 5.328839
v 0.455808 -5.079058 6.049299
v -0.723082 -5.292305 4.866504
v -0.879120 -5.288243 4.645642
v -1.538154 -5.127697 3.904931
v -1.316259 -5.235454 4.420475
v -1.785516 -5.153484 4.607188
v -2.388217 -4.970465 4.662790
v -2.667447 -4.815598 4.225173
v -2.042411 -5.034250 4.092917
v -0.931572 -5.175649 3.737528
v -2.153759 -5.030773 5.104706
v -0.474566 -5.239294 4.083568
v -0.454361 -5.277783 4.361554
v 0.094564 -5.236361 4.529743
v -0.335585 -5.287379 4.740913
v -1.216762 -4.990397 6.171151
v -0.593472 -4.802418 6.183176
v -1.145951 -4.318728 6.176234
v -1.628908 -4.926005 6.181181
v -2.129546 -4.827897 6.167535
v -1.473968 -3.795857 6.206437
v -0.068214 -4.827124 6.194503
v -0.576666 -5.039969 6.194669
v -0.927780 -5.041364 6.195511
v -0.811971 -5.147968 5.934920
v 0.251349 -5.028028 6.290020
v -5.240923 -2.950719 4.536664
v 0.507541 -4.747833 6.238740
v -0.642181 -4.063139 6.204629
v -0.277358 -3.665293 6.235519
v -0.774759 -3.505663 6.230338
v -1.143652 -3.760736 6.229158
v -1.169363 -3.290551 6.200426
v 0.237583 -4.093251 6.153490
v 0.101001 -3.674730 6.168331
v 0.729666 -4.228176 6.197395
v 0.735696 -4.952974 6.307369
v 1.129012 -4.570801 6.251866
v -0.505623 -2.997677 6.208613
v -0.003636 -3.191351 6.170537
v -1.001620 -2.705489 6.193419
v -0.547803 -2.533132 6.155222
v 0.479807 -3.649585 6.183720
v 1.087524 -3.798756 6.221014
v 0.881463 -3.337078 6.263899
v 1.146661 -4.094792 6.231818
v 0.222392 -2.749030 6.186484
v -0.120270 -2.841895 6.142642
v -0.156473 -2.394882 6.111350
v 4.032552 3.227617 3.400144
v 3.946388 3.581727 3.741601
v 4.348876 2.952150 3.760421
v 4.519925 1.954347 3.193038
v 4.444426 2.330169 3.336429
v 4.530185 2.394809 3.596080
v 4.665198 1.339090 3.246486
v 4.800457 1.582565 3.702417
v -0.565287 -2.232085 6.081895
v -0.219122 -1.767032 6.113303
v 3.216918 4.415919 3.761297
v 3.004383 4.810456 4.282271
v 3.671795 4.181425 4.334689
v 1.283207 -3.137301 6.243854
v 1.709936 -3.366334 6.276284
v 0.111086 -1.915510 6.163211
v 2.408871 5.376171 5.136652
v 1.729067 -2.820867 6.262590
v 1.552583 5.329394 3.187976
v -0.428142 -1.345138 6.114814
v -0.089629 -1.093173 6.130977
v -0.718883 2.960325 0.452587
v 0.267907 -1.461810 6.161448
v 2.053839 5.381528 4.026183
v 1.098072 -1.971150 6.223286
v 0.841437 -1.509679 6.168121
v 0.612158 -1.857718 6.196245
v 0.761702 -2.261162 6.222580
v 1.367807 -2.345845 6.246342
v 1.840763 -2.444352 6.266792
v 1.769641 -1.776410 6.236333
v 2.726525 -3.232061 2.383606
v 3.095294 -3.270294 2.940748
v 2.835133 -3.641398 3.106727
v 0.068949 -0.518330 6.107256
v 0.320723 -0.916771 6.145312
v 0.450527 -0.521225 6.155138
v 1.400496 -1.483497 6.212914
v 1.816346 -1.219041 6.226057
v -0.506262 -4.031606 1.740816
v -0.469200 -4.458934 2.268141
v -1.139693 -4.104349 1.873862
v 0.991393 -1.102880 6.186550
v 0.779399 -4.895042 3.495268
v 0.169906 -5.026326 3.470060
v 0.300459 -4.836143 3.060745
v 1.316784 -0.868202 6.199785
v 1.008617 -0.499059 6.163597
v 0.684892 -1.035796 6.175515
v -0.012223 4.025301 0.908787
v 1.060578 0.207107 6.138222
v 1.572831 -0.124474 6.181325
v 1.398124 0.276204 6.259648
v 0.240396 -0.032553 6.103293
v 2.521041 -1.391725 6.277142
v 2.222792 -1.926131 6.285883
v 0.916638 -5.037633 5.770154
v 1.073957 -4.852150 6.300791
v 0.512375 -5.174819 4.777497
v 2.380651 -3.010133 6.243515
v 2.662067 -1.917972 6.294562
v 2.326066 -2.305338 6.257685
v 1.254781 -4.990468 5.189412
v 1.544332 -4.877727 5.642767
v 1.255772 -4.888661 6.218982
v 1.865093 -4.748987 5.914710
v 2.107466 -4.672573 5.204020
v 2.410638 -4.479872 5.838757
v 1.635339 -4.864987 5.058836
v 3.263931 -3.871260 5.447251
v 2.706010 -4.318183 5.117979
v 2.995202 -4.058343 4.640370
v 2.781936 -4.242238 5.711626
v 1.748770 -4.066533 6.253662
v 1.700402 -4.652947 6.297847
v 2.111535 -3.579897 6.268536
v 2.475007 -4.322432 6.300235
v 2.093358 -4.569605 6.278770
v 2.859313 -4.108986 6.234799
v 2.313627 -4.256401 6.286393
v 3.168799 -3.915640 5.905254
v 2.612192 -3.805913 6.267134
v 3.078094 -3.870888 6.290025
v -2.858370 -2.318506 1.030469
v -2.927016 -2.742074 1.307171
v 0.826296 -5.088980 5.291836
v 0.971153 -5.071914 4.800873
v 1.307932 -4.922108 4.228380
v 2.380811 -4.372013 3.996171
v 2.779611 -4.058311 3.902296
v 1.922850 -4.712812 4.491338
v 2.417672 -4.478114 4.732526
v 0.799717 -5.040693 4.070261
v 0.273991 -5.143816 4.000379
v 2.140742 -4.262654 3.332758
v 1.433014 -4.691652 3.558291
v 1.430861 -4.497715 3.066116
v 1.797082 -4.672408 3.999843
v 1.914334 -4.074362 2.728690
v 2.689506 -3.947530 3.470186
v 2.392675 -3.907399 2.948338
v 2.827931 -3.227264 6.273301
v 3.522271 -3.117374 6.257166
v 3.143212 -2.804426 6.264977
v 3.165028 -3.468753 6.289546
v 2.761658 -2.500738 6.275239
v 2.461541 -2.727728 6.268079
v 3.280866 -2.459377 6.265658
v 3.122926 -2.137216 6.319560
v 3.095110 -1.749943 6.254337
v 3.550287 -1.930927 6.263517
v 3.387270 -3.599370 6.289702
v 3.513514 -3.575246 6.106228
v 3.714696 -3.287446 6.258299
v 3.859647 -2.452354 6.256454
v 3.892229 -3.038279 6.237270
v 4.105446 -2.712677 6.237091
v 4.325247 -2.302731 6.254789
v 4.048784 -1.943038 6.241342
v 3.951979 -3.098811 5.972526
v 3.621601 -3.514361 5.573011
v 3.524859 -3.604663 4.982502
v 3.965136 -3.131355 5.307750
v 3.376617 -3.654888 4.331009
v 3.828514 -3.196451 4.555841
v 4.332385 -2.575152 5.747666
v 1.006513 -3.020700 1.096774
v 1.612203 -2.816382 1.183937
v 1.264043 -3.442446 1.532600
v 4.187980 -2.816628 5.193999
v 4.336383 -2.473670 6.133605
v 4.163191 -2.534474 4.068922
v 3.798249 -2.990896 3.874841
v 4.661023 -1.861186 4.907324
v 4.457524 -2.364525 5.266387
v 4.347441 -2.442434 4.623620
v 4.063531 -2.906142 4.628662
v 3.261883 -3.583344 3.787756
v 3.578888 -3.038033 3.438615
v 3.404840 -2.851905 2.861495
v 3.697871 -2.538949 2.976411
v 3.990880 -2.382911 3.373970
v 3.876009 -2.088451 2.797919
v 4.648849 -1.828101 5.977747
v 4.593577 -1.785785 4.398378
v 4.216248 -1.624035 3.065190
v 4.350916 -2.044196 3.849367
v 3.932524 -1.371423 6.207582
v 4.452062 -2.169898 6.237074
v 0.780316 0.716579 6.082674
v 1.158347 0.972995 6.162383
v 1.030529 1.656952 6.154235
v 1.399187 2.155732 6.136019
v 1.611478 2.425130 6.167809
v 1.769884 1.865481 6.188658
v 1.514115 3.070933 6.184920
v 2.246307 2.992729 6.209656
v 1.862860 3.425179 6.189449
v 1.990866 3.812132 6.188613
v 2.398982 3.638253 6.188056
v 2.885160 4.427838 6.159977
v 2.783848 5.004795 6.162307
v 2.174704 4.169581 6.179445
v 2.440268 5.321196 5.932786
v 2.826005 5.086792 5.699156
v 1.883571 0.804105 6.195405
v 1.185525 0.499501 6.187730
v 2.203308 1.140935 6.202909
v 1.889166 1.280332 6.193068
v 1.434808 1.473819 6.181794
v 2.551273 0.879346 6.220675
v 2.888359 1.220145 6.217527
v 2.524284 1.527864 6.204626
v 3.000499 0.691758 6.239675
v 3.758344 0.658387 6.238873
v 3.607783 1.395622 6.227641
v 2.875614 3.069455 6.187503
v 2.069079 2.007821 6.197058
v 2.237416 2.577697 6.198934
v 3.151415 1.485531 6.250623
v 2.829095 1.967892 6.240233
v 3.460186 1.959595 6.231522
v 2.569501 2.374205 6.208666
v 3.111062 2.483974 6.227564
v 3.540172 2.524412 6.193923
v 3.452458 3.222368 6.185256
v 2.931747 3.720508 6.186602
v 3.968308 1.979120 6.228579
v 3.948652 2.675484 6.194314
v 3.297239 4.624066 6.162466
v 3.289603 4.724916 5.623917
v 2.990949 4.853244 6.168570
v 4.058932 3.928359 5.846228
v 3.589741 4.430020 5.956078
v 3.802949 4.098011 6.182447
v 3.783623 4.259529 5.550249
v 3.360440 4.291612 6.168229
v 3.607057 3.895730 6.166749
v 4.029471 3.815797 6.184111
v 3.953079 4.028286 4.968454
v 4.317026 3.605517 5.435946
v 4.329151 3.073893 6.172712
v 4.458532 3.392720 5.796265
v 4.217471 3.571191 6.189881
v 4.413127 3.310694 6.189844
v 4.236073 3.641717 4.858375
v 3.470124 4.536374 4.871493
v 4.844515 1.168917 6.206297
v 4.184815 1.527576 6.203341
v 4.412746 0.843787 6.214810
v 3.967898 1.010530 6.224177
v 5.002463 1.193534 6.240097
v 4.996534 0.674089 6.240552
v 5.078595 0.972590 6.035750
v 4.982489 1.593524 6.223404
v 5.087627 1.317401 5.867783
v 4.572270 2.560079 6.191494
v 5.021607 1.789912 6.117388
v 4.750278 2.045099 6.191999
v 4.919961 2.011339 6.227956
v 4.963817 2.160669 6.095719
v 4.845996 2.396366 6.215815
v 4.610058 3.163123 5.330518
v 4.611685 2.968198 6.199360
v 4.573872 3.116807 6.154192
v 4.867087 2.619394 5.885531
v 5.051177 1.845001 5.670925
v 4.980743 2.233860 5.642185
v 4.879035 2.532117 5.112449
v 4.676836 2.878192 4.737533
v 4.421370 3.313266 4.679360
v 4.459624 3.028388 4.210495
v 4.069951 3.655123 4.203019
v 2.963956 4.995469 5.087904
v 3.544145 3.953303 3.516657
v 0.775417 0.517473 5.929657
v 0.302443 0.662340 5.928990
v 0.529812 0.357518 6.033558
v 2.396289 -3.620474 2.516020
v 1.475652 -0.566511 6.200812
v 1.180979 -0.180500 6.197008
v 1.885388 -0.688845 6.226392
v 0.727269 -0.147242 6.149227
v -2.432958 -0.189975 0.220808
v -2.676900 -0.695105 0.363330
v 1.765020 0.458740 6.212467
v 1.965825 -0.121470 6.131353
v 2.258999 0.391579 6.225797
v 2.454118 0.047604 6.192891
v 3.569536 -0.030656 6.250012
v 3.196486 0.350537 6.242951
v 2.982324 0.007972 6.228045
v 2.363235 -0.804918 6.258825
v 2.796927 -0.380399 6.150879
v 2.908166 -1.015690 6.275038
v 3.235939 -0.337431 6.217105
v 3.399574 -1.306706 6.265437
v 3.338139 -0.864586 6.244065
v 3.669143 -0.605401 6.203881
v 3.836117 0.245760 6.228871
v 4.209004 0.360855 6.218532
v 4.161415 -0.642923 6.224482
v 4.252159 -1.269876 6.221886
v 4.523233 -0.175869 6.233452
v 3.930832 -0.353002 6.220539
v 4.698752 -0.820929 6.233738
v 4.922765 -0.640512 6.170860
v 5.060760 0.105470 5.754473
v 4.990555 0.210737 6.231725
v 4.909571 -0.329950 6.264469
v 4.893591 0.260137 6.221890
v 4.833730 -0.380407 6.231355
v 4.950458 -0.773802 5.742007
v 5.027396 -0.282177 5.527286
v 4.825285 -1.264820 5.940578
v 4.785791 -1.550489 5.428768
v 4.814109 -0.873417 6.262624
v 4.685893 -1.450353 6.252583
v 4.561253 -1.479026 6.231283
v 4.331658 -1.781051 6.234064
v 4.972192 -0.433107 4.590935
v 5.040183 0.284920 4.645164
v 5.027648 -0.264805 5.122106
v 4.969528 -0.736844 5.160981
v 4.955643 0.092232 4.128054
v 4.846799 -0.592471 4.076016
v 4.774162 -1.309619 4.503990
v 4.736180 -1.163196 4.138400
v 4.609931 -0.944925 3.528225
v 4.480062 -1.475784 3.605571
v 4.610073 -2.033127 5.506351
v 4.887552 -1.092386 4.905732
v 5.084725 0.289188 5.229253
v 5.106815 0.822420 5.567977
v 5.066368 0.523942 6.025665
v 5.049050 0.783416 4.753623
v 5.084795 0.970321 5.130347
v 4.984431 0.771257 4.200356
v 5.073683 1.545101 5.235154
v 5.040935 1.313081 4.835222
v 4.975039 1.491246 4.395260
v 4.812346 2.408698 4.511432
v 4.986882 1.958857 4.825068
v 4.974251 2.213677 5.238860
v 4.914046 2.012858 4.467540
v 4.673260 2.485391 4.071126
v 4.874162 0.930299 3.745999
v 4.888647 0.418265 3.761174
v 4.363457 -0.897671 2.879728
v 4.653100 -0.338992 3.269736
v 4.781155 -0.272501 3.610151
v 4.830491 1.940463 4.034717
v 4.758745 0.376447 3.328852
v 4.674640 0.890960 3.139890
v -0.332787 -5.149628 3.681904
v -1.546239 -4.925840 3.262617
v -0.825596 -4.995883 3.207497
v -1.995003 -4.913008 3.559207
v -2.470100 -4.719976 3.543244
v -2.489642 -4.423673 2.904668
v -2.072826 -4.665111 3.040420
v -1.817471 -4.477001 2.540970
v -1.392495 -4.735716 2.808246
v -2.842616 -4.636284 3.811111
v -0.732445 -4.686008 2.598993
v -1.150316 -4.438938 2.289833
v -1.764821 -4.157719 2.092679
v -2.283172 -4.118055 2.278374
v -2.759144 -3.825256 2.175725
v -2.712616 -4.141862 2.594091
v 1.563515 -3.565258 1.814180
v 1.099539 -3.841042 1.872576
v -0.995906 -3.699459 1.422194
v -2.988056 -3.473816 1.933306
v -2.257917 -3.701419 1.766941
v -2.337112 -2.889597 1.119315
v -1.953021 -3.075052 1.116080
v -2.326752 -3.322348 1.435164
v -1.733472 -3.699543 1.570402
v -1.610474 -3.371546 1.260567
v -1.637930 -2.713575 0.810778
v -2.019463 -1.489565 0.402411
v -1.738815 -2.119942 0.568145
v -2.399868 -2.099589 0.732252
v -1.338447 -2.306810 0.569916
v -2.395104 -1.087583 0.375372
v -1.251718 -1.752116 0.358801
v -0.852596 -2.781760 0.738041
v -1.248124 -3.156705 1.018566
v -0.667189 -2.400854 0.533099
v -0.671986 -3.147029 0.953121
v -0.513839 -3.608125 1.322672
v -1.493932 -1.195628 0.242418
v -0.529849 -1.808045 0.321686
v -0.328881 -2.137282 0.420756
v -0.671914 -1.517089 0.250341
v -1.072697 -1.520752 0.269976
v -1.309038 -0.192302 0.069987
v -1.613423 -0.037353 0.071287
v -1.302796 0.396509 0.045717
v -0.742058 0.564858 0.078247
v -1.300318 1.004072 0.048664
v -1.726424 0.715260 0.064257
v -2.183220 0.533055 0.131043
v -2.020122 0.082332 0.108766
v -0.699830 0.047636 0.095025
v -1.924706 -0.652570 0.184894
v -1.011631 -0.458640 0.091898
v -0.815856 -1.175894 0.187191
v -0.272314 -0.283934 0.153208
v -0.672188 -0.727520 0.145183
v -0.304221 -0.998743 0.188290
v 0.146495 -0.868357 0.223647
v -0.066293 -1.465464 0.255798
v 0.280898 -0.180499 0.216707
v -0.168202 0.703573 0.137624
v 0.175975 0.439623 0.195041
v 0.438013 -4.515709 2.523240
v 0.757653 -4.716386 3.031583
v -0.098026 -3.911222 1.626255
v 0.409680 -4.244124 2.116618
v -0.236877 -4.300179 2.065926
v -0.354868 -4.871233 2.954719
v 0.171761 -4.617324 2.603891
v 0.111671 -4.473040 2.367925
v 0.944160 -4.452059 2.629185
v 1.466784 -4.103275 2.410719
v 1.841367 -3.757071 2.211637
v 0.929827 -4.150876 2.177690
v 2.147917 -3.321760 1.936739
v 3.069958 -2.789152 2.311493
v 0.486208 -3.769188 1.575519
v 0.850608 -3.564149 1.490398
v 1.835415 -3.036522 1.468588
v 2.672974 -2.801453 1.879147
v 2.313729 -2.896040 1.655807
v -0.047223 -2.272505 0.481890
v 0.047227 -2.682298 0.673965
v -0.147951 -3.093978 0.915670
v 0.521056 -3.230099 1.115448
v 0.573743 -2.874906 0.881007
v 0.036414 -3.494150 1.243906
v 0.326900 -3.040413 0.933547
v 0.825182 -2.439853 0.685552
v 0.439282 -2.241477 0.520391
v -0.038207 -1.915348 0.363371
v 0.722311 -1.781273 0.419040
v 0.693694 -1.229648 0.315528
v 1.278076 -1.140191 0.422188
v 1.001510 -0.417602 0.325055
v 1.817117 -0.743327 0.535311
v 1.265917 -1.963458 0.612240
v 1.727895 -2.069724 0.807276
v 1.900712 -1.505334 0.690894
v 1.254295 -2.547379 0.876383
v 3.360036 -2.304064 2.221093
v 3.107124 -2.180814 1.827328
v 3.608286 -1.853130 2.185331
v 2.329137 -1.739933 0.966776
v 2.656117 -1.706864 1.173218
v 2.576720 -2.037216 1.285533
v 2.786120 -2.295041 1.597863
v 2.816813 -2.062635 1.481555
v 3.201432 -1.701488 1.616760
v 2.069522 -2.580989 1.245739
v 2.454278 -2.486785 1.439901
v 3.987763 -1.434014 2.478286
v 2.757264 -0.956226 0.988230
v 2.989069 -1.316832 1.252399
v 2.559863 -0.482099 0.792129
v -1.234920 2.117092 0.286031
v -0.833609 1.848182 0.159771
v -0.773565 2.514205 0.310677
v -0.201881 3.006215 0.385153
v 3.678992 -0.559581 1.663654
v 3.879455 -0.194959 1.818723
v 4.146098 -0.414649 2.261727
v 4.172685 -0.761380 2.450328
v 3.863106 -0.972751 2.053323
v 3.606884 -1.170119 1.791677
v 3.796670 0.201628 1.654083
v 4.084548 0.400348 1.997062
v 4.261136 0.040735 2.312732
v 4.548871 0.345978 2.812477
v 4.491419 -0.215159 2.834484
v 3.171289 -0.897666 1.258578
v 3.538357 -0.222667 1.435777
v 3.200463 -0.157767 1.140669
v 3.221303 0.481119 1.084178
v 2.990399 0.080968 0.970194
v 3.945746 0.797810 1.813807
v 3.630824 0.846320 1.461157
v 4.236203 0.775282 2.237129
v 4.109580 1.321676 2.149773
v 4.482261 0.935459 2.712147
v 0.756552 0.461267 0.305765
v 0.247655 1.106597 0.166177
v 0.984126 0.869721 0.293470
v 0.508430 1.607006 0.195084
v 1.419299 1.295031 0.335472
v -0.712332 1.238646 0.080516
v -0.347246 2.066048 0.165995
v 0.082253 1.830569 0.160693
v 0.769911 2.054519 0.240516
v 1.305546 2.168597 0.356860
v 0.300032 2.632843 0.267774
v 0.878628 2.779262 0.380885
v 1.638674 -0.005264 0.436424
v 2.396676 0.304571 0.650366
v 2.078986 0.759112 0.523364
v 2.329550 -0.140151 0.654072
v 2.283847 1.718408 0.643588
v 1.756236 1.798964 0.433992
v 3.158659 1.148539 1.105547
v 2.705533 1.348590 0.823045
v 2.746181 0.669204 0.805674
v 2.068748 2.400090 0.668986
v 2.784140 2.154240 1.042812
v 3.459717 1.477879 1.415353
v 1.531599 2.766383 0.572986
v 0.269291 3.409408 0.542585
v 0.304657 4.008318 0.911175
v 0.845408 4.376332 1.347649
v 2.035664 5.101844 3.279326
v 1.764879 4.949940 2.713137
v 1.181308 4.742006 1.938771
v 4.376284 1.640641 2.708895
v 4.360359 2.024974 2.898936
v 3.971565 1.676379 2.079846
v 4.069762 1.926201 2.343587
v 3.737153 2.200532 2.027705
v 3.906124 2.489869 2.442385
v 4.138616 2.218179 2.622322
v 3.491508 1.894747 1.596331
v 3.251786 2.145777 1.441203
v 3.779643 1.821038 1.892833
v 3.154336 2.477777 1.503980
v 3.504844 2.882616 2.175046
v 3.129435 2.949003 1.780268
v 2.439921 5.083128 3.858770
v 2.717290 4.778959 3.618474
v 2.670816 5.131072 4.547886
v 2.360473 4.695773 2.961748
v 2.779456 4.368474 2.960329
v 3.158138 4.132488 3.139369
v 1.987942 4.642272 2.455101
v 2.684775 3.893054 2.208002
v 2.375200 4.320693 2.410979
v 2.931864 3.989936 2.620124
v 3.830245 3.006515 2.780592
v 3.481849 3.563557 2.829923
v 4.191257 2.793260 3.225655
v 4.251929 2.509643 3.076853
v 3.099436 3.426744 2.182314
v 2.749039 2.721429 1.259735
v 2.815043 3.305159 1.741972
v 2.503558 3.288251 1.440865
v 2.189188 3.051000 1.032091
v 1.909693 3.388447 1.074051
v 2.203503 3.737819 1.569141
v 2.549500 3.673811 1.815823
v 1.552441 3.316537 0.841904
v 1.654245 4.425143 1.851091
v 1.542111 4.087518 1.392640
v 2.138528 4.135807 1.923345
v 1.037688 3.334310 0.646331
v 0.724697 3.909611 0.916998
v 1.149702 3.912839 1.053301
v 1.360923 3.581947 0.911844
v 1.651487 3.747477 1.176008
v 0.496560 3.586203 0.663571
v -4.377714 4.678998 6.016873
vt 0.132727 0.402424
vt 0.150070 0.386045
vt 0.151040 0.401644
vt 0.519922 0.535723
vt 0.531162 0.527292
vt 0.525934 0.542894
vt 0.503990 0.555609
vt 0.119531 0.394903
vt 0.100758 0.403819
vt 0.505490 0.567570
vt 0.541624 0.565946
vt 0.106102 0.372612
vt 0.519119 0.582271
vt 0.170045 0.360286
vt 0.138540 0.365929
vt 0.166446 0.397315
vt 0.065777 0.407047
vt 0.048992 0.407483
vt 0.072142 0.382367
vt 0.499210 0.595269
vt 0.490887 0.574706
vt 0.481752 0.589901
vt 0.481195 0.601273
vt 0.473415 0.605324
vt 0.496215 0.620438
vt 0.189601 0.371810
vt 0.183015 0.395164
vt 0.195105 0.350370
vt 0.118007 0.345104
vt 0.080290 0.405853
vt 0.037468 0.373985
vt 0.160357 0.345894
vt 0.547103 0.539793
vt 0.570581 0.538695
vt 0.559385 0.518624
vt 0.568463 0.576171
vt 0.548354 0.589529
vt 0.541060 0.605278
vt 0.204445 0.392040
vt 0.573788 0.503569
vt 0.556598 0.505511
vt 0.571064 0.492529
vt 0.213471 0.372463
vt 0.227324 0.387031
vt 0.589467 0.484725
vt 0.551162 0.510599
vt 0.601287 0.531783
vt 0.586764 0.559544
vt 0.594582 0.587508
vt 0.594699 0.513237
vt 0.241792 0.369483
vt 0.262471 0.377435
vt 0.248079 0.381183
vt 0.605684 0.482090
vt 0.609596 0.473940
vt 0.229930 0.325434
vt 0.226595 0.347603
vt 0.192008 0.327726
vt 0.621976 0.509753
vt 0.254293 0.335864
vt 0.272562 0.354857
vt 0.278829 0.372472
vt 0.619622 0.470098
vt 0.629847 0.482087
vt 0.282444 0.326273
vt 0.249288 0.306201
vt 0.274479 0.293585
vt 0.254853 0.276489
vt 0.219420 0.306077
vt 0.231210 0.274122
vt 0.612056 0.553288
vt 0.637603 0.466307
vt 0.647830 0.477895
vt 0.674674 0.482871
vt 0.657882 0.461393
vt 0.653580 0.495269
vt 0.329082 0.333540
vt 0.333604 0.351148
vt 0.320298 0.357740
vt 0.678211 0.459612
vt 0.687757 0.457620
vt 0.302665 0.364328
vt 0.299161 0.341622
vt 0.307477 0.317258
vt 0.294380 0.299069
vt 0.635925 0.522666
vt 0.664814 0.518868
vt 0.647765 0.536772
vt 0.632739 0.547689
vt 0.699051 0.509031
vt 0.691578 0.525321
vt 0.700951 0.472117
vt 0.709330 0.486930
vt 0.670769 0.549460
vt 0.612475 0.576350
vt 0.657457 0.558876
vt 0.648192 0.573077
vt 0.712228 0.533015
vt 0.692001 0.548444
vt 0.630724 0.579153
vt 0.672539 0.578925
vt 0.713935 0.552597
vt 0.693797 0.573814
vt 0.476333 0.655125
vt 0.512666 0.643799
vt 0.499301 0.668451
vt 0.476210 0.630839
vt 0.520233 0.617928
vt 0.536406 0.631497
vt 0.535857 0.662017
vt 0.529394 0.682004
vt 0.494905 0.684115
vt 0.520683 0.704320
vt 0.500106 0.699600
vt 0.500838 0.720970
vt 0.479355 0.705832
vt 0.459258 0.684070
vt 0.481998 0.729975
vt 0.448445 0.688339
vt 0.449922 0.676916
vt 0.414031 0.661218
vt 0.402196 0.668389
vt 0.403929 0.657476
vt 0.453505 0.666708
vt 0.393377 0.672151
vt 0.455391 0.654856
vt 0.462327 0.636201
vt 0.010206 0.407777
vt 0.029652 0.395005
vt 0.027318 0.409930
vt 0.012278 0.412664
vt 0.465820 0.624557
vt 0.425042 0.650415
vt 0.423668 0.657677
vt 0.448380 0.703963
vt 0.453742 0.734255
vt 0.501450 0.744053
vt 0.457337 0.769149
vt 0.557990 0.651230
vt 0.537390 0.727348
vt 0.523137 0.736336
vt 0.548588 0.704720
vt 0.562517 0.691126
vt 0.558205 0.668863
vt 0.580894 0.679065
vt 0.573077 0.709887
vt 0.558347 0.731265
vt 0.585746 0.663426
vt 0.566144 0.633755
vt 0.591998 0.645553
vt 0.614305 0.664771
vt 0.609695 0.685825
vt 0.591289 0.718641
vt 0.587477 0.701441
vt 0.608236 0.705269
vt 0.628327 0.700931
vt 0.574171 0.731475
vt 0.564505 0.745546
vt 0.617648 0.724340
vt 0.589454 0.737356
vt 0.555807 0.615068
vt 0.617494 0.608451
vt 0.591917 0.622109
vt 0.574844 0.613483
vt 0.572538 0.595549
vt 0.615501 0.636574
vt 0.677445 0.598476
vt 0.659979 0.607124
vt 0.649901 0.592147
vt 0.681642 0.619651
vt 0.659834 0.629611
vt 0.637028 0.612713
vt 0.636632 0.639649
vt 0.712493 0.578521
vt 0.696189 0.599990
vt 0.708180 0.617413
vt 0.725848 0.596639
vt 0.658818 0.650576
vt 0.694636 0.633276
vt 0.635822 0.658849
vt 0.635570 0.681451
vt 0.681630 0.657992
vt 0.696913 0.683006
vt 0.674106 0.686143
vt 0.680194 0.675265
vt 0.652893 0.675132
vt 0.653146 0.704520
vt 0.674297 0.705267
vt 0.710801 0.643859
vt 0.727728 0.636583
vt 0.697724 0.651568
vt 0.712083 0.672460
vt 0.728146 0.661070
vt 0.740186 0.673292
vt 0.721587 0.692420
vt 0.807159 0.569963
vt 0.827025 0.589059
vt 0.795309 0.594449
vt 0.643378 0.725596
vt 0.690858 0.708853
vt 0.670557 0.714725
vt 0.706406 0.691692
vt 0.705026 0.716546
vt 0.346548 0.817011
vt 0.370759 0.834500
vt 0.354054 0.851721
vt 0.029030 0.485436
vt 0.014073 0.465315
vt 0.040067 0.463250
vt 0.738764 0.611266
vt 0.588211 0.936485
vt 0.610029 0.925518
vt 0.608992 0.951728
vt 0.041588 0.749746
vt 0.065863 0.746865
vt 0.062349 0.757261
vt 0.587010 0.946751
vt 0.618220 0.965917
vt 0.035744 0.759916
vt 0.746068 0.785530
vt 0.771376 0.811226
vt 0.744282 0.818653
vt 0.765713 0.829416
vt 0.726432 0.807213
vt 0.730248 0.845756
vt 0.753464 0.841250
vt 0.675853 0.864742
vt 0.700315 0.883497
vt 0.674103 0.882604
vt 0.657272 0.875471
vt 0.651904 0.892887
vt 0.678933 0.906303
vt 0.741090 0.866872
vt 0.769643 0.857970
vt 0.752404 0.885250
vt 0.696327 0.849860
vt 0.712520 0.829895
vt 0.718704 0.869296
vt 0.728925 0.895554
vt 0.770440 0.887329
vt 0.631439 0.931526
vt 0.653390 0.940456
vt 0.637096 0.914020
vt 0.637883 0.966730
vt 0.657837 0.917863
vt 0.668846 0.972603
vt 0.453047 0.974949
vt 0.421015 0.961070
vt 0.456620 0.949780
vt 0.655669 0.980335
vt 0.635628 0.974303
vt 0.490728 0.960063
vt 0.490849 0.968811
vt 0.477420 0.961888
vt 0.472148 0.972771
vt 0.673611 0.941515
vt 0.697908 0.937632
vt 0.687703 0.969442
vt 0.719331 0.961527
vt 0.681162 0.985857
vt 0.419023 0.979353
vt 0.436673 0.978710
vt 0.669118 0.983608
vt 0.714528 0.915461
vt 0.414424 0.926291
vt 0.395368 0.952662
vt 0.709569 0.983593
vt 0.384640 0.974091
vt 0.728216 0.932840
vt 0.741017 0.944740
vt 0.392834 0.985859
vt 0.386161 0.987308
vt 0.720470 0.982209
vt 0.358007 0.989754
vt 0.362430 0.970733
vt 0.746879 0.973871
vt 0.741543 0.982360
vt 0.391432 0.927343
vt 0.370526 0.938452
vt 0.440381 0.927711
vt 0.488981 0.943226
vt 0.753300 0.915833
vt 0.774966 0.912673
vt 0.771325 0.935532
vt 0.769832 0.966638
vt 0.798513 0.946159
vt 0.764229 0.978359
vt 0.326288 0.982768
vt 0.780393 0.974425
vt 0.795973 0.966024
vt 0.333854 0.991582
vt 0.315964 0.992541
vt 0.321900 0.952239
vt 0.344192 0.947947
vt 0.353667 0.916158
vt 0.328291 0.920621
vt 0.613809 0.904977
vt 0.621811 0.887111
vt 0.574129 0.773931
vt 0.570939 0.792128
vt 0.552332 0.767150
vt 0.592972 0.774573
vt 0.536618 0.756041
vt 0.516888 0.764762
vt 0.543040 0.781186
vt 0.527941 0.790893
vt 0.579866 0.750746
vt 0.594644 0.755985
vt 0.617219 0.747912
vt 0.614519 0.774241
vt 0.637483 0.744670
vt 0.636204 0.766307
vt 0.655983 0.755163
vt 0.599337 0.792477
vt 0.595725 0.814199
vt 0.579718 0.826369
vt 0.556650 0.803903
vt 0.558500 0.833070
vt 0.624899 0.790897
vt 0.628442 0.815771
vt 0.506732 0.795252
vt 0.490404 0.773846
vt 0.637198 0.833899
vt 0.615588 0.855426
vt 0.616080 0.835275
vt 0.637773 0.873155
vt 0.652607 0.852622
vt 0.669436 0.799203
vt 0.660910 0.825478
vt 0.647762 0.792826
vt 0.665906 0.773765
vt 0.670312 0.846834
vt 0.679572 0.735963
vt 0.699201 0.758876
vt 0.709127 0.735587
vt 0.737454 0.713532
vt 0.685898 0.781497
vt 0.539152 0.834003
vt 0.553801 0.869017
vt 0.527387 0.854237
vt 0.591746 0.845407
vt 0.571429 0.864017
vt 0.536863 0.815051
vt 0.502168 0.817455
vt 0.469051 0.801396
vt 0.500732 0.853531
vt 0.535784 0.887801
vt 0.506051 0.876468
vt 0.522216 0.894284
vt 0.587315 0.865353
vt 0.573504 0.893414
vt 0.597698 0.886758
vt 0.569556 0.923390
vt 0.541534 0.908318
vt 0.562218 0.928483
vt 0.542361 0.911195
vt 0.109319 0.739501
vt 0.120868 0.753275
vt 0.092703 0.755178
vt 0.753141 0.719602
vt 0.742639 0.738460
vt 0.725364 0.746028
vt 0.717497 0.778835
vt 0.742674 0.762035
vt 0.760064 0.761987
vt 0.703348 0.797366
vt 0.688946 0.806794
vt 0.685442 0.826631
vt 0.305743 0.918585
vt 0.739186 0.696915
vt 0.444522 0.734742
vt 0.446830 0.754024
vt 0.331777 0.665359
vt 0.355295 0.683535
vt 0.315129 0.687088
vt 0.071976 0.322793
vt 0.087071 0.348621
vt 0.056996 0.353103
vt 0.106559 0.315681
vt 0.043905 0.248704
vt 0.063792 0.278173
vt 0.040190 0.288164
vt 0.077394 0.300043
vt 0.092203 0.268327
vt 0.041061 0.334527
vt 0.122463 0.315112
vt 0.083913 0.244233
vt 0.049475 0.226539
vt 0.108837 0.284701
vt 0.023345 0.338292
vt 0.010624 0.347632
vt 0.006764 0.363013
vt 0.013156 0.391215
vt 0.019796 0.259682
vt 0.023966 0.234868
vt 0.011123 0.285668
vt 0.023252 0.310553
vt 0.009380 0.306134
vt 0.001379 0.328978
vt 0.362709 0.520458
vt 0.336440 0.539164
vt 0.333732 0.512156
vt 0.385995 0.583183
vt 0.353126 0.590091
vt 0.370850 0.566164
vt 0.383452 0.608049
vt 0.366992 0.544657
vt 0.345277 0.557635
vt 0.400862 0.597106
vt 0.322259 0.488563
vt 0.347327 0.490729
vt 0.357142 0.503050
vt 0.029716 0.206371
vt 0.398742 0.627165
vt 0.382424 0.645442
vt 0.323768 0.610141
vt 0.360034 0.619930
vt 0.360311 0.653901
vt 0.302513 0.658992
vt 0.321565 0.637653
vt 0.291514 0.632100
vt 0.287384 0.599139
vt 0.326724 0.568579
vt 0.264307 0.672636
vt 0.277800 0.653449
vt 0.270203 0.620557
vt 0.286658 0.536802
vt 0.299835 0.508986
vt 0.304191 0.558277
vt 0.290301 0.485177
vt 0.263142 0.510119
vt 0.244174 0.531996
vt 0.266424 0.554699
vt 0.302817 0.577161
vt 0.264274 0.580370
vt 0.237874 0.489472
vt 0.316282 0.707496
vt 0.300202 0.706288
vt 0.175486 0.280240
vt 0.146660 0.287673
vt 0.155963 0.262110
vt 0.167871 0.300982
vt 0.137610 0.310318
vt 0.129512 0.266888
vt 0.210683 0.246618
vt 0.200198 0.269740
vt 0.182029 0.251176
vt 0.229470 0.216187
vt 0.231085 0.243182
vt 0.200077 0.296549
vt 0.171091 0.195260
vt 0.169421 0.221515
vt 0.151490 0.227728
vt 0.195178 0.226183
vt 0.199315 0.166737
vt 0.204436 0.203881
vt 0.140196 0.245090
vt 0.090946 0.217235
vt 0.070481 0.209323
vt 0.113405 0.247836
vt 0.111224 0.191749
vt 0.116685 0.220523
vt 0.155854 0.173757
vt 0.178330 0.168687
vt 0.135225 0.197227
vt 0.056949 0.190988
vt 0.080048 0.180743
vt 0.138419 0.164146
vt 0.107520 0.166953
vt 0.040034 0.170883
vt 0.062649 0.148381
vt 0.019166 0.187484
vt 0.019882 0.166618
vt 0.031401 0.144473
vt 0.097941 0.142841
vt 0.085617 0.121676
vt 0.055131 0.119323
vt 0.074406 0.097206
vt 0.119244 0.100190
vt 0.093816 0.076837
vt 0.131110 0.144913
vt 0.120099 0.124057
vt 0.153126 0.139493
vt 0.151465 0.100317
vt 0.315880 0.472483
vt 0.299602 0.461859
vt 0.029323 0.124131
vt 0.255411 0.434165
vt 0.254212 0.462832
vt 0.232108 0.443492
vt 0.223328 0.467901
vt 0.275955 0.471496
vt 0.273122 0.445453
vt 0.292136 0.453025
vt 0.031135 0.101763
vt 0.038711 0.086953
vt 0.079588 0.033119
vt 0.073650 0.056267
vt 0.051327 0.035241
vt 0.051822 0.073761
vt 0.039743 0.046727
vt 0.021287 0.088329
vt 0.026382 0.073181
vt 0.204680 0.452705
vt 0.221041 0.427456
vt 0.206624 0.421335
vt 0.191829 0.420505
vt 0.028737 0.056326
vt 0.192343 0.485467
vt 0.219738 0.511961
vt 0.030675 0.024938
vt 0.043726 0.014920
vt 0.065332 0.014053
vt 0.031245 0.007466
vt 0.176305 0.446516
vt 0.256214 0.237127
vt 0.456927 0.794442
vt 0.449506 0.769175
vt 0.476224 0.832050
vt 0.465864 0.818135
vt 0.231522 0.736482
vt 0.206975 0.740658
vt 0.214321 0.727414
vt 0.270310 0.701201
vt 0.281644 0.720607
vt 0.254986 0.728923
vt 0.238712 0.724962
vt 0.234339 0.694437
vt 0.202094 0.633654
vt 0.244560 0.650055
vt 0.216136 0.665611
vt 0.250441 0.613198
vt 0.231951 0.625585
vt 0.233932 0.571776
vt 0.216220 0.605209
vt 0.164717 0.667735
vt 0.185822 0.656688
vt 0.201322 0.688238
vt 0.191420 0.706561
vt 0.166419 0.722307
vt 0.166040 0.697998
vt 0.182271 0.736841
vt 0.136310 0.697858
vt 0.164611 0.640171
vt 0.181125 0.549435
vt 0.210276 0.548530
vt 0.210408 0.567785
vt 0.193663 0.583037
vt 0.172259 0.609784
vt 0.130104 0.627377
vt 0.158349 0.593733
vt 0.156112 0.571262
vt 0.132542 0.596977
vt 0.097477 0.613511
vt 0.133454 0.662827
vt 0.113331 0.644815
vt 0.189052 0.515881
vt 0.157804 0.535512
vt 0.104735 0.583819
vt 0.132803 0.569288
vt 0.149748 0.475661
vt 0.159025 0.503309
vt 0.129137 0.518307
vt 0.116275 0.479522
vt 0.153909 0.439684
vt 0.125785 0.456081
vt 0.082491 0.530084
vt 0.105094 0.539804
vt 0.083415 0.562095
vt 0.103670 0.504319
vt 0.116316 0.556547
vt 0.090728 0.487560
vt 0.067065 0.511615
vt 0.064951 0.483253
vt 0.718975 0.152997
vt 0.685792 0.143088
vt 0.700066 0.127014
vt 0.153475 0.409906
vt 0.171709 0.417896
vt 0.688714 0.161546
vt 0.140535 0.425199
vt 0.129385 0.434817
vt 0.683809 0.134074
vt 0.116235 0.430668
vt 0.102556 0.441668
vt 0.720507 0.106983
vt 0.696056 0.108142
vt 0.082573 0.459108
vt 0.083820 0.437468
vt 0.070909 0.441129
vt 0.045164 0.509047
vt 0.047869 0.453404
vt 0.102695 0.671737
vt 0.085650 0.635233
vt 0.116116 0.703591
vt 0.090217 0.719184
vt 0.082106 0.687756
vt 0.139399 0.736281
vt 0.054995 0.677177
vt 0.076494 0.650931
vt 0.054376 0.649280
vt 0.074455 0.587042
vt 0.063761 0.624441
vt 0.048129 0.561803
vt 0.042018 0.532031
vt 0.039434 0.615629
vt 0.034066 0.591462
vt 0.026970 0.551739
vt 0.013102 0.571449
vt 0.061414 0.716202
vt 0.034806 0.696637
vt 0.035953 0.713970
vt 0.038072 0.662914
vt 0.024565 0.680502
vt 0.025976 0.653495
vt 0.485829 0.903383
vt 0.485686 0.920449
vt 0.466441 0.922240
vt 0.475590 0.872593
vt 0.479924 0.896159
vt 0.455741 0.881561
vt 0.438427 0.902813
vt 0.450746 0.833521
vt 0.457796 0.853671
vt 0.437257 0.845027
vt 0.425881 0.874059
vt 0.467776 0.860279
vt 0.403187 0.898151
vt 0.020228 0.639373
vt 0.012117 0.631208
vt 0.017576 0.613435
vt 0.007245 0.590469
vt 0.456396 0.822361
vt 0.439548 0.814237
vt 0.415572 0.810846
vt 0.007904 0.619492
vt 0.023060 0.509262
vt 0.017548 0.524350
vt 0.016957 0.539154
vt 0.427958 0.781500
vt 0.416534 0.766845
vt 0.427822 0.766931
vt 0.397222 0.778805
vt 0.011815 0.553878
vt 0.385084 0.806343
vt 0.003874 0.487013
vt 0.409574 0.737316
vt 0.399761 0.751671
vt 0.387895 0.727939
vt 0.414926 0.749932
vt 0.371248 0.744062
vt 0.368419 0.775942
vt 0.007328 0.531178
vt 0.441658 0.788899
vt 0.381662 0.854070
vt 0.405686 0.838517
vt 0.402396 0.863488
vt 0.369393 0.880961
vt 0.376413 0.904360
vt 0.342157 0.895570
vt 0.333407 0.869765
vt 0.382251 0.677548
vt 0.339809 0.698681
vt 0.012359 0.197914
vt 0.303247 0.713965
vt 0.139300 0.339266
vt 0.168746 0.746129
vt 0.686805 0.176690
vt 0.704903 0.178741
vt 0.377158 0.292695
vt 0.388469 0.312011
vt 0.361704 0.317461
vt 0.359073 0.285498
vt 0.399280 0.292876
vt 0.400418 0.024971
vt 0.374827 0.023832
vt 0.379781 0.014663
vt 0.385155 0.036441
vt 0.370080 0.043738
vt 0.351310 0.044470
vt 0.357569 0.049126
vt 0.393217 0.277003
vt 0.393703 0.011263
vt 0.400047 0.056883
vt 0.370218 0.074689
vt 0.393805 0.259510
vt 0.381212 0.252611
vt 0.338324 0.234535
vt 0.358272 0.251841
vt 0.341444 0.269358
vt 0.315755 0.283596
vt 0.294730 0.270428
vt 0.320455 0.252637
vt 0.359964 0.214398
vt 0.333557 0.298159
vt 0.387603 0.218313
vt 0.394948 0.231653
vt 0.427883 0.013108
vt 0.432231 0.034336
vt 0.415677 0.016092
vt 0.402199 0.011036
vt 0.749968 0.459844
vt 0.775793 0.475072
vt 0.745184 0.490842
vt 0.376989 0.334902
vt 0.396041 0.323934
vt 0.351141 0.345458
vt 0.724303 0.511273
vt 0.730410 0.458714
vt 0.702826 0.457114
vt 0.800861 0.469006
vt 0.800109 0.480198
vt 0.783256 0.466334
vt 0.406248 0.322737
vt 0.407826 0.307942
vt 0.346504 0.031966
vt 0.357169 0.017961
vt 0.341240 0.015404
vt 0.763320 0.460352
vt 0.355875 0.069433
vt 0.817898 0.473711
vt 0.156451 0.323734
vt 0.826090 0.489941
vt 0.765409 0.508246
vt 0.777649 0.530684
vt 0.753072 0.532426
vt 0.739229 0.516573
vt 0.732844 0.537687
vt 0.806171 0.516748
vt 0.795153 0.534414
vt 0.830249 0.515999
vt 0.362530 0.092462
vt 0.852479 0.505059
vt 0.839792 0.483603
vt 0.759908 0.558154
vt 0.784883 0.555355
vt 0.733969 0.566237
vt 0.752908 0.579079
vt 0.812259 0.540026
vt 0.841597 0.539889
vt 0.827198 0.558914
vt 0.847795 0.526886
vt 0.790646 0.577984
vt 0.775755 0.570019
vt 0.769330 0.589995
vt 0.179895 0.848174
vt 0.192672 0.867420
vt 0.158442 0.862651
vt 0.697736 0.387311
vt 0.695060 0.395159
vt 0.687566 0.403095
vt 0.674534 0.365733
vt 0.663494 0.388025
vt 0.748785 0.592822
vt 0.759704 0.617835
vt 0.243155 0.874262
vt 0.260540 0.901263
vt 0.218384 0.899871
vt 0.843445 0.572289
vt 0.865430 0.566692
vt 0.776453 0.614804
vt 0.296816 0.943525
vt 0.860366 0.591688
vt 0.330303 0.849634
vt 0.745479 0.634707
vt 0.758218 0.649983
vt 0.056663 0.439012
vt 0.778568 0.637134
vt 0.311383 0.890893
vt 0.822079 0.623377
vt 0.805298 0.641560
vt 0.798742 0.623001
vt 0.809966 0.606337
vt 0.838560 0.609241
vt 0.861291 0.610117
vt 0.850467 0.639710
vt 0.588093 0.140431
vt 0.566267 0.162946
vt 0.549125 0.148631
vt 0.758870 0.677859
vt 0.774965 0.662576
vt 0.776436 0.681983
vt 0.830526 0.648926
vt 0.846507 0.665747
vt 0.314723 0.110191
vt 0.336542 0.135303
vt 0.296024 0.133816
vt 0.807729 0.661777
vt 0.489563 0.052361
vt 0.483495 0.021953
vt 0.504880 0.025265
vt 0.819861 0.676067
vt 0.801641 0.689278
vt 0.792973 0.661428
vt 0.383259 0.703739
vt 0.371503 0.711073
vt 0.795619 0.722496
vt 0.823468 0.712926
vt 0.811197 0.730060
vt 0.761233 0.701611
vt 0.880619 0.665748
vt 0.872985 0.638007
vt 0.389776 0.091128
vt 0.854771 0.492140
vt 0.427330 0.056851
vt 0.892148 0.590250
vt 0.892782 0.643431
vt 0.449905 0.018330
vt 0.881851 0.621976
vt 0.420312 0.097242
vt 0.405184 0.118256
vt 0.375347 0.114329
vt 0.399467 0.137954
vt 0.434329 0.137198
vt 0.412930 0.163800
vt 0.432241 0.112710
vt 0.449675 0.202073
vt 0.449951 0.165646
vt 0.477900 0.173144
vt 0.426646 0.181149
vt 0.875161 0.534693
vt 0.878729 0.507578
vt 0.886092 0.561365
vt 0.396168 0.181108
vt 0.387720 0.156910
vt 0.406918 0.196867
vt 0.375586 0.131945
vt 0.894566 0.516023
vt 0.902999 0.532762
vt 0.917663 0.540052
vt 0.428052 0.206745
vt 0.911406 0.556687
vt 0.933165 0.558972
vt 0.410736 0.214533
vt 0.369393 0.115108
vt 0.173518 0.124263
vt 0.188153 0.142137
vt 0.409284 0.079345
vt 0.432769 0.077928
vt 0.463562 0.085118
vt 0.493417 0.133008
vt 0.506848 0.152118
vt 0.462269 0.117386
vt 0.460800 0.144956
vt 0.463044 0.060035
vt 0.458667 0.035055
vt 0.520877 0.114659
vt 0.496945 0.083381
vt 0.520923 0.078563
vt 0.482421 0.105132
vt 0.547763 0.099477
vt 0.526422 0.143430
vt 0.546296 0.124423
vt 0.914995 0.585255
vt 0.945225 0.598035
vt 0.924787 0.608131
vt 0.932992 0.577982
vt 0.903737 0.617992
vt 0.892638 0.604279
vt 0.927102 0.625357
vt 0.916187 0.638597
vt 0.910578 0.656047
vt 0.933423 0.652890
vt 0.418830 0.231123
vt 0.429665 0.231637
vt 0.431675 0.251263
vt 0.944866 0.574431
vt 0.955952 0.596689
vt 0.953519 0.632474
vt 0.962523 0.614115
vt 0.967087 0.624349
vt 0.973256 0.644575
vt 0.956418 0.657700
vt 0.449244 0.257119
vt 0.454544 0.226177
vt 0.477016 0.208441
vt 0.476780 0.241878
vt 0.502044 0.189603
vt 0.505509 0.220189
vt 0.473512 0.279221
vt 0.633351 0.049262
vt 0.639829 0.079705
vt 0.606035 0.063053
vt 0.489790 0.255232
vt 0.460036 0.291775
vt 0.446703 0.282154
vt 0.542029 0.238168
vt 0.537899 0.210861
vt 0.526039 0.290717
vt 0.498814 0.277996
vt 0.522321 0.257895
vt 0.510384 0.236657
vt 0.525196 0.177176
vt 0.553836 0.194062
vt 0.581280 0.181712
vt 0.585226 0.201574
vt 0.573579 0.222914
vt 0.604194 0.215879
vt 0.483481 0.318360
vt 0.547992 0.279492
vt 0.605091 0.245115
vt 0.563162 0.252901
vt 0.438303 0.264651
vt 0.456958 0.301767
vt 0.944654 0.682695
vt 0.462834 0.308275
vt 0.777537 0.744314
vt 0.792163 0.759732
vt 0.778760 0.789350
vt 0.789692 0.815982
vt 0.796433 0.830649
vt 0.810069 0.806738
vt 0.784816 0.859145
vt 0.819051 0.863554
vt 0.796797 0.878982
vt 0.798241 0.898097
vt 0.818747 0.894538
vt 0.832307 0.935913
vt 0.820200 0.961359
vt 0.802584 0.916484
vt 0.293505 0.980273
vt 0.276618 0.990157
vt 0.271830 0.969094
vt 0.826997 0.759726
vt 0.798979 0.738216
vt 0.837912 0.778553
vt 0.821760 0.781435
vt 0.799102 0.785430
vt 0.856740 0.770444
vt 0.868212 0.789696
vt 0.848185 0.799866
vt 0.879291 0.766845
vt 0.914132 0.773588
vt 0.898923 0.805545
vt 0.846684 0.873895
vt 0.822152 0.816456
vt 0.823479 0.844395
vt 0.877202 0.804821
vt 0.857110 0.823234
vt 0.885992 0.829694
vt 0.840808 0.838755
vt 0.864100 0.849652
vt 0.883209 0.856468
vt 0.871224 0.887303
vt 0.842269 0.904178
vt 0.908574 0.836352
vt 0.900255 0.867864
vt 0.238704 0.988496
vt 0.243631 0.963626
vt 0.257203 0.990007
vt 0.832562 0.956802
vt 0.846268 0.949641
vt 0.189402 0.968165
vt 0.221946 0.976860
vt 0.205389 0.986252
vt 0.211463 0.956980
vt 0.855436 0.935086
vt 0.870973 0.919604
vt 0.877412 0.931288
vt 0.178168 0.982113
vt 0.891387 0.920155
vt 0.201372 0.928327
vt 0.172550 0.946316
vt 0.912431 0.889993
vt 0.157937 0.961089
vt 0.166233 0.979432
vt 0.156075 0.977090
vt 0.902514 0.911485
vt 0.914408 0.903017
vt 0.179948 0.920014
vt 0.233994 0.927275
vt 0.957847 0.809195
vt 0.923772 0.817785
vt 0.942225 0.789330
vt 0.919836 0.791994
vt 0.965125 0.812252
vt 0.970202 0.788220
vt 0.559388 0.432273
vt 0.558025 0.447365
vt 0.544038 0.429552
vt 0.958394 0.832050
vt 0.570804 0.460567
vt 0.575551 0.439920
vt 0.929707 0.869525
vt 0.581641 0.466137
vt 0.943432 0.848309
vt 0.952160 0.848561
vt 0.077495 0.969991
vt 0.081981 0.965714
vt 0.086358 0.969878
vt 0.092802 0.962238
vt 0.943938 0.865277
vt 0.104791 0.971205
vt 0.148766 0.937390
vt 0.927394 0.887993
vt 0.921039 0.895751
vt 0.141307 0.974404
vt 0.131419 0.975834
vt 0.116474 0.957156
vt 0.598363 0.453374
vt 0.610285 0.463926
vt 0.596882 0.472923
vt 0.119285 0.921064
vt 0.098772 0.941926
vt 0.140454 0.907453
vt 0.163834 0.908801
vt 0.155450 0.884343
vt 0.189155 0.889779
vt 0.265254 0.939900
vt 0.218821 0.859738
vt 0.777635 0.733266
vt 0.756496 0.735251
vt 0.769537 0.722328
vt 0.570695 0.122614
vt 0.823702 0.691741
vt 0.806096 0.706069
vt 0.843829 0.690607
vt 0.785015 0.701903
vt 0.101625 0.045857
vt 0.115300 0.068676
vt 0.825704 0.742614
vt 0.841399 0.717878
vt 0.848839 0.744999
vt 0.861563 0.731386
vt 0.913334 0.740028
vt 0.891757 0.753269
vt 0.886030 0.735429
vt 0.867014 0.690612
vt 0.881658 0.715336
vt 0.894020 0.687224
vt 0.901486 0.722347
vt 0.919535 0.679710
vt 0.911928 0.699140
vt 0.924015 0.714847
vt 0.922184 0.755628
vt 0.938173 0.764975
vt 0.947243 0.718660
vt 0.958331 0.690899
vt 0.958484 0.744109
vt 0.933396 0.729194
vt 0.973546 0.716519
vt 0.507886 0.372730
vt 0.544612 0.390937
vt 0.529861 0.408930
vt 0.978193 0.741330
vt 0.970419 0.768007
vt 0.974959 0.738122
vt 0.512183 0.388167
vt 0.521260 0.356133
vt 0.542661 0.369678
vt 0.500332 0.341180
vt 0.513155 0.316724
vt 0.497790 0.366957
vt 0.979635 0.714614
vt 0.480793 0.338815
vt 0.974666 0.684872
vt 0.978681 0.674478
vt 0.977387 0.651997
vt 0.967746 0.668396
vt 0.974018 0.771321
vt 0.574658 0.338153
vt 0.591623 0.366882
vt 0.558722 0.359353
vt 0.544929 0.342340
vt 0.605963 0.344973
vt 0.590419 0.317519
vt 0.555592 0.301862
vt 0.573593 0.297232
vt 0.603216 0.287379
vt 0.586989 0.268579
vt 0.497455 0.298338
vt 0.545546 0.321485
vt 0.569556 0.383379
vt 0.572031 0.412919
vt 0.546460 0.414833
vt 0.601246 0.388295
vt 0.592405 0.405807
vt 0.621747 0.372319
vt 0.605142 0.429973
vt 0.613180 0.410089
vt 0.634745 0.404281
vt 0.118933 0.892201
vt 0.103931 0.904297
vt 0.625157 0.451068
vt 0.632679 0.434121
vt 0.114231 0.881850
vt 0.129045 0.871253
vt 0.643344 0.365100
vt 0.628719 0.346803
vt 0.630433 0.268701
vt 0.628420 0.303321
vt 0.616613 0.316065
vt 0.662266 0.412019
vt 0.644379 0.332606
vt 0.665908 0.346099
vt 0.111722 0.869464
vt 0.648665 0.426197
vt 0.677298 0.410971
vt 0.467288 0.013795
vt 0.101860 0.923886
vt 0.323154 0.207197
vt 0.351084 0.188703
vt 0.311071 0.229007
vt 0.289299 0.237648
vt 0.272106 0.210371
vt 0.294536 0.208294
vt 0.291607 0.181164
vt 0.317284 0.183796
vt 0.278010 0.256043
vt 0.337470 0.158523
vt 0.310834 0.154279
vt 0.278721 0.159293
vt 0.262307 0.178637
vt 0.236908 0.183115
vt 0.252710 0.201022
vt 0.594036 0.078631
vt 0.581299 0.056188
vt 0.282555 0.107764
vt 0.216229 0.175884
vt 0.244676 0.154336
vt 0.209518 0.121998
vt 0.227504 0.114051
vt 0.226959 0.139129
vt 0.259582 0.133487
vt 0.249640 0.114266
vt 0.222766 0.088392
vt 0.164392 0.063596
vt 0.196852 0.072114
vt 0.177502 0.097551
vt 0.216212 0.063171
vt 0.138240 0.067262
vt 0.196996 0.041955
vt 0.250001 0.063548
vt 0.252002 0.092065
vt 0.241220 0.042751
vt 0.270327 0.072621
vt 0.295341 0.088738
vt 0.167413 0.034896
vt 0.221074 0.027378
vt 0.241326 0.031062
vt 0.205540 0.023352
vt 0.193005 0.027341
vt 0.755252 0.234797
vt 0.738213 0.233113
vt 0.747523 0.207342
vt 0.770497 0.192184
vt 0.739312 0.179934
vt 0.723958 0.198328
vt 0.714516 0.212273
vt 0.709664 0.193447
vt 0.727374 0.221340
vt 0.078998 0.017963
vt 0.100697 0.020157
vt 0.779660 0.214950
vt 0.133698 0.036685
vt 0.156618 0.014909
vt 0.138174 0.013899
vt 0.119226 0.021428
vt 0.790903 0.272498
vt 0.804386 0.285906
vt 0.790408 0.285289
vt 0.803522 0.223577
vt 0.772178 0.243241
vt 0.174161 0.021901
vt 0.792078 0.249422
vt 0.812811 0.255774
vt 0.831104 0.243071
vt 0.830857 0.272571
vt 0.816095 0.296070
vt 0.827119 0.210870
vt 0.794457 0.178095
vt 0.813637 0.184948
vt 0.380723 0.176075
vt 0.383743 0.197636
vt 0.534732 0.028455
vt 0.512083 0.046915
vt 0.578247 0.011975
vt 0.557267 0.024859
vt 0.558386 0.007660
vt 0.374153 0.150366
vt 0.362705 0.165416
vt 0.363559 0.144145
vt 0.540622 0.010929
vt 0.526910 0.014408
vt 0.353074 0.122840
vt 0.535700 0.052694
vt 0.556490 0.076071
vt 0.575689 0.093515
vt 0.560544 0.049652
vt 0.599891 0.108526
vt 0.604456 0.161216
vt 0.338709 0.117388
vt 0.326455 0.091107
vt 0.591870 0.024576
vt 0.601655 0.043051
vt 0.624166 0.091762
vt 0.619875 0.137962
vt 0.624095 0.117651
vt 0.258900 0.026856
vt 0.280680 0.029235
vt 0.286386 0.054426
vt 0.623467 0.026158
vt 0.645208 0.027644
vt 0.617658 0.013611
vt 0.310030 0.065441
vt 0.297526 0.043769
vt 0.634124 0.014232
vt 0.647218 0.016026
vt 0.654296 0.043724
vt 0.866917 0.300027
vt 0.883462 0.319879
vt 0.861995 0.323454
vt 0.325522 0.064941
vt 0.845964 0.309442
vt 0.839872 0.292278
vt 0.871460 0.274823
vt 0.860922 0.250801
vt 0.886281 0.238407
vt 0.863338 0.210671
vt 0.905528 0.213067
vt 0.899840 0.275590
vt 0.889057 0.304385
vt 0.923704 0.275202
vt 0.921273 0.245841
vt 0.910799 0.303434
vt 0.657511 0.060598
vt 0.663701 0.078673
vt 0.622233 0.181712
vt 0.641725 0.168336
vt 0.635676 0.202058
vt 0.946645 0.250359
vt 0.964016 0.245123
vt 0.967534 0.262848
vt 0.646446 0.148438
vt 0.659034 0.152640
vt 0.976393 0.259136
vt 0.983674 0.241515
vt 0.650322 0.103016
vt 0.660615 0.135582
vt 0.963044 0.279583
vt 0.647217 0.125814
vt 0.633863 0.232382
vt 0.667076 0.182905
vt 0.955575 0.209380
vt 0.976748 0.222848
vt 0.940505 0.284051
vt 0.830317 0.308540
vt 0.937705 0.190912
vt 0.727424 0.127371
vt 0.749326 0.135108
vt 0.723384 0.091917
vt 0.742950 0.103238
vt 0.737895 0.080761
vt 0.762543 0.073710
vt 0.735772 0.060035
vt 0.742241 0.045094
vt 0.692549 0.239990
vt 0.694070 0.261414
vt 0.668465 0.267639
vt 0.651798 0.259788
vt 0.663788 0.236518
vt 0.670382 0.217580
vt 0.712183 0.272155
vt 0.700690 0.291913
vt 0.677408 0.287922
vt 0.664070 0.315809
vt 0.649162 0.294576
vt 0.979698 0.199166
vt 0.695439 0.218061
vt 0.981071 0.177685
vt 0.712946 0.245242
vt 0.684114 0.197867
vt 0.968505 0.166195
vt 0.732488 0.264658
vt 0.725659 0.243284
vt 0.960830 0.139148
vt 0.951434 0.159059
vt 0.719960 0.301784
vt 0.740947 0.290834
vt 0.699891 0.314101
vt 0.719734 0.331753
vt 0.684260 0.334922
vt 0.840086 0.175866
vt 0.807437 0.154307
vt 0.844439 0.154329
vt 0.812328 0.128475
vt 0.857675 0.129543
vt 0.762699 0.161541
vt 0.768080 0.119325
vt 0.790216 0.124155
vt 0.817946 0.105096
vt 0.840421 0.092454
vt 0.789712 0.085296
vt 0.813890 0.070671
vt 0.886696 0.183080
vt 0.917884 0.158232
vt 0.896138 0.143007
vt 0.921301 0.178926
vt 0.892234 0.097637
vt 0.866099 0.102580
vt 0.945322 0.106929
vt 0.964506 0.113552
vt 0.918448 0.106981
vt 0.930147 0.136541
vt 0.873157 0.070265
vt 0.912065 0.068244
vt 0.959910 0.084233
vt 0.843752 0.061260
vt 0.779125 0.048413
vt 0.746302 0.027936
vt 0.761963 0.027723
vt 0.357637 0.715730
vt 0.340275 0.748503
vt 0.305985 0.853869
vt 0.313305 0.824651
vt 0.332898 0.783421
vt 0.705104 0.360610
vt 0.711659 0.380537
vt 0.734058 0.342503
vt 0.730906 0.360963
vt 0.157598 0.770572
vt 0.163153 0.794494
vt 0.142360 0.786658
vt 0.143635 0.798554
vt 0.726035 0.371467
vt 0.955951 0.062898
vt 0.939678 0.055047
vt 0.965661 0.053828
vt 0.186310 0.753483
vt 0.190810 0.784248
vt 0.171929 0.755724
vt 0.206658 0.762924
vt 0.155697 0.760785
vt 0.757263 0.329620
vt 0.749327 0.343818
vt 0.738538 0.355012
vt 0.289418 0.882097
vt 0.271537 0.869340
vt 0.281054 0.915031
vt 0.283640 0.836328
vt 0.259414 0.834511
vt 0.238868 0.842140
vt 0.297288 0.810319
vt 0.251532 0.792552
vt 0.274477 0.805890
vt 0.244288 0.814802
vt 0.181865 0.816027
vt 0.211523 0.822911
vt 0.160776 0.835655
vt 0.136813 0.807789
vt 0.149395 0.825480
vt 0.135060 0.820529
vt 0.222574 0.788225
vt 0.905411 0.040466
vt 0.931609 0.040926
vt 0.918378 0.029110
vt 0.904292 0.013509
vt 0.890274 0.011065
vt 0.873371 0.035371
vt 0.857733 0.020405
vt 0.878260 0.004286
vt 0.244758 0.756644
vt 0.265816 0.755118
vt 0.251104 0.769739
vt 0.229351 0.762238
vt 0.839806 0.033047
vt 0.306350 0.777734
vt 0.273934 0.738843
vt 0.304370 0.750601
vt 0.279508 0.779368
vt 0.814963 0.040901
vt 0.803361 0.020997
vt 0.816831 0.016233
vt 0.828695 0.020184
vt 0.844939 0.013582
vt 0.303141 0.724972
vt 0.318635 0.728238
vt 0.292571 0.734106
vt 0.775807 0.025554
vt 0.787415 0.034845
vt 0.340804 0.705160
vt 0.336647 0.717797
vt 0.133591 0.835207
vt 0.740977 0.315777
vt 0.371906 0.684454
vt 0.025315 0.733160
vt 0.299266 0.992689
vt 0.497565 0.866768
vt 0.147148 0.750274
vt 0.419661 0.634325
vt 0.483704 0.848769
vt 0.186628 0.744862
vt 0.050676 0.003808
vt 0.132331 0.848159
vt 0.408927 0.291991
vt 0.398090 0.247893
vt 0.665895 0.178837
vt 0.648074 0.436557
vn -0.4340 -0.2826 0.8554
vn -0.8218 -0.5309 0.2069
vn -0.3958 -0.2595 0.8809
vn 0.0821 0.0437 0.9957
vn -0.5782 -0.2278 0.7835
vn -0.8723 -0.4382 0.2170
vn 0.0566 0.0341 0.9978
vn -0.0470 -0.0407 0.9981
vn -0.9112 -0.4066 0.0658
vn -0.0303 0.0300 0.9991
vn -0.7828 -0.6206 0.0447
vn -0.8560 -0.5143 0.0523
vn -0.4914 -0.3464 0.7990
vn -0.5557 -0.1448 0.8187
vn -0.5752 -0.1332 0.8071
vn -0.9509 -0.2926 0.1010
vn 0.0293 0.0155 0.9994
vn -0.5720 -0.1777 0.8008
vn 0.1297 0.0406 0.9907
vn -0.0216 0.0025 0.9998
vn -0.7462 -0.6539 0.1249
vn -0.4502 -0.3922 0.8022
vn -0.7092 -0.7050 -0.0022
vn -0.8885 -0.4556 -0.0547
vn -0.9869 -0.1604 0.0179
vn -0.7946 -0.6062 -0.0330
vn -0.0024 0.0065 1.0000
vn -0.0423 -0.0139 0.9990
vn 0.0305 0.0129 0.9995
vn -0.0239 -0.0889 0.9958
vn -0.0891 0.0360 0.9954
vn -0.0558 0.0748 0.9956
vn -0.3765 -0.3633 0.8522
vn 0.0466 0.0725 0.9963
vn -0.6683 -0.7244 0.1690
vn -0.3653 -0.4175 0.8320
vn -0.0384 -0.0278 0.9989
vn -0.0283 -0.0067 0.9996
vn 0.0197 -0.0108 0.9997
vn -0.0339 -0.0170 0.9993
vn -0.5855 -0.7840 0.2064
vn -0.2788 -0.4597 0.8432
vn -0.3167 -0.3833 0.8676
vn 0.0595 0.0897 0.9942
vn -0.6052 -0.7929 -0.0710
vn -0.6298 -0.7767 0.0083
vn -0.6988 -0.7086 -0.0978
vn -0.0044 -0.0330 0.9994
vn -0.5280 -0.8492 0.0067
vn -0.4619 -0.8678 0.1832
vn -0.2444 -0.4612 0.8530
vn 0.0265 0.0559 0.9981
vn -0.4357 -0.8997 0.0279
vn -0.5301 -0.8399 -0.1161
vn -0.4575 -0.8825 -0.1093
vn -0.4922 -0.8394 -0.2307
vn -0.6066 -0.7776 -0.1654
vn -0.5472 -0.7935 -0.2665
vn -0.0284 0.0032 0.9996
vn 0.0066 0.0748 0.9972
vn -0.0274 0.0207 0.9994
vn -0.2360 -0.5352 0.8111
vn -0.0233 -0.0136 0.9996
vn -0.2981 -0.9345 0.1944
vn -0.2096 -0.5826 0.7853
vn -0.1798 -0.5378 0.8237
vn -0.3663 -0.9149 0.1697
vn -0.3440 -0.9358 0.0763
vn -0.3924 -0.9195 -0.0244
vn -0.0118 -0.0457 0.9989
vn -0.0350 -0.0187 0.9992
vn 0.0012 -0.0373 0.9993
vn -0.0016 -0.0274 0.9996
vn -0.0676 -0.0134 0.9976
vn -0.0568 0.0090 0.9983
vn -0.0477 0.0307 0.9984
vn -0.0556 -0.0186 0.9983
vn -0.0130 0.0043 0.9999
vn -0.0248 0.0226 0.9994
vn 0.0347 -0.0158 0.9993
vn 0.0277 -0.0104 0.9996
vn -0.0483 0.0268 0.9985
vn -0.0449 0.0194 0.9988
vn -0.0124 0.0192 0.9997
vn -0.0083 -0.0002 1.0000
vn -0.0430 0.0219 0.9988
vn -0.0438 0.0320 0.9985
vn 0.0168 0.0084 0.9998
vn -0.0211 0.0078 0.9997
vn -0.0377 -0.0016 0.9993
vn 0.0594 0.0184 0.9981
vn -0.0181 -0.0060 0.9998
vn -0.0149 0.0051 0.9999
vn -0.0095 0.0002 1.0000
vn -0.0116 -0.0140 0.9998
vn -0.0295 -0.0120 0.9995
vn -0.0153 -0.0080 0.9999
vn -0.0257 -0.0064 0.9997
vn -0.0185 0.0088 0.9998
vn -0.0307 0.0008 0.9995
vn 0.0095 -0.0021 1.0000
vn -0.0373 0.0386 0.9986
vn -0.6419 0.0637 0.7642
vn -0.5776 0.0276 0.8159
vn -0.5636 0.0125 0.8260
vn -0.4559 0.0063 0.8900
vn -0.9757 0.0081 0.2189
vn -0.3807 -0.0185 0.9245
vn -0.9314 -0.0891 0.3529
vn -0.9783 -0.1537 0.1389
vn -0.5673 -0.0738 0.8202
vn -0.3853 0.1035 0.9170
vn 0.0046 0.0249 0.9997
vn -0.0224 0.0346 0.9992
vn 0.0421 -0.0069 0.9991
vn -0.0182 0.0177 0.9997
vn 0.0282 0.0066 0.9996
vn -0.0074 0.0181 0.9998
vn 0.0009 0.0052 1.0000
vn 0.0176 -0.0165 0.9997
vn -0.0104 0.0070 0.9999
vn 0.0165 0.0459 0.9988
vn 0.0446 -0.0114 0.9989
vn 0.0267 -0.0242 0.9994
vn -0.0270 0.0487 0.9984
vn -0.0314 0.0220 0.9993
vn -0.0344 0.0193 0.9992
vn 0.0079 0.0343 0.9994
vn -0.0104 0.0941 0.9955
vn -0.0166 -0.0181 0.9997
vn 0.0256 -0.0473 0.9986
vn -0.0146 -0.0210 0.9997
vn -0.0022 0.0379 0.9993
vn -0.0170 -0.0488 0.9987
vn -0.0256 -0.0827 0.9962
vn -0.0115 -0.0468 0.9988
vn -0.0591 -0.0585 0.9965
vn -0.0497 0.0713 0.9962
vn -0.0023 0.0145 0.9999
vn -0.0056 0.0039 1.0000
vn 0.0115 0.0745 0.9972
vn 0.0460 0.0127 0.9989
vn 0.0266 -0.0204 0.9994
vn 0.0147 -0.0098 0.9998
vn 0.0054 -0.0245 0.9997
vn 0.0151 0.0046 0.9999
vn 0.0757 -0.0006 0.9971
vn -0.0124 0.0095 0.9999
vn -0.0333 0.0328 0.9989
vn -0.0227 0.0243 0.9994
vn -0.0253 0.0478 0.9985
vn -0.0076 0.0358 0.9993
vn 0.0213 0.0689 0.9974
vn 0.1004 0.0795 0.9918
vn -0.0166 0.0728 0.9972
vn 0.1376 0.0926 0.9862
vn 0.0281 -0.0064 0.9996
vn 0.0440 0.0368 0.9984
vn 0.1887 -0.0055 0.9820
vn 0.0790 0.0436 0.9959
vn 0.0225 0.2247 0.9742
vn 0.0328 0.2247 0.9739
vn 0.0805 0.0655 0.9946
vn 0.1251 -0.0644 0.9900
vn -0.0339 -0.2343 0.9716
vn -0.1136 0.1346 0.9844
vn -0.0379 0.0198 0.9991
vn 0.1424 0.0324 0.9893
vn -0.0507 0.0286 0.9983
vn -0.0560 0.0953 0.9939
vn -0.0474 0.0773 0.9959
vn -0.0541 0.0425 0.9976
vn -0.0916 -0.0010 0.9958
vn -0.0343 0.0180 0.9993
vn -0.1026 0.0184 0.9945
vn 0.0228 -0.0510 0.9984
vn -0.0095 -0.0163 0.9998
vn 0.0491 -0.2529 0.9662
vn 0.0572 0.0446 0.9974
vn 0.0088 0.0014 1.0000
vn 0.3218 0.8070 -0.4953
vn 0.2529 0.8516 -0.4592
vn 0.3306 0.8605 -0.3877
vn -0.2027 0.5616 -0.8022
vn -0.1039 0.5129 -0.8521
vn -0.2119 0.4737 -0.8548
vn 0.0321 0.0094 0.9994
vn -0.0115 0.0236 0.9997
vn -0.0475 0.0780 0.9958
vn -0.0215 0.0151 0.9997
vn -0.3134 0.9296 0.1939
vn -0.3682 0.9131 0.1752
vn -0.2171 0.5461 0.8091
vn -0.1697 0.5749 0.8004
vn -0.0355 -0.0310 0.9989
vn -0.0112 -0.0186 0.9998
vn -0.0150 0.0049 0.9999
vn -0.0562 -0.0046 0.9984
vn -0.0411 -0.0124 0.9991
vn 0.0046 -0.0223 0.9997
vn -0.0535 0.0122 0.9985
vn -0.0279 0.0027 0.9996
vn -0.0539 0.0073 0.9985
vn -0.0125 -0.0154 0.9998
vn 0.0624 -0.0026 0.9981
vn 0.0104 -0.0298 0.9995
vn -0.0236 -0.0269 0.9994
vn -0.0340 -0.0250 0.9991
vn -0.0531 -0.0084 0.9986
vn -0.0116 0.0275 0.9996
vn -0.0647 0.0075 0.9979
vn -0.0212 -0.0240 0.9995
vn -0.0119 -0.0039 0.9999
vn -0.0070 0.0165 0.9998
vn -0.0087 0.0283 0.9996
vn -0.0568 0.0977 0.9936
vn -0.0417 0.0942 0.9947
vn -0.0485 0.0363 0.9982
vn -0.0187 0.0206 0.9996
vn -0.0008 0.0020 1.0000
vn -0.0180 0.0702 0.9974
vn -0.0334 0.6819 0.7307
vn 0.1304 0.9883 0.0797
vn -0.0755 0.9954 0.0586
vn -0.1027 0.5584 0.8232
vn -0.1999 0.9608 0.1922
vn -0.0060 0.0572 0.9983
vn 0.0014 0.0331 0.9995
vn -0.0143 0.0893 0.9959
vn -0.0114 0.0500 0.9987
vn 0.0939 0.7068 0.7011
vn 0.0442 0.6176 0.7853
vn -0.0037 0.0168 0.9999
vn 0.1510 0.9852 -0.0805
vn 0.2565 0.9663 0.0203
vn 0.1791 0.5761 0.7975
vn 0.2917 0.9314 0.2179
vn -0.0082 0.0177 0.9998
vn -0.0152 0.0293 0.9995
vn 0.1380 0.4907 0.8603
vn 0.1549 0.5038 0.8498
vn 0.3503 0.9271 0.1334
vn -0.0549 -0.0507 0.9972
vn 0.2650 0.9602 -0.0882
vn 0.3291 0.9429 -0.0517
vn 0.0122 0.9985 -0.0531
vn -0.2580 0.9645 0.0564
vn -0.0115 0.0167 0.9998
vn -0.0372 0.0262 0.9990
vn -0.0106 0.0241 0.9997
vn -0.0475 -0.0364 0.9982
vn -0.0118 0.0359 0.9993
vn 0.1779 0.4704 0.8643
vn 0.4362 0.8693 0.2323
vn 0.2556 0.4041 0.8783
vn 0.2035 0.3156 0.9268
vn 0.4668 0.8844 -0.0000
vn 0.4006 0.9159 -0.0234
vn 0.3668 0.9178 -0.1522
vn 0.4427 0.8857 -0.1396
vn -0.0453 0.0426 0.9981
vn -0.0237 0.0086 0.9997
vn -0.0360 0.0321 0.9988
vn -0.0031 0.0141 0.9999
vn -0.0275 0.0295 0.9992
vn 0.0013 0.0353 0.9994
vn -0.0199 0.0144 0.9997
vn -0.0192 0.0227 0.9996
vn -0.0233 -0.0058 0.9997
vn -0.0389 -0.0096 0.9992
vn -0.0292 -0.0453 0.9985
vn -0.0227 -0.0452 0.9987
vn -0.0142 -0.0391 0.9991
vn 0.0198 0.0191 0.9996
vn 0.0105 -0.0484 0.9988
vn 0.0318 0.0203 0.9993
vn 0.0648 -0.0448 0.9969
vn 0.0065 0.0389 0.9992
vn -0.0010 0.0133 0.9999
vn -0.0050 0.0067 1.0000
vn 0.0074 -0.0161 0.9998
vn -0.0094 0.0335 0.9994
vn 0.0495 0.0318 0.9983
vn -0.0004 -0.0090 1.0000
vn -0.0445 0.0279 0.9986
vn -0.0440 0.0263 0.9987
vn -0.0332 -0.0066 0.9994
vn -0.0062 -0.0046 1.0000
vn -0.0044 -0.0150 0.9999
vn -0.0200 0.0114 0.9997
vn 0.0338 -0.0133 0.9993
vn -0.0183 -0.0123 0.9998
vn 0.0060 0.0101 0.9999
vn -0.0053 0.0143 0.9999
vn 0.0097 -0.0153 0.9998
vn 0.0232 0.0192 0.9995
vn 0.0509 -0.0531 0.9973
vn -0.0106 -0.0838 0.9964
vn -0.0299 -0.0645 0.9975
vn -0.0383 0.0411 0.9984
vn 0.0081 -0.0262 0.9996
vn -0.0304 0.0602 0.9977
vn -0.0507 0.0573 0.9971
vn -0.0393 0.0498 0.9980
vn -0.0082 -0.0137 0.9999
vn -0.0421 0.0381 0.9984
vn -0.0363 0.0482 0.9982
vn -0.0446 0.0464 0.9979
vn -0.0119 0.0157 0.9998
vn -0.0278 0.0401 0.9988
vn -0.0244 0.0499 0.9985
vn -0.3384 0.5544 0.7604
vn -0.3188 0.5331 0.7837
vn -0.0095 0.0174 0.9998
vn -0.0365 0.0734 0.9966
vn -0.0109 0.0429 0.9990
vn -0.0150 0.0232 0.9996
vn 0.0841 -0.1552 0.9843
vn -0.2603 0.5390 0.8011
vn -0.1892 0.3712 0.9091
vn -0.4403 0.8844 0.1549
vn 0.0651 0.1623 0.9846
vn 0.0993 -0.0910 0.9909
vn -0.0400 -0.0745 0.9964
vn -0.0338 -0.0370 0.9987
vn -0.0505 -0.0913 0.9945
vn -0.0795 -0.1210 0.9895
vn -0.0215 -0.0074 0.9997
vn 0.0064 -0.0202 0.9998
vn -0.0239 -0.0022 0.9997
vn 0.5004 0.8523 -0.1519
vn -0.0738 0.0479 0.9961
vn -0.6037 0.1988 0.7720
vn -0.5446 0.2371 0.8045
vn -0.9681 0.2458 -0.0486
vn -0.9386 0.1599 0.3058
vn -0.9267 0.3738 0.0382
vn -0.9418 -0.2831 -0.1813
vn -0.9329 -0.3558 -0.0553
vn -0.9714 -0.2306 -0.0573
vn -0.8950 -0.4086 -0.1791
vn -0.8835 -0.1478 -0.4446
vn -0.9074 -0.2314 -0.3509
vn -0.9410 -0.1322 -0.3116
vn -0.9179 -0.3021 -0.2572
vn -0.8527 -0.3592 -0.3792
vn -0.9728 -0.1608 -0.1669
vn -0.8566 -0.4846 -0.1774
vn -0.8197 -0.3000 -0.4879
vn -0.8312 -0.1611 -0.5322
vn -0.8478 -0.4350 -0.3034
vn -0.9833 -0.0950 -0.1550
vn -0.9903 -0.0660 -0.1224
vn -0.9987 -0.0355 -0.0378
vn -0.9930 -0.0932 0.0730
vn -0.9150 -0.0563 -0.3995
vn -0.8713 -0.0612 -0.4870
vn -0.9399 -0.0036 -0.3415
vn -0.9615 -0.0764 -0.2638
vn -0.9542 0.0159 -0.2987
vn -0.9716 -0.0056 -0.2364
vn -0.9128 0.0520 -0.4052
vn -0.8795 0.0212 -0.4755
vn -0.9583 0.0562 -0.2802
vn -0.9859 0.0083 -0.1672
vn -0.9426 0.0495 -0.3303
vn -0.8149 0.0073 -0.5796
vn -0.8102 -0.0773 -0.5811
vn -0.9993 0.0381 0.0057
vn -0.9470 0.1631 -0.2768
vn -0.9801 0.0802 -0.1815
vn -0.9942 0.1037 -0.0282
vn -0.9145 0.3839 -0.1275
vn -0.9573 0.2152 -0.1933
vn -0.8974 0.3493 -0.2695
vn -0.8805 0.3052 -0.3627
vn -0.9347 0.0913 -0.3435
vn -0.8383 0.5288 -0.1324
vn -0.8633 0.4645 -0.1971
vn -0.8380 0.4334 -0.3314
vn -0.8336 0.1980 -0.5157
vn -0.8218 0.1075 -0.5595
vn -0.8908 0.1624 -0.4244
vn -0.7402 0.0890 -0.6665
vn -0.7181 0.2391 -0.6535
vn -0.6903 0.3763 -0.6179
vn -0.7970 0.3252 -0.5089
vn -0.9003 0.2115 -0.3804
vn -0.8133 0.3814 -0.4394
vn -0.6153 0.2805 -0.7367
vn -0.8764 0.4501 0.1712
vn -0.6762 -0.6740 -0.2975
vn -0.7659 -0.5786 -0.2804
vn -0.6905 -0.6098 -0.3890
vn -0.7272 -0.6532 -0.2110
vn -0.8133 -0.5475 -0.1970
vn -0.7726 -0.5094 -0.3789
vn -0.5534 -0.7386 -0.3849
vn -0.6061 -0.7321 -0.3109
vn -0.6229 -0.6683 -0.4067
vn -0.4687 -0.7500 -0.4666
vn -0.5038 -0.7822 -0.3666
vn -0.6422 -0.7356 -0.2155
vn -0.5459 -0.5654 -0.6183
vn -0.5959 -0.6102 -0.5221
vn -0.6464 -0.5518 -0.5269
vn -0.5569 -0.6786 -0.4789
vn -0.4330 -0.5853 -0.6855
vn -0.4985 -0.6667 -0.5541
vn -0.6995 -0.5343 -0.4747
vn -0.7417 -0.3247 -0.5869
vn -0.7730 -0.2329 -0.5901
vn -0.7644 -0.4367 -0.4743
vn -0.6390 -0.3739 -0.6722
vn -0.6964 -0.4335 -0.5719
vn -0.5188 -0.4680 -0.7154
vn -0.4713 -0.5180 -0.7138
vn -0.6099 -0.4603 -0.6451
vn -0.7357 -0.1445 -0.6617
vn -0.6656 -0.2370 -0.7076
vn -0.5265 -0.4102 -0.7447
vn -0.5808 -0.3299 -0.7442
vn -0.7054 -0.0782 -0.7045
vn -0.6250 -0.1297 -0.7698
vn -0.7669 -0.0361 -0.6408
vn -0.7045 0.0132 -0.7096
vn -0.6480 -0.0160 -0.7615
vn -0.5558 -0.2555 -0.7910
vn -0.5218 -0.1746 -0.8350
vn -0.5707 -0.0466 -0.8199
vn -0.4824 -0.0850 -0.8718
vn -0.4014 -0.2515 -0.8807
vn -0.3912 -0.1263 -0.9116
vn -0.4926 -0.3707 -0.7874
vn -0.4636 -0.3104 -0.8299
vn -0.4436 -0.4139 -0.7949
vn -0.3483 -0.3408 -0.8732
vn -0.6059 0.0323 -0.7949
vn -0.5634 0.0609 -0.8240
vn -0.6141 0.1479 -0.7752
vn -0.5360 0.1635 -0.8282
vn -0.5496 0.2819 -0.7864
vn -0.6678 0.1096 -0.7362
vn -0.5199 0.0586 -0.8522
vn -0.2681 -0.0070 -0.9634
vn -0.3797 -0.0064 -0.9251
vn -0.3801 0.1106 -0.9183
vn -0.4517 0.0497 -0.8908
vn -0.4140 0.2188 -0.8836
vn -0.4897 0.1273 -0.8626
vn -0.4794 0.2965 -0.8260
vn -0.4691 0.1558 -0.8693
vn -0.4677 0.4400 -0.7666
vn -0.5729 0.4207 -0.7034
vn -0.3337 0.2944 -0.8955
vn -0.2932 0.2061 -0.9336
vn -0.2294 0.1044 -0.9677
vn -0.2452 0.2999 -0.9219
vn -0.3976 0.3847 -0.8330
vn -0.4466 -0.8182 -0.3621
vn -0.5461 0.3406 0.7654
vn -0.4439 0.2417 0.8629
vn -0.3513 0.3600 0.8643
vn -0.5305 0.4037 0.7454
vn -0.4186 0.4584 0.7840
vn -0.6992 0.6920 0.1793
vn -0.8443 0.5358 -0.0004
vn -0.7197 0.6561 0.2273
vn -0.7759 0.6240 -0.0930
vn -0.6900 0.6175 -0.3775
vn -0.7865 0.5553 -0.2702
vn -0.7378 0.6271 -0.2497
vn -0.7821 0.4913 -0.3832
vn -0.7418 0.5666 -0.3587
vn -0.7061 0.4835 -0.5173
vn -0.6922 0.5654 -0.4485
vn -0.6192 0.7475 -0.2404
vn -0.6772 0.6697 -0.3046
vn -0.6949 0.7047 -0.1433
vn -0.6503 0.7580 -0.0511
vn -0.5558 0.8298 0.0514
vn -0.5945 0.7982 -0.0970
vn -0.5489 0.8053 0.2243
vn -0.5208 0.8508 -0.0697
vn -0.6150 0.6844 -0.3917
vn -0.5161 0.5488 -0.6576
vn -0.5895 0.5097 -0.6267
vn -0.6223 0.5369 -0.5696
vn -0.6075 0.5710 -0.5521
vn -0.6078 0.6329 -0.4796
vn -0.5268 0.7191 -0.4531
vn -0.5495 0.6207 -0.5592
vn -0.5093 0.5774 -0.6381
vn -0.5017 0.6560 -0.5638
vn -0.4398 0.7397 -0.5093
vn -0.5426 0.7975 -0.2638
vn -0.4803 0.7931 -0.3745
vn -0.4839 0.5124 -0.7094
vn -0.4565 0.5436 -0.7044
vn -0.4435 0.6586 -0.6079
vn -0.4722 0.5922 -0.6530
vn -0.3928 0.4810 -0.7838
vn -0.4276 0.5186 -0.7404
vn -0.4290 0.5241 -0.7357
vn -0.3776 0.4844 -0.7892
vn -0.3376 0.4034 -0.8505
vn -0.3365 0.4460 -0.8294
vn -0.3896 0.5796 -0.7157
vn -0.4288 0.5595 -0.7093
vn -0.3962 0.6373 -0.6610
vn -0.4058 0.5109 -0.7578
vn -0.4462 0.5835 -0.6785
vn -0.3666 0.4882 -0.7920
vn -0.3552 0.5571 -0.7506
vn -0.3211 0.4986 -0.8052
vn -0.1428 0.2479 -0.9582
vn -0.2624 0.3517 -0.8986
vn -0.2406 0.3517 -0.9047
vn -0.2731 0.4270 -0.8620
vn -0.2904 0.3953 -0.8714
vn -0.2297 0.3311 -0.9152
vn -0.3059 0.4348 -0.8470
vn -0.2428 0.3718 -0.8960
vn -0.2995 0.5872 -0.7520
vn -0.2297 0.4165 -0.8797
vn -0.4592 0.8637 -0.2077
vn -0.4228 0.8039 -0.4182
vn -0.4774 0.8785 -0.0193
vn -0.4150 0.9092 0.0323
vn -0.4024 0.9086 -0.1123
vn -0.4860 0.8629 0.1387
vn -0.3486 0.9211 -0.1732
vn -0.3951 0.8626 -0.3159
vn -0.3332 0.8813 -0.3350
vn -0.3812 0.7213 -0.5783
vn -0.3550 0.8145 -0.4590
vn -0.3203 0.7040 -0.6338
vn -0.3041 0.6490 -0.6973
vn -0.2973 0.8322 -0.4681
vn -0.2665 0.7932 -0.5475
vn -0.2419 0.7398 -0.6278
vn -0.1825 0.7985 -0.5736
vn -0.3633 0.9316 0.0105
vn -0.3016 0.9487 -0.0944
vn -0.3090 0.9510 0.0077
vn -0.2889 0.9249 -0.2471
vn -0.2097 0.9652 -0.1566
vn -0.2488 0.9149 -0.3180
vn -0.1532 0.9863 -0.0604
vn -0.1174 0.9615 -0.2483
vn 0.0048 0.9860 -0.1669
vn -0.1301 0.8777 -0.4613
vn -0.1335 0.9257 -0.3540
vn -0.0285 0.9106 -0.4123
vn 0.0545 0.9498 -0.3082
vn -0.2289 0.8973 -0.3774
vn 0.1930 0.9570 -0.2166
vn -0.2051 0.8590 -0.4691
vn -0.1109 0.8447 -0.5237
vn 0.0086 0.8497 -0.5272
vn -0.2157 0.6494 -0.7292
vn -0.1941 0.6905 -0.6968
vn -0.1962 0.7280 -0.6569
vn -0.1067 0.8055 -0.5829
vn -0.0888 0.7697 -0.6323
vn 0.0482 0.7962 -0.6031
vn 0.1730 0.8316 -0.5278
vn -0.0471 0.6412 -0.7659
vn -0.0464 0.7239 -0.6883
vn 0.1010 0.6989 -0.7081
vn 0.1889 0.7791 -0.5977
vn 0.2429 0.8932 -0.3785
vn 0.1130 0.8913 -0.4391
vn 0.1662 0.9235 -0.3458
vn 0.3074 0.9083 -0.2839
vn 0.3080 0.9313 -0.1947
vn 0.3941 0.8884 -0.2353
vn 0.4122 0.8548 -0.3152
vn -0.8419 -0.5348 -0.0713
vn -0.1766 0.1887 -0.9660
vn -0.1318 -0.9835 0.1236
vn -0.1400 -0.9566 0.2555
vn -0.2177 -0.9526 0.2126
vn -0.1852 -0.9795 0.0788
vn -0.0540 -0.9881 0.1439
vn 0.0529 -0.9952 0.0822
vn -0.0100 -0.9898 0.1419
vn 0.0547 -0.9901 0.1291
vn 0.0379 -0.9853 0.1664
vn -0.0796 -0.5628 0.8227
vn -0.0232 -0.9530 0.3022
vn -0.0587 -0.9919 0.1124
vn 0.1388 -0.9872 0.0780
vn 0.1429 -0.9667 0.2124
vn -0.0401 -0.9980 0.0491
vn -0.0703 -0.9973 -0.0233
vn -0.1900 -0.9600 -0.2055
vn -0.1377 -0.9882 -0.0674
vn -0.2327 -0.9722 -0.0241
vn -0.3333 -0.9423 -0.0305
vn -0.3886 -0.9072 -0.1612
vn -0.2994 -0.9400 -0.1638
vn -0.0653 -0.9685 -0.2405
vn -0.2832 -0.9555 0.0823
vn 0.0337 -0.9872 -0.1558
vn 0.0307 -0.9942 -0.1028
vn 0.1411 -0.9882 -0.0599
vn 0.0721 -0.9974 0.0049
vn -0.1010 -0.5489 0.8297
vn -0.0213 0.0128 0.9997
vn -0.0244 -0.0397 0.9989
vn -0.1207 -0.5607 0.8192
vn -0.1770 -0.5510 0.8155
vn -0.0601 -0.0243 0.9979
vn -0.0688 0.1197 0.9904
vn -0.0644 -0.4813 0.8742
vn -0.0899 -0.5284 0.8442
vn -0.0544 -0.9639 0.2606
vn -0.0061 -0.4784 0.8781
vn -0.7817 -0.6095 -0.1324
vn -0.0745 0.1754 0.9817
vn 0.0037 -0.0502 0.9987
vn 0.0721 -0.0176 0.9972
vn -0.0149 0.0123 0.9998
vn -0.0368 -0.0206 0.9991
vn -0.0465 0.0364 0.9983
vn -0.0118 0.0118 0.9999
vn 0.0723 0.0003 0.9974
vn -0.0716 0.0502 0.9962
vn 0.0856 -0.5013 0.8610
vn -0.0624 0.1180 0.9910
vn 0.0582 0.0847 0.9947
vn 0.0160 0.0340 0.9993
vn 0.0110 0.0636 0.9979
vn 0.0401 0.1727 0.9842
vn -0.0796 -0.0438 0.9959
vn -0.0532 -0.0261 0.9982
vn -0.0445 -0.0414 0.9982
vn -0.0629 0.0333 0.9975
vn -0.1266 0.0228 0.9917
vn -0.0046 0.0805 0.9967
vn -0.0734 0.0485 0.9961
vn 0.7786 0.5004 -0.3787
vn 0.7624 0.5577 -0.3283
vn 0.8360 0.4429 -0.3239
vn 0.8923 0.2562 -0.3717
vn 0.8591 0.3413 -0.3814
vn 0.8806 0.3272 -0.3428
vn 0.9203 0.1306 -0.3688
vn 0.9403 0.1602 -0.3003
vn 0.0363 0.0936 0.9949
vn -0.0978 -0.0089 0.9952
vn 0.6535 0.6881 -0.3155
vn 0.6249 0.7477 -0.2246
vn 0.7188 0.6566 -0.2285
vn -0.0156 -0.0044 0.9999
vn -0.0237 0.0002 0.9997
vn -0.1205 0.0180 0.9925
vn 0.5277 0.8486 -0.0382
vn -0.0081 0.0044 1.0000
vn 0.4070 0.8184 -0.4057
vn -0.0344 -0.0428 0.9985
vn -0.0496 0.0295 0.9983
vn -0.1854 0.3736 -0.9089
vn -0.0625 0.0243 0.9977
vn 0.4808 0.8384 -0.2566
vn -0.0426 0.0542 0.9976
vn -0.0427 0.0348 0.9985
vn -0.0444 0.0611 0.9971
vn -0.0496 0.0339 0.9982
vn -0.0321 0.0285 0.9991
vn -0.0217 0.0017 0.9998
vn -0.0586 0.0371 0.9976
vn 0.5940 -0.6164 -0.5169
vn 0.6631 -0.6161 -0.4251
vn 0.6189 -0.6765 -0.3992
vn -0.0952 0.0481 0.9943
vn -0.0750 0.0294 0.9967
vn -0.0757 0.0351 0.9965
vn -0.0522 0.0274 0.9983
vn -0.0559 0.0153 0.9983
vn -0.0116 -0.7430 -0.6692
vn 0.0146 -0.8138 -0.5810
vn -0.1036 -0.7521 -0.6509
vn -0.0518 0.0078 0.9986
vn 0.2622 -0.9163 -0.3026
vn 0.1506 -0.9368 -0.3157
vn 0.1679 -0.8952 -0.4128
vn -0.0586 0.0247 0.9980
vn -0.0611 0.0015 0.9981
vn -0.0406 0.0110 0.9991
vn -0.0146 0.5661 -0.8242
vn -0.2351 0.0960 0.9672
vn 0.0378 -0.0168 0.9991
vn -0.0991 -0.0258 0.9947
vn -0.0623 0.1067 0.9923
vn -0.0214 0.0202 0.9996
vn -0.0458 0.0039 0.9989
vn 0.2119 -0.9693 0.1245
vn 0.0802 -0.2520 0.9644
vn 0.1883 -0.9818 -0.0238
vn -0.0317 -0.0096 0.9995
vn -0.0065 0.0164 0.9998
vn -0.0074 -0.0283 0.9996
vn 0.2809 -0.9596 0.0180
vn 0.3067 -0.9493 0.0695
vn 0.2483 -0.8561 0.4532
vn 0.3611 -0.9188 0.1595
vn 0.4395 -0.8982 -0.0024
vn 0.5071 -0.8550 0.1089
vn 0.3452 -0.9383 -0.0195
vn 0.6647 -0.7470 0.0131
vn 0.5726 -0.8195 -0.0215
vn 0.6276 -0.7703 -0.1129
vn 0.5867 -0.8069 0.0685
vn -0.0328 0.0200 0.9993
vn 0.1677 -0.4655 0.8690
vn 0.0022 -0.0023 1.0000
vn 0.3001 -0.4987 0.8132
vn 0.2732 -0.5996 0.7522
vn 0.5521 -0.7177 0.4243
vn -0.0524 0.0477 0.9975
vn 0.6449 -0.7537 0.1271
vn -0.0278 0.0261 0.9993
vn 0.3898 -0.4426 0.8076
vn -0.3885 -0.4240 -0.8181
vn -0.4066 -0.4964 -0.7670
vn 0.2145 -0.9754 0.0513
vn 0.2625 -0.9643 -0.0353
vn 0.3173 -0.9349 -0.1591
vn 0.5115 -0.8272 -0.2328
vn 0.5971 -0.7611 -0.2533
vn 0.4164 -0.9015 -0.1177
vn 0.5167 -0.8509 -0.0945
vn 0.2476 -0.9521 -0.1793
vn 0.1718 -0.9687 -0.1790
vn 0.4677 -0.8102 -0.3535
vn 0.3529 -0.8851 -0.3035
vn 0.3600 -0.8439 -0.3978
vn 0.4059 -0.8825 -0.2376
vn 0.4334 -0.7717 -0.4654
vn 0.5776 -0.7435 -0.3370
vn 0.5231 -0.7383 -0.4257
vn -0.0166 0.0143 0.9998
vn 0.0321 0.0251 0.9992
vn 0.0205 -0.0037 0.9998
vn -0.0045 0.0375 0.9993
vn -0.0207 -0.0305 0.9993
vn -0.0344 -0.0242 0.9991
vn 0.0418 -0.0456 0.9981
vn 0.0467 0.0014 0.9989
vn 0.0238 0.0608 0.9979
vn 0.0522 0.0281 0.9982
vn 0.4010 -0.4012 0.8236
vn 0.7024 -0.6820 0.2039
vn 0.5270 -0.3896 0.7553
vn 0.0247 -0.0101 0.9996
vn 0.5255 -0.3383 0.7806
vn 0.5211 -0.3563 0.7756
vn 0.3147 -0.1982 0.9283
vn 0.0227 0.0412 0.9989
vn 0.7874 -0.5934 0.1673
vn 0.7291 -0.6833 0.0389
vn 0.7153 -0.6959 -0.0639
vn 0.7837 -0.6210 -0.0145
vn 0.7004 -0.6910 -0.1790
vn 0.7679 -0.6212 -0.1563
vn 0.8568 -0.5077 0.0906
vn 0.2590 -0.5637 -0.7844
vn 0.3407 -0.5349 -0.7732
vn 0.3108 -0.6408 -0.7020
vn 0.8343 -0.5498 -0.0410
vn 0.7996 -0.4929 0.3430
vn 0.8337 -0.4929 -0.2489
vn 0.7744 -0.5720 -0.2703
vn 0.9287 -0.3563 -0.1026
vn 0.8881 -0.4584 -0.0336
vn 0.8718 -0.4649 -0.1545
vn 0.8099 -0.5657 -0.1553
vn 0.6836 -0.6688 -0.2922
vn 0.7336 -0.5802 -0.3539
vn 0.7060 -0.5512 -0.4446
vn 0.7541 -0.5031 -0.4223
vn 0.8125 -0.4647 -0.3519
vn 0.7919 -0.4227 -0.4407
vn 0.9264 -0.3341 0.1735
vn 0.9138 -0.3498 -0.2066
vn 0.8603 -0.3332 -0.3858
vn 0.8767 -0.3901 -0.2815
vn 0.0252 0.0262 0.9993
vn 0.6145 -0.2531 0.7472
vn -0.2672 -0.3064 0.9136
vn -0.0945 -0.0029 0.9955
vn -0.0475 0.0163 0.9987
vn -0.0564 -0.0137 0.9983
vn -0.0473 -0.0253 0.9986
vn -0.0510 0.0223 0.9984
vn -0.0325 -0.0013 0.9995
vn -0.0071 0.0063 1.0000
vn -0.0244 0.0189 0.9995
vn -0.0176 0.0239 0.9996
vn 0.0072 0.0210 0.9998
vn -0.0056 0.0176 0.9998
vn 0.3387 0.5253 0.7806
vn -0.0049 0.0349 0.9994
vn 0.4977 0.8121 0.3045
vn 0.5878 0.8037 0.0925
vn -0.0354 0.0318 0.9989
vn -0.2592 0.0239 0.9655
vn -0.0293 0.0157 0.9994
vn -0.0292 0.0017 0.9996
vn -0.0461 0.0036 0.9989
vn -0.0311 0.0310 0.9990
vn -0.0341 -0.0048 0.9994
vn -0.0442 -0.0052 0.9990
vn -0.0158 0.0182 0.9997
vn 0.0258 0.0031 0.9997
vn 0.0246 -0.0016 0.9997
vn 0.0029 0.0280 0.9996
vn -0.0313 0.0067 0.9995
vn -0.0419 -0.0126 0.9990
vn -0.0016 -0.0535 0.9986
vn -0.0543 0.0111 0.9985
vn 0.0218 0.0284 0.9994
vn -0.0341 0.0176 0.9993
vn 0.0098 0.0423 0.9991
vn 0.0296 0.0380 0.9988
vn 0.0082 0.0203 0.9998
vn 0.0061 0.0194 0.9998
vn 0.0236 0.0111 0.9997
vn 0.0050 0.0376 0.9993
vn 0.4131 0.5194 0.7481
vn 0.6461 0.7614 0.0540
vn 0.3798 0.5073 0.7735
vn 0.7720 0.6226 0.1281
vn 0.6872 0.7044 0.1778
vn 0.4472 0.3942 0.8029
vn 0.7320 0.6813 0.0012
vn -0.0123 0.0133 0.9998
vn -0.0166 0.0035 0.9999
vn 0.4647 0.3865 0.7967
vn 0.7604 0.6408 -0.1054
vn 0.8054 0.5922 -0.0246
vn 0.0070 0.0102 0.9999
vn 0.8330 0.5439 0.1018
vn 0.4944 0.3623 0.7901
vn 0.4847 0.3324 0.8091
vn 0.8023 0.5814 -0.1351
vn 0.6870 0.7175 -0.1150
vn -0.0945 0.0141 0.9954
vn 0.0252 -0.0017 0.9997
vn -0.0033 0.0226 0.9997
vn 0.0343 0.0191 0.9992
vn 0.5037 0.0406 0.8629
vn 0.5559 -0.0084 0.8312
vn 0.9775 0.0032 0.2108
vn 0.5667 0.0241 0.8235
vn 0.9932 0.0544 0.1029
vn -0.0389 0.0087 0.9992
vn 0.9455 0.1066 0.3078
vn -0.0831 -0.0005 0.9965
vn 0.4069 0.0818 0.9098
vn 0.9383 0.2077 0.2766
vn 0.5258 0.1931 0.8284
vn 0.8728 0.4862 -0.0431
vn 0.4657 0.2489 0.8492
vn 0.6435 0.4218 0.6387
vn 0.9237 0.3618 0.1258
vn 0.9909 0.1331 0.0214
vn 0.9735 0.2284 0.0146
vn 0.9391 0.3306 -0.0942
vn 0.8893 0.4228 -0.1743
vn 0.8374 0.5159 -0.1806
vn 0.8487 0.4611 -0.2591
vn 0.7806 0.5729 -0.2501
vn 0.6111 0.7892 -0.0607
vn 0.7060 0.6154 -0.3505
vn -0.2290 -0.0383 0.9727
vn 0.1087 -0.0320 0.9936
vn 0.0113 0.3200 0.9473
vn 0.5243 -0.6854 -0.5052
vn -0.0480 0.0263 0.9985
vn -0.0434 0.0531 0.9976
vn -0.0292 0.0723 0.9970
vn -0.0784 0.0924 0.9926
vn -0.2546 -0.1083 -0.9609
vn -0.3037 -0.1882 -0.9340
vn 0.0131 0.0100 0.9999
vn 0.0371 0.0019 0.9993
vn -0.0404 -0.0531 0.9978
vn -0.0599 -0.1275 0.9900
vn 0.0149 -0.0205 0.9997
vn -0.0140 -0.0066 0.9999
vn -0.0724 -0.0653 0.9952
vn -0.0113 0.1092 0.9940
vn -0.0483 0.0257 0.9985
vn 0.0165 0.0858 0.9962
vn -0.0676 -0.0393 0.9969
vn 0.0594 0.0193 0.9980
vn 0.0336 0.0784 0.9964
vn 0.0180 -0.0056 0.9998
vn 0.0276 0.0017 0.9996
vn 0.0113 0.0124 0.9999
vn -0.0293 -0.0083 0.9995
vn -0.0340 0.0031 0.9994
vn -0.0014 0.0085 1.0000
vn -0.0064 -0.0280 0.9996
vn -0.1146 0.0270 0.9931
vn 0.9242 -0.1550 0.3490
vn 0.9924 -0.0906 0.0831
vn 0.6196 -0.0378 0.7840
vn 0.3131 -0.0326 0.9492
vn -0.0532 0.0025 0.9986
vn -0.2234 0.0404 0.9739
vn 0.9820 -0.1761 0.0686
vn 0.9925 -0.1192 0.0287
vn 0.9554 -0.2486 0.1594
vn 0.9585 -0.2847 0.0154
vn 0.3849 -0.0852 0.9190
vn 0.5259 -0.1559 0.8362
vn -0.1217 0.0737 0.9898
vn -0.0251 0.0217 0.9994
vn 0.9814 -0.1419 -0.1295
vn 0.9934 -0.0423 -0.1062
vn 0.9934 -0.1075 -0.0403
vn 0.9853 -0.1690 -0.0235
vn 0.9778 -0.0804 -0.1935
vn 0.9579 -0.1827 -0.2214
vn 0.9509 -0.2571 -0.1723
vn 0.9401 -0.2511 -0.2305
vn 0.9177 -0.2376 -0.3183
vn 0.9011 -0.3018 -0.3114
vn 0.9216 -0.3863 0.0365
vn 0.9703 -0.2252 -0.0882
vn 0.9978 -0.0559 -0.0344
vn 0.9999 -0.0086 0.0089
vn 0.9808 -0.0501 0.1887
vn 0.9943 0.0153 -0.1053
vn 0.9970 0.0155 -0.0760
vn 0.9847 0.0241 -0.1725
vn 0.9949 0.0817 -0.0593
vn 0.9917 0.0474 -0.1193
vn 0.9802 0.0915 -0.1755
vn 0.9301 0.3064 -0.2027
vn 0.9765 0.1733 -0.1279
vn 0.9744 0.2160 -0.0617
vn 0.9576 0.2117 -0.1955
vn 0.8977 0.3384 -0.2822
vn 0.9617 0.0592 -0.2678
vn 0.9670 -0.0302 -0.2530
vn 0.8810 -0.2379 -0.4090
vn 0.9218 -0.1629 -0.3518
vn 0.9478 -0.1455 -0.2839
vn 0.9320 0.2247 -0.2846
vn 0.9429 -0.0389 -0.3309
vn 0.9281 0.0695 -0.3659
vn 0.0706 -0.9592 -0.2738
vn -0.1933 -0.9082 -0.3711
vn -0.0374 -0.9213 -0.3869
vn -0.2975 -0.9061 -0.3009
vn -0.3761 -0.8728 -0.3111
vn -0.3688 -0.8205 -0.4369
vn -0.3066 -0.8545 -0.4193
vn -0.2453 -0.8163 -0.5230
vn -0.1572 -0.8651 -0.4764
vn -0.4260 -0.8670 -0.2585
vn -0.0233 -0.8540 -0.5198
vn -0.1067 -0.8020 -0.5877
vn -0.2140 -0.7577 -0.6165
vn -0.3111 -0.7658 -0.5628
vn -0.3862 -0.7184 -0.5786
vn -0.3873 -0.7834 -0.4860
vn 0.3709 -0.6775 -0.6351
vn 0.2885 -0.7222 -0.6287
vn -0.0841 -0.6787 -0.7296
vn -0.4208 -0.6500 -0.6328
vn -0.2988 -0.6923 -0.6568
vn -0.3156 -0.5045 -0.8036
vn -0.2283 -0.5605 -0.7961
vn -0.3129 -0.6116 -0.7267
vn -0.1988 -0.6838 -0.7020
vn -0.1786 -0.6217 -0.7626
vn -0.1888 -0.4666 -0.8641
vn -0.2050 -0.2877 -0.9355
vn -0.1962 -0.3608 -0.9117
vn -0.2913 -0.3870 -0.8748
vn -0.1341 -0.3828 -0.9140
vn -0.2519 -0.2511 -0.9346
vn -0.1175 -0.3032 -0.9457
vn -0.0513 -0.4851 -0.8730
vn -0.1256 -0.5734 -0.8096
vn -0.0501 -0.4057 -0.9126
vn -0.0331 -0.5693 -0.8215
vn -0.0025 -0.6633 -0.7483
vn -0.1161 -0.2083 -0.9712
vn -0.0226 -0.2735 -0.9616
vn -0.0004 -0.3354 -0.9421
vn -0.0170 -0.2230 -0.9747
vn -0.0756 -0.2566 -0.9636
vn -0.0172 -0.0891 -0.9959
vn -0.0801 -0.0694 -0.9944
vn 0.0016 -0.0186 -0.9998
vn 0.0820 -0.0117 -0.9966
vn -0.0297 0.0990 -0.9946
vn -0.1062 0.0437 -0.9934
vn -0.1834 0.0189 -0.9829
vn -0.1515 -0.0628 -0.9865
vn 0.0869 -0.0345 -0.9956
vn -0.1464 -0.1717 -0.9742
vn 0.0155 -0.0976 -0.9951
vn -0.0148 -0.1529 -0.9881
vn 0.1071 -0.0417 -0.9934
vn 0.0739 -0.0868 -0.9935
vn 0.0723 -0.0824 -0.9940
vn 0.1138 -0.0595 -0.9917
vn 0.0776 -0.1676 -0.9828
vn 0.1389 -0.0147 -0.9902
vn 0.1111 -0.0275 -0.9934
vn 0.1571 -0.0339 -0.9870
vn 0.1896 -0.8347 -0.5171
vn 0.2490 -0.8792 -0.4061
vn 0.0713 -0.7244 -0.6856
vn 0.1676 -0.7825 -0.5996
vn 0.0578 -0.7871 -0.6141
vn 0.0614 -0.8987 -0.4341
vn 0.1293 -0.8552 -0.5019
vn 0.1117 -0.8233 -0.5565
vn 0.2704 -0.8285 -0.4904
vn 0.3585 -0.7692 -0.5290
vn 0.4170 -0.7125 -0.5643
vn 0.2551 -0.7732 -0.5805
vn 0.4703 -0.6404 -0.6073
vn 0.6600 -0.5396 -0.5227
vn 0.1718 -0.7053 -0.6878
vn 0.2371 -0.6591 -0.7137
vn 0.3948 -0.5973 -0.6981
vn 0.5851 -0.5451 -0.6004
vn 0.4938 -0.5731 -0.6540
vn 0.0581 -0.3718 -0.9265
vn 0.0739 -0.4723 -0.8783
vn 0.0341 -0.5638 -0.8252
vn 0.1853 -0.6073 -0.7725
vn 0.1941 -0.5135 -0.8359
vn 0.0844 -0.6489 -0.7562
vn 0.1419 -0.5591 -0.8169
vn 0.2145 -0.4324 -0.8758
vn 0.1481 -0.3671 -0.9183
vn 0.0727 -0.2675 -0.9608
vn 0.1848 -0.2477 -0.9510
vn 0.1579 -0.1142 -0.9808
vn 0.2453 -0.1313 -0.9605
vn 0.1757 -0.0254 -0.9841
vn 0.3034 -0.1062 -0.9469
vn 0.2691 -0.3102 -0.9118
vn 0.3550 -0.3731 -0.8572
vn 0.3603 -0.2242 -0.9055
vn 0.2911 -0.4679 -0.8345
vn 0.7005 -0.4735 -0.5339
vn 0.6522 -0.4453 -0.6134
vn 0.7431 -0.3860 -0.5467
vn 0.4692 -0.3167 -0.8243
vn 0.5485 -0.3352 -0.7660
vn 0.5349 -0.3971 -0.7458
vn 0.5967 -0.4475 -0.6661
vn 0.5844 -0.4033 -0.7042
vn 0.6576 -0.3560 -0.6640
vn 0.4301 -0.4853 -0.7613
vn 0.5312 -0.4661 -0.7075
vn 0.8175 -0.3086 -0.4863
vn 0.5059 -0.1945 -0.8404
vn 0.5903 -0.2877 -0.7542
vn 0.4442 -0.1267 -0.8869
vn -0.1706 0.2778 -0.9454
vn -0.0882 0.1758 -0.9805
vn -0.1419 0.2722 -0.9517
vn -0.0754 0.3518 -0.9330
vn 0.7422 -0.1880 -0.6432
vn 0.7853 -0.1327 -0.6047
vn 0.8345 -0.1796 -0.5209
vn 0.8478 -0.2208 -0.4821
vn 0.7974 -0.2390 -0.5541
vn 0.7323 -0.2769 -0.6221
vn 0.7474 -0.0630 -0.6613
vn 0.8183 -0.0463 -0.5730
vn 0.8541 -0.0960 -0.5112
vn 0.9050 -0.0412 -0.4234
vn 0.8963 -0.1497 -0.4174
vn 0.6171 -0.1865 -0.7644
vn 0.6855 -0.1249 -0.7172
vn 0.5952 -0.1366 -0.7919
vn 0.5971 -0.0065 -0.8022
vn 0.5084 -0.0849 -0.8569
vn 0.7801 0.0703 -0.6217
vn 0.7061 0.0687 -0.7048
vn 0.8559 0.0488 -0.5149
vn 0.8154 0.1592 -0.5566
vn 0.8934 0.0848 -0.4412
vn 0.1486 -0.0447 -0.9879
vn 0.1208 -0.0234 -0.9924
vn 0.1502 -0.0667 -0.9864
vn 0.1238 0.0066 -0.9923
vn 0.2194 -0.0199 -0.9754
vn 0.0322 0.0675 -0.9972
vn -0.0159 0.1512 -0.9884
vn 0.0416 0.0452 -0.9981
vn 0.1458 0.0896 -0.9852
vn 0.2447 0.1463 -0.9585
vn 0.0575 0.2290 -0.9717
vn 0.1906 0.2802 -0.9408
vn 0.2257 -0.0406 -0.9734
vn 0.3799 -0.0445 -0.9240
vn 0.3110 -0.0014 -0.9504
vn 0.3668 -0.0753 -0.9273
vn 0.4299 0.1100 -0.8961
vn 0.3185 0.0680 -0.9455
vn 0.5896 0.1261 -0.7978
vn 0.5037 0.1016 -0.8579
vn 0.4639 0.0169 -0.8857
vn 0.4279 0.2673 -0.8634
vn 0.5687 0.2482 -0.7842
vn 0.6809 0.1812 -0.7096
vn 0.3361 0.3186 -0.8863
vn 0.0338 0.4292 -0.9026
vn 0.0934 0.5902 -0.8018
vn 0.2454 0.6886 -0.6823
vn 0.4940 0.7820 -0.3801
vn 0.4409 0.7650 -0.4694
vn 0.3312 0.7582 -0.5617
vn 0.8685 0.1948 -0.4557
vn 0.8539 0.2940 -0.4294
vn 0.7830 0.2233 -0.5806
vn 0.8047 0.2744 -0.5264
vn 0.7398 0.3320 -0.5852
vn 0.7738 0.3794 -0.5072
vn 0.8142 0.3298 -0.4778
vn 0.7178 0.2573 -0.6470
vn 0.6723 0.2901 -0.6811
vn 0.7429 0.1974 -0.6397
vn 0.6759 0.3512 -0.6479
vn 0.7120 0.4412 -0.5463
vn 0.6578 0.4524 -0.6023
vn 0.5378 0.7909 -0.2920
vn 0.5817 0.7363 -0.3456
vn 0.5672 0.8060 -0.1693
vn 0.5360 0.7265 -0.4301
vn 0.5854 0.6876 -0.4296
vn 0.6422 0.6500 -0.4063
vn 0.4843 0.7219 -0.4943
vn 0.5909 0.6159 -0.5210
vn 0.5429 0.6787 -0.4946
vn 0.6145 0.6242 -0.4823
vn 0.7601 0.4618 -0.4571
vn 0.6977 0.5557 -0.4522
vn 0.8167 0.4149 -0.4011
vn 0.8300 0.3736 -0.4141
vn 0.6495 0.5448 -0.5304
vn 0.5822 0.3888 -0.7141
vn 0.6116 0.5140 -0.6014
vn 0.5524 0.5051 -0.6631
vn 0.4883 0.4303 -0.7592
vn 0.4601 0.5037 -0.7312
vn 0.5124 0.5755 -0.6374
vn 0.5741 0.5789 -0.5791
vn 0.3800 0.4422 -0.8125
vn 0.4322 0.7061 -0.5609
vn 0.4045 0.6356 -0.6575
vn 0.5149 0.6543 -0.5539
vn 0.2489 0.4344 -0.8656
vn 0.1985 0.5779 -0.7916
vn 0.2966 0.5841 -0.7555
vn 0.3419 0.5079 -0.7907
vn 0.4563 0.5556 -0.6950
vn 0.1345 0.4877 -0.8626
vn -0.3106 0.4488 0.8379
s 1
f 1/1/1 2/2/2 3/3/3
f 1/4/1 3/5/3 4/6/4
f 4/6/4 5/7/5 1/4/1
f 6/8/6 1/1/1 5/9/5
f 7/10/7 4/6/4 8/11/8
f 2/2/2 6/8/6 9/12/9
f 7/10/7 5/7/5 4/6/4
f 7/10/7 8/11/8 10/13/10
f 11/14/11 2/2/2 12/15/12
f 12/15/12 2/2/2 9/12/9
f 13/16/13 3/3/3 2/2/2
f 2/2/2 1/1/1 6/8/6
f 14/17/14 15/18/15 16/19/16
f 7/10/7 10/13/10 17/20/17
f 7/10/7 17/20/17 18/21/18
f 14/22/14 18/21/18 17/20/17
f 19/23/19 14/22/14 17/20/17
f 19/23/19 15/24/15 14/22/14
f 20/25/20 19/23/19 17/20/17
f 2/2/2 11/14/11 21/26/21
f 22/27/22 13/16/13 21/26/21
f 23/28/23 21/26/21 11/14/11
f 13/16/13 2/2/2 21/26/21
f 24/29/24 12/15/12 9/12/9
f 18/30/18 14/17/14 16/19/16
f 5/9/5 16/19/16 9/12/9
f 25/31/25 16/19/16 15/18/15
f 23/28/23 11/14/11 26/32/26
f 11/14/11 12/15/12 26/32/26
f 6/8/6 5/9/5 9/12/9
f 5/9/5 18/30/18 16/19/16
f 7/10/7 18/21/18 5/7/5
f 27/33/27 28/34/28 8/11/8
f 4/6/4 27/33/27 8/11/8
f 29/35/29 27/33/27 3/5/3
f 30/36/30 31/37/31 8/11/8
f 31/37/31 10/13/10 8/11/8
f 31/37/31 32/38/32 10/13/10
f 33/39/33 22/27/22 21/26/21
f 34/40/34 22/41/22 33/42/33
f 22/41/22 34/40/34 29/35/29
f 21/26/21 35/43/35 33/39/33
f 35/43/35 36/44/36 33/39/33
f 36/45/36 34/40/34 33/42/33
f 34/40/34 28/34/28 29/35/29
f 22/41/22 29/35/29 13/46/13
f 13/46/13 29/35/29 3/5/3
f 37/47/37 38/48/38 28/34/28
f 30/36/30 8/11/8 28/34/28
f 38/48/38 30/36/30 28/34/28
f 38/48/38 39/49/39 30/36/30
f 29/35/29 28/34/28 27/33/27
f 34/40/34 40/50/40 28/34/28
f 35/43/35 21/26/21 23/28/23
f 40/50/40 34/40/34 36/45/36
f 41/51/41 42/52/42 43/53/43
f 43/53/43 36/44/36 41/51/41
f 44/54/44 36/45/36 43/55/43
f 45/56/45 46/57/46 47/58/47
f 46/57/46 23/28/23 47/58/47
f 44/54/44 48/59/48 40/50/40
f 41/51/41 49/60/49 50/61/50
f 41/51/41 50/61/50 42/52/42
f 50/61/50 51/62/51 42/52/42
f 42/63/42 52/64/52 44/54/44
f 44/54/44 43/55/43 42/63/42
f 49/60/49 53/65/53 50/61/50
f 53/65/53 54/66/54 55/67/55
f 53/65/53 49/60/49 54/66/54
f 54/66/54 49/60/49 45/56/45
f 55/67/55 54/66/54 56/68/56
f 47/58/47 23/28/23 26/32/26
f 47/58/47 57/69/57 45/56/45
f 56/68/56 54/66/54 58/70/58
f 44/54/44 40/50/40 36/45/36
f 37/47/37 59/71/59 38/48/38
f 52/64/52 51/72/51 60/73/60
f 61/74/61 60/73/60 62/75/62
f 52/64/52 60/73/60 63/76/63
f 60/73/60 61/74/61 63/76/63
f 64/77/64 65/78/65 66/79/66
f 66/80/66 65/81/65 61/74/61
f 61/74/61 62/75/62 66/80/66
f 62/82/62 50/61/50 67/83/67
f 62/82/62 51/62/51 50/61/50
f 51/72/51 62/75/62 60/73/60
f 67/83/67 68/84/68 64/77/64
f 67/83/67 64/77/64 66/79/66
f 67/83/67 66/79/66 62/82/62
f 55/67/55 69/85/69 53/65/53
f 69/85/69 68/84/68 53/65/53
f 70/86/70 63/76/63 71/87/71
f 70/86/70 71/87/71 72/88/72
f 70/86/70 72/88/72 73/89/73
f 40/50/40 48/59/48 37/47/37
f 48/59/48 70/86/70 37/47/37
f 70/86/70 73/89/73 37/47/37
f 59/71/59 37/47/37 73/89/73
f 52/64/52 63/76/63 48/59/48
f 63/76/63 70/86/70 48/59/48
f 71/87/71 74/90/74 75/91/75
f 61/74/61 76/92/76 77/93/77
f 74/90/74 71/87/71 61/74/61
f 63/76/63 61/74/61 71/87/71
f 71/87/71 78/94/78 72/88/72
f 79/95/79 38/48/38 59/71/59
f 78/94/78 80/96/80 72/88/72
f 72/88/72 80/96/80 73/89/73
f 80/96/80 81/97/81 73/89/73
f 71/87/71 75/91/75 78/94/78
f 75/91/75 82/98/82 83/99/83
f 75/91/75 83/99/83 78/94/78
f 84/100/84 79/95/79 59/71/59
f 84/100/84 73/89/73 81/97/81
f 80/96/80 78/94/78 85/101/85
f 83/99/83 86/102/86 87/103/87
f 83/99/83 87/103/87 78/94/78
f 73/89/73 84/100/84 59/71/59
f 86/102/86 83/99/83 82/98/82
f 3/5/3 27/33/27 4/6/4
f 28/34/28 40/50/40 37/47/37
f 35/43/35 41/51/41 36/44/36
f 52/64/52 48/59/48 44/54/44
f 42/63/42 51/72/51 52/64/52
f 38/48/38 79/95/79 39/49/39
f 88/104/88 89/105/89 90/106/90
f 89/105/89 88/104/88 91/107/91
f 89/105/89 92/108/92 93/109/93
f 93/109/93 94/110/94 89/105/89
f 91/107/91 20/25/20 89/105/89
f 89/105/89 95/111/95 90/106/90
f 95/111/95 89/105/89 94/110/94
f 90/106/90 95/111/95 96/112/96
f 95/111/95 97/113/97 96/112/96
f 96/112/96 97/113/97 98/114/98
f 98/114/98 97/113/97 99/115/99
f 96/112/96 98/114/98 100/116/100
f 101/117/101 96/112/96 100/116/100
f 99/115/99 100/116/100 98/114/98
f 99/115/99 102/118/102 100/116/100
f 101/117/101 88/104/88 96/112/96
f 101/117/101 103/119/103 104/120/104
f 105/121/105 106/122/106 107/123/107
f 101/117/101 104/120/104 106/124/106
f 106/122/106 104/125/104 107/123/107
f 88/104/88 106/124/106 105/126/105
f 88/104/88 101/117/101 106/124/106
f 88/104/88 90/106/90 96/112/96
f 91/107/91 88/104/88 108/127/108
f 109/128/109 110/129/110 111/130/111
f 111/130/111 108/131/108 109/128/109
f 91/107/91 108/127/108 111/132/111
f 107/123/107 109/133/109 105/121/105
f 109/133/109 108/134/108 105/121/105
f 15/24/15 91/107/91 111/132/111
f 19/23/19 20/25/20 91/107/91
f 101/117/101 112/135/112 103/119/103
f 100/116/100 113/136/113 112/135/112
f 100/116/100 102/118/102 113/136/113
f 102/118/102 114/137/114 115/138/115
f 100/116/100 112/135/112 101/117/101
f 88/104/88 105/126/105 108/127/108
f 93/109/93 116/139/116 94/110/94
f 97/113/97 117/140/117 118/141/118
f 99/115/99 97/113/97 118/141/118
f 119/142/119 95/111/95 120/143/120
f 119/142/119 97/113/97 95/111/95
f 119/142/119 117/140/117 97/113/97
f 94/110/94 116/139/116 121/144/121
f 94/110/94 121/144/121 95/111/95
f 121/144/121 122/145/122 120/143/120
f 95/111/95 121/144/121 120/143/120
f 120/143/120 123/146/123 119/142/119
f 119/142/119 124/147/124 117/140/117
f 116/139/116 125/148/125 121/144/121
f 126/149/126 125/148/125 116/139/116
f 127/150/127 128/151/128 125/148/125
f 128/151/128 129/152/129 125/148/125
f 130/153/130 131/154/131 132/155/132
f 129/152/129 131/154/131 122/145/122
f 122/145/122 125/148/125 129/152/129
f 120/143/120 122/145/122 131/154/131
f 131/154/131 130/153/130 123/146/123
f 129/152/129 133/156/133 132/155/132
f 129/152/129 132/155/132 131/154/131
f 114/137/114 99/115/99 118/141/118
f 134/157/134 124/147/124 123/146/123
f 123/146/123 124/147/124 119/142/119
f 135/158/135 124/147/124 134/157/134
f 136/159/136 137/160/137 130/153/130
f 134/157/134 130/153/130 137/160/137
f 132/155/132 136/159/136 130/153/130
f 121/144/121 125/148/125 122/145/122
f 123/146/123 120/143/120 131/154/131
f 123/146/123 130/153/130 134/157/134
f 93/109/93 92/108/92 32/38/32
f 138/161/138 93/109/93 32/38/32
f 10/13/10 92/108/92 17/20/17
f 17/20/17 92/108/92 20/25/20
f 39/49/39 139/162/139 140/163/140
f 141/164/141 142/165/142 39/49/39
f 141/164/141 39/49/39 140/163/140
f 142/165/142 141/164/141 138/161/138
f 142/165/142 32/38/32 31/37/31
f 142/165/142 138/161/138 32/38/32
f 126/149/126 93/109/93 138/161/138
f 126/149/126 138/161/138 141/164/141
f 141/164/141 140/163/140 126/149/126
f 126/149/126 140/163/140 127/150/127
f 143/166/143 127/150/127 140/163/140
f 139/162/139 143/166/143 140/163/140
f 79/95/79 84/100/84 139/162/139
f 144/167/144 145/168/145 85/101/85
f 85/101/85 146/169/146 81/97/81
f 85/101/85 145/168/145 146/169/146
f 144/167/144 147/170/147 145/168/145
f 145/168/145 147/170/147 148/171/148
f 145/168/145 148/171/148 149/172/149
f 139/162/139 149/172/149 150/173/150
f 149/172/149 148/171/148 150/173/150
f 139/162/139 84/100/84 149/172/149
f 146/169/146 149/172/149 84/100/84
f 146/169/146 145/168/145 149/172/149
f 87/103/87 151/174/151 152/175/152
f 144/167/144 85/101/85 87/103/87
f 144/167/144 87/103/87 152/175/152
f 152/175/152 153/176/153 147/170/147
f 151/174/151 153/176/153 152/175/152
f 147/170/147 144/167/144 152/175/152
f 151/174/151 154/177/154 153/176/153
f 155/178/155 150/173/150 148/171/148
f 156/179/156 147/170/147 153/176/153
f 79/95/79 139/162/139 39/49/39
f 143/166/143 139/162/139 150/173/150
f 143/166/143 157/180/157 128/151/128
f 157/180/157 158/181/158 128/151/128
f 128/151/128 158/181/158 129/152/129
f 158/181/158 133/156/133 129/152/129
f 148/171/148 159/182/159 155/178/155
f 160/183/160 161/184/161 162/185/162
f 162/185/162 155/178/155 159/182/159
f 155/178/155 162/185/162 163/186/163
f 161/184/161 163/186/163 162/185/162
f 148/171/148 147/170/147 159/182/159
f 150/173/150 155/178/155 157/180/157
f 155/178/155 163/186/163 157/180/157
f 163/186/163 164/187/164 158/181/158
f 163/186/163 161/184/161 165/188/165
f 158/181/158 157/180/157 163/186/163
f 156/179/156 153/176/153 166/189/166
f 153/176/153 167/190/167 166/189/166
f 168/191/168 156/179/156 166/189/166
f 159/182/159 156/179/156 168/191/168
f 156/179/156 159/182/159 147/170/147
f 168/191/168 160/183/160 159/182/159
f 159/182/159 160/183/160 162/185/162
f 168/191/168 169/192/169 160/183/160
f 170/193/170 171/194/171 169/192/169
f 169/192/169 171/194/171 172/195/172
f 173/196/173 174/197/174 175/198/175
f 166/189/166 170/193/170 169/192/169
f 164/187/164 176/199/176 133/156/133
f 176/199/176 136/159/136 133/156/133
f 165/188/165 161/184/161 177/200/177
f 165/188/165 178/201/178 164/187/164
f 176/199/176 164/187/164 178/201/178
f 179/202/179 180/203/180 177/200/177
f 179/202/179 177/200/177 160/183/160
f 181/204/181 182/205/182 183/206/183
f 160/183/160 177/200/177 161/184/161
f 165/188/165 164/187/164 163/186/163
f 158/181/158 164/187/164 133/156/133
f 184/207/184 185/208/185 186/209/186
f 165/188/165 177/200/177 178/201/178
f 99/115/99 114/137/114 102/118/102
f 126/149/126 116/139/116 93/109/93
f 126/149/126 127/150/127 125/148/125
f 20/25/20 92/108/92 89/105/89
f 153/176/153 154/177/154 187/210/187
f 157/180/157 143/166/143 150/173/150
f 143/166/143 128/151/128 127/150/127
f 133/156/133 136/159/136 132/155/132
f 188/211/188 189/212/189 190/213/190
f 191/214/191 192/215/192 193/216/193
f 190/213/190 193/217/193 188/211/188
f 194/218/194 193/217/193 190/213/190
f 193/216/193 194/219/194 191/214/191
f 195/220/195 196/221/196 197/222/197
f 196/221/196 198/223/198 197/222/197
f 199/224/199 197/222/197 200/225/200
f 197/222/197 201/226/201 200/225/200
f 198/223/198 201/226/201 197/222/197
f 202/227/202 203/228/203 204/229/204
f 204/229/204 205/230/205 202/227/202
f 206/231/206 205/230/205 204/229/204
f 204/229/204 207/232/207 206/231/206
f 203/228/203 207/232/207 204/229/204
f 208/233/208 209/234/209 210/235/210
f 211/236/211 212/237/212 200/225/200
f 211/236/211 200/225/200 213/238/213
f 208/233/208 213/238/213 200/225/200
f 211/236/211 213/238/213 203/228/203
f 203/228/203 202/227/202 211/236/211
f 213/238/213 214/239/214 203/228/203
f 200/225/200 201/226/201 208/233/208
f 209/234/209 208/233/208 201/226/201
f 198/223/198 209/234/209 201/226/201
f 209/234/209 215/240/215 210/235/210
f 189/212/189 216/241/216 190/213/190
f 217/242/217 216/241/216 218/243/218
f 219/244/219 190/213/190 216/241/216
f 217/242/217 218/243/218 220/245/220
f 216/241/216 217/242/217 219/244/219
f 217/242/217 221/246/221 219/244/219
f 222/247/222 223/248/223 224/249/224
f 219/244/219 221/246/221 222/250/222
f 219/244/219 222/250/222 225/251/225
f 191/252/191 194/253/194 226/254/226
f 225/251/225 194/218/194 219/244/219
f 226/254/226 194/253/194 225/255/225
f 226/254/226 222/247/222 224/249/224
f 226/254/226 225/255/225 222/247/222
f 220/245/220 227/256/227 217/242/217
f 217/242/217 227/256/227 221/246/221
f 227/256/227 228/257/228 229/258/229
f 228/257/228 230/259/230 229/258/229
f 227/256/227 229/258/229 221/246/221
f 221/246/221 229/258/229 231/260/231
f 231/261/231 223/248/223 232/262/232
f 221/246/221 232/263/232 222/250/222
f 221/246/221 231/260/231 232/263/232
f 207/232/207 233/264/233 228/257/228
f 207/232/207 227/256/227 220/245/220
f 207/232/207 228/257/228 227/256/227
f 234/265/234 223/248/223 235/266/235
f 236/267/236 231/260/231 229/258/229
f 231/261/231 237/268/237 223/248/223
f 203/228/203 214/239/214 233/264/233
f 233/264/233 238/269/238 228/257/228
f 207/232/207 203/228/203 233/264/233
f 230/259/230 238/269/238 239/270/239
f 228/257/228 238/269/238 230/259/230
f 237/268/237 236/271/236 240/272/240
f 230/259/230 240/273/240 236/267/236
f 237/268/237 241/274/241 242/275/242
f 240/273/240 243/276/243 241/277/241
f 241/274/241 237/268/237 240/272/240
f 244/278/244 235/266/235 245/279/245
f 245/279/245 235/266/235 242/275/242
f 235/266/235 237/268/237 242/275/242
f 224/249/224 223/248/223 246/280/246
f 223/248/223 222/247/222 232/262/232
f 246/280/246 223/248/223 234/265/234
f 237/268/237 231/261/231 236/271/236
f 235/266/235 223/248/223 237/268/237
f 229/258/229 230/259/230 236/267/236
f 230/259/230 243/276/243 240/273/240
f 226/254/226 247/281/247 191/252/191
f 244/278/244 234/265/234 235/266/235
f 214/239/214 208/233/208 210/235/210
f 233/264/233 248/282/248 238/269/238
f 249/283/249 250/284/250 248/282/248
f 213/238/213 208/233/208 214/239/214
f 214/239/214 210/235/210 248/282/248
f 248/282/248 233/264/233 214/239/214
f 215/240/215 248/282/248 210/235/210
f 248/282/248 215/240/215 249/283/249
f 243/276/243 239/270/239 251/285/251
f 248/282/248 250/284/250 239/270/239
f 251/285/251 239/270/239 250/284/250
f 252/286/252 251/285/251 250/284/250
f 243/276/243 251/285/251 253/287/253
f 241/274/241 254/288/254 242/275/242
f 253/287/253 241/277/241 243/276/243
f 255/289/255 251/285/251 256/290/256
f 241/274/241 253/291/253 254/288/254
f 255/289/255 253/287/253 251/285/251
f 255/292/255 254/288/254 253/291/253
f 242/275/242 257/293/257 258/294/258
f 257/293/257 242/275/242 254/288/254
f 259/295/259 258/294/258 260/296/260
f 260/296/260 258/294/258 257/293/257
f 251/285/251 252/286/252 256/290/256
f 259/295/259 245/279/245 258/294/258
f 245/279/245 242/275/242 258/294/258
f 238/269/238 248/282/248 239/270/239
f 261/297/261 216/241/216 189/212/189
f 262/298/262 206/231/206 218/243/218
f 206/231/206 220/245/220 218/243/218
f 207/232/207 220/245/220 206/231/206
f 190/213/190 219/244/219 194/218/194
f 239/270/239 243/276/243 230/259/230
f 263/299/263 264/300/264 265/301/265
f 263/299/263 266/302/266 264/300/264
f 118/141/118 267/303/267 268/304/268
f 265/301/265 269/305/269 267/303/267
f 268/304/268 267/303/267 269/305/269
f 269/305/269 270/306/270 268/304/268
f 265/301/265 264/300/264 269/305/269
f 265/301/265 267/303/267 135/158/135
f 135/158/135 271/307/271 265/301/265
f 271/307/271 263/299/263 265/301/265
f 272/308/272 263/299/263 271/307/271
f 176/199/176 273/309/273 136/159/136
f 271/307/271 137/160/137 272/308/272
f 272/308/272 273/309/273 266/302/266
f 273/309/273 274/310/274 266/302/266
f 272/308/272 266/302/266 263/299/263
f 136/159/136 273/309/273 137/160/137
f 273/309/273 176/199/176 275/311/275
f 275/311/275 276/312/276 273/309/273
f 276/312/276 275/311/275 277/313/277
f 137/160/137 273/309/273 272/308/272
f 276/312/276 274/310/274 273/309/273
f 264/300/264 278/314/278 279/315/279
f 264/300/264 279/315/279 280/316/280
f 281/317/281 264/300/264 280/316/280
f 280/316/280 282/318/282 281/317/281
f 266/302/266 278/314/278 264/300/264
f 278/314/278 266/302/266 274/310/274
f 279/315/279 283/319/283 284/320/284
f 274/310/274 276/312/276 283/319/283
f 283/319/283 278/314/278 274/310/274
f 278/314/278 283/319/283 279/315/279
f 285/321/285 286/322/286 268/304/268
f 114/137/114 268/304/268 286/322/286
f 269/305/269 264/300/264 281/317/281
f 269/305/269 281/317/281 270/306/270
f 287/323/287 288/324/288 289/325/289
f 284/320/284 287/323/287 289/325/289
f 287/323/287 290/326/290 288/324/288
f 287/323/287 291/327/291 290/326/290
f 292/328/292 293/329/293 294/330/294
f 287/323/287 284/320/284 293/329/293
f 294/330/294 293/329/293 284/320/284
f 284/320/284 283/319/283 294/330/294
f 295/331/295 294/330/294 276/312/276
f 276/312/276 294/330/294 283/319/283
f 287/323/287 293/329/293 291/327/291
f 293/329/293 296/332/296 291/327/291
f 297/333/297 298/334/298 295/331/295
f 178/201/178 177/200/177 297/333/297
f 177/200/177 180/203/180 297/333/297
f 180/203/180 299/335/299 297/333/297
f 176/199/176 178/201/178 297/333/297
f 176/199/176 277/313/277 275/311/275
f 297/333/297 277/313/277 176/199/176
f 277/313/277 297/333/297 295/331/295
f 300/336/300 180/203/180 172/195/172
f 299/335/299 180/203/180 300/336/300
f 299/335/299 298/334/298 297/333/297
f 295/331/295 301/337/301 292/328/292
f 295/331/295 292/328/292 294/330/294
f 277/313/277 295/331/295 276/312/276
f 205/230/205 206/231/206 290/326/290
f 295/331/295 298/334/298 301/337/301
f 302/338/302 303/339/303 304/340/304
f 305/341/305 306/342/306 280/316/280
f 280/316/280 306/342/306 282/318/282
f 302/338/302 282/318/282 303/339/303
f 282/318/282 306/342/306 303/339/303
f 282/318/282 302/338/302 307/343/307
f 270/306/270 307/343/307 285/321/285
f 307/343/307 302/338/302 308/344/308
f 309/345/309 285/321/285 308/344/308
f 307/343/307 308/344/308 285/321/285
f 286/322/286 285/321/285 309/345/309
f 302/338/302 304/340/304 308/344/308
f 310/346/310 308/344/308 304/340/304
f 310/346/310 304/340/304 311/347/311
f 303/339/303 311/347/311 304/340/304
f 312/348/312 311/347/311 313/349/313
f 310/346/310 311/347/311 312/348/312
f 305/341/305 314/350/314 306/342/306
f 305/341/305 288/324/288 314/350/314
f 303/339/303 306/342/306 315/351/315
f 314/350/314 315/351/315 306/342/306
f 314/350/314 316/352/316 315/351/315
f 303/339/303 315/351/315 311/347/311
f 288/324/288 316/352/316 314/350/314
f 316/352/316 262/298/262 261/297/261
f 315/351/315 189/212/189 317/353/317
f 316/352/316 189/212/189 315/351/315
f 317/353/317 189/212/189 188/211/188
f 316/352/316 261/297/261 189/212/189
f 288/324/288 262/298/262 316/352/316
f 311/347/311 315/351/315 318/354/318
f 318/354/318 319/355/319 320/356/320
f 321/357/321 320/358/320 319/359/319
f 318/354/318 317/353/317 319/355/319
f 315/351/315 317/353/317 318/354/318
f 311/347/311 318/354/318 313/349/313
f 313/349/313 318/354/318 320/356/320
f 317/353/317 193/217/193 319/355/319
f 317/353/317 188/211/188 193/217/193
f 300/336/300 322/360/322 323/361/323
f 300/336/300 324/362/324 299/335/299
f 324/362/324 300/336/300 323/361/323
f 299/335/299 324/362/324 298/334/298
f 324/362/324 325/363/325 298/334/298
f 325/363/325 324/362/324 326/364/326
f 325/363/325 326/364/326 195/220/195
f 195/220/195 199/224/199 325/363/325
f 324/362/324 323/361/323 326/364/326
f 327/365/327 326/364/326 323/361/323
f 327/365/327 195/220/195 326/364/326
f 325/363/325 199/224/199 328/366/328
f 212/237/212 328/366/328 199/224/199
f 329/367/329 328/366/328 212/237/212
f 212/237/212 330/368/330 329/367/329
f 301/337/301 325/363/325 328/366/328
f 328/366/328 329/367/329 301/337/301
f 329/367/329 330/368/330 293/329/293
f 293/329/293 330/368/330 296/332/296
f 211/236/211 296/332/296 330/368/330
f 290/326/290 291/327/291 205/230/205
f 211/236/211 202/227/202 296/332/296
f 296/332/296 202/227/202 291/327/291
f 202/227/202 205/230/205 291/327/291
f 270/306/270 285/321/285 268/304/268
f 288/324/288 305/341/305 289/325/289
f 279/315/279 289/325/289 305/341/305
f 279/315/279 305/341/305 280/316/280
f 270/306/270 281/317/281 307/343/307
f 284/320/284 289/325/289 279/315/279
f 292/328/292 329/367/329 293/329/293
f 307/343/307 281/317/281 282/318/282
f 290/326/290 262/298/262 288/324/288
f 298/334/298 325/363/325 301/337/301
f 292/328/292 301/337/301 329/367/329
f 30/36/30 142/165/142 31/37/31
f 30/36/30 39/49/39 142/165/142
f 80/96/80 85/101/85 81/97/81
f 91/107/91 15/24/15 19/23/19
f 32/38/32 92/108/92 10/13/10
f 81/97/81 146/169/146 84/100/84
f 87/103/87 85/101/85 78/94/78
f 118/141/118 268/304/268 114/137/114
f 110/129/110 15/18/15 111/130/111
f 134/157/134 137/160/137 135/158/135
f 331/369/331 260/296/260 257/293/257
f 172/195/172 180/203/180 179/202/179
f 171/194/171 332/370/332 172/195/172
f 261/297/261 262/298/262 218/243/218
f 199/224/199 200/225/200 212/237/212
f 124/147/124 267/303/267 117/140/117
f 124/147/124 135/158/135 267/303/267
f 117/140/117 267/303/267 118/141/118
f 271/307/271 135/158/135 137/160/137
f 115/138/115 114/137/114 286/322/286
f 218/243/218 216/241/216 261/297/261
f 290/326/290 206/231/206 262/298/262
f 319/359/319 192/215/192 321/357/321
f 319/359/319 193/216/193 192/215/192
f 172/195/172 332/370/332 300/336/300
f 195/220/195 197/222/197 199/224/199
f 211/236/211 330/368/330 212/237/212
f 333/371/333 113/136/113 334/372/334
f 335/373/335 336/374/336 337/375/337
f 338/376/338 339/377/339 340/378/340
f 341/379/341 24/29/24 339/377/339
f 341/379/341 339/377/339 338/376/338
f 342/380/342 343/381/343 344/382/344
f 344/382/344 345/383/345 338/376/338
f 346/384/346 345/383/345 343/381/343
f 343/381/343 345/383/345 344/382/344
f 347/385/347 344/382/344 338/376/338
f 347/385/347 338/376/338 340/378/340
f 345/383/345 341/379/341 338/376/338
f 341/379/341 348/386/348 24/29/24
f 346/384/346 343/381/343 349/387/349
f 350/388/350 349/387/349 342/380/342
f 342/380/342 349/387/349 343/381/343
f 346/384/346 351/389/351 345/383/345
f 341/379/341 345/383/345 351/389/351
f 352/390/352 25/31/25 353/391/353
f 353/391/353 25/31/25 354/392/354
f 25/31/25 355/393/355 354/392/354
f 352/390/352 347/385/347 25/31/25
f 356/394/356 357/395/357 342/380/342
f 342/380/342 344/382/344 356/394/356
f 358/396/358 359/397/359 360/398/360
f 359/397/359 361/399/361 360/398/360
f 361/399/361 359/397/359 352/390/352
f 353/391/353 361/399/361 352/390/352
f 356/394/356 344/382/344 358/396/358
f 344/382/344 359/397/359 358/396/358
f 344/382/344 347/385/347 359/397/359
f 359/397/359 347/385/347 352/390/352
f 356/400/356 362/401/362 363/402/363
f 361/403/361 364/404/364 360/405/360
f 361/403/361 365/406/365 364/404/364
f 356/400/356 358/407/358 362/401/362
f 362/401/362 358/407/358 366/408/366
f 358/407/358 360/405/360 366/408/366
f 361/403/361 353/409/353 365/406/365
f 363/402/363 367/410/367 368/411/368
f 368/411/368 357/412/357 363/402/363
f 357/412/357 356/400/356 363/402/363
f 350/388/350 342/380/342 357/395/357
f 350/388/350 357/395/357 368/413/368
f 353/409/353 354/414/354 365/406/365
f 354/414/354 107/123/107 369/415/369
f 365/406/365 354/414/354 369/415/369
f 370/416/370 371/417/371 372/418/372
f 365/406/365 369/415/369 371/417/371
f 371/417/371 369/415/369 372/418/372
f 335/373/335 337/375/337 373/419/373
f 374/420/374 335/373/335 373/419/373
f 372/418/372 336/374/336 335/373/335
f 375/421/375 370/416/370 374/420/374
f 372/418/372 374/420/374 370/416/370
f 335/373/335 374/420/374 372/418/372
f 370/416/370 375/421/375 376/422/376
f 374/420/374 373/419/373 375/421/375
f 365/406/365 371/417/371 364/404/364
f 370/416/370 364/404/364 371/417/371
f 360/405/360 364/404/364 366/408/366
f 364/404/364 370/416/370 377/423/377
f 378/424/378 379/425/379 373/419/373
f 380/426/380 376/422/376 375/421/375
f 375/421/375 373/419/373 379/425/379
f 363/402/363 381/427/381 382/428/382
f 363/402/363 362/401/362 381/427/381
f 381/427/381 362/401/362 383/429/383
f 377/423/377 383/429/383 362/401/362
f 384/430/384 382/428/382 385/431/385
f 385/431/385 382/428/382 381/427/381
f 386/432/386 385/431/385 381/427/381
f 381/427/381 387/433/387 386/432/386
f 383/429/383 387/433/387 381/427/381
f 388/434/388 387/433/387 383/429/383
f 387/433/387 388/434/388 389/435/389
f 383/429/383 377/423/377 388/434/388
f 389/435/389 388/434/388 376/422/376
f 386/432/386 390/436/390 385/431/385
f 382/428/382 384/430/384 367/410/367
f 380/426/380 389/435/389 376/422/376
f 362/401/362 366/408/366 377/423/377
f 367/410/367 363/402/363 382/428/382
f 334/437/334 391/438/391 337/375/337
f 347/385/347 340/378/340 25/31/25
f 364/404/364 377/423/377 366/408/366
f 377/423/377 370/416/370 388/434/388
f 388/434/388 370/416/370 376/422/376
f 392/439/392 393/440/393 394/441/394
f 395/442/395 393/440/393 392/439/392
f 396/443/396 393/440/393 395/442/395
f 396/443/396 351/389/351 393/440/393
f 396/443/396 348/386/348 351/389/351
f 393/440/393 351/389/351 397/444/397
f 398/445/398 399/446/399 400/447/400
f 401/448/401 402/449/402 398/445/398
f 398/445/398 58/70/58 399/446/399
f 400/447/400 399/446/399 392/439/392
f 392/439/392 403/450/403 395/442/395
f 402/449/402 58/70/58 398/445/398
f 404/451/404 405/452/405 406/453/406
f 398/445/398 400/447/400 407/454/407
f 408/455/408 409/456/409 404/451/404
f 404/451/404 409/456/409 405/452/405
f 405/452/405 407/454/407 400/447/400
f 400/447/400 394/441/394 406/453/406
f 409/456/409 401/448/401 407/454/407
f 407/454/407 405/452/405 409/456/409
f 407/454/407 401/448/401 398/445/398
f 410/457/410 394/441/394 397/444/397
f 394/441/394 400/447/400 392/439/392
f 411/458/411 349/387/349 350/388/350
f 411/458/411 350/388/350 412/459/412
f 349/387/349 413/460/413 346/384/346
f 346/384/346 413/460/413 351/389/351
f 397/444/397 351/389/351 413/460/413
f 349/387/349 411/458/411 413/460/413
f 414/461/414 415/462/415 411/458/411
f 415/462/415 410/457/410 413/460/413
f 416/463/416 417/464/417 404/451/404
f 406/453/406 418/465/418 404/451/404
f 406/453/406 410/457/410 415/462/415
f 418/465/418 406/453/406 415/462/415
f 404/451/404 418/465/418 416/463/416
f 419/466/419 420/467/420 412/459/412
f 419/466/419 412/459/412 350/388/350
f 411/458/411 420/467/420 414/461/414
f 411/458/411 412/459/412 420/467/420
f 421/468/421 414/461/414 422/469/422
f 421/468/421 416/463/416 418/465/418
f 415/462/415 414/461/414 418/465/418
f 419/466/419 423/470/423 424/471/424
f 420/467/420 419/466/419 424/471/424
f 423/470/423 419/466/419 368/413/368
f 423/470/423 425/472/425 426/473/426
f 424/471/424 423/470/423 427/474/427
f 428/475/428 422/469/422 420/467/420
f 422/469/422 414/461/414 420/467/420
f 428/475/428 424/471/424 429/476/429
f 427/474/427 430/477/430 424/471/424
f 424/471/424 430/477/430 429/476/429
f 429/476/429 431/478/431 432/479/432
f 431/478/431 433/480/433 432/479/432
f 422/469/422 428/475/428 434/481/434
f 421/468/421 422/469/422 434/481/434
f 428/475/428 435/482/435 434/481/434
f 436/483/436 434/481/434 435/482/435
f 436/483/436 435/482/435 437/484/437
f 435/482/435 432/479/432 437/484/437
f 429/476/429 435/482/435 428/475/428
f 432/479/432 435/482/435 429/476/429
f 426/473/426 427/474/427 423/470/423
f 425/485/425 384/430/384 426/486/426
f 429/476/429 430/477/430 431/478/431
f 420/467/420 424/471/424 428/475/428
f 430/477/430 427/474/427 438/487/438
f 439/488/439 440/489/440 441/490/441
f 440/489/440 390/436/390 442/491/442
f 440/489/440 443/492/443 385/431/385
f 440/489/440 385/431/385 390/436/390
f 443/492/443 440/489/440 438/493/438
f 438/493/438 427/494/427 443/492/443
f 438/493/438 440/489/440 439/488/439
f 440/489/440 442/491/442 441/490/441
f 430/477/430 438/487/438 439/495/439
f 444/496/444 430/477/430 439/495/439
f 445/497/445 446/498/446 447/499/447
f 448/500/448 449/501/449 446/498/446
f 446/498/446 449/501/449 447/499/447
f 444/496/444 441/502/441 450/503/450
f 439/495/439 441/502/441 444/496/444
f 441/490/441 451/504/451 450/505/450
f 450/505/450 451/504/451 452/506/452
f 452/506/452 451/504/451 449/507/449
f 441/490/441 442/491/442 451/504/451
f 433/480/433 431/478/431 446/498/446
f 446/498/446 431/478/431 448/500/448
f 444/496/444 450/503/450 448/500/448
f 448/500/448 452/508/452 449/501/449
f 452/508/452 448/500/448 450/503/450
f 431/478/431 444/496/444 448/500/448
f 430/477/430 444/496/444 431/478/431
f 442/491/442 453/509/453 451/504/451
f 390/436/390 454/510/454 442/491/442
f 442/491/442 454/510/454 453/509/453
f 455/511/455 456/512/456 447/499/447
f 447/499/447 456/512/456 457/513/457
f 455/511/455 458/514/458 456/512/456
f 459/515/459 449/507/449 451/504/451
f 449/501/449 455/511/455 447/499/447
f 58/70/58 402/449/402 460/516/460
f 397/444/397 413/460/413 410/457/410
f 350/388/350 368/413/368 419/466/419
f 368/413/368 425/472/425 423/470/423
f 421/468/421 434/481/434 436/483/436
f 427/494/427 426/486/426 443/492/443
f 426/486/426 384/430/384 443/492/443
f 384/430/384 425/485/425 367/410/367
f 115/138/115 461/517/461 462/518/462
f 461/517/461 115/138/115 309/345/309
f 309/345/309 463/519/463 464/520/464
f 309/345/309 464/520/464 461/517/461
f 463/521/463 465/522/465 466/523/466
f 467/524/467 461/525/461 464/526/464
f 468/527/468 469/528/469 467/524/467
f 470/529/470 471/530/471 472/531/472
f 468/527/468 466/523/466 469/528/469
f 467/524/467 337/375/337 391/438/391
f 473/532/473 380/426/380 471/530/471
f 471/530/471 380/426/380 379/425/379
f 472/531/472 378/424/378 469/528/469
f 467/524/467 469/528/469 378/424/378
f 474/533/474 473/532/473 471/530/471
f 474/533/474 471/530/471 470/529/470
f 378/424/378 471/530/471 379/425/379
f 471/530/471 378/424/378 472/531/472
f 475/534/475 473/532/473 476/535/476
f 476/535/476 473/532/473 474/533/474
f 477/536/477 478/537/478 479/538/479
f 478/537/478 470/529/470 472/531/472
f 478/537/478 472/531/472 479/538/479
f 469/528/469 466/523/466 479/538/479
f 466/523/466 480/539/480 479/538/479
f 469/528/469 479/538/479 472/531/472
f 480/539/480 481/540/481 482/541/482
f 466/523/466 483/542/483 480/539/480
f 480/539/480 482/541/482 477/536/477
f 477/536/477 482/541/482 484/543/484
f 478/537/478 477/536/477 485/544/485
f 478/537/478 485/544/485 470/529/470
f 391/438/391 461/525/461 467/524/467
f 474/533/474 470/529/470 476/535/476
f 479/538/479 480/539/480 477/536/477
f 481/540/481 480/539/480 483/542/483
f 486/545/486 487/546/487 488/547/488
f 489/548/489 486/545/486 488/547/488
f 488/547/488 487/546/487 475/534/475
f 476/535/476 489/548/489 488/547/488
f 487/546/487 386/432/386 475/534/475
f 476/535/476 488/547/488 475/534/475
f 490/549/490 485/544/485 491/550/491
f 485/544/485 490/549/490 470/529/470
f 492/551/492 493/552/493 489/548/489
f 490/549/490 492/551/492 489/548/489
f 494/553/494 493/552/493 492/551/492
f 494/553/494 492/551/492 490/549/490
f 491/550/491 494/553/494 490/549/490
f 494/553/494 491/550/491 495/554/495
f 496/555/496 491/550/491 485/544/485
f 485/544/485 477/536/477 496/555/496
f 497/556/497 491/550/491 496/555/496
f 498/557/498 486/545/486 499/558/499
f 486/545/486 493/552/493 499/558/499
f 487/546/487 498/557/498 454/510/454
f 498/557/498 487/546/487 486/545/486
f 494/553/494 495/554/495 500/559/500
f 493/552/493 494/553/494 501/560/501
f 501/560/501 494/553/494 500/559/500
f 493/552/493 501/560/501 499/558/499
f 490/549/490 489/548/489 476/535/476
f 486/545/486 489/548/489 493/552/493
f 453/509/453 502/561/502 459/515/459
f 503/562/503 502/561/502 453/509/453
f 451/504/451 453/509/453 459/515/459
f 498/557/498 503/562/503 453/509/453
f 502/561/502 504/563/504 505/564/505
f 498/557/498 499/558/499 503/562/503
f 503/562/503 504/563/504 502/561/502
f 499/558/499 504/563/504 503/562/503
f 498/557/498 453/509/453 454/510/454
f 459/515/459 502/561/502 506/565/506
f 507/566/507 502/561/502 505/564/505
f 508/567/508 509/568/509 510/569/510
f 509/568/509 511/570/511 504/563/504
f 510/569/510 509/568/509 512/571/512
f 500/559/500 512/571/512 501/560/501
f 512/571/512 500/559/500 510/569/510
f 499/558/499 512/571/512 504/563/504
f 504/563/504 512/571/512 509/568/509
f 499/558/499 501/560/501 512/571/512
f 505/564/505 504/563/504 511/570/511
f 509/568/509 508/567/508 511/570/511
f 505/564/505 511/570/511 513/572/513
f 513/572/513 514/573/514 515/574/515
f 511/570/511 514/573/514 513/572/513
f 511/570/511 508/567/508 514/573/514
f 516/575/516 517/576/517 518/577/518
f 458/578/458 455/579/455 506/565/506
f 459/515/459 506/565/506 455/579/455
f 517/576/517 516/575/516 458/580/458
f 458/578/458 506/565/506 517/581/517
f 517/581/517 506/565/506 519/582/519
f 506/565/506 507/566/507 519/582/519
f 517/576/517 519/583/519 518/577/518
f 519/582/519 507/566/507 518/584/518
f 518/584/518 507/566/507 520/585/520
f 521/586/521 518/577/518 520/587/520
f 522/588/522 521/589/521 520/585/520
f 521/589/521 522/588/522 523/590/523
f 507/566/507 505/564/505 522/588/522
f 505/564/505 513/572/513 522/588/522
f 524/591/524 184/207/184 515/574/515
f 522/588/522 186/209/186 525/592/525
f 186/209/186 515/574/515 184/207/184
f 186/209/186 522/588/522 515/574/515
f 515/574/515 522/588/522 513/572/513
f 514/573/514 524/591/524 515/574/515
f 507/566/507 522/588/522 520/585/520
f 476/535/476 470/529/470 490/549/490
f 507/566/507 506/565/506 502/561/502
f 496/555/496 484/543/484 526/593/526
f 497/556/497 495/554/495 491/550/491
f 495/554/495 497/556/497 527/594/527
f 497/556/497 496/555/496 526/593/526
f 528/595/528 529/596/529 530/597/530
f 484/543/484 321/357/321 528/595/528
f 528/595/528 321/357/321 529/596/529
f 531/598/531 321/357/321 484/543/484
f 528/595/528 530/597/530 526/593/526
f 530/597/530 532/599/532 533/600/533
f 497/556/497 533/600/533 527/594/527
f 497/556/497 526/593/526 533/600/533
f 526/593/526 530/597/530 533/600/533
f 533/600/533 532/599/532 534/601/534
f 535/602/535 500/559/500 495/554/495
f 534/601/534 536/603/536 533/600/533
f 537/604/537 538/605/538 508/567/508
f 537/604/537 508/567/508 510/569/510
f 535/602/535 536/603/536 539/606/539
f 535/602/535 539/606/539 540/607/540
f 535/602/535 495/554/495 536/603/536
f 541/608/541 537/604/537 542/609/542
f 537/604/537 510/569/510 535/602/535
f 537/604/537 535/602/535 540/607/540
f 495/554/495 527/594/527 536/603/536
f 527/594/527 533/600/533 536/603/536
f 484/543/484 528/595/528 526/593/526
f 532/599/532 543/610/543 544/611/544
f 532/599/532 530/597/530 543/610/543
f 543/610/543 545/612/545 544/611/544
f 532/599/532 544/611/544 546/613/546
f 544/611/544 547/614/547 546/613/546
f 547/614/547 548/615/548 546/613/546
f 544/616/544 545/617/545 549/618/549
f 548/619/548 547/620/547 550/621/550
f 547/620/547 549/618/549 550/621/550
f 547/620/547 544/616/544 549/618/549
f 550/621/550 549/618/549 551/622/551
f 552/623/552 553/624/553 554/625/554
f 554/625/554 553/624/553 555/626/555
f 553/624/553 556/627/556 550/621/550
f 550/621/550 555/626/555 553/624/553
f 548/619/548 550/621/550 556/627/556
f 555/626/555 550/621/550 551/622/551
f 557/628/557 555/626/555 551/622/551
f 246/280/246 234/265/234 551/622/551
f 534/601/534 546/613/546 548/615/548
f 556/629/556 553/630/553 558/631/558
f 548/615/548 556/629/556 539/606/539
f 534/601/534 532/599/532 546/613/546
f 539/606/539 558/631/558 540/607/540
f 556/629/556 558/631/558 539/606/539
f 559/632/559 542/609/542 540/607/540
f 540/607/540 558/631/558 559/632/559
f 558/633/558 552/623/552 559/634/559
f 554/625/554 560/635/560 559/634/559
f 554/625/554 559/634/559 552/623/552
f 553/630/553 552/636/552 558/631/558
f 534/601/534 548/615/548 539/606/539
f 551/622/551 234/265/234 557/628/557
f 184/207/184 524/591/524 561/637/561
f 538/605/538 562/638/562 524/591/524
f 524/591/524 562/638/562 561/637/561
f 538/605/538 541/608/541 563/639/563
f 538/605/538 563/639/563 562/638/562
f 537/604/537 541/608/541 538/605/538
f 564/640/564 565/641/565 563/642/563
f 564/640/564 566/643/566 565/641/565
f 541/608/541 542/609/542 564/644/564
f 564/640/564 560/635/560 566/643/566
f 566/643/566 560/635/560 567/645/567
f 564/644/564 563/639/563 541/608/541
f 568/646/568 184/207/184 561/637/561
f 561/647/561 569/648/569 568/649/568
f 562/650/562 569/648/569 561/647/561
f 569/648/569 566/643/566 570/651/570
f 566/643/566 571/652/571 570/651/570
f 569/648/569 562/650/562 565/641/565
f 562/638/562 563/639/563 565/653/565
f 566/643/566 569/648/569 565/641/565
f 566/643/566 567/645/567 571/652/571
f 564/640/564 542/654/542 560/635/560
f 559/634/559 560/635/560 542/654/542
f 538/605/538 524/591/524 514/573/514
f 182/205/182 572/655/572 183/206/183
f 573/656/573 572/655/572 182/205/182
f 573/656/573 182/205/182 567/645/567
f 554/625/554 574/657/574 573/656/573
f 573/656/573 574/657/574 572/655/572
f 575/658/575 557/628/557 576/659/576
f 555/626/555 557/628/557 574/657/574
f 577/660/577 575/658/575 259/295/259
f 575/658/575 576/659/576 259/295/259
f 572/655/572 575/658/575 183/206/183
f 575/658/575 572/655/572 574/657/574
f 575/658/575 574/657/574 557/628/557
f 578/661/578 183/206/183 575/658/575
f 560/635/560 573/656/573 567/645/567
f 554/625/554 573/656/573 560/635/560
f 530/597/530 529/596/529 543/610/543
f 537/604/537 540/607/540 542/609/542
f 536/603/536 534/601/534 539/606/539
f 555/626/555 574/657/574 554/625/554
f 334/372/334 115/138/115 462/518/462
f 372/418/372 369/415/369 103/662/103
f 337/375/337 333/663/333 334/437/334
f 425/472/425 368/413/368 367/664/367
f 373/419/373 337/375/337 378/424/378
f 384/430/384 385/431/385 443/492/443
f 390/436/390 386/432/386 454/510/454
f 387/433/387 475/534/475 386/432/386
f 473/532/473 389/435/389 380/426/380
f 334/437/334 462/665/462 391/438/391
f 475/534/475 387/433/387 389/435/389
f 396/443/396 579/666/579 348/386/348
f 449/507/449 459/515/459 455/579/455
f 445/497/445 447/499/447 457/513/457
f 461/525/461 391/438/391 462/665/462
f 468/527/468 464/526/464 463/521/463
f 463/521/463 466/523/466 468/527/468
f 481/540/481 312/667/312 531/598/531
f 337/375/337 467/524/467 378/424/378
f 473/532/473 475/534/475 389/435/389
f 482/541/482 481/540/481 484/543/484
f 481/540/481 531/598/531 484/543/484
f 484/543/484 496/555/496 477/536/477
f 386/432/386 487/546/487 454/510/454
f 456/668/456 458/580/458 580/669/580
f 464/526/464 468/527/468 467/524/467
f 466/523/466 465/522/465 483/542/483
f 375/421/375 379/425/379 380/426/380
f 483/542/483 312/667/312 481/540/481
f 551/622/551 549/618/549 246/280/246
f 529/596/529 192/215/192 543/610/543
f 535/602/535 510/569/510 500/559/500
f 514/573/514 508/567/508 538/605/538
f 576/659/576 557/628/557 244/278/244
f 581/670/581 582/671/582 583/672/583
f 581/670/581 583/672/583 584/673/584
f 581/670/581 585/674/585 582/671/582
f 586/675/586 587/676/587 585/677/585
f 588/678/588 589/679/589 587/676/587
f 590/680/590 589/679/589 591/681/591
f 592/682/592 585/674/585 581/670/581
f 585/677/585 592/683/592 586/675/586
f 587/676/587 586/675/586 588/678/588
f 460/516/460 402/449/402 401/448/401
f 586/675/586 593/684/593 588/678/588
f 593/684/593 594/685/594 589/679/589
f 595/686/595 592/682/592 596/687/596
f 597/688/597 598/689/598 599/690/599
f 600/691/600 601/692/601 602/693/602
f 603/694/603 596/687/596 598/689/598
f 598/689/598 597/688/597 603/694/603
f 68/84/68 604/695/604 64/77/64
f 602/693/602 599/690/599 600/691/600
f 599/690/599 604/695/604 600/691/600
f 584/673/584 583/672/583 604/695/604
f 64/77/64 604/695/604 583/672/583
f 603/694/603 605/696/605 596/687/596
f 417/464/417 416/463/416 436/483/436
f 605/696/605 606/697/606 596/687/596
f 606/698/606 607/699/607 608/700/608
f 596/687/596 592/682/592 581/670/581
f 586/675/586 595/701/595 608/700/608
f 609/702/609 610/703/610 611/704/611
f 582/671/582 612/705/612 583/672/583
f 582/671/582 609/706/609 612/705/612
f 583/672/583 612/705/612 613/707/613
f 77/93/77 614/708/614 74/90/74
f 612/709/612 77/93/77 76/92/76
f 612/709/612 609/702/609 611/704/611
f 612/709/612 611/704/611 77/93/77
f 77/93/77 611/704/611 614/708/614
f 613/710/613 612/709/612 76/92/76
f 583/672/583 613/707/613 64/77/64
f 590/711/590 615/712/615 616/713/616
f 616/713/616 615/712/615 610/703/610
f 617/714/617 582/671/582 618/715/618
f 590/680/590 616/716/616 618/717/618
f 617/718/617 618/717/618 616/716/616
f 616/713/616 610/703/610 617/719/617
f 582/671/582 617/714/617 609/706/609
f 617/719/617 610/703/610 609/702/609
f 591/681/591 594/685/594 619/720/619
f 591/681/591 619/720/619 590/680/590
f 619/721/619 615/712/615 590/711/590
f 47/58/47 620/722/620 395/442/395
f 621/723/621 615/712/615 619/721/619
f 610/703/610 615/712/615 622/724/622
f 622/724/622 623/725/623 624/726/624
f 611/704/611 622/724/622 625/727/625
f 622/724/622 624/726/624 625/727/625
f 625/727/625 624/726/624 626/728/626
f 614/708/614 626/728/626 82/98/82
f 614/708/614 625/727/625 626/728/626
f 627/729/627 623/725/623 622/724/622
f 623/725/623 627/729/627 628/730/628
f 621/723/621 629/731/629 627/729/627
f 627/729/627 615/712/615 621/723/621
f 615/712/615 627/729/627 622/724/622
f 594/685/594 630/732/630 619/720/619
f 621/723/621 631/733/631 629/731/629
f 614/708/614 611/704/611 625/727/625
f 622/724/622 611/704/611 610/703/610
f 619/721/619 630/734/630 621/723/621
f 623/725/623 632/735/632 624/726/624
f 633/736/633 632/735/632 623/725/623
f 632/735/632 634/737/634 624/726/624
f 632/735/632 635/738/635 634/737/634
f 624/726/624 634/737/634 626/728/626
f 627/729/627 636/739/636 628/730/628
f 637/740/637 638/741/638 636/739/636
f 628/730/628 636/739/636 633/736/633
f 623/725/623 628/730/628 633/736/633
f 629/731/629 636/739/636 627/729/627
f 629/731/629 637/740/637 636/739/636
f 629/731/629 639/742/639 637/740/637
f 636/739/636 173/196/173 633/736/633
f 633/736/633 640/743/640 641/744/641
f 633/736/633 641/744/641 632/735/632
f 640/743/640 175/198/175 642/745/642
f 643/746/643 644/747/644 645/748/645
f 646/749/646 647/750/647 648/751/648
f 635/738/635 641/744/641 642/745/642
f 649/752/649 646/749/646 650/753/650
f 642/745/642 651/754/651 635/738/635
f 187/210/187 651/754/651 652/755/652
f 651/754/651 642/745/642 652/755/652
f 651/754/651 187/210/187 154/177/154
f 634/737/634 635/738/635 651/754/651
f 154/177/154 634/737/634 651/754/651
f 636/739/636 638/741/638 173/196/173
f 653/756/653 654/757/654 655/758/655
f 174/197/174 173/196/173 638/741/638
f 638/741/638 656/759/656 174/197/174
f 657/760/657 656/759/656 637/740/637
f 642/745/642 175/198/175 658/761/658
f 331/369/331 257/293/257 659/762/659
f 638/741/638 637/740/637 656/759/656
f 660/763/660 174/197/174 656/759/656
f 661/764/661 183/206/183 578/661/578
f 167/190/167 662/765/662 663/766/663
f 652/755/652 662/765/662 187/210/187
f 522/588/522 525/592/525 664/767/664
f 523/590/523 522/588/522 664/767/664
f 658/761/658 665/768/665 652/755/652
f 577/660/577 260/296/260 666/769/666
f 667/770/667 668/771/668 669/772/669
f 175/198/175 670/773/670 669/772/669
f 669/772/669 670/773/670 667/770/667
f 665/768/665 669/772/669 668/771/668
f 671/774/671 672/775/672 673/776/673
f 674/777/674 675/778/675 676/779/676
f 677/780/677 678/781/678 679/782/679
f 579/666/579 24/29/24 348/386/348
f 680/783/680 673/776/673 681/784/681
f 682/785/682 683/786/683 684/787/684
f 685/788/685 668/771/668 680/783/680
f 686/789/686 687/790/687 688/791/688
f 689/792/689 690/793/690 685/788/685
f 673/776/673 680/783/680 667/770/667
f 667/770/667 680/783/680 668/771/668
f 181/204/181 571/652/571 567/645/567
f 685/788/685 691/794/691 668/771/668
f 685/788/685 680/783/680 689/792/689
f 185/795/185 568/649/568 692/796/692
f 693/797/693 694/798/694 695/799/695
f 691/794/691 678/781/678 665/768/665
f 663/766/663 665/768/665 678/781/678
f 679/782/679 696/800/696 677/780/677
f 648/751/648 650/753/650 646/749/646
f 668/771/668 691/794/691 665/768/665
f 697/801/697 673/776/673 698/802/698
f 699/803/699 594/685/594 593/684/593
f 699/803/699 630/732/630 594/685/594
f 621/723/621 630/734/630 700/804/700
f 700/804/700 631/733/631 621/723/621
f 629/731/629 631/733/631 639/742/639
f 607/699/607 701/805/701 593/684/593
f 660/763/660 656/759/656 657/760/657
f 657/760/657 702/806/702 660/763/660
f 698/802/698 703/807/703 697/801/697
f 607/699/607 606/698/606 605/808/605
f 590/680/590 618/717/618 589/679/589
f 704/809/704 698/802/698 672/775/672
f 174/197/174 660/763/660 671/774/671
f 705/810/705 706/811/706 699/803/699
f 706/811/706 707/812/707 699/803/699
f 706/811/706 708/813/708 707/812/707
f 708/813/708 709/814/709 710/815/710
f 711/816/711 709/814/709 706/811/706
f 706/811/706 709/814/709 708/813/708
f 712/817/712 713/818/713 714/819/714
f 713/818/713 712/817/712 715/820/715
f 716/821/716 631/733/631 717/822/717
f 716/821/716 718/823/718 657/760/657
f 710/815/710 719/824/719 720/825/720
f 721/826/721 719/824/719 710/815/710
f 708/813/708 717/827/717 707/812/707
f 716/821/716 720/828/720 722/829/722
f 708/813/708 720/825/720 717/827/717
f 722/829/722 720/828/720 719/830/719
f 717/822/717 720/828/720 716/821/716
f 721/826/721 710/815/710 715/820/715
f 723/831/723 721/826/721 715/820/715
f 724/832/724 722/829/722 725/833/725
f 722/829/722 719/830/719 725/833/725
f 725/834/725 719/824/719 721/826/721
f 722/829/722 724/832/724 716/821/716
f 724/832/724 718/823/718 716/821/716
f 717/827/717 700/835/700 707/812/707
f 700/804/700 717/822/717 631/733/631
f 436/483/436 726/836/726 727/837/727
f 705/810/705 728/838/728 729/839/729
f 711/816/711 705/810/705 730/840/730
f 714/819/714 731/841/731 732/842/732
f 733/843/733 709/814/709 711/816/711
f 730/840/730 733/843/733 711/816/711
f 734/844/734 709/814/709 733/843/733
f 731/841/731 714/819/714 734/844/734
f 735/845/735 736/846/736 686/789/686
f 403/450/403 57/69/57 47/58/47
f 735/845/735 607/699/607 736/846/736
f 735/845/735 729/839/729 701/805/701
f 737/847/737 738/848/738 739/849/739
f 740/850/740 730/840/730 738/848/738
f 741/851/741 737/847/737 739/849/739
f 738/848/738 737/847/737 740/850/740
f 676/779/676 742/852/742 743/853/743
f 730/840/730 740/850/740 733/843/733
f 403/450/403 47/58/47 395/442/395
f 732/842/732 731/841/731 737/847/737
f 735/845/735 730/840/730 729/839/729
f 744/854/744 745/855/745 746/856/746
f 724/832/724 747/857/747 744/854/744
f 718/823/718 724/832/724 744/854/744
f 718/823/718 744/854/744 702/806/702
f 657/760/657 718/823/718 702/806/702
f 746/856/746 748/858/748 744/854/744
f 744/854/744 748/858/748 749/859/749
f 744/854/744 749/859/749 702/806/702
f 746/856/746 745/855/745 750/860/750
f 746/856/746 750/860/750 748/858/748
f 748/858/748 750/860/750 751/861/751
f 704/809/704 748/858/748 703/807/703
f 703/807/703 748/858/748 751/861/751
f 751/861/751 752/862/752 703/807/703
f 753/863/753 752/862/752 751/861/751
f 697/801/697 703/807/703 752/862/752
f 750/860/750 753/863/753 751/861/751
f 754/864/754 755/865/755 756/866/756
f 754/867/754 756/868/756 745/855/745
f 754/867/754 745/855/745 747/857/747
f 725/833/725 747/857/747 724/832/724
f 723/831/723 755/865/755 725/834/725
f 712/817/712 755/865/755 723/831/723
f 725/833/725 754/867/754 747/857/747
f 755/865/755 754/864/754 725/834/725
f 745/855/745 757/869/757 750/860/750
f 756/868/756 758/870/758 745/855/745
f 745/855/745 758/870/758 759/871/759
f 745/855/745 759/871/759 757/869/757
f 750/860/750 757/869/757 753/863/753
f 759/871/759 760/872/760 757/869/757
f 757/869/757 760/872/760 761/873/761
f 723/831/723 725/834/725 721/826/721
f 747/857/747 745/855/745 744/854/744
f 748/858/748 704/809/704 749/859/749
f 761/873/761 753/863/753 757/869/757
f 762/874/762 756/866/756 763/875/763
f 764/876/764 765/877/765 763/875/763
f 764/876/764 763/875/763 712/817/712
f 766/878/766 767/879/767 764/876/764
f 765/877/765 768/880/768 762/874/762
f 769/881/769 770/882/770 771/883/771
f 765/877/765 772/884/772 768/880/768
f 773/885/773 759/886/759 768/880/768
f 774/887/774 767/879/767 775/888/775
f 776/889/776 777/890/777 778/891/778
f 779/892/779 772/884/772 765/877/765
f 777/890/777 772/884/772 778/891/778
f 767/879/767 774/887/774 779/892/779
f 774/887/774 778/891/778 779/892/779
f 780/893/780 676/779/676 675/778/675
f 781/894/781 780/893/780 675/778/675
f 675/778/675 782/895/782 781/894/781
f 781/894/781 782/895/782 783/896/783
f 775/888/775 780/893/780 781/894/781
f 783/896/783 784/897/784 781/894/781
f 783/896/783 785/898/785 784/897/784
f 775/888/775 781/894/781 784/897/784
f 784/897/784 774/887/774 775/888/775
f 768/880/768 786/899/786 773/885/773
f 787/900/787 776/889/776 778/891/778
f 780/893/780 766/878/766 732/842/732
f 714/819/714 764/876/764 712/817/712
f 766/878/766 780/893/780 775/888/775
f 784/897/784 788/901/788 789/902/789
f 715/820/715 712/817/712 723/831/723
f 766/878/766 714/819/714 732/842/732
f 712/817/712 763/875/763 755/865/755
f 762/874/762 759/886/759 758/903/758
f 759/886/759 773/885/773 760/904/760
f 753/863/753 761/873/761 790/905/790
f 760/904/760 773/885/773 791/906/791
f 780/893/780 742/852/742 676/779/676
f 792/907/792 793/908/793 327/365/327
f 793/908/793 794/909/794 327/365/327
f 795/910/795 796/911/796 196/221/196
f 794/909/794 797/912/797 795/910/795
f 198/223/198 196/221/196 796/911/796
f 198/223/198 796/911/796 798/913/798
f 796/911/796 799/914/799 798/913/798
f 794/909/794 795/910/795 196/221/196
f 798/913/798 799/914/799 800/915/800
f 801/916/801 800/915/800 802/917/802
f 803/918/803 804/919/804 252/286/252
f 802/917/802 805/920/805 801/916/801
f 802/917/802 803/918/803 805/920/805
f 805/920/805 803/918/803 252/286/252
f 256/290/256 252/286/252 804/919/804
f 806/921/806 804/922/804 807/923/807
f 659/762/659 806/921/806 807/923/807
f 808/924/808 793/908/793 809/925/809
f 810/926/810 811/927/811 808/924/808
f 812/928/812 811/927/811 797/912/797
f 808/924/808 813/929/813 810/926/810
f 810/926/810 814/930/814 815/931/815
f 810/926/810 815/931/815 811/927/811
f 808/924/808 811/927/811 793/908/793
f 811/927/811 812/928/812 793/908/793
f 813/929/813 814/930/814 810/926/810
f 816/932/816 817/933/817 818/934/818
f 816/932/816 818/934/818 814/930/814
f 816/932/816 814/930/814 813/929/813
f 819/935/819 802/917/802 799/914/799
f 797/912/797 820/936/820 796/911/796
f 796/911/796 820/936/820 821/937/821
f 815/931/815 822/938/822 823/939/823
f 822/938/822 824/940/824 823/939/823
f 825/941/825 821/937/821 820/936/820
f 824/940/824 826/942/826 823/939/823
f 825/941/825 823/939/823 826/942/826
f 821/937/821 825/941/825 799/914/799
f 825/941/825 819/935/819 799/914/799
f 826/942/826 819/935/819 825/941/825
f 823/939/823 825/941/825 815/931/815
f 815/931/815 825/941/825 820/936/820
f 827/943/827 828/944/828 826/942/826
f 826/942/826 828/944/828 819/935/819
f 829/945/829 802/917/802 819/935/819
f 819/935/819 828/944/828 829/945/829
f 818/934/818 830/946/830 824/940/824
f 814/930/814 818/934/818 822/938/822
f 818/934/818 824/940/824 822/938/822
f 827/943/827 826/942/826 824/940/824
f 830/946/830 827/943/827 824/940/824
f 830/946/830 831/947/831 827/943/827
f 827/943/827 831/947/831 828/944/828
f 815/931/815 814/930/814 822/938/822
f 832/948/832 833/949/833 834/950/834
f 833/949/833 807/923/807 834/950/834
f 803/918/803 834/951/834 804/919/804
f 803/918/803 832/952/832 834/951/834
f 835/953/835 836/954/836 837/955/837
f 838/956/838 836/954/836 835/953/835
f 839/957/839 840/958/840 837/959/837
f 837/955/837 841/960/841 835/953/835
f 840/958/840 841/961/841 837/959/837
f 833/949/833 832/948/832 836/954/836
f 803/918/803 839/957/839 832/952/832
f 832/952/832 839/957/839 837/959/837
f 837/955/837 836/954/836 832/948/832
f 838/956/838 833/949/833 836/954/836
f 828/944/828 840/958/840 829/945/829
f 829/945/829 803/918/803 802/917/802
f 829/945/829 840/958/840 839/957/839
f 803/918/803 829/945/829 839/957/839
f 841/961/841 840/958/840 828/944/828
f 842/962/842 835/953/835 843/963/843
f 835/953/835 842/962/842 838/956/838
f 831/947/831 844/964/844 828/944/828
f 843/963/843 835/953/835 845/965/845
f 835/953/835 846/966/846 845/965/845
f 835/953/835 841/960/841 846/966/846
f 846/966/846 847/967/847 845/965/845
f 844/964/844 846/968/846 828/944/828
f 844/964/844 847/969/847 846/968/846
f 841/961/841 828/944/828 846/968/846
f 848/970/848 842/962/842 843/963/843
f 838/956/838 849/971/849 833/949/833
f 849/971/849 838/956/838 842/962/842
f 850/972/850 851/973/851 852/974/852
f 853/975/853 851/973/851 818/934/818
f 852/974/852 851/973/851 853/975/853
f 851/973/851 830/946/830 818/934/818
f 854/976/854 850/972/850 855/977/855
f 856/978/856 854/979/854 855/980/855
f 854/976/854 857/981/857 850/972/850
f 857/982/857 854/979/854 856/978/856
f 858/983/858 857/982/857 856/978/856
f 830/946/830 859/984/859 831/947/831
f 859/984/859 844/964/844 831/947/831
f 850/972/850 857/981/857 851/973/851
f 858/983/858 860/985/860 857/982/857
f 851/973/851 857/981/857 861/986/861
f 857/981/857 862/987/862 861/986/861
f 857/988/857 860/989/860 862/990/862
f 860/989/860 863/991/863 862/990/862
f 862/987/862 864/992/864 861/986/861
f 851/973/851 861/986/861 830/946/830
f 830/946/830 861/986/861 859/984/859
f 859/984/859 861/986/861 864/992/864
f 863/991/863 864/993/864 862/990/862
f 865/994/865 848/970/848 843/963/843
f 866/995/866 867/996/867 844/964/844
f 844/964/844 867/996/867 847/969/847
f 865/994/865 843/963/843 845/965/845
f 845/965/845 867/997/867 865/994/865
f 866/998/866 868/999/868 867/997/867
f 859/984/859 864/992/864 866/995/866
f 869/1000/869 870/1001/870 863/1002/863
f 863/1002/863 860/985/860 869/1000/869
f 863/991/863 868/999/868 864/993/864
f 871/1003/871 868/999/868 870/1004/870
f 868/999/868 865/994/865 867/997/867
f 868/999/868 866/998/866 864/993/864
f 872/1005/872 865/994/865 871/1003/871
f 873/1006/873 865/994/865 872/1005/872
f 871/1003/871 865/994/865 868/999/868
f 872/1005/872 874/1007/874 873/1006/873
f 865/994/865 873/1006/873 848/970/848
f 655/758/655 849/971/849 842/962/842
f 655/758/655 842/962/842 875/1008/875
f 873/1006/873 875/1008/875 848/970/848
f 875/1008/875 842/962/842 848/970/848
f 812/928/812 797/912/797 794/909/794
f 797/912/797 796/911/796 795/910/795
f 796/911/796 821/937/821 799/914/799
f 799/914/799 802/917/802 800/915/800
f 807/923/807 804/922/804 834/950/834
f 792/907/792 809/925/809 793/908/793
f 812/928/812 794/909/794 793/908/793
f 820/936/820 811/927/811 815/931/815
f 818/934/818 817/933/817 853/975/853
f 797/912/797 811/927/811 820/936/820
f 833/949/833 876/1009/876 807/923/807
f 859/984/859 866/995/866 844/964/844
f 845/965/845 847/967/847 867/997/867
f 876/1009/876 659/762/659 807/923/807
f 833/949/833 849/971/849 876/1009/876
f 877/1010/877 655/758/655 875/1008/875
f 655/758/655 654/757/654 849/971/849
f 878/1011/878 879/1012/879 880/1013/880
f 676/779/676 881/1014/881 674/777/674
f 690/793/690 689/792/689 882/1015/882
f 694/798/694 883/1016/883 882/1015/882
f 882/1015/882 884/1017/884 694/798/694
f 579/666/579 620/722/620 26/32/26
f 883/1016/883 690/793/690 882/1015/882
f 883/1016/883 693/797/693 885/1018/885
f 882/1015/882 689/792/689 884/1017/884
f 445/497/445 886/1019/886 446/498/446
f 887/1020/887 433/480/433 886/1019/886
f 690/793/690 883/1016/883 885/1018/885
f 693/797/693 878/1011/878 880/1013/880
f 878/1011/878 693/797/693 809/925/809
f 878/1011/878 809/925/809 792/907/792
f 693/797/693 695/799/695 809/925/809
f 809/925/809 695/799/695 888/1021/888
f 694/798/694 889/1022/889 695/799/695
f 890/1023/890 889/1022/889 891/1024/891
f 889/1022/889 890/1023/890 888/1021/888
f 695/799/695 889/1022/889 888/1021/888
f 892/1025/892 893/1026/893 894/1027/894
f 894/1027/894 893/1026/893 891/1024/891
f 893/1026/893 890/1023/890 891/1024/891
f 890/1023/890 893/1026/893 816/932/816
f 895/1028/895 889/1022/889 884/1017/884
f 891/1024/891 889/1022/889 896/1029/896
f 896/1029/896 889/1022/889 895/1028/895
f 897/1030/897 896/1029/896 895/1028/895
f 896/1029/896 894/1027/894 891/1024/891
f 896/1029/896 898/1031/898 894/1027/894
f 752/862/752 899/1032/899 697/801/697
f 697/801/697 899/1032/899 897/1030/897
f 897/1030/897 899/1032/899 900/1033/900
f 897/1030/897 900/1033/900 896/1029/896
f 900/1033/900 901/1034/901 898/1031/898
f 902/1035/902 893/1026/893 892/1025/892
f 902/1035/902 903/1036/903 817/933/817
f 901/1034/901 892/1025/892 898/1031/898
f 898/1031/898 892/1025/892 894/1027/894
f 902/1035/902 817/933/817 893/1026/893
f 893/1026/893 817/933/817 816/932/816
f 697/801/697 897/1030/897 895/1028/895
f 898/1031/898 896/1029/896 900/1033/900
f 752/862/752 753/863/753 899/1032/899
f 899/1032/899 753/863/753 790/905/790
f 790/905/790 904/1037/904 901/1034/901
f 790/905/790 905/1038/905 904/1037/904
f 790/905/790 901/1034/901 899/1032/899
f 899/1032/899 901/1034/901 900/1033/900
f 904/1037/904 906/1039/906 907/1040/907
f 906/1039/906 903/1036/903 902/1035/902
f 907/1040/907 902/1035/902 892/1025/892
f 907/1040/907 906/1039/906 902/1035/902
f 908/1041/908 906/1039/906 904/1037/904
f 901/1034/901 904/1037/904 907/1040/907
f 909/1042/909 910/1043/910 911/1044/911
f 912/1045/912 913/1046/913 914/1047/914
f 912/1048/912 909/1042/909 911/1044/911
f 915/1049/915 910/1043/910 909/1042/909
f 916/1050/916 910/1043/910 915/1049/915
f 917/1051/917 786/899/786 918/1052/918
f 919/1053/919 909/1042/909 912/1048/912
f 919/1054/919 912/1045/912 914/1047/914
f 919/1054/919 914/1047/914 908/1041/908
f 917/1051/917 909/1042/909 920/1055/920
f 921/1056/921 920/1057/920 919/1054/919
f 921/1056/921 919/1054/919 908/1041/908
f 761/873/761 791/1058/791 922/1059/922
f 761/873/761 922/1059/922 790/905/790
f 791/906/791 786/899/786 920/1055/920
f 920/1057/920 922/1059/922 791/1058/791
f 922/1059/922 920/1057/920 921/1056/921
f 667/770/667 670/773/670 671/774/671
f 915/1049/915 909/1042/909 917/1051/917
f 920/1055/920 909/1042/909 919/1053/919
f 905/1038/905 922/1059/922 921/1056/921
f 790/905/790 922/1059/922 905/1038/905
f 786/899/786 917/1051/917 920/1055/920
f 908/1041/908 904/1037/904 905/1038/905
f 921/1056/921 908/1041/908 905/1038/905
f 912/1045/912 911/1060/911 913/1046/913
f 906/1039/906 913/1046/913 903/1036/903
f 914/1047/914 913/1046/913 906/1039/906
f 908/1041/908 914/1047/914 906/1039/906
f 923/1061/923 924/1062/924 925/1063/925
f 926/1064/926 916/1050/916 915/1049/915
f 927/1065/927 924/1062/924 923/1061/923
f 927/1065/927 923/1061/923 928/1066/928
f 787/900/787 929/1067/929 776/889/776
f 930/1068/930 931/1069/931 928/1066/928
f 930/1068/930 787/900/787 932/1070/932
f 776/889/776 933/1071/933 777/890/777
f 776/889/776 929/1067/929 934/1072/934
f 918/1052/918 934/1072/934 926/1064/926
f 915/1049/915 917/1051/917 918/1052/918
f 924/1062/924 935/1073/935 925/1063/925
f 936/1074/936 856/978/856 937/1075/937
f 910/1043/910 936/1074/936 937/1075/937
f 913/1046/913 911/1060/911 855/977/855
f 924/1062/924 938/1076/938 935/1073/935
f 939/1077/939 935/1073/935 938/1076/938
f 935/1073/935 939/1077/939 936/1074/936
f 927/1065/927 940/1078/940 924/1062/924
f 933/1071/933 918/1052/918 786/899/786
f 938/1076/938 924/1062/924 940/1078/940
f 941/1079/941 939/1077/939 942/1080/942
f 939/1077/939 941/1079/941 936/1074/936
f 942/1080/942 938/1076/938 943/1081/943
f 943/1081/943 941/1079/941 942/1080/942
f 944/1082/944 871/1003/871 945/1083/945
f 946/1084/946 941/1079/941 945/1085/945
f 944/1082/944 947/1086/947 948/1087/948
f 949/1088/949 943/1081/943 940/1078/940
f 948/1087/948 872/1005/872 944/1082/944
f 950/1089/950 940/1078/940 927/1065/927
f 931/1069/931 788/901/788 951/1090/951
f 951/1090/951 952/1091/952 931/1069/931
f 931/1069/931 952/1091/952 953/1092/953
f 932/1070/932 789/902/789 788/901/788
f 788/901/788 931/1069/931 932/1070/932
f 954/1093/954 943/1081/943 650/753/650
f 650/753/650 943/1081/943 949/1088/949
f 950/1089/950 953/1092/953 955/1094/955
f 955/1094/955 956/1095/956 949/1088/949
f 950/1089/950 927/1065/927 953/1092/953
f 956/1095/956 649/752/649 949/1088/949
f 948/1087/948 874/1007/874 872/1005/872
f 954/1096/954 948/1087/948 947/1086/947
f 693/797/693 880/1013/880 885/1018/885
f 694/798/694 884/1017/884 889/1022/889
f 901/1034/901 907/1040/907 892/1025/892
f 903/1036/903 913/1046/913 855/977/855
f 903/1036/903 855/977/855 852/974/852
f 916/1050/916 935/1073/935 910/1043/910
f 932/1070/932 931/1069/931 930/1068/930
f 927/1065/927 928/1066/928 953/1092/953
f 954/1093/954 947/1097/947 943/1081/943
f 953/1092/953 928/1066/928 931/1069/931
f 954/1093/954 650/753/650 948/1098/948
f 699/803/699 707/812/707 630/732/630
f 716/821/716 639/742/639 631/733/631
f 639/742/639 716/821/716 637/740/637
f 716/821/716 657/760/657 637/740/637
f 660/763/660 702/806/702 672/775/672
f 672/775/672 749/859/749 704/809/704
f 697/801/697 895/1028/895 681/784/681
f 681/784/681 895/1028/895 884/1017/884
f 681/784/681 884/1017/884 689/792/689
f 630/732/630 707/812/707 700/835/700
f 736/846/736 605/808/605 957/1099/957
f 605/808/605 736/846/736 607/699/607
f 702/806/702 749/859/749 672/775/672
f 704/809/704 703/807/703 698/802/698
f 888/1021/888 890/1023/890 808/924/808
f 890/1023/890 813/929/813 808/924/808
f 856/978/856 855/980/855 937/1075/937
f 852/974/852 855/977/855 850/972/850
f 946/1084/946 870/1001/870 869/1000/869
f 944/1082/944 872/1005/872 871/1003/871
f 817/933/817 903/1036/903 853/975/853
f 878/1011/878 792/907/792 879/1012/879
f 809/925/809 888/1021/888 808/924/808
f 813/929/813 890/1023/890 816/932/816
f 933/1071/933 786/899/786 768/880/768
f 760/872/760 791/1058/791 761/873/761
f 903/1036/903 852/974/852 853/975/853
f 936/1074/936 858/983/858 856/978/856
f 941/1079/941 869/1000/869 858/983/858
f 946/1100/946 945/1083/945 871/1003/871
f 941/1079/941 946/1084/946 869/1000/869
f 773/885/773 786/899/786 791/906/791
f 603/694/603 958/1101/958 959/1102/959
f 602/693/602 960/1103/960 597/688/597
f 961/1104/961 962/1105/962 963/1106/963
f 958/1101/958 960/1103/960 963/1106/963
f 963/1106/963 964/1107/964 965/1108/965
f 963/1106/963 965/1108/965 958/1101/958
f 460/516/460 961/1104/961 966/1109/966
f 961/1104/961 960/1103/960 602/693/602
f 967/1110/967 965/1108/965 968/1111/968
f 959/1102/959 965/1108/965 967/1110/967
f 958/1101/958 597/688/597 960/1103/960
f 958/1101/958 965/1108/965 959/1102/959
f 968/1111/968 964/1107/964 969/1112/969
f 964/1107/964 970/1113/970 969/1112/969
f 971/1114/971 970/1113/970 972/1115/972
f 971/1114/971 972/1115/972 401/448/401
f 771/883/771 973/1116/973 974/1117/974
f 975/1118/975 682/785/682 684/787/684
f 971/1114/971 976/1119/976 977/1120/977
f 977/1120/977 969/1112/969 970/1113/970
f 978/1121/978 979/1122/979 980/1123/980
f 978/1121/978 980/1123/980 727/837/727
f 980/1123/980 979/1122/979 981/1124/981
f 727/837/727 408/455/408 417/464/417
f 971/1114/971 409/456/409 976/1119/976
f 409/456/409 971/1114/971 401/448/401
f 976/1119/976 980/1123/980 977/1120/977
f 980/1123/980 408/455/408 727/837/727
f 408/455/408 980/1123/980 976/1119/976
f 981/1124/981 969/1112/969 977/1120/977
f 981/1124/981 977/1120/977 980/1123/980
f 979/1122/979 982/1125/982 981/1124/981
f 969/1112/969 981/1124/981 684/787/684
f 981/1124/981 982/1125/982 975/1118/975
f 968/1111/968 969/1112/969 684/787/684
f 978/1121/978 727/837/727 726/836/726
f 978/1121/978 983/1126/983 979/1122/979
f 984/1127/984 985/1128/985 986/1129/986
f 983/1126/983 985/1128/985 987/1130/987
f 726/836/726 986/1129/986 978/1121/978
f 986/1129/986 985/1128/985 983/1126/983
f 983/1126/983 978/1121/978 986/1129/986
f 986/1129/986 437/484/437 984/1127/984
f 984/1127/984 437/484/437 988/1131/988
f 432/479/432 988/1131/988 437/484/437
f 726/836/726 437/484/437 986/1129/986
f 436/483/436 437/484/437 726/836/726
f 985/1128/985 989/1132/989 987/1130/987
f 985/1128/985 984/1127/984 989/1132/989
f 983/1126/983 987/1130/987 990/1133/990
f 979/1122/979 983/1126/983 991/1134/991
f 983/1126/983 990/1133/990 991/1134/991
f 990/1133/990 987/1130/987 992/1135/992
f 990/1133/990 993/1136/993 991/1134/991
f 991/1134/991 993/1136/993 975/1118/975
f 993/1136/993 994/1137/994 975/1118/975
f 991/1134/991 975/1118/975 982/1125/982
f 991/1134/991 982/1125/982 979/1122/979
f 995/1138/995 984/1127/984 988/1131/988
f 996/1139/996 992/1135/992 989/1132/989
f 992/1135/992 996/1139/996 997/1140/997
f 998/1141/998 996/1139/996 989/1132/989
f 989/1132/989 999/1142/999 998/1141/998
f 989/1132/989 984/1127/984 995/1138/995
f 995/1138/995 999/1142/999 989/1132/989
f 987/1130/987 989/1132/989 992/1135/992
f 1000/1143/1000 1001/1144/1001 1002/1145/1002
f 1003/1146/1003 1002/1145/1002 1004/1147/1004
f 1005/1148/1005 1004/1147/1004 1002/1145/1002
f 1006/1149/1006 457/1150/457 1005/1148/1005
f 1001/1144/1001 1007/1151/1007 1002/1145/1002
f 445/497/445 1006/1152/1006 1007/1153/1007
f 1007/1151/1007 1005/1148/1005 1002/1145/1002
f 1007/1151/1007 1006/1149/1006 1005/1148/1005
f 1007/1153/1007 886/1019/886 445/497/445
f 1008/1154/1008 1000/1143/1000 1002/1145/1002
f 1008/1154/1008 1002/1145/1002 1003/1146/1003
f 886/1019/886 1007/1153/1007 1009/1155/1009
f 1009/1155/1009 887/1020/887 886/1019/886
f 1009/1155/1009 1010/1156/1010 995/1138/995
f 1010/1156/1010 1009/1155/1009 1000/1157/1000
f 1009/1155/1009 1001/1158/1001 1000/1157/1000
f 1009/1155/1009 1007/1153/1007 1001/1158/1001
f 1011/1159/1011 998/1160/998 999/1161/999
f 1012/1162/1012 1010/1163/1010 1008/1154/1008
f 999/1142/999 995/1138/995 1011/1164/1011
f 1011/1159/1011 1010/1163/1010 1013/1165/1013
f 1011/1164/1011 995/1138/995 1010/1156/1010
f 1011/1159/1011 1013/1165/1013 1014/1166/1014
f 1014/1166/1014 1013/1165/1013 1015/1167/1015
f 1015/1167/1015 1013/1165/1013 1012/1162/1012
f 1010/1163/1010 1012/1162/1012 1013/1165/1013
f 1016/1168/1016 1011/1159/1011 1014/1166/1014
f 996/1169/996 998/1160/998 1016/1168/1016
f 998/1160/998 1011/1159/1011 1016/1168/1016
f 1012/1162/1012 1017/1170/1017 1015/1167/1015
f 1012/1162/1012 1008/1154/1008 1018/1171/1018
f 1017/1170/1017 1012/1162/1012 1019/1172/1019
f 1019/1172/1019 1012/1162/1012 1018/1171/1018
f 1018/1171/1018 1008/1154/1008 1003/1146/1003
f 1005/1148/1005 580/669/580 1004/1147/1004
f 457/1150/457 580/669/580 1005/1148/1005
f 1000/1143/1000 1008/1154/1008 1010/1163/1010
f 972/1115/972 460/516/460 401/448/401
f 972/1115/972 962/1105/962 460/516/460
f 995/1138/995 988/1131/988 1009/1155/1009
f 887/1020/887 1009/1155/1009 988/1131/988
f 687/1173/687 957/1174/957 959/1102/959
f 1020/1175/1020 1021/1176/1021 688/791/688
f 1022/1177/1022 1023/1178/1023 1024/1179/1024
f 688/1180/688 687/1173/687 1025/1181/1025
f 688/1180/688 1025/1181/1025 1026/1182/1026
f 1026/1182/1026 967/1110/967 683/786/683
f 1027/1183/1027 1020/1175/1020 1026/1184/1026
f 1027/1185/1027 1026/1182/1026 683/786/683
f 1023/1178/1023 1020/1175/1020 1027/1183/1027
f 743/853/743 881/1014/881 676/779/676
f 1028/1186/1028 1029/1187/1029 739/849/739
f 739/849/739 1029/1187/1029 741/851/741
f 1029/1187/1029 974/1117/974 973/1116/973
f 1030/1188/1030 1029/1187/1029 973/1116/973
f 1031/1189/1031 1029/1187/1029 1028/1186/1028
f 1028/1186/1028 1023/1178/1023 1031/1189/1031
f 593/684/593 728/838/728 699/803/699
f 1028/1186/1028 1021/1176/1021 1020/1175/1020
f 1021/1176/1021 1028/1186/1028 739/849/739
f 973/1116/973 1032/1190/1032 1030/1188/1030
f 789/902/789 778/891/778 774/887/774
f 674/777/674 881/1014/881 1032/1190/1032
f 741/851/741 1029/1187/1029 1030/1188/1030
f 1030/1188/1030 881/1014/881 741/851/741
f 782/895/782 675/778/675 1033/1191/1033
f 674/777/674 1033/1191/1033 675/778/675
f 1026/1184/1026 1020/1175/1020 688/791/688
f 743/853/743 741/851/741 881/1014/881
f 1024/1192/1024 682/785/682 1022/1193/1022
f 683/786/683 682/785/682 1024/1192/1024
f 1023/1178/1023 1034/1194/1034 1031/1189/1031
f 1034/1194/1034 1035/1195/1035 974/1117/974
f 1034/1194/1034 974/1117/974 1031/1189/1031
f 771/883/771 1036/1196/1036 973/1116/973
f 674/777/674 1032/1190/1032 1037/1197/1037
f 769/881/769 771/883/771 1035/1195/1035
f 1035/1195/1035 771/883/771 974/1117/974
f 1036/1196/1036 1038/1198/1038 1032/1190/1032
f 992/1135/992 1039/1199/1039 1040/1200/1040
f 992/1135/992 997/1140/997 1039/1199/1039
f 993/1136/993 990/1133/990 992/1135/992
f 1040/1200/1040 1041/1201/1041 992/1135/992
f 1042/1202/1042 769/881/769 1035/1195/1035
f 1042/1202/1042 1043/1203/1043 769/881/769
f 1022/1193/1022 682/785/682 994/1137/994
f 1034/1194/1034 1044/1204/1044 1042/1202/1042
f 994/1137/994 1041/1201/1041 1044/1205/1044
f 1022/1193/1022 994/1137/994 1044/1205/1044
f 1034/1194/1034 1042/1202/1042 1035/1195/1035
f 975/1118/975 994/1137/994 682/785/682
f 993/1136/993 1041/1201/1041 994/1137/994
f 992/1135/992 1041/1201/1041 993/1136/993
f 1041/1201/1041 1045/1206/1045 1044/1205/1044
f 1042/1202/1042 1044/1204/1044 1045/1207/1045
f 1043/1203/1043 1045/1207/1045 1040/1208/1040
f 1045/1207/1045 1043/1203/1043 1042/1202/1042
f 1045/1206/1045 1041/1201/1041 1040/1200/1040
f 1046/1209/1046 769/881/769 1043/1203/1043
f 1047/1210/1047 1043/1211/1043 1040/1212/1040
f 1023/1178/1023 1022/1177/1022 1034/1194/1034
f 1022/1193/1022 1044/1205/1044 1034/1213/1034
f 1040/1212/1040 1039/1214/1039 1047/1210/1047
f 1048/1215/1048 1047/1210/1047 1039/1214/1039
f 1047/1210/1047 1048/1215/1048 1049/1216/1049
f 1016/1168/1016 1049/1216/1049 1048/1215/1048
f 1049/1216/1049 1050/1217/1050 1051/1218/1051
f 1052/1219/1052 1051/1218/1051 1050/1217/1050
f 1016/1168/1016 1050/1217/1050 1049/1216/1049
f 1015/1167/1015 1050/1217/1050 1016/1168/1016
f 1052/1219/1052 1050/1217/1050 1015/1167/1015
f 1052/1219/1052 1053/1220/1053 1051/1218/1051
f 1049/1216/1049 1051/1218/1051 1054/1221/1054
f 1047/1210/1047 1046/1222/1046 1043/1211/1043
f 1055/1223/1055 1054/1221/1054 1056/1224/1056
f 1054/1221/1054 1051/1218/1051 1056/1224/1056
f 1051/1218/1051 1053/1220/1053 1056/1224/1056
f 1055/1223/1055 1057/1225/1057 1054/1221/1054
f 1057/1226/1057 1055/1227/1055 770/882/770
f 1054/1221/1054 1057/1225/1057 1046/1222/1046
f 1046/1209/1046 1057/1226/1057 769/881/769
f 769/881/769 1057/1226/1057 770/882/770
f 1015/1167/1015 1017/1170/1017 1052/1219/1052
f 1046/1222/1046 1047/1210/1047 1054/1221/1054
f 1054/1221/1054 1047/1210/1047 1049/1216/1049
f 782/895/782 1058/1228/1058 783/896/783
f 785/898/785 783/896/783 1058/1228/1058
f 1059/1229/1059 1060/1230/1060 1058/1228/1058
f 1058/1228/1058 1033/1191/1033 1059/1229/1059
f 1059/1229/1059 1033/1191/1033 1037/1197/1037
f 1061/1231/1061 1062/1232/1062 1063/1233/1063
f 1059/1229/1059 1064/1234/1064 1065/1235/1065
f 1065/1236/1065 1062/1232/1062 1066/1237/1066
f 770/882/770 1067/1238/1067 1036/1196/1036
f 1033/1191/1033 674/777/674 1037/1197/1037
f 1064/1234/1064 1063/1239/1063 1065/1235/1065
f 1061/1231/1061 1063/1233/1063 1068/1240/1068
f 1058/1228/1058 782/895/782 1033/1191/1033
f 1036/1196/1036 1067/1238/1067 1038/1198/1038
f 1067/1238/1067 1068/1241/1068 1038/1198/1038
f 1038/1198/1038 1068/1241/1068 1037/1197/1037
f 1060/1230/1060 785/898/785 1058/1228/1058
f 1069/1242/1069 785/898/785 1060/1230/1060
f 1060/1230/1060 1059/1229/1059 1066/1243/1066
f 1061/1231/1061 1070/1244/1070 1062/1232/1062
f 1070/1244/1070 1071/1245/1071 1062/1232/1062
f 1061/1231/1061 1068/1240/1068 1067/1246/1067
f 1055/1223/1055 1056/1224/1056 1061/1231/1061
f 1055/1227/1055 1067/1238/1067 770/882/770
f 1061/1231/1061 1067/1246/1067 1055/1223/1055
f 1024/1192/1024 1027/1185/1027 683/786/683
f 1038/1198/1038 1037/1197/1037 1032/1190/1032
f 1027/1183/1027 1024/1179/1024 1023/1178/1023
f 997/1247/997 1048/1215/1048 1039/1214/1039
f 1056/1224/1056 1053/1220/1053 1072/1248/1072
f 580/669/580 516/575/516 1004/1147/1004
f 516/575/516 1073/1249/1073 1074/1250/1074
f 521/586/521 523/1251/523 1075/1252/1075
f 523/1251/523 664/1253/664 1075/1252/1075
f 664/1253/664 1076/1254/1076 1075/1252/1075
f 1073/1249/1073 1075/1252/1075 1074/1250/1074
f 521/586/521 1075/1252/1075 1073/1249/1073
f 664/1253/664 525/1255/525 1076/1254/1076
f 525/1255/525 186/1256/186 1076/1254/1076
f 1077/1257/1077 1078/1258/1078 1079/1259/1079
f 1080/1260/1080 1069/1242/1069 1081/1261/1081
f 1077/1257/1077 1081/1261/1081 1082/1262/1082
f 1079/1259/1079 1081/1261/1081 1077/1257/1077
f 1069/1242/1069 1080/1260/1080 951/1090/951
f 1082/1262/1082 1069/1242/1069 1060/1230/1060
f 1081/1261/1081 1069/1242/1069 1082/1262/1082
f 1083/1263/1083 1084/1264/1084 1085/1265/1085
f 1085/1265/1085 1086/1266/1086 1087/1267/1087
f 1071/1245/1071 1070/1244/1070 1088/1268/1088
f 1077/1257/1077 1082/1262/1082 1088/1269/1088
f 1088/1268/1088 1070/1244/1070 1089/1270/1089
f 1088/1269/1088 1089/1271/1089 1077/1257/1077
f 1088/1269/1088 1082/1262/1082 1071/1272/1071
f 1090/1273/1090 1089/1270/1089 1070/1244/1070
f 1091/1274/1091 1089/1271/1089 1090/1275/1090
f 1091/1276/1091 1090/1273/1090 1092/1277/1092
f 1072/1248/1072 1090/1273/1090 1070/1244/1070
f 1093/1278/1093 1083/1263/1083 1094/1279/1094
f 1083/1263/1083 1089/1271/1089 1091/1274/1091
f 1077/1257/1077 1089/1271/1089 1078/1258/1078
f 1083/1263/1083 1078/1258/1078 1089/1271/1089
f 1095/1280/1095 1084/1264/1084 1093/1278/1093
f 1095/1280/1095 1093/1278/1093 1096/1281/1096
f 1095/1280/1095 1096/1281/1096 1097/1282/1097
f 1084/1264/1084 1095/1280/1095 1086/1266/1086
f 1097/1282/1097 1086/1266/1086 1095/1280/1095
f 1098/1283/1098 1017/1170/1017 1019/1172/1019
f 1099/1284/1099 1098/1283/1098 1019/1172/1019
f 1019/1172/1019 1018/1171/1018 1099/1284/1099
f 1099/1284/1099 1100/1285/1100 1098/1283/1098
f 1100/1285/1100 1101/1286/1101 1102/1287/1102
f 1004/1147/1004 516/575/516 1103/1288/1103
f 1099/1284/1099 1101/1286/1101 1100/1285/1100
f 1104/1289/1104 1105/1290/1105 1099/1284/1099
f 1103/1288/1103 1104/1289/1104 1099/1284/1099
f 1103/1288/1103 516/575/516 1074/1250/1074
f 1103/1288/1103 1074/1250/1074 1104/1289/1104
f 1018/1171/1018 1003/1146/1003 1103/1288/1103
f 1003/1146/1003 1004/1147/1004 1103/1288/1103
f 1018/1171/1018 1103/1288/1103 1099/1284/1099
f 1102/1287/1102 1106/1291/1106 1107/1292/1107
f 1105/1290/1105 1106/1291/1106 1101/1286/1101
f 1105/1290/1105 1108/1293/1108 1106/1291/1106
f 1076/1254/1076 1108/1293/1108 1104/1289/1104
f 1104/1289/1104 1075/1252/1075 1076/1254/1076
f 1099/1284/1099 1105/1290/1105 1101/1286/1101
f 1105/1290/1105 1104/1289/1104 1108/1293/1108
f 1106/1291/1106 1108/1293/1108 1109/1294/1109
f 1102/1287/1102 1101/1286/1101 1106/1291/1106
f 1074/1250/1074 1075/1252/1075 1104/1289/1104
f 1098/1283/1098 1110/1295/1110 1052/1219/1052
f 1053/1220/1053 1052/1219/1052 1110/1295/1110
f 1111/1296/1111 1110/1295/1110 1112/1297/1112
f 1053/1220/1053 1110/1295/1110 1113/1298/1113
f 1053/1220/1053 1113/1298/1113 1072/1248/1072
f 1110/1295/1110 1111/1296/1111 1113/1298/1113
f 1114/1299/1114 1102/1287/1102 1115/1300/1115
f 1110/1295/1110 1100/1285/1100 1112/1297/1112
f 1112/1297/1112 1100/1285/1100 1102/1287/1102
f 1112/1297/1112 1102/1287/1102 1114/1299/1114
f 1102/1287/1102 1107/1292/1107 1115/1300/1115
f 1091/1276/1091 1116/1301/1116 1094/1302/1094
f 1113/1298/1113 1092/1277/1092 1072/1248/1072
f 1090/1273/1090 1072/1248/1072 1092/1277/1092
f 1117/1303/1117 1112/1297/1112 1114/1299/1114
f 1118/1304/1118 1112/1297/1112 1117/1303/1117
f 1092/1277/1092 1113/1298/1113 1111/1296/1111
f 1092/1277/1092 1111/1296/1111 1118/1304/1118
f 1091/1276/1091 1092/1277/1092 1118/1304/1118
f 1091/1276/1091 1118/1304/1118 1116/1301/1116
f 1098/1283/1098 1100/1285/1100 1110/1295/1110
f 1111/1296/1111 1112/1297/1112 1118/1304/1118
f 1118/1304/1118 1117/1303/1117 1116/1301/1116
f 1115/1300/1115 1119/1305/1119 1114/1299/1114
f 1117/1303/1117 1114/1299/1114 1120/1306/1120
f 1116/1301/1116 1117/1303/1117 1121/1307/1121
f 1117/1303/1117 1120/1306/1120 1121/1307/1121
f 1115/1300/1115 1107/1292/1107 1119/1305/1119
f 1107/1292/1107 1122/1308/1122 1119/1305/1119
f 1122/1308/1122 1107/1292/1107 1109/1294/1109
f 1108/1293/1108 1123/1309/1123 1109/1294/1109
f 1076/1254/1076 1123/1309/1123 1108/1293/1108
f 1086/1266/1086 1085/1265/1085 1084/1264/1084
f 1094/1302/1094 1116/1301/1116 1121/1307/1121
f 1106/1291/1106 1109/1294/1109 1107/1292/1107
f 666/769/666 260/296/260 331/369/331
f 186/1256/186 185/1310/185 1123/1309/1123
f 1123/1309/1123 185/1310/185 692/1311/692
f 570/651/570 1124/1312/1124 692/796/692
f 692/796/692 568/649/568 570/651/570
f 570/651/570 571/652/571 1125/1313/1125
f 661/764/661 578/661/578 1126/1314/1126
f 1126/1314/1126 578/661/578 666/769/666
f 578/661/578 577/660/577 666/769/666
f 1127/1315/1127 181/204/181 661/764/661
f 571/652/571 181/204/181 1128/1316/1128
f 183/206/183 661/764/661 181/204/181
f 1129/1317/1129 646/749/646 649/752/649
f 1129/1317/1129 1130/1318/1130 646/749/646
f 1096/1281/1096 1131/1319/1131 1129/1317/1129
f 1129/1317/1129 1131/1319/1131 1132/1320/1132
f 1133/1321/1133 1134/1322/1134 1132/1323/1132
f 1135/1324/1135 1132/1323/1132 1134/1322/1134
f 1129/1317/1129 1132/1320/1132 1135/1325/1135
f 916/1050/916 926/1064/926 925/1063/925
f 1135/1325/1135 1130/1318/1130 1129/1317/1129
f 1136/1326/1136 1137/1327/1137 1138/1328/1138
f 1139/1329/1139 1140/1330/1140 1137/1331/1137
f 1140/1330/1140 1139/1329/1139 1141/1332/1141
f 1138/1333/1138 1137/1331/1137 1133/1321/1133
f 1133/1321/1133 1140/1330/1140 1134/1322/1134
f 1133/1321/1133 1137/1331/1137 1140/1330/1140
f 1131/1319/1131 1136/1334/1136 1138/1335/1138
f 1131/1319/1131 1138/1335/1138 1133/1336/1133
f 666/769/666 1142/1337/1142 1126/1314/1126
f 1126/1314/1126 1142/1337/1142 1143/1338/1143
f 654/757/654 1143/1338/1143 1142/1337/1142
f 666/769/666 1144/1339/1144 1142/1337/1142
f 654/757/654 1142/1337/1142 1144/1339/1144
f 666/769/666 331/369/331 1144/1339/1144
f 1145/1340/1145 1143/1338/1143 1146/1341/1146
f 1146/1341/1146 1143/1338/1143 1147/1342/1147
f 1147/1342/1147 653/756/653 877/1010/877
f 1147/1342/1147 1143/1338/1143 653/756/653
f 653/756/653 1143/1338/1143 654/757/654
f 1126/1314/1126 1145/1340/1145 1127/1315/1127
f 1148/1343/1148 1127/1315/1127 1145/1340/1145
f 1149/1344/1149 1150/1345/1150 1151/1346/1151
f 1150/1345/1150 1148/1343/1148 1145/1340/1145
f 1147/1342/1147 1151/1346/1151 1146/1341/1146
f 1151/1346/1151 1150/1345/1150 1146/1341/1146
f 1150/1345/1150 1145/1340/1145 1146/1341/1146
f 1145/1340/1145 1126/1314/1126 1143/1338/1143
f 643/746/643 1152/1347/1152 1153/1348/1153
f 1140/1330/1140 1153/1348/1153 1152/1347/1152
f 645/748/645 1154/1349/1154 643/746/643
f 643/746/643 877/1010/877 644/747/644
f 1130/1350/1130 1155/1351/1155 646/1352/646
f 1134/1322/1134 1154/1349/1154 1155/1351/1155
f 1134/1322/1134 1152/1347/1152 1154/1349/1154
f 1140/1330/1140 1156/1353/1156 1153/1348/1153
f 1151/1346/1151 1147/1342/1147 1153/1348/1153
f 1153/1348/1153 877/1010/877 643/746/643
f 1153/1348/1153 1147/1342/1147 877/1010/877
f 1153/1348/1153 1156/1353/1156 1151/1346/1151
f 1141/1332/1141 1156/1353/1156 1140/1330/1140
f 1152/1347/1152 1134/1322/1134 1140/1330/1140
f 1137/1327/1137 1120/1306/1120 1157/1354/1157
f 1137/1327/1137 1157/1354/1157 1139/1355/1139
f 1139/1355/1139 1157/1354/1157 1141/1356/1141
f 1158/1357/1158 1157/1354/1157 1159/1358/1159
f 1160/1359/1160 1161/1360/1161 1162/1361/1162
f 1159/1362/1159 1162/1363/1162 1163/1364/1163
f 1158/1365/1158 1159/1362/1159 1163/1364/1163
f 1158/1365/1158 1163/1364/1163 1156/1353/1156
f 1162/1361/1162 1159/1358/1159 1160/1359/1160
f 1157/1354/1157 1120/1306/1120 1119/1305/1119
f 1157/1354/1157 1160/1359/1160 1159/1358/1159
f 1157/1354/1157 1158/1357/1158 1141/1356/1141
f 1141/1332/1141 1158/1365/1158 1156/1353/1156
f 1122/1308/1122 1164/1366/1164 1160/1359/1160
f 1164/1366/1164 1161/1360/1161 1160/1359/1160
f 1160/1359/1160 1119/1305/1119 1122/1308/1122
f 1119/1305/1119 1160/1359/1160 1157/1354/1157
f 1120/1306/1120 1114/1299/1114 1119/1305/1119
f 1148/1343/1148 1150/1345/1150 1165/1367/1165
f 1148/1343/1148 1165/1367/1165 1128/1316/1128
f 1148/1343/1148 1128/1316/1128 1127/1315/1127
f 1128/1316/1128 181/204/181 1127/1315/1127
f 1161/1368/1161 1166/1369/1166 1162/1363/1162
f 1162/1363/1162 1167/1370/1167 1163/1364/1163
f 1166/1369/1166 1167/1370/1167 1162/1363/1162
f 1165/1367/1165 1167/1370/1167 1166/1369/1166
f 1149/1344/1149 1167/1370/1167 1150/1345/1150
f 1165/1367/1165 1150/1345/1150 1167/1370/1167
f 1168/1371/1168 1109/1294/1109 1123/1309/1123
f 1122/1308/1122 1109/1294/1109 1168/1371/1168
f 1168/1371/1168 1169/1372/1169 1170/1373/1170
f 1168/1371/1168 1170/1373/1170 1171/1374/1171
f 1172/1375/1172 1164/1366/1164 1171/1374/1171
f 1168/1371/1168 1171/1374/1171 1164/1366/1164
f 1161/1360/1161 1164/1366/1164 1172/1375/1172
f 1171/1376/1171 1170/1377/1170 1172/1378/1172
f 1166/1369/1166 1172/1378/1172 1170/1377/1170
f 1123/1309/1123 1124/1379/1124 1173/1380/1173
f 1173/1381/1173 1124/1312/1124 1169/1382/1169
f 1125/1313/1125 1170/1377/1170 1169/1382/1169
f 1125/1313/1125 1169/1382/1169 1124/1312/1124
f 1124/1312/1124 570/651/570 1125/1313/1125
f 1125/1313/1125 1166/1369/1166 1170/1377/1170
f 1172/1378/1172 1166/1369/1166 1161/1368/1161
f 1123/1309/1123 1173/1380/1173 1168/1371/1168
f 1173/1380/1173 1169/1372/1169 1168/1371/1168
f 1125/1313/1125 1128/1316/1128 1166/1369/1166
f 1128/1316/1128 1165/1367/1165 1166/1369/1166
f 571/652/571 1128/1316/1128 1125/1313/1125
f 1127/1315/1127 661/764/661 1126/1314/1126
f 1135/1324/1135 1155/1351/1155 1130/1350/1130
f 1149/1344/1149 1151/1346/1151 1156/1353/1156
f 1156/1353/1156 1163/1364/1163 1149/1344/1149
f 1163/1364/1163 1167/1370/1167 1149/1344/1149
f 1168/1371/1168 1164/1366/1164 1122/1308/1122
f 692/1311/692 1124/1379/1124 1123/1309/1123
f 959/1102/959 957/1174/957 603/694/603
f 967/1110/967 1025/1181/1025 959/1102/959
f 996/1169/996 1016/1168/1016 1048/1215/1048
f 997/1247/997 996/1169/996 1048/1215/1048
f 1016/1168/1016 1014/1166/1014 1015/1167/1015
f 968/1111/968 683/786/683 967/1110/967
f 1070/1244/1070 1061/1231/1061 1056/1224/1056
f 1056/1224/1056 1072/1248/1072 1070/1244/1070
f 1144/1339/1144 331/369/331 659/762/659
f 875/1008/875 644/747/644 877/1010/877
f 1069/1242/1069 951/1090/951 788/901/788
f 1154/1349/1154 647/1383/647 1155/1351/1155
f 1076/1254/1076 186/1256/186 1123/1309/1123
f 1087/1267/1087 951/1090/951 1080/1260/1080
f 1066/1243/1066 1071/1272/1071 1082/1262/1082
f 1086/1266/1086 1097/1282/1097 956/1095/956
f 1131/1319/1131 1121/1384/1121 1136/1334/1136
f 1052/1219/1052 1017/1170/1017 1098/1283/1098
f 649/752/649 956/1095/956 1129/1317/1129
f 1097/1282/1097 1096/1281/1096 1129/1317/1129
f 1121/1384/1121 1131/1319/1131 1096/1281/1096
f 877/1010/877 653/756/653 655/758/655
f 1120/1306/1120 1137/1327/1137 1121/1307/1121
f 1121/1307/1121 1137/1327/1137 1136/1326/1136
f 25/31/25 15/18/15 110/129/110
f 620/722/620 47/58/47 26/32/26
f 579/666/579 26/32/26 12/15/12
f 579/666/579 12/15/12 24/29/24
f 58/70/58 54/66/54 57/69/57
f 104/125/104 103/662/103 107/123/107
f 355/393/355 110/129/110 109/128/109
f 112/135/112 113/136/113 333/371/333
f 112/1385/112 333/663/333 336/374/336
f 336/374/336 103/662/103 112/1385/112
f 334/372/334 113/136/113 115/138/115
f 102/118/102 115/138/115 113/136/113
f 76/92/76 65/81/65 613/710/613
f 880/1013/880 696/800/696 885/1018/885
f 432/479/432 887/1020/887 988/1131/988
f 160/183/160 169/192/169 179/202/179
f 670/773/670 174/197/174 671/774/671
f 56/68/56 966/1109/966 55/67/55
f 543/610/543 192/215/192 191/214/191
f 543/610/543 191/214/191 247/1386/247
f 209/234/209 798/913/798 215/240/215
f 549/618/549 247/281/247 224/249/224
f 224/249/224 247/281/247 226/254/226
f 549/618/549 224/249/224 246/280/246
f 576/659/576 244/278/244 245/279/245
f 215/240/215 801/916/801 249/283/249
f 254/288/254 255/292/255 806/921/806
f 806/921/806 255/292/255 256/1387/256
f 576/659/576 245/279/245 259/295/259
f 577/660/577 259/295/259 260/296/260
f 805/920/805 250/284/250 249/283/249
f 286/322/286 309/345/309 115/138/115
f 309/345/309 308/344/308 463/519/463
f 308/344/308 310/346/310 463/519/463
f 310/346/310 312/348/312 1174/1388/1174
f 531/598/531 312/667/312 313/1389/313
f 320/358/320 531/598/531 313/1389/313
f 321/357/321 531/598/531 320/358/320
f 696/800/696 300/336/300 332/370/332
f 322/360/322 879/1012/879 323/361/323
f 879/1012/879 327/365/327 323/361/323
f 339/377/339 24/29/24 9/12/9
f 76/92/76 61/74/61 65/81/65
f 77/93/77 74/90/74 61/74/61
f 107/123/107 355/1390/355 109/133/109
f 86/102/86 151/174/151 87/103/87
f 74/90/74 82/98/82 75/91/75
f 601/692/601 69/85/69 55/67/55
f 529/596/529 321/357/321 192/215/192
f 804/922/804 806/921/806 256/1387/256
f 806/921/806 257/293/257 254/288/254
f 322/360/322 300/336/300 696/800/696
f 25/31/25 340/378/340 16/19/16
f 976/1119/976 409/456/409 408/455/408
f 445/497/445 457/513/457 1006/1152/1006
f 463/519/463 310/346/310 465/1391/465
f 465/1391/465 310/346/310 1174/1388/1174
f 483/542/483 465/522/465 1174/1392/1174
f 1174/1392/1174 312/667/312 483/542/483
f 575/658/575 577/660/577 578/661/578
f 339/377/339 9/12/9 16/19/16
f 337/375/337 336/374/336 333/663/333
f 103/662/103 369/415/369 107/123/107
f 110/129/110 355/393/355 25/31/25
f 372/418/372 103/662/103 336/374/336
f 339/377/339 16/19/16 340/378/340
f 355/1390/355 107/123/107 354/414/354
f 58/70/58 57/69/57 403/450/403
f 727/837/727 417/464/417 436/483/436
f 432/479/432 433/480/433 887/1020/887
f 460/516/460 56/68/56 58/70/58
f 457/513/457 456/512/456 580/1393/580
f 417/464/417 408/455/408 404/451/404
f 433/480/433 446/498/446 886/1019/886
f 543/610/543 247/1386/247 545/612/545
f 234/265/234 244/278/244 557/628/557
f 549/618/549 545/617/545 247/281/247
f 458/580/458 516/575/516 580/669/580
f 518/577/518 1073/1249/1073 516/575/516
f 1073/1249/1073 518/577/518 521/586/521
f 184/207/184 568/646/568 185/208/185
f 569/648/569 570/651/570 568/649/568
f 567/645/567 182/205/182 181/204/181
f 599/690/599 602/693/602 597/688/597
f 69/85/69 600/691/600 68/84/68
f 603/694/603 957/1174/957 605/696/605
f 65/78/65 64/77/64 613/707/613
f 74/90/74 614/708/614 82/98/82
f 82/98/82 626/728/626 86/102/86
f 626/728/626 634/737/634 86/102/86
f 86/102/86 634/737/634 151/174/151
f 151/174/151 634/737/634 154/177/154
f 167/190/167 663/766/663 170/193/170
f 170/193/170 663/766/663 171/194/171
f 187/210/187 662/765/662 167/190/167
f 171/194/171 677/780/677 332/370/332
f 736/846/736 687/790/687 686/789/686
f 805/920/805 252/286/252 250/284/250
f 654/757/654 1144/1339/1144 849/971/849
f 1144/1339/1144 876/1009/876 849/971/849
f 659/762/659 876/1009/876 1144/1339/1144
f 951/1090/951 1087/1267/1087 952/1091/952
f 955/1094/955 952/1091/952 1086/1266/1086
f 956/1095/956 955/1094/955 1086/1266/1086
f 648/751/648 948/1098/948 650/753/650
f 645/748/645 948/1087/948 648/1394/648
f 874/1007/874 948/1087/948 645/748/645
f 1087/1267/1087 1086/1266/1086 952/1091/952
f 600/691/600 69/85/69 601/692/601
f 957/1099/957 687/790/687 736/846/736
f 686/789/686 1021/1176/1021 738/848/738
f 785/898/785 788/901/788 784/897/784
f 1021/1176/1021 739/849/739 738/848/738
f 801/916/801 805/920/805 249/283/249
f 257/293/257 806/921/806 659/762/659
f 195/220/195 794/909/794 196/221/196
f 327/365/327 794/909/794 195/220/195
f 879/1012/879 792/907/792 327/365/327
f 800/915/800 215/240/215 798/913/798
f 215/240/215 800/915/800 801/916/801
f 645/748/645 644/747/644 875/1008/875
f 798/913/798 209/234/209 198/223/198
f 322/360/322 880/1013/880 879/1012/879
f 677/780/677 696/800/696 332/370/332
f 874/1007/874 645/748/645 875/1008/875
f 601/692/601 55/67/55 966/1109/966
f 966/1109/966 56/68/56 460/516/460
f 187/210/187 167/190/167 153/176/153
f 885/1018/885 696/800/696 679/782/679
f 167/190/167 170/193/170 166/189/166
f 697/801/697 681/784/681 673/776/673
f 168/191/168 166/189/166 169/192/169
f 169/192/169 172/195/172 179/202/179
f 658/761/658 175/198/175 669/772/669
f 633/736/633 173/196/173 640/743/640
f 691/794/691 679/782/679 678/781/678
f 641/744/641 635/738/635 632/735/632
f 671/774/671 673/776/673 667/770/667
f 681/784/681 689/792/689 680/783/680
f 175/198/175 174/197/174 670/773/670
f 640/743/640 173/196/173 175/198/175
f 663/766/663 677/780/677 171/194/171
f 665/768/665 663/766/663 652/755/652
f 663/766/663 662/765/662 652/755/652
f 678/781/678 677/780/677 663/766/663
f 660/763/660 672/775/672 671/774/671
f 696/800/696 880/1013/880 322/360/322
f 41/51/41 35/43/35 46/57/46
f 46/57/46 45/56/45 49/60/49
f 46/57/46 35/43/35 23/28/23
f 49/60/49 41/51/41 46/57/46
f 57/69/57 54/66/54 45/56/45
f 50/61/50 53/65/53 67/83/67
f 68/84/68 67/83/67 53/65/53
f 620/722/620 396/443/396 395/442/395
f 394/441/394 393/440/393 397/444/397
f 403/450/403 399/446/399 58/70/58
f 392/439/392 399/446/399 403/450/403
f 406/453/406 405/452/405 400/447/400
f 394/441/394 410/457/410 406/453/406
f 421/468/421 436/483/436 416/463/416
f 341/379/341 351/389/351 348/386/348
f 604/695/604 68/84/68 600/691/600
f 602/693/602 601/692/601 961/1104/961
f 977/1120/977 970/1113/970 971/1114/971
f 960/1103/960 961/1104/961 963/1106/963
f 958/1101/958 603/694/603 597/688/597
f 961/1104/961 601/692/601 966/1109/966
f 962/1105/962 972/1115/972 970/1113/970
f 970/1113/970 964/1107/964 962/1105/962
f 587/1395/587 618/715/618 585/674/585
f 589/679/589 588/678/588 593/684/593
f 974/1117/974 1029/1187/1029 1031/1189/1031
f 599/690/599 598/689/598 584/673/584
f 596/687/596 584/673/584 598/689/598
f 1025/1181/1025 967/1110/967 1026/1182/1026
f 606/697/606 608/1396/608 596/687/596
f 586/675/586 592/683/592 595/701/595
f 596/687/596 608/1396/608 595/686/595
f 1021/1176/1021 686/789/686 688/791/688
f 1025/1181/1025 687/1173/687 959/1102/959
f 589/679/589 594/685/594 591/681/591
f 607/699/607 586/675/586 608/700/608
f 728/838/728 705/810/705 699/803/699
f 705/810/705 711/816/711 706/811/706
f 705/810/705 729/839/729 730/840/730
f 981/1124/981 975/1118/975 684/787/684
f 733/843/733 731/841/731 734/844/734
f 964/1107/964 968/1111/968 965/1108/965
f 701/805/701 607/699/607 735/845/735
f 735/845/735 686/789/686 738/848/738
f 735/845/735 738/848/738 730/840/730
f 737/847/737 731/841/731 740/850/740
f 1064/1234/1064 1037/1197/1037 1068/1241/1068
f 741/851/741 743/853/743 737/847/737
f 593/684/593 701/805/701 728/838/728
f 728/838/728 701/805/701 729/839/729
f 582/671/582 585/674/585 618/715/618
f 709/814/709 713/818/713 710/815/710
f 710/815/710 713/818/713 715/820/715
f 713/818/713 709/814/709 734/844/734
f 734/844/734 714/819/714 713/818/713
f 1063/1239/1063 1064/1234/1064 1068/1241/1068
f 737/847/737 742/852/742 732/842/732
f 1037/1197/1037 1064/1234/1064 1059/1229/1059
f 767/879/767 765/877/765 764/876/764
f 1078/1258/1078 1085/1265/1085 1079/1259/1079
f 775/888/775 767/879/767 766/878/766
f 714/819/714 766/878/766 764/876/764
f 779/892/779 765/877/765 767/879/767
f 765/877/765 762/874/762 763/875/763
f 732/842/732 742/852/742 780/893/780
f 771/883/771 770/882/770 1036/1196/1036
f 1028/1186/1028 1020/1175/1020 1023/1178/1023
f 763/875/763 756/866/756 755/865/755
f 881/1014/881 1030/1188/1030 1032/1190/1032
f 789/902/789 787/900/787 778/891/778
f 1081/1261/1081 1079/1259/1079 1080/1260/1080
f 759/886/759 762/874/762 768/880/768
f 772/884/772 779/892/779 778/891/778
f 777/890/777 768/880/768 772/884/772
f 1087/1267/1087 1079/1259/1079 1085/1265/1085
f 1087/1267/1087 1080/1260/1080 1079/1259/1079
f 1060/1230/1060 1066/1243/1066 1082/1262/1082
f 1066/1397/1066 1059/1229/1059 1065/1235/1065
f 1062/1232/1062 1065/1236/1065 1063/1233/1063
f 930/1068/930 929/1067/929 787/900/787
f 918/1052/918 933/1071/933 776/889/776
f 952/1091/952 955/1094/955 953/1092/953
f 930/1068/930 923/1061/923 934/1072/934
f 930/1068/930 934/1072/934 929/1067/929
f 934/1072/934 918/1052/918 776/889/776
f 762/874/762 758/903/758 756/866/756
f 768/880/768 777/890/777 933/1071/933
f 648/1394/648 647/1383/647 1154/1349/1154
f 870/1004/870 868/999/868 863/991/863
f 946/1100/946 871/1003/871 870/1004/870
f 875/1008/875 873/1006/873 874/1007/874
f 858/983/858 869/1000/869 860/985/860
f 925/1063/925 935/1073/935 916/1050/916
f 923/1061/923 925/1063/925 926/1064/926
f 855/980/855 911/1044/911 937/1075/937
f 935/1073/935 936/1074/936 910/1043/910
f 936/1074/936 941/1079/941 858/983/858
f 940/1078/940 943/1081/943 938/1076/938
f 938/1076/938 942/1080/942 939/1077/939
f 943/1081/943 945/1085/945 941/1079/941
f 947/1097/947 945/1085/945 943/1081/943
f 945/1085/945 947/1097/947 944/1398/944
f 650/753/650 949/1088/949 649/752/649
f 950/1089/950 949/1088/949 940/1078/940
f 937/1075/937 911/1044/911 910/1043/910
f 1083/1263/1083 1085/1265/1085 1078/1258/1078
f 1091/1274/1091 1094/1279/1094 1083/1263/1083
f 1093/1278/1093 1084/1264/1084 1083/1263/1083
f 1121/1384/1121 1096/1281/1096 1093/1278/1093
f 1131/1319/1131 1133/1336/1133 1132/1320/1132
f 1152/1347/1152 643/746/643 1154/1349/1154
f 1134/1322/1134 1155/1351/1155 1135/1324/1135
f 956/1095/956 1097/1282/1097 1129/1317/1129
f 646/1352/646 1155/1351/1155 647/1383/647
f 415/462/415 413/460/413 411/458/411
f 418/465/418 414/461/414 421/468/421
f 589/679/589 618/717/618 587/676/587
f 584/673/584 596/687/596 581/670/581
f 599/690/599 584/673/584 604/695/604
f 642/745/642 641/744/641 640/743/640
f 652/755/652 642/745/642 658/761/658
f 785/898/785 1069/1242/1069 788/901/788
f 665/768/665 658/761/658 669/772/669
f 690/793/690 691/794/691 685/788/685
f 691/794/691 690/793/690 679/782/679
f 1154/1349/1154 645/748/645 648/1394/648
f 698/802/698 673/776/673 672/775/672
f 593/684/593 586/675/586 607/699/607
f 710/815/710 720/825/720 708/813/708
f 731/841/731 733/843/733 740/850/740
f 784/897/784 789/902/789 774/887/774
f 883/1016/883 694/798/694 693/797/693
f 787/900/787 789/902/789 932/1070/932
f 928/1066/928 923/1061/923 930/1068/930
f 923/1061/923 926/1064/926 934/1072/934
f 926/1064/926 915/1049/915 918/1052/918
f 950/1089/950 955/1094/955 949/1088/949
f 679/782/679 690/793/690 885/1018/885
f 963/1106/963 962/1105/962 964/1107/964
f 962/1105/962 961/1104/961 460/516/460
f 684/787/684 683/786/683 968/1111/968
f 1036/1196/1036 1032/1190/1032 973/1116/973
f 1066/1237/1066 1062/1232/1062 1071/1245/1071
f 1121/1384/1121 1093/1278/1093 1094/1279/1094
f 579/666/579 396/443/396 620/722/620
f 743/853/743 742/852/742 737/847/737
