# www.textures.com
v -0.399623 -0.270250 0.465527
v -0.468116 -0.189423 0.503224
v -0.560799 -0.287102 0.462522
v -0.598484 -0.289703 0.371696
v -0.485173 -0.320794 0.367843
v -0.559751 -0.404402 0.303193
v -0.720690 -0.416168 0.237696
v -0.603791 -0.372713 0.161163
v -0.743895 -0.423127 0.340355
v -0.634901 -0.415249 0.403510
v -0.610297 -0.352015 0.313030
v -0.361171 -0.103392 0.076114
v -0.232529 -0.150784 0.092959
v -0.297790 -0.224688 0.108925
v -0.507243 -0.283941 0.252362
v -0.518564 -0.308874 0.305720
v -0.542307 -0.266113 0.274638
v -0.721015 -0.284886 0.120768
v -0.698498 -0.347566 0.145257
v -0.798993 -0.360974 0.189638
v -0.831210 -0.327615 0.216000
v -0.689039 -0.218571 0.137556
v -0.732297 -0.242784 0.225123
v -0.759394 -0.423840 0.185411
v -0.897155 -0.424881 0.281136
v -0.843070 -0.438830 0.302933
v -0.715746 -0.329919 0.196339
v -0.620966 -0.275826 0.206545
v -0.723452 -0.293839 0.290166
v -0.543462 -0.173497 0.115122
v -0.613620 -0.242546 0.106263
v -0.842058 -0.361418 0.337268
v -0.822438 -0.392256 0.268785
v -0.530328 -0.303901 0.133522
v -0.769813 -0.295543 0.388524
v -0.707101 -0.239237 0.452817
v -0.748669 -0.224691 0.348912
v -0.637721 -0.211795 0.393920
v -0.639860 -0.156260 0.330428
v -0.534538 -0.081053 0.302455
v -0.605762 -0.152178 0.209853
v -0.644720 -0.152947 0.451885
v -0.629322 -0.188003 0.508385
v -0.576024 -0.190427 0.303176
v -0.519532 -0.095715 0.149852
v -0.452470 -0.058940 0.120210
v -0.450574 -0.085645 0.199699
v -0.499601 -0.216338 0.119577
v -0.321992 -0.035407 0.151780
v -0.346292 -0.011924 0.360686
v -0.483008 -0.054368 0.434720
v -0.544098 -0.112773 0.520687
v -0.529873 -0.150224 0.391860
v -0.602143 -0.267012 0.422556
v -0.529054 -0.141129 0.540710
v -0.420355 -0.088419 0.552997
v -0.489975 -0.221201 0.210132
v -0.361723 -0.081234 0.416534
v -0.381125 -0.081435 0.492603
v -0.335308 -0.110388 0.460115
v -0.296239 -0.053468 0.549247
v -0.281289 0.004819 0.490245
v -0.273064 -0.007146 0.087541
v -0.599804 0.272145 0.371530
v -0.565737 0.341950 0.329543
v -0.552424 0.293643 0.260296
v -0.593081 0.358467 0.161525
v -0.681952 0.360152 0.212154
v -0.714768 0.424319 0.241179
v -0.602667 0.294042 0.182721
v -0.500165 0.271845 0.109702
v -0.550958 0.213795 0.153236
v -0.623295 0.225527 0.195845
v -0.668099 0.255505 0.255433
v -0.467270 0.129686 0.161192
v -0.539347 0.135036 0.248584
v -0.422117 0.162193 0.114252
v -0.593620 0.416482 0.300916
v -0.429056 0.348567 0.164653
v -0.658749 0.222701 0.388244
v -0.772112 0.344801 0.376772
v -0.615935 0.409834 0.425277
v -0.743320 0.405017 0.318363
v -0.646122 0.350888 0.283623
v -0.766348 0.373742 0.293113
v -0.832459 0.485217 0.344584
v -0.844220 0.408484 0.370043
v -0.856775 0.495259 0.416830
v -0.839550 0.457827 0.437600
v -0.710191 0.353449 0.363154
v -0.805683 0.452300 0.387846
v -0.792591 0.398511 0.446044
v -0.746120 0.481904 0.370746
v -0.698351 0.460995 0.453908
v -0.710124 0.310109 0.500885
v -0.615998 0.225762 0.554141
v -0.579840 0.171837 0.513953
v -0.543343 0.137431 0.379122
v -0.517309 0.201171 0.427363
v -0.374120 0.085602 0.314508
v -0.412992 0.151526 0.435140
v -0.487471 0.262486 0.487538
v -0.417528 0.095470 0.509455
v -0.435074 0.090998 0.357279
v -0.438130 0.146081 0.591926
v -0.521195 0.174456 0.585411
v -0.608119 0.306993 0.268044
v -0.511509 0.355634 0.394303
v -0.198425 -0.041928 0.105046
v -0.143359 0.022207 0.096136
v -0.074723 0.060617 0.125605
v -0.071514 -0.047655 0.121163
v -0.292843 0.074299 0.103218
v -0.311765 0.217470 0.086348
v -0.175503 0.058562 0.090807
v -0.239407 0.085743 0.154069
v -0.199451 0.163649 0.090577
v -0.177126 0.027607 0.121273
v -0.231679 0.031228 0.302323
v -0.169972 0.045058 0.211995
v -0.281244 0.049503 0.426494
v -0.165577 0.031186 0.491539
v -0.196596 -0.023099 0.521113
v -0.083765 0.041352 0.509218
v -0.111072 -0.018284 0.374558
v -0.222519 -0.039497 0.352938
v -0.149197 -0.033128 0.315178
v -0.246210 -0.047217 0.522747
v -0.308619 0.099684 0.567938
v -0.227425 0.092616 0.543299
v -0.264868 0.121926 0.394280
v -0.375482 0.210906 0.478109
v -0.321493 0.246668 0.432163
v -0.136889 0.099673 0.394739
v -0.170627 0.101430 0.324818
v -0.204505 0.151746 0.350186
v -0.216264 0.034530 0.344663
v -0.216011 0.028670 0.408340
v -0.016855 -0.018681 0.079177
v -0.081323 0.078034 0.514147
v 0.032965 0.142397 0.093588
v 0.075135 0.093103 0.116332
v -0.048750 0.145516 0.504331
v -0.069523 0.122040 0.504115
v -0.012519 0.125383 0.497523
v -0.168757 0.207383 0.236877
v -0.146255 0.160122 0.086869
v -0.223605 0.306019 0.260606
v -0.164375 0.229663 0.055414
v -0.099547 0.109194 0.114987
v -0.072131 0.142764 0.081367
v -0.254472 0.273005 0.301923
v -0.379925 0.372046 0.399238
v -0.492865 0.411665 0.362755
v -0.278343 0.301432 0.394626
v -0.615870 0.468551 0.448538
v -0.556876 0.416749 0.544532
v -0.446233 0.336144 0.441304
v -0.459293 0.404916 0.528857
v -0.413204 0.360783 0.582298
v -0.266039 0.250786 0.569920
v -0.250814 0.276841 0.513376
v -0.227894 0.200121 0.490374
v -0.206881 0.187471 0.543379
v -0.150086 0.195838 0.448875
v -0.194800 0.247207 0.367824
v -0.218224 0.287409 0.390046
v -0.143103 0.136830 0.533073
v -0.197066 0.244250 0.296712
v -0.299943 -0.151098 0.471323
v 0.007331 0.157794 0.110989
v 0.069892 0.183321 0.341777
v 0.043213 0.149000 0.423451
v 0.148653 0.238556 0.407373
v 0.086733 0.169571 0.535142
v 0.159304 0.224981 0.556027
v 0.138457 0.217983 0.514864
v 0.259447 0.329878 0.519063
v 0.281942 0.384612 0.440099
v 0.251731 0.304445 0.568772
v 0.378160 0.409313 0.503340
v 0.302071 0.367000 0.567904
v 0.376833 0.450879 0.537101
v 0.263239 0.272514 0.498132
v 0.321720 0.315441 0.478510
v 0.337788 0.336032 0.400256
v 0.316524 0.358792 0.180999
v 0.319770 0.338506 0.254036
v 0.237264 0.286470 0.167106
v 0.375486 0.368255 0.337077
v 0.401601 0.463392 0.360439
v 0.381974 0.400819 0.316177
v 0.238682 0.393220 0.499094
v 0.390520 0.495381 0.230596
v -0.249852 0.388211 0.109343
v -0.285125 0.402589 0.309882
v -0.313709 0.469279 0.220798
v -0.214804 0.454439 0.002236
v -0.179364 0.297202 0.025962
v -0.307070 0.479160 0.108711
v -0.245776 0.843155 0.127911
v -0.221947 0.769252 0.109546
v -0.191647 0.831412 0.216583
v -0.292301 0.704733 0.240990
v -0.232125 0.938700 0.186342
v -0.248974 0.878780 0.094564
v -0.283952 0.761016 0.034339
v -0.306928 0.859514 0.084322
v -0.312454 0.869096 0.156019
v -0.189878 0.737340 0.041638
v -0.302650 0.974672 0.139882
v -0.299171 0.977817 0.160863
v -0.275609 0.996453 0.138858
v -0.190631 0.882618 0.140501
v -0.302051 0.871561 0.220296
v -0.293166 0.932031 0.188850
v -0.324762 0.790214 0.279885
v -0.333818 0.703236 0.180679
v -0.267300 0.641837 0.001525
v -0.181268 0.871441 0.238055
v -0.126660 0.807270 0.321049
v -0.111920 0.760346 0.203581
v -0.144515 0.763479 0.107246
v -0.149052 0.655098 0.047004
v -0.314801 0.624078 0.064511
v -0.233085 0.612639 0.178646
v -0.220687 0.670657 0.114797
v -0.072051 0.570743 0.075662
v -0.092406 0.491623 0.032073
v -0.139788 0.588964 0.145193
v -0.182558 0.690129 0.148930
v -0.204967 0.564745 0.135715
v -0.194049 0.688712 0.303751
v -0.359917 0.625003 0.308036
v -0.337495 0.662803 0.396514
v -0.326435 0.620737 0.425587
v -0.269652 0.593087 0.272132
v -0.209874 0.606657 0.398056
v -0.344134 0.716306 0.348649
v -0.122114 0.359663 0.037639
v -0.129428 0.665370 0.260004
v -0.317754 0.461069 0.380323
v -0.268063 0.360593 0.433394
v -0.230269 0.372944 0.503306
v -0.309208 0.520336 0.467104
v -0.185508 0.324538 0.442396
v -0.184603 0.338040 0.345974
v -0.244922 0.467123 0.360291
v -0.189945 0.311135 0.512203
v -0.051857 0.164720 0.366186
v -0.087672 0.215116 0.310124
v -0.102778 0.384315 0.402847
v -0.172653 0.465842 0.427680
v -0.096449 0.517580 0.388525
v -0.005299 0.195696 0.166367
v 0.047226 0.214711 0.111421
v -0.020565 0.259051 0.120978
v -0.065259 0.296374 0.043772
v 0.042597 0.299534 0.263731
v 0.073514 0.347002 0.159480
v -0.045272 0.203959 0.445544
v -0.061641 0.200744 0.283582
v -0.061307 0.286087 0.323143
v 0.005186 0.277089 0.460205
v 0.022353 0.201090 0.528768
v 0.035569 0.280452 0.539786
v -0.086971 0.665368 0.156623
v -0.025384 0.593535 0.260456
v -0.050565 0.696131 0.299486
v -0.016001 0.401765 0.108115
v -0.015396 0.447168 0.242112
v -0.012453 0.490215 0.306392
v -0.079262 0.551199 0.333146
v -0.063610 0.440618 0.340513
v -0.051298 0.623564 0.457052
v -0.083473 0.737333 0.392629
v 0.001236 0.554100 0.396272
v -0.027908 0.473245 0.504228
v -0.045554 0.389367 0.400294
v 0.014736 0.418973 0.393191
v 0.016503 0.332797 0.388695
v 0.009645 0.243581 0.270723
v 0.017684 0.342453 0.414787
v 0.037732 0.413673 0.419087
v -0.002414 0.386643 0.474781
v -0.028624 0.296930 0.510653
v 0.056685 0.256931 0.429771
v 0.067720 0.403502 0.540987
v 0.065074 0.470808 0.374908
v 0.107631 0.479745 0.335093
v 0.116427 0.556906 0.433538
v 0.157788 0.327834 0.125014
v 0.128016 0.402597 0.201080
v 0.194166 0.536289 0.191307
v 0.165661 0.548673 0.283864
v 0.365640 0.514883 0.155169
v 0.284061 0.464575 0.155445
v 0.338550 0.644934 0.154360
v 0.162603 0.456810 0.134872
v 0.331865 0.671732 0.263263
v 0.222803 0.650602 0.366067
v 0.137944 0.533188 0.529110
v 0.275275 0.675872 0.456887
v 0.195091 0.545678 0.407474
v 0.132740 0.454597 0.443151
v 0.245132 0.522459 0.500837
v 0.287265 0.550931 0.333409
v 0.323428 0.547796 0.448415
v 0.251628 0.532493 0.292146
v 0.357523 0.690960 0.343625
v 0.152062 0.368795 0.498503
v 0.090777 0.279469 0.416544
v 0.355234 0.725773 0.378879
v 0.298005 0.503327 0.268476
v 0.366473 0.596476 0.231137
v 0.464884 0.734145 0.241515
v 0.399424 0.636605 0.182098
v 0.500196 0.821794 0.279159
v 0.468657 0.745432 0.280162
v 0.400899 0.747865 0.352819
v 0.502134 0.822153 0.305850
v 0.506000 0.804242 0.312088
v 0.475170 0.661903 0.375852
v 0.515415 0.743458 0.271886
v 0.472305 0.581240 0.364061
v 0.442339 0.581529 0.267613
v 0.442588 0.607828 0.181395
v 0.445315 0.572419 0.458676
v 0.420944 0.607393 0.343308
v 0.344363 0.480857 0.378134
v 0.085104 0.312862 0.402713
v 0.011244 -0.083105 0.124556
v 0.012602 -0.097213 0.522535
v 0.014244 -0.017152 0.491349
v -0.021247 -0.081151 0.506080
v -0.083544 -0.066516 0.512250
v -0.086264 -0.010287 0.502201
v 0.032497 -0.036730 0.445188
v 0.093271 -0.044188 0.116922
v 0.052892 -0.062845 0.382673
v 0.054481 -0.094015 0.338633
v 0.185485 -0.154521 0.223438
v 0.146665 -0.071476 0.171575
v 0.150819 -0.073066 0.271329
v 0.135720 -0.105980 0.098318
v 0.224465 -0.190070 0.128794
v 0.233932 -0.244561 0.203619
v 0.295626 -0.308827 0.154366
v 0.264487 -0.240937 0.331676
v 0.176121 -0.082369 0.364786
v 0.164956 -0.076177 0.441707
v 0.291552 -0.235191 0.389619
v 0.102190 -0.127596 0.351599
v 0.069788 -0.143167 0.354155
v 0.195414 -0.212923 0.475083
v 0.221438 -0.217104 0.555694
v 0.092106 -0.074367 0.521590
v 0.173716 -0.126189 0.516227
v 0.251870 -0.225326 0.554484
v 0.327065 -0.325059 0.556219
v 0.111449 -0.055141 0.487451
v 0.109117 -0.186447 0.111870
v 0.354711 -0.350873 0.411524
v 0.109255 0.037842 0.109163
v -0.006410 0.046398 0.478911
v 0.067242 0.036566 0.505911
v 0.098592 0.092664 0.524587
v 0.140936 -0.011610 0.514778
v 0.133364 -0.007390 0.366173
v 0.089872 0.016251 0.503059
v 0.190950 0.015124 0.342496
v 0.106729 0.029588 0.513340
v 0.212581 0.068576 0.489518
v 0.127961 0.057698 0.481769
v 0.222923 0.110366 0.244308
v 0.229209 0.109373 0.400884
v 0.313219 0.098917 0.294136
v 0.216845 0.085840 0.438079
v 0.319174 0.166445 0.513649
v 0.262204 0.092388 0.392104
v 0.197070 0.133876 0.561098
v 0.305073 0.232136 0.500192
v 0.180227 0.186880 0.459998
v 0.081557 0.112907 0.483469
v 0.250104 0.062930 0.521349
v 0.386193 0.227918 0.385609
v 0.219627 -0.009751 0.118162
v 0.179449 -0.069669 0.095388
v 0.168567 0.164603 0.148400
v 0.147226 0.080867 0.110340
v 0.261948 0.181126 0.126941
v 0.184175 0.152799 0.190934
v 0.287116 0.252276 0.222952
v 0.284672 0.144675 0.117583
v 0.331776 0.053978 0.104648
v 0.308309 0.103049 0.119700
v 0.345895 0.199134 0.148323
v 0.280355 0.066483 0.190846
v 0.246492 -0.066746 0.434342
v 0.193050 -0.033873 0.342549
v 0.352482 0.095043 0.525173
v 0.397261 0.122016 0.351942
v 0.443256 0.133639 0.429440
v 0.459118 0.275450 0.487229
v 0.350860 0.253897 0.582160
v 0.391242 0.305010 0.573091
v 0.396399 0.342161 0.472418
v 0.415199 0.274289 0.559741
v 0.501211 0.393279 0.516691
v 0.484398 0.430126 0.449348
v 0.293358 0.255678 0.144597
v 0.386497 0.282702 0.197531
v 0.451866 0.260625 0.245966
v 0.535791 0.363041 0.320692
v 0.480734 0.304518 0.362203
v 0.418380 0.329383 0.252669
v 0.472327 0.355255 0.323186
v 0.506460 0.422335 0.358488
v 0.397581 0.368775 0.278289
v 0.581442 0.492297 0.449757
v 0.603883 0.453647 0.467183
v 0.321939 -0.063813 0.080011
v 0.303889 -0.145406 0.100403
v 0.396515 0.096668 0.168417
v 0.466340 0.074132 0.120590
v 0.403571 -0.009539 0.092444
v 0.452757 -0.088109 0.102076
v 0.514960 0.003701 0.110159
v 0.371638 -0.127276 0.204239
v 0.244082 -0.077175 0.173556
v 0.249904 -0.112693 0.368338
v 0.394590 -0.165585 0.373903
v 0.509705 -0.142248 0.191204
v 0.552361 -0.156026 0.331697
v 0.476325 -0.121460 0.468775
v 0.385171 -0.096649 0.384272
v 0.355102 -0.004032 0.480295
v 0.282626 -0.088407 0.513635
v 0.412990 -0.124319 0.518069
v 0.444450 0.094281 0.243718
v 0.453322 0.098111 0.522481
v 0.393361 0.064650 0.408353
v 0.535510 0.115400 0.228687
v 0.505224 0.070613 0.401340
v 0.508238 -0.067483 0.453313
v 0.529485 0.004359 0.488699
v 0.265966 0.043704 0.358454
v 0.557735 -0.132405 0.477957
v 0.572731 -0.066916 0.127907
v 0.589925 -0.001723 0.085227
v 0.655148 -0.073373 0.074939
v 0.591382 0.076863 0.119513
v 0.736050 0.046731 0.110506
v 0.756571 -0.090033 0.137360
v 0.635592 -0.105350 0.191144
v 0.526650 0.032410 0.217995
v 0.517904 -0.037579 0.207392
v 0.622068 -0.022499 0.190370
v 0.684833 0.004762 0.164955
v 0.723443 -0.057267 0.257359
v 0.557651 -0.073721 0.285287
v 0.657634 -0.141521 0.315218
v 0.770939 -0.036723 0.095199
v 0.845315 -0.007473 0.188466
v 0.801784 0.046152 0.298306
v 0.899722 0.010835 0.158682
v 0.781754 -0.080820 0.191071
v 0.754946 -0.096284 0.340439
v 0.851165 -0.055234 0.269874
v 0.978628 -0.008777 0.196975
v 0.770180 0.066936 0.156448
v 0.878883 0.043423 0.205920
v 0.881768 0.025894 0.259757
v 0.694452 0.119343 0.322409
v 0.570191 0.117594 0.275955
v 0.699296 0.084614 0.406677
v 0.568580 0.064805 0.329100
v 0.591305 -0.004000 0.280887
v 0.631402 0.019922 0.383908
v 0.624280 -0.026728 0.404058
v 0.673504 -0.118616 0.416952
v 0.542272 -0.100572 0.357013
v 0.583417 0.109486 0.482425
v 0.058052 -0.019857 0.520746
v 0.027896 -0.130738 0.088488
v -0.448229 -0.374156 0.504506
v -0.390828 -0.284879 0.402738
v -0.393105 -0.353285 0.317478
v -0.574428 -0.417446 0.448311
v -0.417276 -0.331949 0.158691
v -0.304893 -0.240093 0.210838
v -0.222039 -0.222823 0.334597
v -0.322103 -0.330216 0.446382
v -0.172921 -0.112513 0.134685
v -0.305689 -0.227089 0.379181
v -0.182499 -0.104414 0.357172
v -0.236205 -0.226427 0.523472
v -0.341270 -0.305309 0.522735
v -0.113734 -0.142988 0.441191
v -0.136173 -0.098475 0.519174
v -0.162966 -0.247075 0.137324
v -0.111046 -0.199374 0.167002
v -0.071776 -0.133804 0.077206
v -0.134525 -0.143070 0.332588
v -0.113883 -0.053444 0.074243
v -0.093644 -0.070762 0.093033
v -0.119238 -0.107529 0.167307
v -0.079185 -0.181045 0.500203
v -0.210863 -0.364753 0.080983
v -0.179390 -0.367257 0.163632
v -0.126123 -0.310226 0.090044
v -0.139123 -0.219711 0.401761
v -0.151627 -0.255448 0.253334
v -0.249350 -0.413970 0.303103
v -0.147696 -0.441704 0.065701
v -0.065019 -0.260097 0.105820
v -0.036904 -0.320109 0.140192
v -0.082760 -0.434739 0.103649
v -0.003901 -0.398220 0.122381
v -0.034698 -0.427834 0.186471
v -0.032484 -0.508067 0.177971
v 0.057603 -0.202181 0.199829
v 0.028645 -0.194148 0.254924
v -0.002406 -0.237244 0.192311
v 0.033451 -0.307248 0.172341
v -0.149135 -0.332615 0.483858
v -0.118993 -0.370288 0.441788
v -0.143449 -0.445278 0.470252
v -0.054897 -0.234368 0.471313
v -0.019238 -0.333161 0.387269
v -0.049403 -0.455041 0.336251
v -0.040584 -0.287153 0.360745
v -0.010344 -0.201844 0.354641
v 0.027861 -0.350508 0.347789
v 0.044831 -0.295170 0.264690
v -0.006297 -0.183677 0.431230
v 0.036256 -0.314600 0.506771
v 0.103369 -0.488458 0.509535
v 0.031729 -0.159308 0.523367
v -0.240338 -0.619128 -0.008927
v -0.258970 -0.463483 0.127503
v -0.208896 -0.516536 0.040778
v -0.095786 -0.529028 0.082733
v -0.273190 -0.624820 0.115902
v -0.300438 -0.769889 0.213144
v -0.288566 -0.612109 0.325882
v -0.266441 -0.484731 0.240100
v -0.195074 -0.541538 0.413129
v -0.214577 -0.500349 0.451994
v -0.247293 -0.653622 0.368654
v -0.186623 -0.566224 0.435460
v -0.287302 -0.790215 0.010381
v -0.160397 -0.666556 0.018734
v -0.302661 -0.970525 0.084243
v -0.217591 -0.892791 0.086861
v -0.300622 -0.854466 0.138171
v -0.263716 -0.845676 0.172376
v -0.095020 -0.756116 0.049474
v -0.117548 -0.730817 0.116449
v -0.165821 -0.750739 0.154423
v -0.275660 -0.719182 0.310632
v -0.235113 -0.721160 0.316436
v -0.041315 -0.613654 0.082738
v -0.098623 -0.634961 0.195665
v -0.077929 -0.662154 0.107735
v -0.163364 -0.664521 0.293664
v -0.089879 -0.555898 0.290105
v 0.169089 -0.246143 0.099685
v 0.156255 -0.346302 0.101501
v 0.149166 -0.416094 0.185545
v 0.235766 -0.380509 0.142029
v 0.134379 -0.462949 0.271161
v 0.373825 -0.368061 0.311948
v 0.308009 -0.357153 0.219965
v 0.052644 -0.190891 0.413555
v 0.054754 -0.257884 0.539444
v 0.090959 -0.369881 0.550847
v 0.098173 -0.190828 0.484103
v 0.101879 -0.353610 0.513029
v 0.163668 -0.387183 0.577674
v 0.166392 -0.257622 0.544501
v 0.236789 -0.405146 0.581571
v 0.282487 -0.413307 0.531293
v 0.107760 -0.504081 0.330554
v 0.141564 -0.476626 0.549968
v 0.172836 -0.501008 0.503251
v 0.221795 -0.518813 0.543953
v 0.221709 -0.474057 0.145843
v 0.173977 -0.539375 0.261046
v 0.320294 -0.354783 0.556956
v 0.285983 -0.363603 0.467342
v 0.343630 -0.415946 0.180458
v 0.314976 -0.398442 0.458375
v 0.318458 -0.655539 0.340879
v 0.471407 -0.814198 0.327975
v 0.440162 -0.722662 0.255792
v 0.417144 -0.793237 0.345201
v 0.451750 -0.745510 0.218851
v 0.484040 -0.835913 0.281709
v 0.517276 -0.837123 0.300474
v 0.532088 -0.799361 0.282234
v 0.481104 -0.690831 0.377490
v 0.384059 -0.624916 0.132966
v 0.404832 -0.716662 0.158760
v 0.300284 -0.652885 0.221557
v 0.392712 -0.625249 0.183346
v 0.508328 -0.722246 0.258323
v 0.287733 -0.535857 0.144973
v 0.357578 -0.590950 0.228265
v 0.307341 -0.727003 0.395143
v 0.206004 -0.610586 0.323650
v 0.307136 -0.694390 0.438089
v 0.214150 -0.597317 0.513465
v 0.192018 -0.627680 0.451759
v 0.238647 -0.580063 0.419940
v 0.312953 -0.595449 0.460136
v 0.338338 -0.580312 0.402922
v 0.272045 -0.524568 0.271079
v 0.476160 -0.649471 0.216857
v 0.399535 -0.536168 0.186144
v 0.436713 -0.551377 0.284679
v 0.293558 -0.448650 0.167483
v 0.401119 -0.457990 0.306168
v 0.339006 -0.507094 0.312651
v 0.342665 -0.510335 0.283267
v 0.447031 -0.624655 0.425253
v 0.469616 -0.587485 0.393120
v 0.428278 -0.528476 0.500813
v 0.418332 -0.448814 0.458051
v 0.347110 -0.486305 0.382069
v 0.302667 -0.562888 0.521017
v 0.397448 -0.456270 0.538179
v -0.097012 -0.015947 0.449524
v 0.018491 0.128172 0.507070
v -0.119214 0.219866 0.513777
vt 0.508978 0.926201
vt 0.513382 0.948930
vt 0.479937 0.957547
vt 0.454984 0.953512
vt 0.467190 0.921617
vt 0.188377 0.573799
vt 0.141172 0.588217
vt 0.156511 0.548783
vt 0.478207 0.858311
vt 0.465888 0.824783
vt 0.497623 0.815444
vt 0.164302 0.443679
vt 0.207633 0.439279
vt 0.197102 0.464117
vt 0.421984 0.925090
vt 0.442752 0.926127
vt 0.431673 0.937648
vt 0.114630 0.537688
vt 0.130421 0.553563
vt 0.105450 0.568308
vt 0.083826 0.562898
vt 0.103345 0.517830
vt 0.077883 0.528187
vt 0.124119 0.579854
vt 0.079880 0.600867
vt 0.094846 0.607445
vt 0.132444 0.610526
vt 0.526253 0.849126
vt 0.529866 0.817814
vt 0.063583 0.855872
vt 0.043837 0.836809
vt 0.067816 0.819396
vt 0.130844 0.487170
vt 0.131856 0.516181
vt 0.053577 0.578870
vt 0.028963 0.867417
vt 0.039337 0.887158
vt 0.013177 0.883807
vt 0.159958 0.517938
vt 0.075767 0.883690
vt 0.032996 0.545779
vt 0.017524 0.517551
vt 0.046783 0.527138
vt 0.099142 0.883200
vt 0.107716 0.856800
vt 0.059329 0.491390
vt 0.076607 0.455013
vt 0.093803 0.487765
vt 0.026243 0.486155
vt 0.007579 0.485143
vt 0.128305 0.881143
vt 0.106120 0.823801
vt 0.118218 0.465803
vt 0.132484 0.447952
vt 0.109855 0.440965
vt 0.149814 0.491492
vt 0.134856 0.408960
vt 0.074629 0.397053
vt 0.044769 0.434270
vt 0.014977 0.452746
vt 0.139376 0.839110
vt 0.623561 0.955866
vt 0.613655 0.918429
vt 0.649606 0.927639
vt 0.658664 0.941651
vt 0.635028 0.953605
vt 0.580665 0.938338
vt 0.153624 0.878257
vt 0.003762 0.451671
vt 0.010649 0.416597
vt 0.680010 0.941062
vt 0.086932 0.792862
vt 0.195740 0.837874
vt 0.192441 0.858337
vt 0.576105 0.898375
vt 0.557548 0.901570
vt 0.183810 0.876244
vt 0.210823 0.874281
vt 0.039528 0.374917
vt 0.163998 0.407559
vt 0.606173 0.961150
vt 0.588873 0.336002
vt 0.568991 0.348605
vt 0.555121 0.329665
vt 0.491264 0.477421
vt 0.516813 0.459258
vt 0.531010 0.482967
vt 0.489719 0.456440
vt 0.455477 0.457686
vt 0.469291 0.435746
vt 0.490496 0.432807
vt 0.513943 0.425640
vt 0.445552 0.413675
vt 0.475753 0.401927
vt 0.432142 0.432812
vt 0.506576 0.514332
vt 0.448566 0.492906
vt 0.534553 0.396162
vt 0.564011 0.433505
vt 0.750807 0.854757
vt 0.705624 0.845785
vt 0.722863 0.824073
vt 0.546809 0.456459
vt 0.572526 0.485338
vt 0.576544 0.460249
vt 0.592815 0.487563
vt 0.598441 0.466889
vt 0.421242 0.876393
vt 0.402614 0.885426
vt 0.398225 0.859223
vt 0.434772 0.892479
vt 0.423414 0.914903
vt 0.590364 0.439078
vt 0.444829 0.912735
vt 0.455362 0.905674
vt 0.559004 0.510238
vt 0.698296 0.871305
vt 0.732575 0.878885
vt 0.757280 0.821671
vt 0.361877 0.870836
vt 0.385884 0.920780
vt 0.557254 0.357223
vt 0.576094 0.389534
vt 0.533993 0.354113
vt 0.498200 0.374090
vt 0.352011 0.927652
vt 0.327668 0.886302
vt 0.442542 0.363810
vt 0.621632 0.343716
vt 0.648758 0.345566
vt 0.620986 0.369355
vt 0.488993 0.327101
vt 0.465361 0.362317
vt 0.510366 0.310846
vt 0.532096 0.330248
vt 0.375495 0.837130
vt 0.386177 0.851459
vt 0.727493 0.811603
vt 0.734620 0.796099
vt 0.581189 0.370834
vt 0.190801 0.404674
vt 0.202639 0.043383
vt 0.179511 0.055970
vt 0.181431 0.020275
vt 0.189559 0.379457
vt 0.396238 0.415856
vt 0.405875 0.465315
vt 0.363140 0.415142
vt 0.388930 0.395460
vt 0.373130 0.454007
vt 0.359392 0.395168
vt 0.401836 0.346279
vt 0.101283 0.367807
vt 0.132912 0.363880
vt 0.440191 0.321871
vt 0.375583 0.372273
vt 0.035949 0.339514
vt 0.025590 0.354443
vt 0.022339 0.325638
vt 0.269686 0.831569
vt 0.240740 0.821297
vt 0.264276 0.813032
vt 0.016484 0.366757
vt 0.015893 0.382771
vt 0.267181 0.939203
vt 0.292112 0.891619
vt 0.302150 0.935081
vt 0.243239 0.933953
vt 0.686177 0.335505
vt 0.657469 0.366777
vt 0.249374 0.886127
vt 0.613654 0.418546
vt 0.632277 0.408884
vt 0.624505 0.442336
vt 0.211165 0.901060
vt 0.212518 0.880016
vt 0.607999 0.483899
vt 0.605786 0.465660
vt 0.430453 0.261443
vt 0.451256 0.279979
vt 0.432072 0.283650
vt 0.477809 0.297879
vt 0.230135 0.869154
vt 0.409507 0.331490
vt 0.418270 0.311782
vt 0.057444 0.356195
vt 0.087711 0.359508
vt 0.162376 0.030623
vt 0.210320 0.051983
vt 0.210309 0.061370
vt 0.202183 0.948703
vt 0.203353 0.934448
vt 0.146807 0.074346
vt 0.134656 0.062264
vt 0.878930 0.254702
vt 0.887115 0.260339
vt 0.874365 0.268159
vt 0.367530 0.511770
vt 0.358269 0.455420
vt 0.255186 0.212999
vt 0.237561 0.241658
vt 0.208846 0.174882
vt 0.226324 0.132623
vt 0.226917 0.160414
vt 0.209152 0.135507
vt 0.401474 0.536559
vt 0.455999 0.555207
vt 0.486913 0.538072
vt 0.419943 0.561944
vt 0.534265 0.548335
vt 0.776898 0.876830
vt 0.799873 0.834841
vt 0.492288 0.582538
vt 0.774938 0.828127
vt 0.813797 0.874766
vt 0.422727 0.614001
vt 0.424827 0.596057
vt 0.479851 0.599225
vt 0.875314 0.838641
vt 0.862717 0.862665
vt 0.838033 0.819366
vt 0.888828 0.798651
vt 0.884505 0.854553
vt 0.404550 0.623359
vt 0.383514 0.600690
vt 0.393753 0.573056
vt 0.277522 0.257317
vt 0.300346 0.282895
vt 0.264103 0.273027
vt 0.392243 0.628458
vt 0.371323 0.634353
vt 0.382357 0.535109
vt 0.188188 0.607878
vt 0.406818 0.932503
vt 0.543758 0.905322
vt 0.548036 0.836418
vt 0.508744 0.787475
vt 0.528974 0.788676
vt 0.462569 0.961208
vt 0.550084 0.789849
vt 0.558261 0.855272
vt 0.559164 0.541446
vt 0.607544 0.389007
vt 0.906860 0.791976
vt 0.912720 0.811951
vt 0.186048 0.068978
vt 0.109331 0.019681
vt 0.091905 0.004247
vt 0.101917 0.009045
vt 0.341759 0.437314
vt 0.194506 0.112996
vt 0.158315 0.081363
vt 0.375755 0.644768
vt 0.487431 0.062243
vt 0.480894 0.036181
vt 0.514728 0.056211
vt 0.498984 0.009412
vt 0.522800 0.006606
vt 0.516875 0.018834
vt 0.562153 0.019828
vt 0.578816 0.041469
vt 0.554788 0.003761
vt 0.843951 0.572965
vt 0.841834 0.529971
vt 0.846882 0.554697
vt 0.575193 0.006124
vt 0.858828 0.531370
vt 0.822364 0.574736
vt 0.817696 0.542678
vt 0.807909 0.522148
vt 0.784914 0.429458
vt 0.781379 0.453482
vt 0.755790 0.413107
vt 0.804144 0.504123
vt 0.833318 0.489483
vt 0.807202 0.481937
vt 0.089932 0.974580
vt 0.034256 0.978158
vt 0.081960 0.955624
vt 0.829007 0.451347
vt 0.602972 0.005791
vt 0.192095 0.225826
vt 0.218761 0.275374
vt 0.187283 0.270891
vt 0.154114 0.208268
vt 0.188780 0.184531
vt 0.167287 0.244457
vt 0.812372 0.023048
vt 0.830707 0.030199
vt 0.805470 0.051966
vt 0.877524 0.772711
vt 0.858225 0.781737
vt 0.863301 0.730584
vt 0.780579 0.026098
vt 0.055758 0.272456
vt 0.095912 0.267305
vt 0.072503 0.284171
vt 0.077068 0.305824
vt 0.084132 0.240259
vt 0.041813 0.303086
vt 0.043035 0.309324
vt 0.824644 0.803338
vt 0.827019 0.812425
vt 0.820059 0.806342
vt 0.031018 0.298307
vt 0.771355 0.004244
vt 0.777809 0.006213
vt 0.023036 0.276029
vt 0.037093 0.254999
vt 0.073586 0.321997
vt 0.057473 0.318725
vt 0.834077 0.738136
vt 0.120342 0.335898
vt 0.831742 0.769603
vt 0.828157 0.788530
vt 0.126718 0.298293
vt 0.117613 0.241672
vt 0.789703 0.046545
vt 0.799423 0.085686
vt 0.014104 0.240532
vt 0.003750 0.201887
vt 0.037457 0.207483
vt 0.059967 0.225384
vt 0.094885 0.217594
vt 0.131825 0.259352
vt 0.897376 0.727494
vt 0.895876 0.755429
vt 0.101506 0.183384
vt 0.127613 0.182514
vt 0.855051 0.036821
vt 0.876858 0.059064
vt 0.848466 0.050903
vt 0.921271 0.745294
vt 0.882631 0.038887
vt 0.302672 0.438160
vt 0.329344 0.441109
vt 0.314335 0.453066
vt 0.304729 0.401402
vt 0.162939 0.317396
vt 0.839011 0.694372
vt 0.843261 0.682695
vt 0.276417 0.416389
vt 0.285317 0.375775
vt 0.833725 0.712357
vt 0.145206 0.342232
vt 0.169513 0.344004
vt 0.883904 0.703122
vt 0.164369 0.174901
vt 0.328511 0.398609
vt 0.213117 0.304789
vt 0.246270 0.297384
vt 0.257647 0.316339
vt 0.216057 0.334154
vt 0.879126 0.604759
vt 0.905408 0.615028
vt 0.883484 0.656806
vt 0.275142 0.310062
vt 0.855237 0.615468
vt 0.859094 0.596161
vt 0.911145 0.555808
vt 0.922476 0.578281
vt 0.171480 0.366620
vt 0.214908 0.353101
vt 0.215656 0.376351
vt 0.183893 0.344242
vt 0.847016 0.647865
vt 0.255736 0.390412
vt 0.250983 0.354088
vt 0.301827 0.331801
vt 0.315299 0.351165
vt 0.707334 0.353338
vt 0.719762 0.330892
vt 0.726935 0.356111
vt 0.162803 0.120795
vt 0.172651 0.100540
vt 0.169289 0.151873
vt 0.761709 0.314588
vt 0.764834 0.351636
vt 0.884230 0.233330
vt 0.925378 0.215658
vt 0.908611 0.235325
vt 0.905622 0.197060
vt 0.362253 0.304799
vt 0.370864 0.288215
vt 0.379979 0.285557
vt 0.811833 0.224302
vt 0.828745 0.201940
vt 0.835117 0.222144
vt 0.066541 0.190976
vt 0.060235 0.152572
vt 0.031739 0.171580
vt 0.130325 0.143932
vt 0.094264 0.124100
vt 0.070942 0.120394
vt 0.328204 0.365190
vt 0.339808 0.337870
vt 0.825374 0.139680
vt 0.861433 0.128435
vt 0.879175 0.160699
vt 0.003967 0.162289
vt 0.039556 0.119799
vt 0.836573 0.180097
vt 0.871231 0.181457
vt 0.009147 0.131101
vt 0.018499 0.090591
vt 0.063015 0.086470
vt 0.328007 0.317805
vt 0.096568 0.074186
vt 0.137700 0.082908
vt 0.805962 0.248337
vt 0.814993 0.270575
vt 0.803704 0.274206
vt 0.035135 0.071675
vt 0.051784 0.052349
vt 0.035292 0.030368
vt 0.856655 0.219426
vt 0.023808 0.050733
vt 0.994030 0.914010
vt 0.961323 0.919217
vt 0.992991 0.879802
vt 0.842670 0.249928
vt 0.820800 0.294389
vt 0.818810 0.313917
vt 0.855161 0.297760
vt 0.779187 0.279228
vt 0.745443 0.304672
vt 0.009955 0.019817
vt 0.762422 0.383790
vt 0.787746 0.345538
vt 0.823009 0.366006
vt 0.835495 0.338623
vt 0.830904 0.419768
vt 0.808715 0.405206
vt 0.861768 0.391313
vt 0.796532 0.372911
vt 0.879999 0.372339
vt 0.875810 0.334818
vt 0.876205 0.282832
vt 0.903080 0.319648
vt 0.995059 0.794491
vt 0.990431 0.844551
vt 0.956679 0.822207
vt 0.182845 0.956522
vt 0.135338 0.969660
vt 0.158334 0.938823
vt 0.134386 0.919441
vt 0.125612 0.948277
vt 0.143829 0.908162
vt 0.934238 0.794477
vt 0.977583 0.760297
vt 0.193023 0.981592
vt 0.143187 0.969383
vt 0.074537 0.994662
vt 0.035596 0.992962
vt 0.955059 0.866465
vt 0.911637 0.355688
vt 0.921873 0.783443
vt 0.940257 0.752344
vt 0.897344 0.419005
vt 0.864338 0.411518
vt 0.926340 0.416502
vt 0.974551 0.721870
vt 0.991053 0.744186
vt 0.916792 0.372618
vt 0.933510 0.410708
vt 0.993183 0.761066
vt 0.984119 0.713354
vt 0.992703 0.705766
vt 0.706810 0.036671
vt 0.678907 0.016492
vt 0.720621 0.022406
vt 0.907603 0.434565
vt 0.926755 0.441151
vt 0.934749 0.436741
vt 0.896913 0.476350
vt 0.872668 0.478959
vt 0.861256 0.457076
vt 0.859793 0.432855
vt 0.877820 0.498147
vt 0.673213 0.066149
vt 0.639607 0.079236
vt 0.662374 0.036960
vt 0.620416 0.049457
vt 0.107015 0.929032
vt 0.125543 0.900135
vt 0.643718 0.010053
vt 0.706996 0.342228
vt 0.991667 0.936253
vt 0.963594 0.950818
vt 0.004196 0.987913
vt 0.841232 0.607255
vt 0.808387 0.113351
vt 0.843697 0.085462
vt 0.942834 0.909952
vt 0.939280 0.946555
vt 0.946918 0.900460
vt 0.229540 0.971912
vt 0.209559 0.965599
vt 0.159631 0.004211
vt 0.104646 0.062159
vt 0.095931 0.051966
vt 0.113672 0.052503
vt 0.120196 0.042210
vt 0.114888 0.032654
vt 0.435453 0.807750
vt 0.411954 0.812342
vt 0.433364 0.793755
vt 0.133515 0.016827
vt 0.435058 0.775943
vt 0.428455 0.762170
vt 0.456026 0.079711
vt 0.446652 0.048713
vt 0.477721 0.063785
vt 0.420111 0.048047
vt 0.425422 0.027998
vt 0.417307 0.082488
vt 0.440309 0.104893
vt 0.414090 0.119629
vt 0.470005 0.124761
vt 0.500442 0.087009
vt 0.519773 0.096068
vt 0.484761 0.137890
vt 0.419000 0.751805
vt 0.410949 0.756820
vt 0.805081 0.753913
vt 0.754415 0.763842
vt 0.806321 0.731751
vt 0.732550 0.750815
vt 0.772247 0.714356
vt 0.748399 0.725684
vt 0.535840 0.118372
vt 0.725290 0.750463
vt 0.528840 0.153363
vt 0.512741 0.184775
vt 0.547762 0.094292
vt 0.559198 0.100620
vt 0.390445 0.055232
vt 0.473458 0.174397
vt 0.127295 0.041552
vt 0.087319 0.032991
vt 0.071092 0.047536
vt 0.052022 0.038149
vt 0.684941 0.905184
vt 0.693209 0.944715
vt 0.670027 0.913157
vt 0.943163 0.643572
vt 0.991942 0.660124
vt 0.953894 0.659333
vt 0.747114 0.003806
vt 0.751508 0.011324
vt 0.742401 0.039994
vt 0.740590 0.016484
vt 0.339667 0.667098
vt 0.335562 0.624321
vt 0.363875 0.656559
vt 0.340850 0.610912
vt 0.299080 0.601951
vt 0.359122 0.587191
vt 0.344573 0.628684
vt 0.726369 0.045100
vt 0.325022 0.574857
vt 0.083624 0.741711
vt 0.126794 0.734164
vt 0.105881 0.764612
vt 0.062868 0.762152
vt 0.068705 0.774113
vt 0.353478 0.566007
vt 0.370822 0.573670
vt 0.755916 0.051589
vt 0.281841 0.641852
vt 0.579221 0.148714
vt 0.559210 0.165629
vt 0.550342 0.129183
vt 0.538876 0.151531
vt 0.344665 0.747906
vt 0.360132 0.735684
vt 0.371250 0.747928
vt 0.321420 0.732118
vt 0.332869 0.763932
vt 0.742305 0.433384
vt 0.711194 0.413031
vt 0.716830 0.393371
vt 0.591667 0.114409
vt 0.620956 0.142541
vt 0.342860 0.704785
vt 0.333372 0.711789
vt 0.306500 0.708141
vt 0.356917 0.686171
vt 0.568725 0.114547
vt 0.723553 0.919607
vt 0.711536 0.948566
vt 0.879640 0.130240
vt 0.868316 0.123774
vt 0.880915 0.118219
vt 0.758435 0.075917
vt 0.716579 0.103534
vt 0.714797 0.062631
vt 0.742277 0.106760
vt 0.077526 0.060622
vt 0.065017 0.058858
vt 0.460310 0.277888
vt 0.475723 0.265234
vt 0.478871 0.280633
vt 0.051941 0.025202
vt 0.554495 0.114604
vt 0.625812 0.122417
vt 0.139856 0.746549
vt 0.153970 0.732970
vt 0.253866 0.618187
vt 0.121618 0.707749
vt 0.135439 0.698966
vt 0.163156 0.708139
vt 0.257303 0.595165
vt 0.274180 0.583681
vt 0.135950 0.689315
vt 0.158416 0.672685
vt 0.180752 0.678511
vt 0.222832 0.609013
vt 0.293371 0.760349
vt 0.295789 0.738516
vt 0.274112 0.712678
vt 0.267583 0.687200
vt 0.228536 0.668520
vt 0.250890 0.654528
vt 0.248522 0.707022
vt 0.229378 0.689261
vt 0.207600 0.677321
vt 0.229964 0.715611
vt 0.202616 0.720668
vt 0.184289 0.646342
vt 0.196049 0.632396
vt 0.179168 0.730473
vt 0.599020 0.174921
vt 0.584661 0.191038
vt 0.664475 0.130194
vt 0.664367 0.158001
vt 0.626127 0.171052
vt 0.622115 0.202506
vt 0.652078 0.191769
vt 0.582158 0.224251
vt 0.554481 0.197438
vt 0.517096 0.207862
vt 0.529715 0.248506
vt 0.567229 0.272648
vt 0.535252 0.177066
vt 0.618107 0.240977
vt 0.610434 0.284399
vt 0.785172 0.897463
vt 0.763368 0.928618
vt 0.926194 0.091789
vt 0.941426 0.125694
vt 0.516936 0.291261
vt 0.496802 0.258734
vt 0.722864 0.893164
vt 0.550528 0.311342
vt 0.765807 0.887799
vt 0.689758 0.084974
vt 0.652189 0.106959
vt 0.691462 0.127550
vt 0.990730 0.567045
vt 0.987834 0.607591
vt 0.956055 0.580174
vt 0.704103 0.152844
vt 0.930760 0.154025
vt 0.954772 0.169976
vt 0.508954 0.236622
vt 0.769185 0.099337
vt 0.965236 0.087811
vt 0.986511 0.097610
vt 0.896248 0.145245
vt 0.590604 0.321863
vt 0.647060 0.230532
vt 0.671078 0.205945
vt 0.668586 0.233925
vt 0.689749 0.185233
vt 0.710044 0.221926
vt 0.685222 0.260738
vt 0.648855 0.261693
vt 0.916289 0.499036
vt 0.902471 0.484219
vt 0.924815 0.470598
vt 0.938520 0.458518
vt 0.871543 0.934748
vt 0.874619 0.900722
vt 0.897808 0.922590
vt 0.851978 0.949463
vt 0.836374 0.930616
vt 0.638497 0.296225
vt 0.697979 0.243767
vt 0.967254 0.431896
vt 0.985048 0.459649
vt 0.734131 0.262549
vt 0.685840 0.279605
vt 0.864929 0.879163
vt 0.899592 0.873883
vt 0.664353 0.316409
vt 0.702113 0.304208
vt 0.916526 0.896664
vt 0.935136 0.872403
vt 0.745516 0.288923
vt 0.727144 0.220944
vt 0.749228 0.246585
vt 0.766119 0.243383
vt 0.752595 0.279439
vt 0.753164 0.179782
vt 0.721342 0.155168
vt 0.989516 0.500918
vt 0.776542 0.170829
vt 0.771997 0.208850
vt 0.958285 0.231658
vt 0.960943 0.201111
vt 0.972257 0.217878
vt 0.949063 0.517910
vt 0.986435 0.191532
vt 0.960256 0.011862
vt 0.980907 0.028743
vt 0.957510 0.036131
vt 0.986696 0.061843
vt 0.994566 0.052956
vt 0.983507 0.152897
vt 0.996019 0.179599
vt 0.630572 0.326223
vt 0.815526 0.919056
vt 0.830726 0.881602
vt 0.790479 0.887459
vt 0.775185 0.137749
vt 0.989321 0.431243
vt 0.400892 0.014220
vt 0.085674 0.062702
vt 0.396913 0.025531
vt 0.819104 0.739159
vt 0.568569 0.092920
vt 0.565788 0.084996
vt 0.992715 0.533032
vt 0.953984 0.555008
vt 0.986359 0.400468
vt 0.969954 0.244392
vt 0.488178 0.776358
vt 0.444888 0.773385
vt 0.473829 0.744393
vt 0.224311 0.538074
vt 0.255541 0.582052
vt 0.213028 0.605254
vt 0.190649 0.510366
vt 0.226596 0.485737
vt 0.266350 0.491176
vt 0.262640 0.545360
vt 0.230649 0.428052
vt 0.497739 0.906946
vt 0.513781 0.893035
vt 0.529624 0.863047
vt 0.302160 0.530828
vt 0.280734 0.561525
vt 0.438711 0.744190
vt 0.426097 0.706632
vt 0.472364 0.712587
vt 0.315731 0.485501
vt 0.324251 0.514348
vt 0.584546 0.632625
vt 0.560723 0.635876
vt 0.559729 0.595543
vt 0.287429 0.464263
vt 0.217001 0.396795
vt 0.227354 0.398247
vt 0.250617 0.424444
vt 0.536440 0.629085
vt 0.539065 0.597006
vt 0.541272 0.575204
vt 0.491815 0.731962
vt 0.515445 0.713860
vt 0.520237 0.737077
vt 0.623419 0.644800
vt 0.607395 0.663392
vt 0.609899 0.618474
vt 0.543018 0.708650
vt 0.567549 0.669941
vt 0.610802 0.708891
vt 0.648494 0.622162
vt 0.597932 0.594161
vt 0.618108 0.584541
vt 0.651787 0.598460
vt 0.643610 0.577987
vt 0.660442 0.559766
vt 0.681818 0.572094
vt 0.584250 0.535872
vt 0.595699 0.522876
vt 0.610212 0.536471
vt 0.620218 0.558829
vt 0.565691 0.560936
vt 0.564280 0.744951
vt 0.722271 0.461670
vt 0.727271 0.485610
vt 0.669440 0.440494
vt 0.570568 0.766739
vt 0.667975 0.458097
vt 0.670311 0.493458
vt 0.691653 0.523811
vt 0.651742 0.496632
vt 0.629277 0.483134
vt 0.294902 0.077388
vt 0.293602 0.031281
vt 0.322928 0.065163
vt 0.331218 0.035503
vt 0.266841 0.031994
vt 0.249862 0.072727
vt 0.351083 0.043876
vt 0.642505 0.452322
vt 0.250876 0.124449
vt 0.237265 0.033288
vt 0.694011 0.658702
vt 0.644160 0.671947
vt 0.665263 0.645772
vt 0.674825 0.613787
vt 0.685631 0.692135
vt 0.718168 0.729753
vt 0.661125 0.740000
vt 0.637196 0.701905
vt 0.623266 0.770236
vt 0.612974 0.756667
vt 0.665143 0.761244
vt 0.751055 0.514546
vt 0.760021 0.502422
vt 0.780818 0.540601
vt 0.736223 0.676745
vt 0.707461 0.639193
vt 0.789442 0.677407
vt 0.769405 0.651143
vt 0.753723 0.708806
vt 0.791208 0.624455
vt 0.799978 0.639686
vt 0.730362 0.625343
vt 0.737941 0.609388
vt 0.757647 0.603688
vt 0.691456 0.752842
vt 0.798661 0.593332
vt 0.782062 0.563576
vt 0.794308 0.563676
vt 0.699360 0.604070
vt 0.725003 0.578234
vt 0.717308 0.600759
vt 0.753721 0.560219
vt 0.716238 0.547911
vt 0.380129 0.075877
vt 0.371511 0.098491
vt 0.349612 0.114079
vt 0.386911 0.120708
vt 0.319270 0.118753
vt 0.446038 0.167250
vt 0.424335 0.140922
vt 0.393510 0.771534
vt 0.395378 0.805839
vt 0.367579 0.800770
vt 0.134560 0.672218
vt 0.108834 0.684207
vt 0.120531 0.658239
vt 0.088243 0.687990
vt 0.062043 0.679856
vt 0.090592 0.655597
vt 0.042844 0.656607
vt 0.044791 0.635048
vt 0.297322 0.126795
vt 0.233475 0.090846
vt 0.233238 0.128171
vt 0.069452 0.710488
vt 0.045805 0.716637
vt 0.304934 0.797751
vt 0.292831 0.786456
vt 0.329543 0.785290
vt 0.345302 0.791468
vt 0.359715 0.140815
vt 0.320635 0.144226
vt 0.105516 0.635799
vt 0.697233 0.777382
vt 0.711227 0.799123
vt 0.062782 0.622566
vt 0.405017 0.154345
vt 0.698505 0.807316
vt 0.215054 0.790185
vt 0.161102 0.824860
vt 0.168580 0.795229
vt 0.186632 0.821644
vt 0.352821 0.236870
vt 0.340634 0.264345
vt 0.309930 0.250600
vt 0.323566 0.268366
vt 0.344656 0.274684
vt 0.361243 0.269148
vt 0.571611 0.871499
vt 0.568329 0.861521
vt 0.605217 0.836156
vt 0.601569 0.876326
vt 0.145521 0.824585
vt 0.358211 0.195677
vt 0.348049 0.215957
vt 0.326775 0.189575
vt 0.372735 0.200926
vt 0.377165 0.249043
vt 0.361695 0.165083
vt 0.189294 0.759794
vt 0.283905 0.215289
vt 0.299536 0.167451
vt 0.221189 0.815145
vt 0.270621 0.213610
vt 0.269014 0.802795
vt 0.264108 0.171391
vt 0.242505 0.171739
vt 0.251125 0.781160
vt 0.030411 0.752446
vt 0.053716 0.760636
vt 0.034626 0.773301
vt 0.215773 0.743321
vt 0.385178 0.225399
vt 0.392891 0.188114
vt 0.419085 0.216021
vt 0.050012 0.803302
vt 0.383395 0.149732
vt 0.433672 0.190894
vt 0.027327 0.565753
vt 0.016999 0.550602
vt 0.029381 0.556232
vt 0.679629 0.879887
vt 0.651732 0.877902
vt 0.671889 0.866553
vt 0.034908 0.797324
vt 0.421191 0.256794
vt 0.627776 0.827402
vt 0.437005 0.242778
vt 0.627527 0.813372
vt 0.647801 0.802792
vt 0.471103 0.211012
vt 0.678146 0.836160
vt 0.038930 0.690412
vt 0.028269 0.733117
vt 0.010144 0.588309
vt 0.006014 0.620238
vt 0.006422 0.596621
vt 0.055834 0.600319
vt 0.035529 0.584582
vt 0.676137 0.849364
vt 0.665424 0.789378
vt 0.465928 0.240022
vt 0.491179 0.220986
vt 0.528613 0.679951
vt 0.344761 0.491992
vt 0.235302 0.061333
vt 0.696989 0.770220
vt 0.510792 0.869659
vt 0.496209 0.895498
vt 0.487748 0.885667
vt 0.686980 0.888007
vt 0.325433 0.935265
vt 0.200937 0.019459
vt 0.275177 0.850912
vt 0.248196 0.872662
vt 0.279142 0.864998
vt 0.277297 0.874451
vt 0.078052 0.012470
vt 0.070681 0.014636
vt 0.992203 0.961668
vt 0.984684 0.956296
vt 0.050076 0.004336
vt 0.331419 0.298103
vt 0.302194 0.303848
vt 0.259535 0.240299
vt 0.867088 0.565886
vt 0.871220 0.535885
vt 0.877920 0.539431
vt 0.695991 0.370662
vt 0.476695 0.013599
vt 0.813883 0.609268
vt 0.841661 0.629395
vt 0.825303 0.643045
vt 0.753555 0.432350
vt 0.010989 0.004352
vt 0.816286 0.180789
vt 0.931440 0.566094
vt 0.192789 0.015093
vt 0.795987 0.700806
vt 0.799565 0.713858
vt 0.782145 0.699914
vt 0.156460 0.642155
vt 0.148555 0.654482
vt 0.261123 0.735925
vt 0.174660 0.642034
vt 0.944314 0.619491
vt 0.454914 0.808952
vt 0.548961 0.564261
vt 0.413091 0.671586
vt 0.400349 0.650144
vt 0.408373 0.642756
vt 0.492669 0.746657
vt 0.459438 0.663544
vt 0.441750 0.635642
vt 0.462649 0.637943
vt 0.651434 0.421121
vt 0.235024 0.020618
vt 0.239988 0.011738
vt 0.164465 0.383196
vt 0.522350 0.580617
vt 0.791654 0.480428
vt 0.994929 0.657042
vt 0.955114 0.058620
vt 0.907282 0.851364
vt 0.929109 0.841978
vt 0.215232 0.720522
vt 0.423772 0.644644
vn 0.3359 -0.6725 0.6595
vn -0.2358 0.2500 0.9391
vn -0.4331 -0.5342 0.7260
vn -0.8100 -0.5713 -0.1324
vn -0.6263 -0.0739 0.7760
vn 0.2173 -0.9629 -0.1601
vn 0.1925 -0.9784 -0.0753
vn 0.1452 -0.7435 -0.6528
vn -0.2934 -0.3425 0.8926
vn -0.5744 -0.3520 0.7390
vn -0.3657 0.7917 0.4893
vn -0.1050 0.0402 -0.9937
vn 0.4224 -0.4827 -0.7671
vn 0.4429 -0.6210 -0.6467
vn -0.8851 0.4617 0.0591
vn -0.9695 0.1480 0.1952
vn -0.7142 -0.3748 -0.5912
vn -0.4106 0.0310 -0.9113
vn -0.0906 -0.3972 -0.9132
vn -0.5545 -0.1663 -0.8154
vn -0.8152 0.3946 -0.4240
vn -0.4983 0.6668 -0.5541
vn -0.6105 0.7796 -0.1395
vn -0.1269 -0.7790 -0.6141
vn -0.8904 -0.4129 0.1914
vn -0.3496 -0.5528 0.7565
vn 0.2154 0.0265 0.9762
vn 0.1099 -0.1063 0.9882
vn 0.5158 -0.7968 0.3149
vn -0.3017 0.3066 -0.9028
vn -0.0766 0.0019 -0.9971
vn -0.4596 -0.2556 0.8505
vn 0.2647 0.0235 0.9641
vn 0.0636 -0.3508 -0.9343
vn -0.3063 -0.4431 0.8425
vn -0.3786 -0.4222 0.8236
vn -0.7182 0.6886 0.1001
vn 0.4991 -0.8455 0.1899
vn -0.5618 0.8227 -0.0872
vn -0.4659 0.8805 -0.0870
vn -0.5660 0.7871 -0.2453
vn -0.6295 0.7302 0.2656
vn -0.2990 -0.3903 0.8708
vn -0.2374 -0.9638 0.1217
vn -0.5393 0.7650 -0.3520
vn -0.4155 0.8176 -0.3985
vn -0.3278 0.9406 -0.0883
vn -0.0121 -0.1682 -0.9857
vn -0.3303 0.9431 0.0388
vn -0.3256 0.9444 -0.0459
vn -0.3931 0.9068 0.1526
vn -0.4397 0.6773 0.5898
vn -0.2210 -0.5478 0.8069
vn -0.9192 -0.0544 0.3901
vn 0.0392 -0.4630 0.8855
vn 0.0681 -0.1182 0.9907
vn -0.7692 -0.3994 0.4989
vn 0.2152 -0.3144 0.9246
vn 0.3108 -0.9467 0.0844
vn 0.0641 0.6286 0.7751
vn 0.1208 -0.2463 0.9616
vn -0.2224 0.8860 0.4069
vn -0.1685 0.6843 -0.7095
vn 0.0434 0.8896 0.4547
vn -0.7895 -0.4141 0.4530
vn -0.6238 0.2558 0.7385
vn -0.2500 0.4812 -0.8402
vn -0.6083 -0.0991 -0.7875
vn -0.2978 0.5933 -0.7479
vn -0.5025 -0.1086 -0.8578
vn -0.2504 0.1193 -0.9608
vn -0.5033 -0.4035 -0.7641
vn -0.6537 -0.4668 -0.5956
vn -0.7591 -0.5760 -0.3033
vn -0.4124 -0.7687 -0.4889
vn -0.5039 -0.8410 -0.1971
vn -0.3404 -0.3321 -0.8797
vn 0.2079 0.9253 -0.3173
vn 0.2793 0.8004 -0.5304
vn -0.6781 -0.7349 0.0104
vn -0.7343 -0.6788 0.0069
vn -0.3790 -0.8572 0.3486
vn 0.4304 -0.1875 0.8830
vn 0.2423 -0.1631 0.9564
vn -0.7479 -0.3529 -0.5622
vn -0.5450 0.6400 -0.5417
vn -0.8878 -0.4336 -0.1545
vn -0.6360 0.6256 0.4517
vn -0.2401 0.2156 0.9465
vn 0.5925 0.7385 0.3218
vn 0.4735 -0.2185 0.8533
vn -0.0719 0.0580 0.9957
vn 0.1643 0.9770 -0.1362
vn -0.4224 0.1686 0.8906
vn -0.3258 0.2371 0.9152
vn -0.3529 0.2319 0.9065
vn -0.5622 -0.7877 0.2519
vn -0.5068 -0.8618 0.0232
vn -0.0213 0.5144 0.8573
vn -0.2414 -0.9580 -0.1550
vn 0.2683 0.4320 0.8611
vn -0.3147 0.0713 0.9465
vn -0.2908 -0.9188 0.2671
vn -0.2922 -0.9551 -0.0488
vn 0.1134 0.1342 0.9844
vn -0.1155 0.1248 0.9854
vn 0.3499 0.2065 0.9138
vn -0.6825 -0.3467 0.6434
vn -0.0577 0.0107 -0.9983
vn -0.0051 0.5052 -0.8630
vn 0.0229 0.0329 -0.9992
vn 0.1782 0.1305 -0.9753
vn -0.2223 -0.8323 -0.5078
vn 0.1979 0.4125 -0.8892
vn -0.0652 -0.4804 -0.8746
vn -0.3277 -0.9445 0.0225
vn 0.0994 0.4989 -0.8609
vn -0.6248 0.4328 -0.6498
vn -0.9747 0.0614 -0.2147
vn -0.9444 -0.0746 -0.3201
vn -0.2680 -0.9587 0.0950
vn -0.2828 -0.0658 0.9569
vn 0.1937 -0.1927 0.9619
vn 0.2483 -0.1209 0.9611
vn -0.7979 -0.5137 0.3154
vn 0.5686 -0.4465 0.6909
vn -0.2682 -0.2690 0.9250
vn 0.3186 -0.8972 0.3057
vn 0.0914 0.0150 0.9957
vn 0.2895 0.4139 0.8631
vn 0.4799 0.6369 0.6034
vn 0.2492 -0.1138 0.9617
vn -0.0467 -0.5335 0.8445
vn -0.8231 0.3832 0.4190
vn -0.3374 0.3895 0.8570
vn -0.0829 -0.6037 0.7929
vn -0.9877 -0.0499 0.1481
vn -0.9760 0.0464 0.2125
vn -0.1701 -0.1375 -0.9758
vn 0.4804 -0.0303 0.8765
vn 0.0198 0.0986 -0.9949
vn 0.1127 0.1042 -0.9881
vn 0.1529 0.1922 0.9694
vn 0.1957 0.0395 0.9799
vn -0.1077 -0.1123 0.9878
vn -0.6632 0.5344 -0.5240
vn -0.3130 -0.1253 -0.9415
vn -0.8780 -0.4721 -0.0789
vn -0.5566 -0.4184 -0.7177
vn 0.1863 -0.3202 -0.9288
vn 0.2234 -0.5000 -0.8368
vn 0.4951 0.8428 -0.2114
vn 0.4716 0.8804 -0.0504
vn 0.3081 0.9376 -0.1614
vn 0.5728 0.8194 -0.0223
vn 0.1501 0.9802 0.1291
vn -0.3644 0.0507 0.9299
vn -0.4446 -0.3738 0.8140
vn 0.3422 0.9016 0.2647
vn -0.0019 0.0561 0.9984
vn 0.1086 -0.1999 0.9738
vn 0.6356 0.7227 0.2715
vn -0.6115 -0.7731 0.1685
vn -0.1601 -0.3590 0.9195
vn -0.1764 0.3403 0.9236
vn -0.7051 0.6481 0.2877
vn -0.8430 -0.5241 0.1214
vn -0.1571 -0.1538 0.9755
vn -0.6862 0.6017 -0.4087
vn 0.5267 -0.0607 0.8479
vn 0.1826 0.4520 -0.8731
vn 0.1431 0.3509 0.9254
vn 0.4088 0.8186 0.4035
vn -0.6810 0.2088 0.7019
vn -0.1319 0.0915 0.9870
vn -0.1915 -0.0479 0.9803
vn -0.6454 0.7505 0.1421
vn -0.7325 0.6494 0.2042
vn -0.0828 0.3507 0.9328
vn -0.0386 0.0092 0.9992
vn 0.8405 -0.4582 0.2892
vn -0.0503 0.1696 0.9842
vn 0.1899 0.3720 0.9086
vn 0.3884 -0.4458 0.8065
vn 0.4702 -0.0464 0.8813
vn 0.7038 0.5866 0.4008
vn 0.6751 -0.4327 -0.5975
vn 0.6582 0.2003 -0.7257
vn 0.3855 -0.2141 -0.8975
vn 0.5909 0.7338 0.3352
vn 0.9073 -0.4146 -0.0706
vn 0.9767 -0.1201 -0.1778
vn 0.4070 -0.3240 0.8541
vn 0.8670 -0.4167 -0.2734
vn -0.8559 -0.4383 -0.2744
vn -0.8718 -0.4855 -0.0649
vn -0.9348 -0.3398 -0.1032
vn -0.3156 -0.1909 -0.9295
vn -0.2969 -0.3625 -0.8834
vn -0.8993 -0.3108 -0.3077
vn 0.0603 -0.1685 0.9839
vn -0.0602 -0.1543 0.9862
vn -0.8565 -0.1807 0.4835
vn 0.8915 0.2010 0.4061
vn 0.2070 0.4738 0.8559
vn 0.2900 0.4421 -0.8488
vn -0.4952 0.2880 -0.8196
vn -0.7259 0.2245 -0.6501
vn -0.9935 0.1098 -0.0311
vn 0.4511 0.3358 -0.8269
vn -0.8230 0.4024 -0.4010
vn -0.5945 0.5346 0.6006
vn 0.0998 0.9599 -0.2620
vn 0.7587 0.5213 -0.3907
vn -0.0757 0.5211 0.8501
vn 0.4453 0.4563 0.7704
vn -0.2051 0.6327 0.7468
vn -0.9845 0.0610 -0.1643
vn -0.3216 0.0524 -0.9454
vn 0.0331 0.6709 0.7408
vn -0.0159 0.7898 0.6132
vn 0.8602 0.4647 -0.2101
vn 0.7818 0.3906 -0.4860
vn 0.5794 0.2751 -0.7672
vn -0.9155 -0.0617 -0.3976
vn 0.6213 0.7836 -0.0068
vn 0.2737 0.0751 0.9589
vn 0.8032 0.3050 -0.5118
vn 0.5153 0.0890 -0.8524
vn -0.7512 0.5957 0.2841
vn -0.7966 -0.2265 0.5605
vn 0.2384 0.9303 0.2788
vn -0.1355 0.9680 0.2110
vn -0.9991 -0.0411 -0.0067
vn -0.2239 0.5399 0.8114
vn -0.0991 0.4453 0.8899
vn 0.2382 0.8152 0.5279
vn -0.2965 0.5077 0.8089
vn -0.6639 0.5483 0.5086
vn 0.1635 -0.0975 -0.9817
vn -0.8125 0.4423 0.3797
vn -0.9428 -0.3161 0.1057
vn -0.8148 -0.5140 0.2680
vn 0.0635 0.0552 0.9965
vn -0.1986 0.2611 0.9446
vn 0.8187 0.5569 0.1402
vn 0.5226 0.0949 0.8473
vn 0.2421 0.3526 0.9039
vn -0.0745 0.1992 0.9771
vn -0.3307 0.9063 0.2632
vn 0.7888 0.2733 0.5505
vn 0.3657 -0.2782 0.8882
vn -0.1861 -0.0905 0.9784
vn 0.6532 0.2857 0.7012
vn 0.4501 0.7786 -0.4373
vn -0.3458 0.3087 -0.8861
vn 0.9193 0.0225 -0.3929
vn 0.4719 -0.1217 -0.8732
vn -0.8613 0.4349 -0.2629
vn -0.7517 0.4830 -0.4491
vn -0.9935 0.0680 0.0909
vn -0.2109 0.3714 0.9042
vn -0.3915 -0.3093 0.8666
vn -0.1009 0.1982 0.9750
vn 0.1026 -0.0221 0.9945
vn 0.0167 -0.0724 0.9972
vn 0.8598 0.3710 -0.3508
vn 0.9546 0.2131 -0.2080
vn 0.9000 0.4288 -0.0781
vn 0.9385 0.0855 -0.3346
vn 0.9839 0.1171 -0.1349
vn 0.9839 0.0821 -0.1589
vn -0.3506 0.3245 0.8785
vn -0.1787 -0.0682 0.9815
vn -0.0734 0.4223 0.9035
vn 0.0036 0.5771 0.8166
vn 0.9637 0.2360 0.1247
vn -0.0781 0.1761 0.9813
vn -0.9784 -0.0216 0.2055
vn 0.8798 0.4438 -0.1702
vn 0.1150 0.5662 -0.8162
vn 0.1833 0.7876 -0.5884
vn -0.0303 0.5511 0.8339
vn -0.8178 0.4102 0.4037
vn 0.8955 0.0571 0.4414
vn -0.1896 -0.0138 0.9818
vn 0.8646 -0.2800 0.4172
vn -0.0896 0.0487 0.9948
vn -0.7869 0.5400 -0.2986
vn -0.7550 0.5004 -0.4239
vn -0.7697 0.6364 0.0506
vn 0.0744 -0.0142 -0.9971
vn -0.8302 0.5429 -0.1269
vn -0.5677 0.5626 -0.6009
vn -0.7385 0.5918 -0.3229
vn 0.4197 -0.2062 -0.8839
vn 0.0820 0.0885 -0.9927
vn -0.2059 0.4925 -0.8456
vn -0.4417 0.4533 -0.7742
vn -0.5876 0.7646 -0.2649
vn -0.6007 0.7806 -0.1728
vn 0.0521 0.2113 0.9760
vn 0.2446 0.4540 0.8568
vn 0.6892 0.1929 0.6985
vn 0.2580 -0.0936 0.9616
vn 0.0045 0.5559 0.8313
vn 0.3420 0.9088 -0.2389
vn 0.6162 0.6627 0.4256
vn 0.8530 0.3992 0.3364
vn 0.6487 -0.5576 0.5179
vn -0.3976 -0.1657 0.9025
vn -0.1565 -0.2330 0.9598
vn 0.3238 0.7151 0.6195
vn 0.1842 0.8084 0.5591
vn -0.1528 0.0524 0.9869
vn 0.4484 0.2429 -0.8602
vn 0.3220 0.2348 -0.9172
vn 0.3070 0.8499 -0.4283
vn -0.2676 -0.2144 0.9394
vn -0.0240 0.4507 0.8923
vn 0.3667 0.8627 0.3482
vn 0.7449 0.1826 0.6417
vn 0.2464 0.4845 0.8394
vn 0.9377 0.0142 -0.3470
vn 0.9474 -0.3197 0.0134
vn 0.8776 -0.4383 -0.1942
vn 0.6778 -0.1047 -0.7277
vn 0.2947 0.4565 0.8395
vn -0.7667 0.5307 0.3613
vn -0.0370 0.8802 0.4732
vn 0.1389 -0.1841 0.9730
vn 0.0337 0.1046 -0.9939
vn 0.2357 -0.0830 0.9683
vn -0.0691 -0.0199 0.9974
vn -0.0596 -0.0576 0.9966
vn 0.0443 -0.0323 0.9985
vn -0.0306 -0.1084 0.9936
vn 0.3665 -0.8228 0.4344
vn 0.0498 -0.1113 -0.9925
vn -0.1003 -0.8865 0.4518
vn 0.3471 -0.3495 0.8703
vn 0.8612 0.4998 -0.0923
vn 0.7200 -0.6238 -0.3041
vn 0.7775 -0.5762 -0.2518
vn 0.4706 0.3068 -0.8273
vn 0.7409 0.4333 -0.5132
vn 0.8525 0.5208 0.0447
vn 0.7924 0.3337 -0.5106
vn 0.7571 0.5856 -0.2896
vn 0.7112 -0.7019 -0.0402
vn 0.5857 -0.3638 0.7243
vn 0.7781 0.6189 -0.1074
vn -0.6968 0.0642 0.7144
vn 0.1614 0.6557 0.7376
vn -0.5028 0.0404 0.8635
vn -0.4529 -0.1252 0.8827
vn -0.2057 -0.2812 0.9373
vn 0.5910 0.6101 0.5278
vn 0.5065 0.4662 0.7253
vn 0.5848 0.3582 0.7278
vn 0.5745 0.0843 0.8142
vn -0.2601 -0.4528 -0.8528
vn 0.8704 0.4904 0.0437
vn 0.0635 0.0553 -0.9964
vn -0.0005 -0.0119 0.9999
vn -0.1785 -0.0148 0.9838
vn -0.4528 0.2990 0.8400
vn 0.2819 0.3348 0.8991
vn 0.8536 0.0825 0.5144
vn 0.2788 -0.1505 0.9485
vn 0.0493 -0.5058 0.8612
vn -0.0119 -0.0776 0.9969
vn -0.1836 0.9196 0.3473
vn 0.3335 0.1052 0.9369
vn 0.9923 0.1232 -0.0110
vn 0.9681 -0.1046 0.2276
vn -0.0137 0.9919 -0.1259
vn 0.7977 0.2257 0.5593
vn 0.5427 -0.7822 0.3058
vn 0.1341 0.9620 0.2377
vn -0.0863 -0.0661 0.9941
vn -0.4792 0.5639 0.6726
vn 0.0604 0.0054 0.9982
vn -0.0089 0.0722 0.9974
vn -0.0972 -0.1881 0.9773
vn 0.5999 -0.8000 -0.0070
vn -0.0274 0.1993 -0.9795
vn -0.2432 -0.5487 -0.7999
vn 0.2133 0.3243 -0.9216
vn -0.0144 0.1683 -0.9856
vn -0.2060 0.4240 -0.8819
vn 0.4298 0.5936 -0.6804
vn -0.5153 -0.1122 -0.8496
vn 0.5827 0.0636 -0.8102
vn 0.0436 0.3320 -0.9423
vn 0.7201 0.6936 -0.0194
vn 0.6354 -0.3456 -0.6905
vn 0.3319 0.9258 0.1810
vn 0.3582 0.9286 0.0968
vn 0.0687 0.5520 0.8310
vn -0.1081 0.5475 0.8298
vn -0.1398 0.9814 -0.1313
vn -0.0559 0.9914 0.1186
vn 0.7255 -0.6530 0.2173
vn -0.2366 0.0591 0.9698
vn -0.2001 0.4859 0.8508
vn -0.5291 0.7791 0.3363
vn 0.5827 -0.4076 0.7031
vn 0.0996 0.3094 0.9457
vn -0.5371 0.8169 0.2100
vn -0.1842 0.4816 -0.8568
vn 0.4107 0.4916 -0.7679
vn 0.8293 -0.3420 -0.4419
vn 0.7096 -0.0366 -0.7036
vn 0.7128 -0.7004 0.0357
vn 0.4180 0.5607 -0.7148
vn 0.2645 0.4714 -0.8413
vn -0.0613 0.8074 -0.5868
vn 0.1758 0.7578 -0.6283
vn 0.3291 0.9429 0.0507
vn 0.9145 0.1269 0.3840
vn -0.0241 -0.0092 -0.9997
vn -0.1618 -0.8892 -0.4280
vn -0.0401 0.9708 -0.2363
vn 0.0317 0.6530 -0.7567
vn 0.1062 0.1277 -0.9861
vn 0.1815 -0.5208 -0.8341
vn 0.0016 0.0434 -0.9991
vn -0.1417 -0.9824 -0.1215
vn -0.3095 -0.9470 0.0865
vn -0.3190 -0.9474 0.0256
vn -0.1537 -0.9864 0.0591
vn 0.1003 -0.9199 -0.3791
vn 0.1287 -0.9916 -0.0124
vn 0.1097 0.9711 0.2119
vn -0.0076 0.3695 0.9292
vn -0.3484 0.0398 0.9365
vn 0.0459 0.0165 0.9988
vn 0.0953 -0.0549 0.9939
vn -0.1570 0.9822 -0.1032
vn 0.2514 -0.0484 0.9667
vn 0.0079 -0.3167 0.9485
vn 0.0329 0.9799 -0.1965
vn 0.3472 -0.2023 0.9157
vn 0.1665 -0.7265 0.6667
vn 0.2948 0.2051 0.9333
vn -0.2040 -0.3383 0.9187
vn 0.3529 -0.1118 0.9290
vn -0.0776 -0.6452 -0.7601
vn -0.2197 0.0513 -0.9742
vn -0.0693 -0.5211 -0.8507
vn 0.0110 0.7402 -0.6723
vn 0.1933 0.5756 -0.7946
vn 0.3328 -0.8845 -0.3271
vn 0.0989 -0.9432 -0.3173
vn 0.7927 -0.5470 0.2690
vn 0.8309 0.3916 0.3952
vn 0.1241 0.5638 0.8166
vn -0.0603 -0.1584 0.9855
vn -0.0280 0.8808 0.4726
vn 0.8152 0.5712 0.0955
vn 0.2310 -0.9717 -0.0484
vn 0.3735 -0.2015 -0.9055
vn -0.1113 -0.0376 0.9931
vn 0.5197 -0.2379 0.8206
vn 0.5071 0.2162 -0.8343
vn 0.3787 -0.9182 -0.1162
vn 0.7259 -0.0474 0.6861
vn 0.5342 -0.1092 0.8383
vn 0.9956 -0.0904 -0.0233
vn 0.2525 0.8877 -0.3850
vn 0.4198 0.9047 -0.0727
vn 0.4749 -0.0092 0.8800
vn 0.3069 0.9500 0.0565
vn 0.0604 0.9874 -0.1462
vn 0.5767 -0.1336 0.8059
vn 0.8220 -0.5049 0.2636
vn 0.8668 0.0332 -0.4976
vn 0.9093 0.3944 0.1325
vn 0.8637 -0.3686 0.3436
vn 0.5008 -0.0393 0.8647
vn 0.6334 0.3855 0.6710
vn 0.4143 0.0878 0.9059
vn -0.2317 0.0464 0.9717
vn 0.1292 0.0488 -0.9904
vn -0.2006 -0.3436 0.9174
vn -0.1211 -0.0453 0.9916
vn 0.4469 -0.8806 -0.1576
vn -0.3203 -0.5693 0.7572
vn 0.3326 -0.7846 -0.5232
vn 0.6370 -0.7451 -0.1974
vn 0.6274 -0.7644 -0.1483
vn 0.5554 -0.8262 0.0943
vn 0.4765 -0.8287 -0.2936
vn 0.0831 0.2193 0.9721
vn -0.1467 0.5605 0.8151
vn 0.0870 -0.0893 0.9922
vn -0.0373 -0.0136 0.9992
vn -0.3663 -0.5996 0.7115
vn -0.2549 0.0131 0.9669
vn -0.8147 0.4744 -0.3334
vn -0.9195 0.3535 -0.1717
vn -0.3327 0.1063 -0.9370
vn -0.4420 -0.8919 -0.0951
vn 0.2844 -0.0628 -0.9567
vn 0.2970 -0.1952 -0.9347
vn -0.4306 -0.7234 -0.5397
vn -0.1050 -0.1021 0.9892
vn -0.6911 0.4460 -0.5687
vn -0.9110 0.4054 0.0764
vn 0.0952 0.2728 -0.9573
vn -0.9504 0.2670 0.1597
vn -0.9389 0.3378 -0.0660
vn -0.9305 0.3626 0.0511
vn 0.2854 0.1443 -0.9475
vn 0.1485 -0.1899 -0.9705
vn 0.4060 -0.0015 -0.9139
vn 0.6048 0.0177 -0.7962
vn 0.7020 -0.3300 -0.6311
vn 0.9703 -0.2420 -0.0025
vn 0.9934 -0.1098 -0.0323
vn -0.3254 -0.7890 -0.5211
vn -0.2690 -0.9531 -0.1383
vn 0.8896 -0.3338 0.3117
vn 0.9762 -0.1583 0.1483
vn -0.2739 -0.0481 0.9605
vn -0.5376 -0.1069 0.8364
vn -0.2305 -0.0680 0.9707
vn 0.7362 -0.2260 0.6380
vn 0.9951 -0.0751 0.0640
vn 0.8983 -0.3146 0.3066
vn 0.9981 -0.0575 0.0236
vn 0.0160 -0.9918 0.1267
vn -0.9191 -0.3566 -0.1678
vn -0.8357 -0.2911 -0.4656
vn -0.2685 -0.6817 0.6806
vn -0.8833 -0.2298 0.4085
vn -0.7860 -0.4732 0.3979
vn 0.1626 0.1905 0.9681
vn -0.3708 0.2107 -0.9045
vn -0.9239 0.3372 -0.1811
vn -0.1714 0.3600 -0.9171
vn 0.3502 0.1752 -0.9202
vn -0.9797 0.1370 -0.1464
vn -0.9106 -0.2757 0.3078
vn -0.9552 0.0137 0.2957
vn -0.9576 0.2822 -0.0588
vn -0.2971 -0.2065 0.9323
vn -0.3001 -0.1697 0.9387
vn -0.4384 -0.4291 0.7898
vn -0.0953 -0.3263 0.9405
vn -0.5279 -0.1700 -0.8321
vn 0.3458 -0.0280 -0.9379
vn -0.3337 -0.9362 -0.1102
vn 0.6999 -0.6965 -0.1581
vn -0.9224 -0.1859 0.3385
vn 0.0772 -0.6676 0.7405
vn 0.7372 -0.5010 -0.4534
vn 0.7341 -0.4940 0.4659
vn 0.6674 -0.5629 0.4875
vn -0.5828 -0.5664 0.5827
vn 0.2448 -0.7387 0.6280
vn 0.9168 -0.1148 -0.3825
vn 0.8100 -0.4769 0.3414
vn 0.8275 -0.4160 0.3772
vn 0.7024 -0.5717 0.4240
vn 0.8018 -0.4776 0.3590
vn -0.1211 -0.0635 -0.9906
vn -0.5332 -0.2314 -0.8137
vn -0.7000 -0.3877 -0.5997
vn 0.1662 -0.1968 -0.9663
vn -0.8007 -0.3791 -0.4639
vn 0.8718 0.4634 -0.1591
vn 0.7975 0.5867 -0.1407
vn 0.3756 0.7119 0.5934
vn 0.1861 0.2270 0.9559
vn 0.0599 0.0597 0.9964
vn -0.3479 0.6658 0.6601
vn 0.2961 0.1593 0.9418
vn -0.4422 -0.0984 0.8915
vn 0.0931 0.4922 0.8655
vn 0.3658 0.0939 0.9259
vn 0.8165 0.2413 0.5246
vn -0.8258 -0.4902 -0.2787
vn 0.2016 -0.0490 0.9782
vn 0.3079 -0.1653 0.9369
vn -0.3230 -0.5989 0.7328
vn -0.3273 -0.2307 -0.9163
vn -0.7163 -0.5247 -0.4600
vn -0.3814 -0.3617 0.8507
vn 0.0809 -0.1039 0.9913
vn 0.6720 0.2716 -0.6890
vn 0.0546 -0.5226 0.8508
vn 0.7373 0.5294 0.4197
vn 0.3616 -0.2931 0.8851
vn -0.1784 0.1406 0.9739
vn -0.1973 -0.6681 0.7175
vn 0.0850 -0.5623 -0.8225
vn -0.1718 -0.8932 -0.4156
vn 0.5543 -0.7913 0.2582
vn 0.9390 -0.2096 -0.2727
vn 0.3244 -0.5236 0.7878
vn 0.3706 0.1674 -0.9136
vn 0.1550 -0.6099 -0.7772
vn -0.6083 -0.6374 -0.4731
vn 0.6823 0.2063 -0.7013
vn 0.9087 0.1342 -0.3953
vn -0.0929 -0.1639 -0.9821
vn -0.1205 -0.0156 0.9926
vn -0.4954 -0.8497 0.1808
vn -0.6906 -0.6729 -0.2653
vn 0.4379 -0.2316 0.8687
vn 0.2846 -0.2630 0.9219
vn -0.6551 -0.7232 0.2187
vn 0.8094 -0.3983 0.4316
vn 0.3505 -0.9017 0.2531
vn 0.7159 -0.6910 -0.1003
vn 0.7549 -0.4762 0.4510
vn 0.7790 0.1838 -0.5995
vn 0.6587 0.2617 -0.7054
vn 0.8899 0.4180 -0.1829
vn 0.2804 0.0454 -0.9588
vn 0.9093 0.3765 -0.1776
vn -0.0652 -0.9863 -0.1517
vn -0.3849 -0.8217 0.4202
vn -0.0126 -0.5795 0.8148
vn 0.9670 0.1900 0.1700
vn 0.2715 -0.4198 0.8661
vn 0.9094 0.4079 0.0813
vn 0.1397 -0.7438 0.6536
vn 0.4769 -0.5622 0.6756
vn 0.3446 -0.1843 0.9205
vn -0.8051 -0.5257 0.2745
vn -0.1309 -0.0589 0.9896
vn -0.0961 -0.0170 0.9952
s 1
f 1/1/1 2/2/2 3/3/3
f 4/4/4 5/5/5 3/3/3
f 6/6/6 7/7/7 8/8/8
f 9/9/9 10/10/10 11/11/11
f 12/12/12 13/13/13 14/14/14
f 15/15/15 16/16/16 17/17/17
f 18/18/18 19/19/19 20/20/20
f 21/21/21 18/18/18 20/20/20
f 18/18/18 21/21/21 22/22/22
f 22/22/22 21/21/21 23/23/23
f 24/24/24 25/25/25 20/20/20
f 21/21/21 20/20/20 25/25/25
f 24/24/24 20/20/20 19/19/19
f 24/24/24 26/26/26 25/25/25
f 26/26/26 24/24/24 7/7/7
f 7/7/7 9/27/9 26/26/26
f 18/18/18 8/8/8 19/19/19
f 9/9/9 11/11/11 27/28/27
f 11/11/11 28/29/28 27/28/27
f 29/30/29 27/31/27 28/32/28
f 22/22/22 30/33/30 31/34/31
f 32/35/32 21/21/21 25/25/25
f 33/36/33 32/37/32 25/38/25
f 31/34/31 34/39/34 8/8/8
f 31/34/31 8/8/8 18/18/18
f 33/36/33 27/31/27 29/30/29
f 22/22/22 31/34/31 18/18/18
f 29/30/29 35/40/35 32/37/32
f 35/41/35 36/42/36 37/43/37
f 36/44/36 35/40/35 38/45/38
f 29/30/29 38/45/38 35/40/35
f 29/30/29 32/37/32 33/36/33
f 35/41/35 37/43/37 32/35/32
f 21/21/21 37/43/37 23/23/23
f 39/46/39 40/47/40 41/48/41
f 23/23/23 39/46/39 41/48/41
f 23/23/23 37/43/37 39/46/39
f 37/43/37 42/49/42 39/46/39
f 42/49/42 36/42/36 43/50/43
f 38/45/38 43/51/43 36/44/36
f 29/30/29 28/32/28 38/45/38
f 41/48/41 22/22/22 23/23/23
f 42/49/42 37/43/37 36/42/36
f 28/32/28 44/52/44 38/45/38
f 30/33/30 22/22/22 41/48/41
f 30/33/30 45/53/45 46/54/46
f 45/53/45 40/47/40 47/55/47
f 41/48/41 40/47/40 45/53/45
f 47/55/47 46/54/46 45/53/45
f 31/34/31 30/33/30 48/56/48
f 30/33/30 12/12/12 48/56/48
f 47/55/47 40/47/40 49/57/49
f 40/47/40 50/58/50 49/57/49
f 40/47/40 51/59/51 50/58/50
f 30/33/30 46/54/46 12/12/12
f 47/55/47 49/57/49 46/54/46
f 40/47/40 39/46/39 51/59/51
f 39/46/39 42/49/42 51/59/51
f 42/49/42 52/60/52 51/59/51
f 44/52/44 53/61/53 38/45/38
f 54/62/54 53/63/53 44/64/44
f 17/65/17 4/66/4 44/64/44
f 4/66/4 54/62/54 44/64/44
f 54/62/54 2/67/2 53/63/53
f 43/50/43 52/60/52 42/49/42
f 38/45/38 53/61/53 55/68/55
f 52/60/52 43/50/43 55/69/55
f 55/69/55 56/70/56 52/60/52
f 43/51/43 38/45/38 55/68/55
f 17/65/17 44/64/44 57/71/57
f 28/32/28 57/72/57 44/52/44
f 58/73/58 59/74/59 53/61/53
f 58/75/58 2/67/2 60/76/60
f 53/63/53 2/67/2 58/75/58
f 59/74/59 56/77/56 55/68/55
f 59/74/59 61/78/61 56/77/56
f 56/70/56 62/79/62 51/59/51
f 56/70/56 51/59/51 52/60/52
f 59/74/59 55/68/55 53/61/53
f 46/54/46 63/80/63 12/12/12
f 3/81/3 2/67/2 54/62/54
f 64/82/64 65/83/65 66/84/66
f 67/85/67 68/86/68 69/87/69
f 67/85/67 70/88/70 68/86/68
f 70/88/70 67/85/67 71/89/71
f 71/89/71 72/90/72 70/88/70
f 70/88/70 73/91/73 68/86/68
f 74/92/74 68/86/68 73/91/73
f 75/93/75 76/94/76 72/90/72
f 72/90/72 71/89/71 75/93/75
f 71/89/71 77/95/77 75/93/75
f 73/91/73 70/88/70 72/90/72
f 69/87/69 78/96/78 67/85/67
f 79/97/79 71/89/71 67/85/67
f 80/98/80 81/99/81 74/92/74
f 82/100/82 83/101/83 84/102/84
f 85/103/85 74/92/74 81/99/81
f 86/104/86 69/87/69 85/103/85
f 85/103/85 87/105/87 86/104/86
f 86/104/86 87/105/87 88/106/88
f 85/103/85 81/99/81 87/105/87
f 87/105/87 89/107/89 88/106/88
f 83/108/83 90/109/90 84/110/84
f 83/108/83 91/111/91 92/112/92
f 83/108/83 92/112/92 90/109/90
f 92/113/92 89/107/89 87/105/87
f 89/114/89 92/112/92 91/111/91
f 88/115/88 89/114/89 91/111/91
f 69/87/69 86/104/86 93/116/93
f 86/104/86 88/106/88 93/116/93
f 91/117/91 83/101/83 94/118/94
f 83/101/83 82/100/82 94/118/94
f 65/119/65 82/100/82 84/102/84
f 84/110/84 90/109/90 64/120/64
f 90/109/90 95/121/95 64/120/64
f 80/98/80 96/122/96 95/123/95
f 80/98/80 97/124/97 96/122/96
f 92/112/92 95/121/95 90/109/90
f 81/99/81 95/123/95 92/113/92
f 95/123/95 81/99/81 80/98/80
f 76/94/76 98/125/98 74/92/74
f 95/121/95 96/126/96 64/120/64
f 96/126/96 99/127/99 64/120/64
f 98/125/98 97/124/97 80/98/80
f 73/91/73 72/90/72 76/94/76
f 76/94/76 75/93/75 100/128/100
f 99/129/99 101/130/101 102/131/102
f 97/124/97 98/125/98 103/132/103
f 103/132/103 98/125/98 104/133/104
f 103/132/103 105/134/105 106/135/106
f 100/128/100 104/133/104 76/94/76
f 97/124/97 103/132/103 106/135/106
f 104/133/104 98/125/98 76/94/76
f 64/120/64 66/136/66 107/137/107
f 65/119/65 107/138/107 66/139/66
f 65/119/65 84/102/84 107/138/107
f 107/137/107 84/110/84 64/120/64
f 85/103/85 68/86/68 74/92/74
f 69/87/69 68/86/68 85/103/85
f 92/113/92 87/105/87 81/99/81
f 74/92/74 73/91/73 76/94/76
f 99/129/99 102/131/102 64/82/64
f 65/83/65 64/82/64 108/140/108
f 96/122/96 97/124/97 106/135/106
f 63/80/63 109/141/109 12/12/12
f 110/142/110 111/143/111 112/144/112
f 110/145/110 109/141/109 63/80/63
f 113/146/113 77/95/77 114/147/114
f 113/146/113 115/148/115 116/149/116
f 117/150/117 113/146/113 114/147/114
f 118/151/118 116/149/116 115/148/115
f 116/149/116 119/152/119 100/128/100
f 49/57/49 119/153/119 120/154/120
f 104/133/104 100/128/100 121/155/121
f 116/149/116 100/128/100 75/93/75
f 113/146/113 116/149/116 75/93/75
f 49/57/49 50/58/50 119/153/119
f 119/152/119 116/149/116 120/156/120
f 122/157/122 123/158/123 124/159/124
f 125/160/125 126/161/126 127/162/127
f 128/163/128 123/158/123 61/164/61
f 129/165/129 101/166/101 105/167/105
f 101/166/101 129/165/129 130/168/130
f 101/130/101 131/169/131 132/170/132
f 131/171/131 101/166/101 130/168/130
f 133/172/133 132/173/132 131/174/131
f 134/175/134 135/176/135 131/171/131
f 134/175/134 131/171/131 130/168/130
f 135/177/135 136/178/136 131/174/131
f 124/179/124 130/180/130 122/181/122
f 130/180/130 129/182/129 122/181/122
f 51/59/51 62/79/62 50/58/50
f 58/73/58 125/160/125 128/183/128
f 137/184/137 121/155/121 100/128/100
f 137/184/137 138/185/138 121/155/121
f 50/58/50 138/186/138 137/187/137
f 62/79/62 138/186/138 50/58/50
f 138/185/138 122/181/122 121/155/121
f 62/79/62 122/157/122 138/186/138
f 103/132/103 121/155/121 129/182/129
f 62/79/62 123/158/123 122/157/122
f 62/79/62 61/164/61 123/158/123
f 121/155/121 122/181/122 129/182/129
f 111/143/111 139/188/139 112/144/112
f 111/143/111 110/142/110 118/189/118
f 115/190/115 111/143/111 118/189/118
f 130/168/130 124/191/124 140/192/140
f 126/161/126 125/160/125 58/73/58
f 119/152/119 137/184/137 100/128/100
f 50/58/50 137/187/137 119/153/119
f 141/193/141 142/194/142 111/143/111
f 143/195/143 144/196/144 145/197/145
f 117/150/117 146/198/146 147/199/147
f 146/200/146 148/201/148 149/202/149
f 150/203/150 147/204/147 151/205/151
f 151/205/151 147/204/147 149/202/149
f 114/147/114 79/97/79 152/206/152
f 153/207/153 79/97/79 154/208/154
f 153/207/153 152/206/152 79/97/79
f 155/209/155 152/206/152 153/207/153
f 69/87/69 93/116/93 78/96/78
f 93/116/93 156/210/156 78/96/78
f 78/96/78 154/208/154 79/97/79
f 94/118/94 82/100/82 157/211/157
f 158/212/158 157/211/157 82/100/82
f 156/210/156 154/208/154 78/96/78
f 156/210/156 159/213/159 154/208/154
f 82/100/82 108/214/108 158/212/158
f 159/213/159 153/207/153 154/208/154
f 158/212/158 160/215/160 157/211/157
f 161/216/161 162/217/162 160/218/160
f 160/215/160 163/219/163 161/220/161
f 133/221/133 163/219/163 160/215/160
f 158/212/158 133/221/133 160/215/160
f 133/221/133 136/222/136 163/219/163
f 163/219/163 164/223/164 161/220/161
f 162/217/162 161/216/161 164/224/164
f 162/217/162 165/225/165 155/209/155
f 153/207/153 162/217/162 155/209/155
f 153/207/153 159/213/159 162/217/162
f 152/206/152 155/209/155 166/226/166
f 166/227/166 165/228/165 167/229/167
f 168/230/168 144/231/144 165/225/165
f 114/147/114 71/89/71 79/97/79
f 152/206/152 146/198/146 117/150/117
f 152/206/152 169/232/169 146/198/146
f 114/147/114 152/206/152 117/150/117
f 162/217/162 164/224/164 168/230/168
f 155/209/155 165/225/165 166/226/166
f 162/217/162 159/213/159 160/218/160
f 169/232/169 152/206/152 166/226/166
f 162/217/162 168/230/168 165/225/165
f 19/19/19 8/8/8 24/24/24
f 24/24/24 8/8/8 7/7/7
f 7/7/7 10/233/10 9/27/9
f 17/17/17 57/234/57 15/15/15
f 12/12/12 14/14/14 48/56/48
f 12/12/12 109/141/109 13/13/13
f 4/4/4 17/17/17 16/16/16
f 170/235/170 127/236/127 60/76/60
f 28/29/28 16/237/16 15/238/15
f 170/235/170 60/76/60 2/67/2
f 21/21/21 32/35/32 37/43/37
f 58/73/58 128/183/128 59/74/59
f 128/183/128 61/78/61 59/74/59
f 4/4/4 3/3/3 54/239/54
f 48/56/48 34/39/34 31/34/31
f 57/240/57 28/29/28 15/238/15
f 126/241/126 58/75/58 60/76/60
f 46/54/46 49/57/49 63/80/63
f 113/146/113 75/93/75 77/95/77
f 65/119/65 108/214/108 82/100/82
f 114/147/114 77/95/77 71/89/71
f 88/106/88 94/242/94 93/116/93
f 64/82/64 102/131/102 108/140/108
f 67/85/67 78/96/78 79/97/79
f 126/241/126 60/76/60 127/236/127
f 129/182/129 105/134/105 103/132/103
f 56/70/56 61/164/61 62/79/62
f 104/133/104 121/155/121 103/132/103
f 158/243/158 132/173/132 133/172/133
f 102/131/102 132/173/132 158/243/158
f 136/222/136 135/244/135 134/245/134
f 133/172/133 131/174/131 136/178/136
f 102/131/102 101/130/101 132/170/132
f 150/246/150 111/143/111 115/190/115
f 124/247/124 144/248/144 140/249/140
f 149/202/149 147/204/147 146/200/146
f 94/242/94 156/210/156 93/116/93
f 102/131/102 158/243/158 108/140/108
f 147/199/147 115/148/115 117/150/117
f 147/199/147 150/250/150 115/148/115
f 150/203/150 151/205/151 171/251/171
f 150/246/150 171/252/171 111/143/111
f 144/231/144 168/230/168 140/253/140
f 172/254/172 173/255/173 174/256/174
f 175/257/175 176/258/176 177/259/177
f 174/256/174 173/255/173 177/259/177
f 177/259/177 178/260/178 174/256/174
f 174/256/174 178/260/178 179/261/179
f 177/259/177 176/258/176 178/260/178
f 176/258/176 180/262/180 178/260/178
f 180/263/180 181/264/181 182/265/182
f 180/262/180 182/266/182 178/260/178
f 182/265/182 181/264/181 183/267/183
f 181/264/181 180/263/180 184/268/184
f 181/264/181 185/269/185 186/270/186
f 184/268/184 185/269/185 181/264/181
f 187/271/187 188/272/188 189/273/189
f 190/274/190 191/275/191 186/270/186
f 191/275/191 181/264/181 186/270/186
f 190/274/190 192/276/192 191/275/191
f 193/277/193 174/278/174 179/279/179
f 194/280/194 188/272/188 187/271/187
f 194/280/194 191/275/191 192/276/192
f 194/280/194 192/276/192 188/272/188
f 178/260/178 182/266/182 179/261/179
f 179/261/179 182/266/182 183/281/183
f 195/282/195 196/283/196 197/284/197
f 195/282/195 198/285/198 199/286/199
f 198/285/198 195/282/195 200/287/200
f 201/288/201 202/289/202 203/290/203
f 202/291/202 201/292/201 204/293/204
f 203/290/203 205/294/205 201/288/201
f 206/295/206 207/296/207 208/297/208
f 209/298/209 208/297/208 207/296/207
f 207/296/207 206/295/206 210/299/210
f 211/300/211 206/295/206 208/297/208
f 211/300/211 208/297/208 212/301/212
f 208/297/208 209/298/209 212/301/212
f 212/302/212 213/303/213 211/304/211
f 211/300/211 213/305/213 206/295/206
f 213/306/213 212/307/212 205/294/205
f 213/305/213 205/308/205 214/309/214
f 215/310/215 216/311/216 212/301/212
f 209/298/209 215/310/215 212/301/212
f 201/292/201 217/312/217 204/293/204
f 209/298/209 217/313/217 215/310/215
f 217/312/217 201/292/201 215/314/215
f 215/314/215 201/292/201 216/315/216
f 209/298/209 218/316/218 217/313/217
f 207/296/207 210/299/210 219/317/219
f 212/307/212 201/288/201 205/294/205
f 220/318/220 205/294/205 203/290/203
f 221/319/221 220/318/220 203/290/203
f 220/320/220 221/321/221 222/322/222
f 210/299/210 223/323/223 224/324/224
f 223/323/223 206/295/206 214/309/214
f 225/325/225 200/287/200 197/284/197
f 198/285/198 225/325/225 219/317/219
f 225/325/225 198/285/198 200/287/200
f 207/296/207 219/317/219 225/325/225
f 207/296/207 225/325/225 218/316/218
f 204/293/204 226/326/226 227/327/227
f 225/325/225 197/284/197 218/316/218
f 224/324/224 228/328/228 229/329/229
f 229/329/229 219/317/219 224/324/224
f 227/330/227 230/331/230 231/332/231
f 226/326/226 232/333/232 227/327/227
f 232/334/232 230/331/230 227/330/227
f 226/335/226 230/336/230 232/337/232
f 226/335/226 233/338/233 230/336/230
f 197/284/197 234/339/234 218/316/218
f 204/293/204 235/340/235 236/341/236
f 226/335/226 237/342/237 233/338/233
f 237/342/237 238/343/238 233/338/233
f 217/312/217 235/340/235 204/293/204
f 217/312/217 239/344/239 235/340/235
f 239/345/239 234/339/234 235/346/235
f 218/316/218 234/339/234 239/345/239
f 218/316/218 239/345/239 217/313/217
f 204/293/204 237/347/237 226/326/226
f 237/347/237 204/293/204 236/341/236
f 240/348/240 199/286/199 198/285/198
f 206/295/206 223/323/223 210/299/210
f 224/324/224 219/317/219 210/299/210
f 218/316/218 209/298/209 207/296/207
f 233/338/233 241/349/241 230/336/230
f 202/291/202 204/293/204 227/327/227
f 195/282/195 149/202/149 148/201/148
f 195/282/195 148/201/148 196/283/196
f 148/201/148 167/229/167 196/283/196
f 196/283/196 242/350/242 197/284/197
f 242/350/242 196/283/196 243/351/243
f 244/352/244 243/351/243 167/229/167
f 245/353/245 243/351/243 244/352/244
f 243/351/243 196/283/196 167/229/167
f 246/354/246 247/355/247 248/356/248
f 167/229/167 249/357/249 244/352/244
f 167/229/167 165/228/165 249/357/249
f 246/354/246 244/358/244 249/359/249
f 246/354/246 250/360/250 247/355/247
f 250/360/250 251/361/251 247/355/247
f 251/362/251 252/363/252 247/364/247
f 242/350/242 245/353/245 234/339/234
f 234/339/234 236/365/236 235/346/235
f 234/339/234 245/353/245 236/365/236
f 236/341/236 245/366/245 248/356/248
f 237/347/237 236/341/236 248/356/248
f 248/367/248 247/364/247 253/368/253
f 253/369/253 254/370/254 238/343/238
f 253/368/253 247/364/247 252/363/252
f 242/350/242 243/351/243 245/353/245
f 141/371/141 255/372/255 256/373/256
f 257/374/257 255/375/255 171/251/171
f 257/374/257 151/205/151 258/376/258
f 256/373/256 259/377/259 260/378/260
f 261/379/261 262/380/262 250/381/250
f 261/379/261 263/382/263 262/380/262
f 263/383/263 251/384/251 262/385/262
f 264/386/264 265/387/265 266/388/266
f 267/389/267 268/390/268 228/328/228
f 222/322/222 269/391/269 267/389/267
f 224/324/224 267/389/267 228/328/228
f 228/328/228 270/392/270 229/329/229
f 269/391/269 268/390/268 267/389/267
f 228/328/228 268/390/268 271/393/271
f 228/328/228 271/393/271 270/392/270
f 272/394/272 271/393/271 268/390/268
f 273/395/273 254/370/254 274/396/274
f 275/397/275 273/398/273 274/399/274
f 269/391/269 221/321/221 276/400/276
f 277/401/277 268/390/268 269/391/269
f 277/401/277 272/394/272 268/390/268
f 278/402/278 275/397/275 279/403/279
f 276/400/276 275/404/275 269/391/269
f 269/391/269 275/404/275 277/401/277
f 275/404/275 278/405/278 277/401/277
f 272/394/272 277/401/277 280/406/280
f 274/396/274 254/370/254 252/407/252
f 257/374/257 258/376/258 270/392/270
f 258/376/258 229/329/229 270/392/270
f 270/392/270 271/393/271 257/374/257
f 271/393/271 281/408/281 282/409/282
f 283/410/283 284/411/284 280/412/280
f 285/413/285 283/414/283 280/406/280
f 285/413/285 264/415/264 283/414/283
f 285/413/285 277/401/277 278/405/278
f 278/402/278 279/403/279 286/416/286
f 286/417/286 285/413/285 278/405/278
f 266/418/266 287/419/287 288/420/288
f 264/386/264 266/388/266 288/421/288
f 289/422/289 290/423/290 259/377/259
f 284/411/284 289/422/289 280/412/280
f 284/411/284 264/386/264 288/421/288
f 288/421/288 291/424/291 284/411/284
f 291/424/291 289/422/289 284/411/284
f 280/406/280 277/401/277 285/413/285
f 281/425/281 280/412/280 289/422/289
f 281/425/281 289/422/289 259/377/259
f 257/374/257 282/409/282 255/375/255
f 259/377/259 256/373/256 282/426/282
f 286/417/286 143/427/143 264/415/264
f 271/393/271 282/409/282 257/374/257
f 256/373/256 255/372/255 282/426/282
f 263/383/263 274/396/274 252/407/252
f 282/426/282 281/425/281 259/377/259
f 260/378/260 292/428/292 256/373/256
f 285/413/285 286/417/286 264/415/264
f 275/397/275 274/399/274 279/403/279
f 293/429/293 260/378/260 259/377/259
f 294/430/294 290/423/290 295/431/295
f 294/430/294 296/432/296 297/433/297
f 298/434/298 296/432/296 294/430/294
f 299/435/299 294/430/294 297/433/297
f 294/430/294 300/436/300 298/434/298
f 294/430/294 295/431/295 300/436/300
f 299/435/299 293/429/293 294/430/294
f 301/437/301 300/436/300 295/431/295
f 297/433/297 187/271/187 292/428/292
f 299/435/299 297/433/297 292/428/292
f 291/424/291 302/438/302 303/439/303
f 303/440/303 302/441/302 304/442/304
f 305/443/305 306/444/306 304/445/304
f 307/446/307 304/445/304 306/444/306
f 306/444/306 308/447/308 307/446/307
f 304/445/304 307/446/307 309/448/309
f 304/442/304 309/449/309 310/450/310
f 311/451/311 306/452/306 305/443/305
f 193/277/193 306/444/306 311/453/311
f 174/278/174 193/277/193 311/453/311
f 312/454/312 174/278/174 311/453/311
f 304/442/304 302/441/302 305/455/305
f 291/424/291 303/439/303 301/437/301
f 301/437/301 295/431/295 291/424/291
f 306/444/306 193/277/193 308/447/308
f 301/437/301 313/456/313 300/436/300
f 304/442/304 310/450/310 303/440/303
f 309/449/309 314/457/314 315/458/315
f 316/459/316 317/460/317 298/434/298
f 298/434/298 318/461/318 316/459/316
f 319/462/319 320/463/320 310/450/310
f 300/436/300 313/456/313 320/464/320
f 318/461/318 300/436/300 320/464/320
f 320/464/320 321/465/321 318/461/318
f 320/463/320 313/466/313 310/450/310
f 322/467/322 320/463/320 319/462/319
f 320/463/320 322/467/322 321/468/321
f 319/469/319 323/470/323 322/471/322
f 318/461/318 324/472/324 316/459/316
f 322/473/322 318/461/318 321/474/321
f 322/473/322 324/472/324 318/461/318
f 324/472/324 323/475/323 325/476/325
f 324/472/324 325/476/325 326/477/326
f 322/473/322 323/475/323 324/472/324
f 298/434/298 317/460/317 296/432/296
f 309/449/309 315/458/315 310/450/310
f 300/436/300 318/461/318 298/434/298
f 313/466/313 303/440/303 310/450/310
f 319/462/319 310/450/310 315/458/315
f 194/280/194 296/432/296 327/478/327
f 327/478/327 326/477/326 194/280/194
f 316/459/316 324/472/324 327/478/327
f 324/472/324 326/477/326 327/478/327
f 194/280/194 326/477/326 191/275/191
f 323/475/323 328/479/328 325/476/325
f 325/476/325 191/275/191 326/477/326
f 315/480/315 314/481/314 329/482/329
f 329/482/329 314/481/314 330/483/330
f 307/446/307 330/484/330 314/485/314
f 307/446/307 308/447/308 330/484/330
f 329/482/329 330/483/330 328/486/328
f 191/275/191 325/476/325 181/264/181
f 325/476/325 328/479/328 181/264/181
f 328/486/328 323/470/323 329/482/329
f 330/483/330 183/281/183 328/486/328
f 330/484/330 308/447/308 179/279/179
f 290/423/290 291/424/291 295/431/295
f 307/446/307 314/485/314 309/448/309
f 308/447/308 193/277/193 179/279/179
f 141/371/141 171/487/171 255/372/255
f 287/419/287 265/488/265 173/489/173
f 292/428/292 189/273/189 256/373/256
f 172/490/172 174/278/174 312/454/312
f 187/271/187 189/273/189 292/428/292
f 330/483/330 179/261/179 183/281/183
f 180/263/180 176/491/176 184/268/184
f 240/348/240 149/202/149 199/286/199
f 149/202/149 240/348/240 258/376/258
f 212/302/212 216/315/216 201/292/201
f 206/295/206 213/305/213 214/309/214
f 205/308/205 220/320/220 214/309/214
f 214/309/214 220/320/220 222/322/222
f 258/376/258 240/348/240 229/329/229
f 221/319/221 203/290/203 276/492/276
f 241/493/241 276/492/276 203/290/203
f 149/202/149 195/282/195 199/286/199
f 234/339/234 197/284/197 242/350/242
f 248/367/248 253/368/253 238/343/238
f 237/342/237 248/367/248 238/343/238
f 254/370/254 253/369/253 252/407/252
f 233/338/233 238/343/238 254/370/254
f 263/383/263 252/407/252 251/384/251
f 312/494/312 287/419/287 172/495/172
f 172/495/172 287/419/287 173/489/173
f 222/322/222 267/389/267 223/323/223
f 267/389/267 224/324/224 223/323/223
f 241/349/241 233/338/233 273/395/273
f 273/395/273 233/338/233 254/370/254
f 221/321/221 269/391/269 222/322/222
f 287/419/287 331/496/331 305/455/305
f 291/424/291 288/421/288 302/438/302
f 260/378/260 299/435/299 292/428/292
f 260/378/260 293/429/293 299/435/299
f 312/497/312 311/451/311 331/498/331
f 331/498/331 311/451/311 305/443/305
f 187/271/187 297/433/297 296/432/296
f 194/280/194 187/271/187 296/432/296
f 328/479/328 183/267/183 181/264/181
f 290/423/290 289/422/289 291/424/291
f 301/437/301 303/439/303 313/456/313
f 332/499/332 112/144/112 139/188/139
f 333/500/333 334/501/334 335/502/335
f 336/503/336 335/502/335 337/504/337
f 334/505/334 333/506/333 338/507/338
f 339/508/339 332/499/332 139/188/139
f 340/509/340 338/507/338 341/510/341
f 342/511/342 343/512/343 344/513/344
f 342/511/342 345/514/345 343/512/343
f 343/512/343 345/514/345 339/515/339
f 346/516/346 347/517/347 348/518/348
f 347/517/347 342/511/342 349/519/349
f 350/520/350 349/519/349 342/511/342
f 347/517/347 346/516/346 342/511/342
f 351/521/351 349/519/349 350/520/350
f 349/519/349 351/521/351 352/522/352
f 353/523/353 341/510/341 354/524/354
f 353/525/353 355/526/355 340/527/340
f 355/526/355 356/528/356 340/527/340
f 357/529/357 356/528/356 358/530/358
f 358/531/358 352/522/352 351/521/351
f 359/532/359 358/530/358 356/528/356
f 352/522/352 359/533/359 360/534/360
f 352/522/352 358/531/358 359/533/359
f 361/535/361 358/531/358 351/521/351
f 357/536/357 358/531/358 361/535/361
f 340/527/340 356/528/356 357/529/357
f 362/537/362 345/514/345 346/516/346
f 342/511/342 346/516/346 345/514/345
f 363/538/363 352/522/352 360/534/360
f 142/194/142 364/539/364 139/188/139
f 365/540/365 366/541/366 367/542/367
f 368/543/368 369/544/369 370/545/370
f 371/546/371 370/547/370 369/548/369
f 366/549/366 372/550/372 373/551/373
f 374/552/374 366/549/366 373/551/373
f 375/553/375 376/554/376 377/555/377
f 378/556/378 379/557/379 374/558/374
f 376/554/376 379/557/379 378/556/378
f 376/554/376 378/556/378 380/559/380
f 373/551/373 378/560/378 374/552/374
f 379/557/379 381/561/381 374/558/374
f 381/562/381 382/563/382 383/564/383
f 367/565/367 381/562/381 384/566/384
f 367/567/367 366/568/366 381/561/381
f 376/554/376 380/559/380 377/555/377
f 372/550/372 385/569/385 373/551/373
f 374/558/374 381/561/381 366/568/366
f 386/570/386 379/557/379 376/554/376
f 387/571/387 388/572/388 364/573/364
f 364/573/364 388/572/388 339/574/339
f 389/575/389 390/576/390 142/577/142
f 389/575/389 391/578/391 390/576/390
f 389/575/389 392/579/392 391/578/391
f 393/580/393 392/581/392 389/582/389
f 387/571/387 394/583/394 395/584/395
f 396/585/396 394/586/394 375/553/375
f 394/586/394 397/587/397 375/553/375
f 375/553/375 377/555/377 398/588/398
f 390/589/390 387/571/387 364/573/364
f 394/583/394 387/571/387 390/589/390
f 390/576/390 391/578/391 394/586/394
f 376/554/376 375/553/375 386/570/386
f 369/544/369 399/590/399 400/591/400
f 369/544/369 368/543/368 399/590/399
f 371/592/371 369/593/369 400/594/400
f 385/569/385 401/595/401 373/551/373
f 402/596/402 380/597/380 403/598/403
f 373/551/373 401/595/401 403/598/403
f 373/551/373 403/598/403 380/597/380
f 370/599/370 372/600/372 366/541/366
f 370/601/370 361/602/361 368/603/368
f 384/566/384 381/562/381 383/564/383
f 365/540/365 367/542/367 384/604/384
f 364/573/364 142/605/142 390/589/390
f 394/583/394 396/606/396 395/584/395
f 391/578/391 397/587/397 394/586/394
f 375/553/375 398/588/398 396/585/396
f 378/560/378 373/551/373 380/597/380
f 382/563/382 184/607/184 383/564/383
f 184/607/184 382/563/382 185/608/185
f 379/557/379 386/570/386 404/609/404
f 382/563/382 405/610/405 406/611/406
f 382/563/382 406/611/406 407/612/407
f 379/557/379 404/609/404 408/613/408
f 379/557/379 408/613/408 405/614/405
f 406/611/406 405/610/405 408/615/408
f 407/612/407 409/616/409 410/617/410
f 407/612/407 406/611/406 409/616/409
f 406/611/406 408/615/408 409/616/409
f 407/612/407 185/608/185 382/563/382
f 408/613/408 404/609/404 409/618/409
f 392/579/392 393/619/393 411/620/411
f 391/578/391 411/620/411 397/587/397
f 412/621/412 397/587/397 411/620/411
f 412/621/412 413/622/413 397/587/397
f 413/622/413 414/623/414 415/624/415
f 416/625/416 417/626/417 413/622/413
f 417/626/417 418/627/418 414/623/414
f 415/624/415 386/570/386 413/622/413
f 404/609/404 386/570/386 415/624/415
f 419/628/419 190/629/190 418/627/418
f 190/629/190 410/617/410 418/627/418
f 407/612/407 410/617/410 190/629/190
f 418/627/418 410/617/410 420/630/420
f 414/623/414 420/630/420 421/631/421
f 420/630/420 414/623/414 418/627/418
f 421/631/421 409/618/409 404/609/404
f 415/624/415 421/631/421 404/609/404
f 413/622/413 417/626/417 414/623/414
f 414/623/414 421/631/421 415/624/415
f 407/612/407 190/629/190 186/632/186
f 416/625/416 413/622/413 412/621/412
f 387/571/387 395/584/395 422/633/422
f 388/572/388 387/571/387 422/633/422
f 422/633/422 423/634/423 388/572/388
f 395/584/395 424/635/424 425/636/425
f 395/584/395 425/636/425 426/637/426
f 426/637/426 427/638/427 422/633/422
f 395/584/395 396/606/396 424/635/424
f 426/637/426 428/639/428 427/638/427
f 428/639/428 426/637/426 425/636/425
f 426/637/426 422/633/422 395/584/395
f 423/634/423 429/640/429 430/641/430
f 423/634/423 427/638/427 429/640/429
f 422/633/422 427/638/427 423/634/423
f 344/642/344 430/641/430 431/643/431
f 430/641/430 429/640/429 431/643/431
f 429/640/429 432/644/432 431/643/431
f 388/572/388 430/641/430 343/645/343
f 343/645/343 430/641/430 344/642/344
f 433/646/433 432/644/432 429/640/429
f 433/646/433 434/647/434 432/644/432
f 429/640/429 427/638/427 433/646/433
f 423/634/423 430/641/430 388/572/388
f 399/590/399 435/648/435 436/649/436
f 436/650/436 437/651/437 400/594/400
f 438/652/438 431/643/431 432/644/432
f 351/653/351 431/643/431 438/652/438
f 351/653/351 438/652/438 368/603/368
f 368/543/368 438/654/438 399/590/399
f 438/652/438 432/644/432 439/655/439
f 399/590/399 439/656/439 435/648/435
f 399/590/399 436/649/436 400/591/400
f 377/657/377 424/635/424 398/658/398
f 440/659/440 424/635/424 377/657/377
f 377/657/377 402/596/402 440/659/440
f 441/660/441 385/661/385 442/662/442
f 402/596/402 443/663/443 440/659/440
f 442/664/442 437/651/437 444/665/444
f 350/666/350 344/642/344 431/643/431
f 350/666/350 431/643/431 351/653/351
f 440/659/440 443/663/443 424/635/424
f 441/667/441 403/598/403 401/595/401
f 437/651/437 445/668/445 446/669/446
f 437/651/437 442/664/442 447/670/447
f 439/655/439 432/644/432 448/671/448
f 449/672/449 428/639/428 450/673/450
f 449/672/449 450/673/450 451/674/451
f 452/675/452 453/676/453 450/673/450
f 454/677/454 455/678/455 451/674/451
f 449/672/449 451/674/451 455/678/455
f 456/679/456 457/680/457 458/681/458
f 458/681/458 459/682/459 456/679/456
f 458/683/458 460/684/460 459/685/459
f 433/646/433 455/678/455 434/647/434
f 458/683/458 457/686/457 461/687/461
f 455/678/455 433/646/433 449/672/449
f 462/688/462 434/647/434 455/678/455
f 463/689/463 454/677/454 451/674/451
f 464/690/464 465/691/465 459/682/459
f 466/692/466 467/693/467 454/677/454
f 460/684/460 468/694/468 469/695/469
f 468/696/468 467/693/467 469/697/469
f 467/693/467 468/696/468 462/688/462
f 453/676/453 466/692/466 463/689/463
f 464/698/464 469/695/469 470/699/470
f 466/692/466 454/677/454 463/689/463
f 470/700/470 469/697/469 467/693/467
f 471/701/471 466/692/466 453/676/453
f 472/702/472 466/692/466 471/701/471
f 472/702/472 473/703/473 470/704/470
f 466/692/466 470/700/470 467/693/467
f 470/700/470 466/692/466 472/702/472
f 459/685/459 460/684/460 464/698/464
f 460/684/460 469/695/469 464/698/464
f 403/598/403 474/705/474 475/706/475
f 475/706/475 471/701/471 452/675/452
f 459/682/459 465/691/465 476/707/476
f 471/701/471 474/705/474 472/702/472
f 475/706/475 474/705/474 471/701/471
f 474/705/474 476/708/476 465/709/465
f 456/710/456 477/711/477 478/712/478
f 475/706/475 452/675/452 443/663/443
f 459/682/459 477/713/477 456/679/456
f 474/705/474 465/709/465 472/702/472
f 465/709/465 473/703/473 472/702/472
f 477/711/477 444/665/444 479/714/479
f 457/715/457 478/716/478 461/717/461
f 461/717/461 478/716/478 480/718/480
f 478/716/478 479/719/479 480/718/480
f 479/714/479 446/720/446 480/721/480
f 480/718/480 446/669/446 445/668/445
f 434/647/434 481/722/481 448/671/448
f 462/688/462 481/722/481 434/647/434
f 482/723/482 435/648/435 481/724/481
f 435/648/435 448/725/448 481/724/481
f 434/647/434 448/671/448 432/644/432
f 403/598/403 483/726/483 474/705/474
f 476/708/476 474/705/474 483/726/483
f 451/674/451 450/673/450 463/689/463
f 454/677/454 467/693/467 455/678/455
f 450/673/450 453/676/453 463/689/463
f 471/701/471 453/676/453 452/675/452
f 462/688/462 468/696/468 481/722/481
f 473/727/473 465/691/465 464/690/464
f 455/678/455 467/693/467 462/688/462
f 459/682/459 476/707/476 477/713/477
f 477/711/477 479/714/479 478/712/478
f 345/514/345 332/728/332 339/515/339
f 339/508/339 139/188/139 364/539/364
f 366/541/366 334/501/334 484/729/484
f 485/730/485 332/728/332 345/514/345
f 341/731/341 353/525/353 340/527/340
f 350/520/350 342/511/342 344/513/344
f 366/541/366 484/729/484 370/599/370
f 365/540/365 334/501/334 366/541/366
f 382/563/382 381/562/381 405/610/405
f 391/578/391 392/579/392 411/620/411
f 397/587/397 413/622/413 375/553/375
f 413/622/413 386/570/386 375/553/375
f 388/572/388 343/645/343 339/574/339
f 396/606/396 398/658/398 424/635/424
f 437/651/437 371/592/371 400/594/400
f 361/602/361 351/653/351 368/603/368
f 371/592/371 437/651/437 447/670/447
f 380/597/380 402/596/402 377/657/377
f 484/732/484 357/536/357 370/733/370
f 379/557/379 405/614/405 381/561/381
f 357/536/357 361/535/361 370/733/370
f 401/595/401 385/569/385 441/667/441
f 428/639/428 425/636/425 452/675/452
f 427/638/427 449/672/449 433/646/433
f 475/706/475 402/596/402 403/598/403
f 443/663/443 425/636/425 424/635/424
f 483/734/483 441/660/441 442/662/442
f 444/735/444 483/734/483 442/662/442
f 444/665/444 437/651/437 446/720/446
f 428/639/428 452/675/452 450/673/450
f 427/638/427 428/639/428 449/672/449
f 470/736/470 473/727/473 464/690/464
f 425/636/425 443/663/443 452/675/452
f 457/737/457 456/710/456 478/712/478
f 403/598/403 441/667/441 483/726/483
f 444/665/444 446/720/446 479/714/479
f 5/738/5 486/739/486 487/740/487
f 488/741/488 486/742/486 489/743/489
f 6/6/6 488/741/488 489/743/489
f 488/741/488 8/8/8 490/744/490
f 491/745/491 490/744/490 14/14/14
f 491/745/491 14/14/14 13/13/13
f 488/741/488 492/746/492 493/747/493
f 13/13/13 494/748/494 491/745/491
f 491/745/491 492/746/492 488/741/488
f 1/1/1 487/749/487 495/750/495
f 496/751/496 170/235/170 495/750/495
f 170/235/170 1/1/1 495/750/495
f 497/752/497 498/753/498 493/747/493
f 498/754/498 497/755/497 495/756/495
f 499/757/499 497/752/497 492/746/492
f 497/752/497 499/757/499 500/758/500
f 497/752/497 493/747/493 492/746/492
f 491/745/491 488/741/488 490/744/490
f 493/747/493 498/753/498 486/742/486
f 8/8/8 488/741/488 6/6/6
f 491/745/491 494/748/494 492/746/492
f 501/759/501 502/760/502 503/761/503
f 492/746/492 504/762/504 499/757/499
f 13/13/13 505/763/505 494/748/494
f 506/764/506 507/765/507 494/748/494
f 507/766/507 506/767/506 503/761/503
f 506/767/506 112/768/112 503/761/503
f 336/769/336 499/770/499 508/771/508
f 501/759/501 509/772/509 510/773/510
f 509/772/509 501/759/501 511/774/511
f 512/775/512 513/776/513 514/777/514
f 511/774/511 515/778/515 509/772/509
f 516/779/516 517/780/517 511/774/511
f 515/778/515 511/774/511 517/780/517
f 515/778/515 517/780/517 518/781/518
f 513/776/513 501/759/501 510/773/510
f 513/776/513 510/773/510 514/777/514
f 519/782/519 518/781/518 517/780/517
f 519/782/519 520/783/520 518/781/518
f 520/783/520 521/784/521 518/781/518
f 522/785/522 523/786/523 524/787/524
f 525/788/525 485/789/485 524/787/524
f 525/788/525 516/779/516 485/789/485
f 485/789/485 516/779/516 503/761/503
f 485/789/485 522/785/522 524/787/524
f 517/780/517 525/788/525 519/782/519
f 524/787/524 520/783/520 525/788/525
f 526/790/526 499/770/499 512/775/512
f 527/791/527 528/792/528 508/793/508
f 526/790/526 527/794/527 508/771/508
f 529/795/529 528/792/528 530/796/530
f 508/793/508 528/792/528 529/795/529
f 528/792/528 531/797/531 530/796/530
f 520/783/520 524/787/524 532/798/532
f 529/795/529 530/796/530 532/798/532
f 532/798/532 524/787/524 533/799/533
f 524/787/524 523/786/523 533/799/533
f 534/800/534 533/801/533 535/802/535
f 533/801/533 523/803/523 535/802/535
f 533/801/533 534/800/534 536/804/536
f 534/800/534 537/805/537 536/804/536
f 522/806/522 535/802/535 523/803/523
f 529/795/529 533/799/533 536/807/536
f 532/798/532 533/799/533 529/795/529
f 537/805/537 534/800/534 538/808/538
f 531/797/531 520/783/520 532/798/532
f 514/777/514 526/790/526 512/775/512
f 531/797/531 532/798/532 530/796/530
f 539/809/539 536/804/536 537/805/537
f 540/810/540 541/811/541 542/812/542
f 515/778/515 518/781/518 543/813/543
f 515/778/515 543/813/543 542/812/542
f 544/814/544 545/815/545 546/816/546
f 510/773/510 541/811/541 547/817/547
f 541/811/541 544/814/544 547/817/547
f 544/814/544 546/816/546 547/817/547
f 548/818/548 527/794/527 549/819/549
f 546/816/546 549/819/549 514/777/514
f 546/816/546 514/777/514 547/817/547
f 549/819/549 546/816/546 550/820/550
f 549/819/549 550/820/550 548/818/548
f 551/821/551 528/792/528 548/822/548
f 547/817/547 514/777/514 510/773/510
f 551/821/551 548/822/548 550/823/550
f 552/824/552 544/814/544 540/810/540
f 553/825/553 552/824/552 540/810/540
f 554/826/554 552/824/552 555/827/555
f 552/824/552 554/826/554 556/828/556
f 554/826/554 557/829/557 556/830/556
f 557/829/557 554/826/554 555/827/555
f 552/824/552 556/828/556 545/815/545
f 555/827/555 552/824/552 553/825/553
f 558/831/558 559/832/559 555/827/555
f 559/832/559 560/833/560 555/827/555
f 555/827/555 553/825/553 558/831/558
f 555/827/555 560/833/560 557/829/557
f 545/815/545 561/834/561 546/816/546
f 545/835/545 557/829/557 562/836/562
f 545/835/545 562/836/562 561/837/561
f 561/837/561 562/836/562 550/823/550
f 557/829/557 545/835/545 556/830/556
f 562/836/562 557/829/557 560/833/560
f 545/815/545 544/814/544 552/824/552
f 553/825/553 543/813/543 563/838/563
f 540/810/540 543/813/543 553/825/553
f 564/839/564 565/840/565 521/784/521
f 563/838/563 565/840/565 558/831/558
f 565/840/565 563/838/563 521/784/521
f 559/832/559 558/831/558 565/840/565
f 564/839/564 559/832/559 565/840/565
f 560/833/560 559/832/559 564/839/564
f 564/839/564 566/841/566 560/833/560
f 566/841/566 564/839/564 567/842/567
f 521/784/521 567/842/567 564/839/564
f 521/784/521 531/797/531 567/842/567
f 550/823/550 562/836/562 551/821/551
f 562/836/562 566/841/566 551/821/551
f 567/842/567 531/797/531 551/821/551
f 551/821/551 566/841/566 567/842/567
f 546/816/546 561/834/561 550/820/550
f 542/812/542 543/813/543 540/810/540
f 560/833/560 566/841/566 562/836/562
f 568/843/568 522/806/522 362/537/362
f 569/844/569 570/845/570 568/843/568
f 569/844/569 571/846/571 570/845/570
f 572/847/572 534/800/534 535/802/535
f 572/847/572 535/802/535 570/845/570
f 570/845/570 535/802/535 568/843/568
f 346/516/346 348/518/348 571/846/571
f 349/519/349 573/848/573 574/849/574
f 347/517/347 349/519/349 574/849/574
f 571/846/571 568/843/568 346/516/346
f 575/850/575 539/851/539 576/852/576
f 575/853/575 577/854/577 578/855/578
f 579/856/579 578/855/578 577/854/577
f 580/857/580 581/858/581 578/855/578
f 581/858/581 580/857/580 582/859/582
f 581/858/581 582/859/582 583/860/583
f 572/847/572 584/861/584 534/800/534
f 577/862/577 538/808/538 585/863/585
f 579/856/579 586/864/586 580/857/580
f 586/864/586 587/865/587 580/857/580
f 585/866/585 586/867/586 579/868/579
f 537/805/537 538/808/538 577/862/577
f 585/866/585 579/868/579 577/869/577
f 580/857/580 578/855/578 579/856/579
f 570/845/570 588/870/588 589/871/589
f 569/844/569 568/843/568 571/846/571
f 572/847/572 570/845/570 589/871/589
f 570/845/570 571/846/571 588/870/588
f 355/872/355 581/858/581 583/860/583
f 590/873/590 355/526/355 591/874/591
f 583/860/583 591/875/591 355/872/355
f 574/849/574 592/876/592 348/518/348
f 590/873/590 591/874/591 593/877/593
f 594/878/594 595/879/595 596/880/596
f 594/878/594 597/881/597 595/879/595
f 598/882/598 599/883/599 597/884/597
f 597/884/597 599/883/599 595/885/595
f 599/883/599 600/886/600 595/885/595
f 601/887/601 600/886/600 599/883/599
f 600/888/600 601/889/601 602/890/602
f 601/887/601 599/883/599 598/882/598
f 600/888/600 602/890/602 596/891/596
f 596/880/596 595/879/595 600/892/600
f 603/893/603 604/894/604 605/895/605
f 606/896/606 598/882/598 604/894/604
f 598/882/598 607/897/607 601/887/601
f 605/895/605 588/870/588 608/898/608
f 598/882/598 597/884/597 605/895/605
f 594/878/594 596/880/596 609/899/609
f 604/894/604 598/882/598 605/895/605
f 610/900/610 611/901/611 605/895/605
f 597/881/597 594/878/594 612/902/612
f 612/903/612 610/900/610 597/884/597
f 585/866/585 613/904/613 586/867/586
f 614/905/614 613/906/613 538/808/538
f 613/906/613 585/863/585 538/808/538
f 615/907/615 586/867/586 613/904/613
f 615/907/615 613/904/613 612/902/612
f 616/908/616 587/865/587 615/909/615
f 614/905/614 610/900/610 612/903/612
f 615/909/615 587/865/587 586/864/586
f 614/905/614 612/903/612 613/906/613
f 605/895/605 611/901/611 589/871/589
f 589/871/589 611/901/611 584/861/584
f 611/901/611 610/900/610 614/905/614
f 617/910/617 616/908/616 615/909/615
f 615/907/615 594/878/594 618/911/618
f 597/884/597 610/900/610 605/895/605
f 605/895/605 589/871/589 588/870/588
f 619/912/619 606/896/606 620/913/620
f 621/914/621 607/897/607 619/912/619
f 603/893/603 608/898/608 606/896/606
f 620/913/620 606/896/606 608/898/608
f 617/910/617 615/909/615 618/915/618
f 608/898/608 622/916/622 620/913/620
f 620/913/620 622/916/622 592/876/592
f 573/848/573 592/876/592 574/849/574
f 573/848/573 623/917/623 592/876/592
f 592/876/592 623/917/623 620/913/620
f 619/912/619 620/913/620 621/914/621
f 624/918/624 618/919/618 625/920/625
f 618/921/618 609/922/609 625/923/625
f 623/917/623 621/914/621 620/913/620
f 618/915/618 624/924/624 617/910/617
f 607/897/607 602/925/602 601/887/601
f 602/890/602 626/926/626 596/891/596
f 621/914/621 627/927/627 607/897/607
f 602/890/602 627/928/627 626/926/626
f 628/929/628 626/926/626 627/928/627
f 621/914/621 629/930/629 627/927/627
f 626/926/626 628/929/628 630/931/630
f 627/927/627 602/925/602 607/897/607
f 582/932/582 587/865/587 631/933/631
f 617/934/617 631/935/631 616/936/616
f 363/538/363 623/917/623 573/848/573
f 629/930/629 621/914/621 623/917/623
f 593/937/593 583/860/583 630/938/630
f 626/926/626 630/931/630 624/939/624
f 628/929/628 593/877/593 630/931/630
f 590/873/590 628/929/628 632/940/632
f 623/917/623 363/538/363 629/930/629
f 629/930/629 628/941/628 627/927/627
f 629/930/629 632/942/632 628/941/628
f 631/935/631 617/934/617 583/860/583
f 617/934/617 630/938/630 583/860/583
f 594/878/594 609/899/609 618/911/618
f 604/894/604 603/893/603 606/896/606
f 626/926/626 625/923/625 609/922/609
f 603/893/603 605/895/605 608/898/608
f 630/938/630 617/934/617 624/918/624
f 616/908/616 631/933/631 587/865/587
f 593/877/593 628/929/628 590/873/590
f 596/891/596 626/926/626 609/922/609
f 493/747/493 486/742/486 488/741/488
f 502/760/502 513/776/513 507/766/507
f 512/775/512 504/943/504 513/776/513
f 501/759/501 503/761/503 516/779/516
f 494/748/494 507/765/507 492/746/492
f 502/760/502 507/766/507 503/761/503
f 499/757/499 336/944/336 500/758/500
f 499/770/499 504/943/504 512/775/512
f 507/765/507 504/762/504 492/746/492
f 513/776/513 504/943/504 507/766/507
f 513/776/513 502/760/502 501/759/501
f 516/779/516 525/788/525 517/780/517
f 526/790/526 508/771/508 499/770/499
f 536/807/536 508/793/508 529/795/529
f 537/805/537 577/862/577 576/945/576
f 537/805/537 576/945/576 539/809/539
f 531/797/531 521/784/521 520/783/520
f 541/811/541 510/773/510 509/772/509
f 526/790/526 549/819/549 527/794/527
f 509/772/509 515/778/515 542/812/542
f 514/777/514 549/819/549 526/790/526
f 528/792/528 551/821/551 531/797/531
f 518/781/518 521/784/521 563/838/563
f 518/781/518 563/838/563 543/813/543
f 548/822/548 528/792/528 527/791/527
f 535/802/535 522/806/522 568/843/568
f 576/852/576 577/869/577 575/850/575
f 538/808/538 534/800/534 584/861/584
f 593/937/593 591/875/591 583/860/583
f 629/930/629 360/534/360 632/942/632
f 580/857/580 587/865/587 582/932/582
f 584/861/584 614/905/614 538/808/538
f 584/861/584 611/901/611 614/905/614
f 572/847/572 589/871/589 584/861/584
f 632/940/632 360/946/360 590/873/590
f 624/939/624 625/923/625 626/926/626
f 582/859/582 631/935/631 583/860/583
f 10/10/10 5/738/5 11/11/11
f 4/4/4 16/16/16 5/5/5
f 1/1/1 3/3/3 5/5/5
f 34/39/34 490/744/490 8/8/8
f 6/6/6 10/233/10 7/7/7
f 34/39/34 48/56/48 14/14/14
f 1/1/1 170/235/170 2/2/2
f 11/11/11 16/237/16 28/29/28
f 33/947/33 25/948/25 26/949/26
f 26/949/26 9/9/9 33/947/33
f 33/947/33 9/9/9 27/28/27
f 45/53/45 30/33/30 41/48/41
f 94/118/94 88/950/88 91/117/91
f 74/92/74 98/125/98 80/98/80
f 105/167/105 99/127/99 106/951/106
f 99/127/99 105/167/105 101/166/101
f 96/126/96 106/951/106 99/127/99
f 110/145/110 505/763/505 109/141/109
f 112/144/112 505/952/505 110/142/110
f 115/148/115 113/146/113 117/150/117
f 128/183/128 125/160/125 633/953/633
f 633/953/633 123/954/123 128/183/128
f 633/953/633 337/955/337 123/954/123
f 337/955/337 124/956/124 123/954/123
f 337/504/337 365/540/365 124/247/124
f 111/143/111 142/194/142 139/188/139
f 365/540/365 145/957/145 144/248/144
f 144/248/144 124/247/124 365/540/365
f 145/957/145 365/540/365 634/958/634
f 145/959/145 634/960/634 265/488/265
f 175/961/175 634/958/634 365/540/365
f 144/962/144 635/963/635 165/228/165
f 167/229/167 169/964/169 166/227/166
f 146/200/146 169/964/169 148/201/148
f 143/195/143 261/379/261 250/381/250
f 16/237/16 11/11/11 5/738/5
f 127/236/127 170/235/170 496/751/496
f 130/168/130 140/192/140 134/175/134
f 171/252/171 141/193/141 111/143/111
f 635/965/635 144/966/144 143/967/143
f 141/371/141 256/373/256 142/968/142
f 634/969/634 177/259/177 173/255/173
f 175/257/175 177/259/177 634/969/634
f 265/488/265 634/960/634 173/489/173
f 175/961/175 365/540/365 384/604/384
f 383/970/383 176/491/176 175/971/175
f 383/970/383 184/268/184 176/491/176
f 189/273/189 389/582/389 256/373/256
f 384/972/384 383/970/383 175/971/175
f 256/373/256 389/582/389 142/968/142
f 188/272/188 411/973/411 189/273/189
f 200/287/200 195/282/195 197/284/197
f 202/289/202 227/330/227 231/332/231
f 231/332/231 241/493/241 203/290/203
f 222/322/222 223/323/223 214/309/214
f 202/289/202 231/332/231 203/290/203
f 230/331/230 241/493/241 231/332/231
f 148/201/148 169/964/169 167/229/167
f 248/356/248 244/358/244 246/354/246
f 245/366/245 244/358/244 248/356/248
f 165/228/165 635/963/635 249/357/249
f 171/251/171 151/205/151 257/374/257
f 279/403/279 263/382/263 261/379/261
f 286/416/286 279/403/279 261/379/261
f 143/427/143 145/974/145 264/415/264
f 265/488/265 287/419/287 266/418/266
f 145/975/145 265/387/265 264/386/264
f 279/403/279 274/399/274 263/382/263
f 280/406/280 281/408/281 272/394/272
f 305/455/305 288/420/288 287/419/287
f 271/393/271 272/394/272 281/408/281
f 264/386/264 284/411/284 283/410/283
f 293/429/293 290/423/290 294/430/294
f 302/441/302 288/420/288 305/455/305
f 296/432/296 317/460/317 327/478/327
f 317/460/317 316/459/316 327/478/327
f 329/482/329 319/469/319 315/480/315
f 329/482/329 323/470/323 319/469/319
f 151/205/151 149/202/149 258/376/258
f 143/967/143 250/360/250 246/354/246
f 249/359/249 143/967/143 246/354/246
f 249/359/249 635/965/635 143/967/143
f 251/361/251 250/360/250 262/976/262
f 505/952/505 112/144/112 506/977/506
f 335/502/335 334/501/334 337/504/337
f 365/540/365 337/504/337 334/501/334
f 334/978/334 338/979/338 357/529/357
f 334/978/334 357/529/357 484/980/484
f 349/519/349 352/522/352 573/848/573
f 357/529/357 338/979/338 340/527/340
f 578/855/578 353/981/353 354/982/354
f 578/855/578 355/872/355 353/981/353
f 356/528/356 355/526/355 590/873/590
f 581/858/581 355/872/355 578/855/578
f 359/532/359 356/528/356 360/946/360
f 185/608/185 407/612/407 186/632/186
f 411/973/411 393/580/393 189/273/189
f 411/620/411 188/983/188 412/621/412
f 416/625/416 412/621/412 188/983/188
f 188/983/188 419/628/419 416/625/416
f 410/617/410 409/616/409 420/630/420
f 420/630/420 409/616/409 421/984/421
f 399/590/399 438/654/438 439/656/439
f 435/648/435 439/656/439 448/725/448
f 442/662/442 385/661/385 447/985/447
f 443/663/443 402/596/402 475/706/475
f 461/687/461 460/684/460 458/683/458
f 476/707/476 483/734/483 477/713/477
f 460/684/460 481/724/481 468/694/468
f 482/723/482 481/724/481 460/684/460
f 461/687/461 482/723/482 460/684/460
f 575/850/575 338/507/338 333/506/333
f 338/507/338 575/850/575 341/510/341
f 485/730/485 345/514/345 362/537/362
f 189/273/189 393/580/393 389/582/389
f 444/735/444 477/713/477 483/734/483
f 10/233/10 6/6/6 489/743/489
f 487/749/487 1/1/1 5/5/5
f 486/739/486 5/738/5 10/10/10
f 486/739/486 10/10/10 489/986/489
f 486/739/486 498/754/498 487/740/487
f 34/39/34 14/14/14 490/744/490
f 487/740/487 498/754/498 495/756/495
f 505/763/505 13/13/13 109/141/109
f 505/763/505 506/764/506 494/748/494
f 112/768/112 332/987/332 503/761/503
f 500/988/500 336/989/336 337/990/337
f 336/769/336 508/771/508 335/991/335
f 496/992/496 125/993/125 127/994/127
f 503/761/503 332/987/332 485/789/485
f 536/807/536 335/995/335 508/793/508
f 520/783/520 519/782/519 525/788/525
f 333/506/333 539/851/539 575/850/575
f 544/814/544 541/811/541 540/810/540
f 553/825/553 563/838/563 558/831/558
f 568/843/568 362/537/362 346/516/346
f 347/517/347 574/849/574 348/518/348
f 575/853/575 578/855/578 354/982/354
f 341/510/341 575/850/575 354/524/354
f 590/873/590 360/946/360 356/528/356
f 612/902/612 594/878/594 615/907/615
f 588/870/588 622/916/622 608/898/608
f 536/804/536 333/996/333 335/997/335
f 333/996/333 536/804/536 539/809/539
f 362/537/362 522/806/522 485/730/485
f 629/930/629 363/538/363 360/534/360
f 352/522/352 363/538/363 573/848/573
f 63/80/63 118/998/118 110/145/110
f 116/149/116 118/151/118 120/156/120
f 157/999/157 156/210/156 94/242/94
f 157/999/157 160/218/160 159/213/159
f 136/222/136 134/245/134 163/219/163
f 157/999/157 159/213/159 156/210/156
f 63/80/63 49/57/49 118/998/118
f 188/272/188 192/276/192 419/1000/419
f 229/329/229 240/348/240 198/285/198
f 219/317/219 229/329/229 198/285/198
f 275/397/275 241/493/241 273/398/273
f 241/493/241 275/397/275 276/492/276
f 293/429/293 259/377/259 290/423/290
f 447/985/447 370/547/370 371/546/371
f 447/985/447 385/661/385 370/547/370
f 385/661/385 372/1001/372 370/547/370
f 418/627/418 417/626/417 419/628/419
f 437/651/437 436/650/436 445/668/445
f 436/649/436 435/648/435 482/723/482
f 445/668/445 436/650/436 482/1002/482
f 445/668/445 482/1002/482 480/718/480
f 482/1002/482 461/717/461 480/718/480
f 495/756/495 497/755/497 496/992/496
f 501/759/501 516/779/516 511/774/511
f 542/812/542 541/811/541 509/772/509
f 571/846/571 348/518/348 592/876/592
f 592/876/592 622/916/622 571/846/571
f 571/846/571 622/916/622 588/870/588
f 607/897/607 598/882/598 619/912/619
f 619/912/619 598/882/598 606/896/606
f 496/992/496 497/755/497 500/988/500
f 168/1003/168 163/219/163 134/245/134
f 168/1003/168 164/223/164 163/219/163
f 118/998/118 49/57/49 120/154/120
f 168/1003/168 134/245/134 140/1004/140
f 261/379/261 143/195/143 286/416/286
f 419/628/419 192/1005/192 190/629/190
f 416/625/416 419/628/419 417/626/417
f 500/988/500 337/990/337 633/1006/633
f 633/1006/633 496/992/496 500/988/500
f 633/1006/633 125/993/125 496/992/496
f 287/419/287 312/494/312 331/496/331
