# www.textures.com
v -2.244978 -0.003610 0.077984
v -2.191116 -0.047682 0.086602
v -2.226853 -0.169132 0.079348
v -2.238456 -0.168867 0.214292
v -2.235394 0.125905 0.261601
v -2.252339 0.080940 0.172822
v -2.215470 0.362526 0.223874
v -2.200958 0.236654 0.060958
v -2.013343 0.155734 0.060197
v -2.095540 -0.046217 0.056431
v -2.152761 0.060067 -0.000727
v -2.072439 0.258206 0.000692
v -1.994600 0.480999 0.038680
v -1.976171 0.303954 0.089255
v -2.188082 0.352946 0.050129
v -2.188888 0.494932 0.109054
v -2.244592 0.003054 0.345539
v -2.213511 0.275465 0.363208
v -2.237642 0.094918 0.485632
v -2.214175 -0.001199 0.644971
v -2.199986 0.284864 0.563364
v -2.180914 0.611187 0.285168
v -1.961001 0.572192 0.068994
v -2.173826 0.595351 0.090453
v -2.090717 0.781769 0.678785
v -1.985066 0.911139 0.837754
v -2.015991 0.968681 0.685439
v -2.139317 0.559228 0.653214
v -2.131650 0.741839 0.470132
v -2.182920 0.479347 0.468615
v -2.095192 0.691064 0.809727
v -2.161441 0.337935 0.725741
v -2.120612 0.408271 0.872432
v -2.219647 0.113365 0.823686
v -1.913078 0.875423 0.063380
v -1.989558 0.786601 0.086376
v -2.072262 0.881961 0.048391
v -1.974634 0.636122 0.038375
v -1.841266 0.735318 0.033927
v -2.126159 0.771792 0.077962
v -2.023435 1.111586 0.056289
v -2.086414 0.974044 0.196365
v -2.067516 0.631406 0.033438
v -1.799374 0.926752 0.163448
v -1.640301 0.974246 0.075170
v -1.744886 0.880402 0.060402
v -1.691263 0.688081 0.050599
v -1.776481 1.033141 0.052905
v -1.813842 0.502028 0.027474
v -1.854859 1.047217 0.007297
v -1.723216 0.613401 0.020660
v -2.137138 0.822861 0.260556
v -2.036473 1.017101 0.469730
v -1.542674 0.587415 0.000695
v -1.655965 0.368711 -0.002502
v -1.414426 0.697133 0.022850
v -1.429763 0.554187 0.030381
v -1.588371 0.382632 0.048346
v -1.657894 0.909011 0.019893
v -1.780973 1.161108 0.098297
v -1.630565 1.140709 0.032742
v -1.192048 0.965849 0.053590
v -1.115611 0.964343 0.068680
v -1.216771 0.885920 0.115021
v -1.511440 1.013352 0.042888
v -1.421452 0.919459 0.016470
v -1.038307 0.936618 0.174282
v -1.232736 1.169570 0.068357
v -1.415556 0.840472 0.049724
v -1.171300 0.802475 0.067302
v -1.466690 1.163975 0.022926
v -1.069858 1.204302 0.098481
v -0.890080 1.086680 0.091000
v -1.747549 1.654862 0.125936
v -1.759062 1.594615 0.046454
v -1.865323 1.435641 0.069459
v -1.674734 1.319742 0.038532
v -1.664626 1.544882 0.004996
v -1.591121 1.562766 0.092383
v -1.854459 1.471316 0.245585
v -1.890283 1.364187 0.091995
v -1.818150 1.333199 0.061610
v -1.960793 1.223064 0.084335
v -1.888690 1.216690 0.028344
v -1.417314 1.695076 0.046530
v -1.325352 1.501287 0.059418
v -1.898006 1.289403 0.015642
v -1.415082 1.378181 0.132932
v -1.762439 1.584294 0.309302
v -1.540218 1.390733 0.013303
v -1.657863 1.621185 0.108707
v -1.693622 1.692133 0.074312
v -1.607120 1.797813 0.201213
v -1.586122 1.708029 0.041147
v -2.017518 1.158203 0.251517
v -1.319726 1.203255 0.068423
v -1.291678 1.476968 0.099019
v -1.190265 1.374991 0.090577
v -1.026353 1.490903 0.085021
v -0.940087 1.287062 0.062213
v -1.903148 1.181889 0.775687
v -1.844107 1.326563 0.718909
v -1.955798 1.187746 0.555895
v -1.825292 1.428764 0.500683
v -1.805211 1.344050 0.935629
v -1.900826 1.309858 0.441146
v -1.999933 1.123567 0.374146
v -1.901058 1.126430 0.940450
v -1.973411 0.927229 0.982289
v -1.798167 1.409021 1.118894
v -1.645214 1.615916 1.065097
v -1.700783 1.573794 0.502130
v -1.601197 1.714261 0.507381
v -1.640670 1.699492 0.373495
v -1.652793 1.625153 0.644317
v -1.501102 1.814146 0.635180
v -1.778148 1.476727 0.588635
v -1.501593 1.796784 0.729974
v -1.343220 1.913770 0.836179
v -1.656738 1.585009 0.847480
v -1.445401 1.890344 0.447341
v -1.318352 1.946739 0.616806
v -1.557261 1.736582 0.931013
v -1.436509 1.837182 1.016911
v -1.216558 1.962577 0.886578
v -1.220428 1.980438 1.220055
v -1.307799 1.938560 1.074584
v -1.316332 1.943354 1.204971
v -1.467408 1.797928 1.222203
v -2.177257 -0.473077 0.403365
v -2.206680 -0.331789 0.179042
v -2.157377 -0.598693 0.264311
v -2.137269 -0.543722 0.027039
v -2.209718 -0.368374 0.068436
v -2.166984 -0.373141 0.034076
v -2.142949 -0.648407 0.108953
v -2.104825 -0.886673 0.254636
v -2.146348 -0.255972 0.107020
v -2.036293 -0.290963 0.053973
v -1.812285 -0.605573 0.078732
v -2.028801 -0.680568 0.086053
v -1.974432 -0.449779 0.075807
v -1.896923 -0.178158 0.037889
v -1.795872 -0.401572 0.001497
v -2.092251 -0.753542 0.048394
v -2.003145 -0.918488 0.058874
v -2.110446 -0.577825 0.081014
v -1.873028 -0.735960 0.080974
v -2.000830 0.017628 0.084648
v -1.898580 -0.070393 -0.005003
v -2.051844 -0.949726 0.055173
v -2.211628 -0.266015 0.405762
v -2.132104 -0.760939 0.401035
v -2.198769 -0.357196 0.601776
v -2.222774 -0.127360 0.632622
v -1.741780 -0.464103 0.048475
v -1.749940 -0.139025 0.009663
v -1.726989 -0.282409 0.090700
v -1.634936 -0.219595 0.042502
v -1.880427 -1.267364 0.037060
v -1.876409 -1.350694 0.192587
v -1.988527 -1.111566 0.084828
v -1.997930 -1.129928 0.299487
v -1.646508 -1.114713 0.045708
v -1.617417 -0.917388 0.056006
v -1.435739 -1.037844 0.053439
v -1.316432 -1.281664 0.026898
v -1.584085 -1.292495 0.036392
v -1.837577 -1.121750 0.038314
v -1.808558 -1.194098 0.113899
v -1.883767 -1.138661 0.187241
v -1.701020 -1.278992 0.033936
v -1.743826 -1.345510 0.090465
v -1.898859 -1.184848 0.117748
v -1.952985 -1.079212 0.061062
v -1.919739 -0.945466 0.064933
v -1.606461 -1.476309 0.045468
v -1.770423 -1.405923 0.045504
v -1.744176 -1.469796 0.187983
v -1.664155 -1.521086 0.083008
v -1.252008 -1.020107 0.135748
v -1.068463 -1.121670 0.182904
v -1.227522 -1.081217 0.036823
v -1.166495 -1.067203 0.046066
v -1.369310 -0.963937 0.058164
v -1.453715 -0.937990 0.153331
v -2.068309 -0.959268 0.485656
v -1.668703 -0.811651 0.059874
v -1.593438 -0.854604 0.189816
v -1.235811 -0.813022 0.034962
v -1.549456 -0.825360 0.039176
v -1.144663 -0.545699 0.031709
v -1.601762 -0.671672 0.018656
v -1.651076 -0.704280 0.107687
v -1.014297 -0.886910 0.024061
v -0.441679 0.173904 0.194688
v -0.380820 0.307734 0.149984
v -0.330289 0.273884 0.077484
v -0.659362 0.506460 0.096968
v -0.603023 0.319248 0.143496
v -0.751871 0.356464 0.190317
v -0.190876 -0.054407 0.202378
v -0.235017 -0.144707 0.064149
v -0.435528 0.031087 0.048181
v -0.135463 0.134911 0.045669
v -0.271331 0.065240 0.097798
v -0.257953 0.208763 -0.024486
v -0.395749 0.441450 -0.025114
v -0.365102 0.472214 -0.026844
v -0.459272 0.277109 0.230434
v -0.626484 0.244082 0.226313
v -0.596741 0.293700 0.295661
v -0.385563 0.100749 0.169441
v -0.482060 0.316766 0.090213
v -0.402495 0.416365 0.065938
v 0.067357 0.038110 0.002296
v -0.017258 0.033489 0.137701
v -0.006798 0.119266 -0.008335
v -0.064782 0.354026 -0.018988
v 0.088710 0.522121 -0.025034
v 0.105331 0.195839 -0.017798
v -0.434209 0.573670 0.080910
v -0.746082 1.057575 0.116319
v -0.854125 1.003044 0.064294
v -0.737466 1.137255 0.085088
v -0.665411 1.076798 0.190265
v -0.599685 0.830638 0.102351
v -0.754275 0.828456 0.103767
v -0.573615 0.615674 0.156966
v -0.495693 0.671190 0.237748
v -0.754191 0.565860 0.153729
v -0.779363 0.459727 0.280581
v -0.900292 0.521247 0.125398
v -0.334340 0.787863 -0.017506
v -0.398207 0.716869 0.096282
v -0.360400 0.813757 0.105615
v -1.018611 0.858054 0.115599
v -0.838614 0.783802 0.118527
v -0.696663 0.646151 0.171310
v -0.794715 0.677995 0.112862
v -0.556284 1.003231 0.086816
v -0.421662 0.660821 0.180237
v -1.321210 0.270108 0.114014
v -1.229813 0.459035 0.218602
v -1.193240 0.473782 0.073181
v -1.560708 -0.024893 0.204518
v -1.645654 -0.092324 0.076837
v -1.558439 0.152308 0.110356
v -1.715259 0.111212 0.048394
v -1.668247 0.297774 0.079647
v -1.495283 0.209905 0.066458
v -1.322056 0.368785 0.083247
v -1.266405 0.354198 0.061909
v -1.381316 0.175542 0.052871
v -1.791300 0.209815 0.060965
v -1.803034 -0.048353 0.086965
v -1.491551 -0.035106 0.050684
v -1.271331 0.071495 0.052340
v -1.274230 -0.304142 0.038646
v -1.486135 0.130622 0.282249
v -1.469594 0.080609 0.228229
v -0.937852 -0.582804 0.032780
v -1.025989 -0.298743 0.041404
v -0.769993 -0.369625 0.043986
v -0.971923 0.419560 0.088426
v -0.969817 0.290194 0.066157
v -0.622945 -0.737445 0.033152
v -0.777935 0.316836 0.077635
v -0.644749 0.167652 0.069432
v -0.678773 0.044831 0.061508
v -0.482754 -0.135691 0.056938
v -1.267065 0.521479 0.237034
v -1.103094 0.598211 0.145985
v -1.079126 0.513496 0.135218
v -1.344012 0.517653 0.124472
v -1.187708 0.569773 0.036690
v -1.047351 0.674222 0.124424
v -1.383161 1.950079 0.162404
v -1.452847 1.919199 0.164676
v -1.259357 2.011856 0.294832
v -1.306896 1.934989 0.075658
v -1.356924 1.926071 0.058220
v -1.170434 2.043334 0.084509
v -1.198789 1.852132 0.044744
v -1.144372 1.924848 0.091823
v -1.202322 1.754895 0.090400
v -1.010311 2.110668 0.075871
v -1.089729 2.064980 0.087931
v -1.335303 1.860472 0.027940
v -1.152551 2.052836 0.133984
v -1.017003 2.085730 0.281156
v -1.084486 1.959030 0.148857
v -1.546941 1.848621 0.075470
v -1.480271 1.849602 0.048356
v -1.193211 2.031186 0.488909
v -1.324724 1.718609 0.141484
v -0.896931 2.121604 0.156006
v -0.928963 2.113405 0.447962
v -0.964002 2.060366 0.640323
v -1.077569 2.013737 0.785064
v -1.132339 1.983185 0.960231
v -0.879696 2.065038 0.918943
v -0.979154 2.025832 1.052585
v -0.846752 2.120012 0.323721
v -0.836271 2.106133 0.595588
v -0.345074 2.150961 0.691692
v -0.333366 2.173799 0.919828
v -0.155937 2.190220 0.809062
v -0.713162 2.117293 0.445401
v -0.497402 2.138771 0.856053
v -0.588663 2.141401 1.009164
v -0.674437 2.133028 0.845576
v -0.607508 2.126255 0.623653
v -0.376399 2.153267 0.502561
v -0.843094 2.075583 0.814556
v -0.578950 2.126121 0.377035
v -0.588055 2.129618 1.231024
v -0.816468 2.074126 1.068121
v -0.759231 2.141266 1.254502
v -0.975498 2.059987 1.167656
v -0.394019 2.154118 1.128222
v -0.099600 2.176416 1.004875
v -0.238622 2.184809 1.240934
v 0.084121 2.172305 0.864892
v 0.119385 2.185636 1.017266
v -0.007100 2.190805 0.675086
v 0.007119 2.190875 1.184590
v -0.492905 1.770647 0.010461
v -0.567733 1.631320 0.088171
v -0.658523 1.715403 0.053005
v -1.055161 1.669637 0.089680
v -1.040918 1.869122 0.075632
v -0.828983 1.786427 0.093336
v -0.893613 1.617741 0.078126
v -0.726500 1.404897 0.060901
v -0.366997 1.609298 0.091632
v -0.391320 1.367984 0.129776
v -0.404687 1.528108 0.036472
v -0.898685 1.477295 0.075123
v -0.648769 1.429056 0.074520
v -0.733875 1.256146 0.064493
v -0.200958 1.465618 0.049268
v -0.257460 1.369845 0.154482
v -0.351845 1.296146 0.100193
v -0.221153 1.363969 0.007500
v -0.563621 1.100442 0.042608
v -0.469230 1.244228 0.068221
v -0.476016 1.065662 0.011624
v -0.473950 1.390253 0.037187
v -0.046865 0.728927 -0.007718
v -0.229325 0.824639 0.064657
v -0.223221 1.137672 0.075902
v -0.253679 1.274727 0.025407
v -0.152303 1.194896 0.004175
v -0.316034 0.972154 0.031052
v -0.214107 1.034376 0.126291
v -0.791266 1.962823 0.066552
v -0.228417 0.730621 -0.027818
v -1.175730 1.637306 0.088852
v -0.807787 1.123602 0.061395
v -0.181394 0.917516 0.023073
v -0.148448 1.153748 0.219631
v 0.040309 1.154907 -0.001033
v 0.017765 1.102346 0.116475
v -0.081759 1.275743 0.040127
v -0.097159 1.067195 0.027701
v 0.010819 1.036632 0.023610
v 0.004668 0.775088 0.074028
v 0.008508 0.909059 0.003008
v 0.037924 0.708627 0.009185
v -0.101600 1.434831 -0.001314
v -0.001732 1.298459 -0.009238
v -0.023046 1.408696 0.020297
v -0.147934 1.684654 -0.007519
v -0.216852 1.571085 0.027308
v -0.251337 1.860994 -0.008269
v -0.335563 1.719367 0.031017
v -0.410745 1.877297 0.014663
v 0.028950 2.164714 0.253872
v -0.211407 2.192467 0.166591
v -0.169301 2.162600 0.321878
v -0.471711 2.159781 0.194477
v -0.394052 2.153581 0.317391
v -0.664718 2.112097 0.209733
v -0.326620 2.020293 0.016058
v -0.173849 2.002658 0.013706
v -0.519406 2.066475 0.052013
v -0.642560 1.944646 0.053593
v -0.599959 2.008405 0.111255
v -0.725109 2.100501 0.059498
v -0.354980 2.214523 0.048846
v -0.185989 2.207605 0.056769
v -0.190084 2.070815 -0.013401
v -0.370955 2.168497 0.023327
v -0.538571 2.174766 0.047468
v -0.546577 2.177247 0.093126
v -0.665433 2.179197 0.086785
v -0.587120 2.125030 0.105293
v 0.835977 2.102981 0.047138
v 0.811833 2.050527 0.062817
v 0.695494 2.131757 0.029537
v -0.793858 2.164572 0.073549
v -0.793244 2.149429 0.064909
v -0.938519 2.103547 0.094726
v -0.206794 2.149868 0.523430
v -0.098778 1.899285 0.013704
v 0.027383 2.065677 0.063549
v 0.029907 1.628550 0.000929
v -0.017058 1.830378 -0.017678
v -0.006577 1.728370 -0.014770
v -0.009074 2.187515 0.051008
v 0.097698 2.157819 0.515989
v 0.401440 0.807789 -0.006309
v 0.666377 0.841002 -0.016681
v 0.424330 0.536990 -0.016891
v 0.366099 1.108428 0.007667
v 0.124787 0.851358 -0.007419
v 0.186724 1.070844 0.007472
v 0.526877 1.151065 0.153620
v 0.543465 1.162706 0.001511
v 0.622281 1.259696 -0.007119
v 0.702148 1.190846 0.032774
v 0.471432 1.348448 -0.013415
v 0.120297 0.539271 -0.014957
v 0.321811 1.197783 0.147706
v 0.578936 1.057735 -0.023499
v 0.769503 1.144056 -0.021645
v 0.193619 1.122590 0.140569
v 0.199763 1.164424 -0.016218
v 0.842420 0.990452 -0.011523
v 0.219574 1.291940 -0.025506
v 0.905511 0.799434 -0.009383
v 0.631652 0.512811 -0.008312
v 0.788122 1.315124 -0.060114
v 0.707496 1.677831 -0.011990
v 0.879611 1.766212 -0.025025
v 0.806525 1.541576 -0.007799
v 0.397240 1.659362 -0.035333
v 0.212405 1.679074 0.032772
v 0.474594 1.728239 0.019544
v 0.223291 1.323506 0.051328
v 0.088476 1.440393 0.072301
v 0.188926 1.415601 0.103218
v 0.651385 1.438421 0.002913
v 0.204312 1.797527 -0.007919
v 0.426714 1.839265 -0.039306
v 0.525154 1.510124 -0.004092
v 0.578510 1.818654 -0.033994
v 0.345029 1.491810 0.012527
v 0.078533 1.545433 0.008453
v 0.778527 1.454477 0.008568
v 0.970890 1.304278 -0.023219
v 0.979996 1.183897 -0.015238
v 0.899952 1.214556 0.015345
v 1.027822 1.021067 0.139769
v 0.975830 0.890806 0.002544
v 1.029677 1.718669 -0.024867
v 0.924166 1.559636 -0.031849
v 1.051402 1.448339 -0.040302
v 0.956210 1.401663 0.006736
v 1.359471 1.386014 0.028569
v 1.178527 1.340628 -0.039181
v 1.144776 1.605911 -0.040035
v 1.418850 1.284333 -0.017007
v 1.354704 1.151802 -0.010941
v 1.175106 1.215600 0.008986
v 1.333036 1.575077 -0.022141
v 1.491228 1.546915 -0.022790
v 1.582095 1.439553 -0.034026
v 1.076433 1.103718 0.037985
v 1.181402 1.023979 -0.029031
v 1.199674 1.726938 0.003900
v 1.137620 1.851992 0.022151
v 1.340158 1.765572 0.098058
v 1.569328 1.579363 0.006391
v 1.676406 1.458500 0.014116
v 1.580135 1.537468 0.021241
v 1.227362 1.593985 0.061438
v 1.649692 1.528883 0.145096
v 1.450040 1.744902 0.116243
v 1.438254 1.684675 0.037849
v 1.418738 1.728936 0.026507
v 1.414093 1.558412 0.143410
v 1.445702 1.664774 0.125400
v 1.398584 1.783368 0.031210
v 1.539021 1.683023 0.236601
v 1.515289 1.697616 0.422488
v 1.642672 1.567635 0.309403
v 0.788146 1.921203 -0.005168
v 0.745602 2.045194 0.014930
v 0.257341 1.988138 0.074306
v 0.277942 1.920413 -0.021790
v 0.179658 1.881528 0.010425
v 0.095891 2.084965 -0.013695
v 0.922500 1.914208 0.014957
v 0.368242 1.977144 -0.008941
v 0.513910 1.967453 0.073648
v 0.574287 2.015609 -0.033249
v 0.265353 2.100488 0.007256
v 0.872324 2.097820 0.193263
v 0.596812 2.183120 0.169972
v 0.805760 2.101984 0.319207
v 0.369583 2.175524 0.021903
v 0.402312 2.148320 0.258830
v 0.219126 2.184869 0.160912
v 0.558309 2.154312 0.019770
v 0.279053 2.201510 0.013275
v 0.149931 2.184627 0.030854
v 0.628935 2.128143 0.026302
v 0.725379 2.073575 0.088703
v 0.976197 2.078950 0.003068
v 0.874881 2.081240 0.006172
v 0.604759 2.160952 0.410995
v 0.445050 2.162449 0.469402
v 1.031338 2.036909 0.369875
v 0.294595 2.171918 0.464993
v 1.098865 2.036067 0.174531
v 1.302536 1.923377 0.179605
v 1.322367 1.841232 0.031054
v 1.238375 1.917775 0.000251
v 1.133548 1.976326 0.004330
v 1.273247 1.953501 0.446758
v 0.182409 2.183795 0.719073
v 0.358340 2.156994 0.650194
v 0.817783 2.119601 0.560689
v 0.647441 2.146070 0.604660
v 0.609166 2.168932 0.779989
v 1.041954 2.019355 0.808121
v 0.822081 2.101968 0.876945
v 1.139628 1.983163 1.024958
v 0.903826 2.103137 1.098431
v 1.029750 2.041815 0.664314
v 1.085020 2.027117 0.518831
v 0.701616 2.157464 1.094441
v 0.580681 2.172857 0.937207
v 0.495843 2.204388 1.047438
v 0.353289 2.197864 0.880001
v 0.263978 2.181518 1.235903
v 1.243931 1.940891 0.592796
v 1.279726 1.899927 0.844674
v 1.391637 1.791354 0.607901
v 1.479231 1.740439 0.831602
v 1.398147 1.819666 0.428053
v 1.332994 1.863968 1.027750
v -1.775299 -1.366440 0.550170
v -1.943435 -1.190322 0.688008
v -1.985865 -1.144741 0.516151
v -1.823304 -1.324090 0.411245
v -1.807362 -1.277202 0.947680
v -1.976282 -1.084851 0.950311
v -1.843056 -1.265036 0.805407
v -2.085466 -0.915790 0.743043
v -2.170297 -0.644334 0.628674
v -2.083133 -0.832977 0.966252
v -2.154794 -0.650106 0.807091
v -2.190850 -0.347823 0.809346
v -2.141251 -0.631778 1.016968
v -2.103826 -0.772835 1.122986
v -2.151764 -0.567077 1.203121
v -2.020097 -0.949941 1.151708
v -1.955908 -1.069804 1.242637
v -2.082215 -0.837652 1.299757
v -1.935731 -1.087701 1.488668
v -2.112098 -0.784031 1.473832
v -2.034451 -0.996959 1.577792
v -2.115668 -0.785447 1.599747
v -2.188489 -0.561774 1.498473
v -1.985315 -0.954408 1.617422
v -1.991293 -0.739461 1.628702
v -1.837658 -0.833361 1.608438
v -1.811437 -0.958331 1.633572
v -2.168350 0.210453 0.951461
v -2.223452 -0.072267 1.055251
v -2.228588 -0.242990 1.436632
v -2.198966 0.059927 1.398323
v -2.215646 -0.018485 1.198040
v -2.220451 -0.402429 1.308653
v -2.215353 -0.239387 1.195668
v -2.181910 -0.326860 1.022524
v -2.190359 -0.126827 0.863943
v -2.171117 0.177890 1.090808
v -2.255813 -0.149481 1.542612
v -2.223598 0.082004 1.530618
v -2.127842 -0.424186 1.596825
v -2.091936 -0.587834 1.627928
v -1.993667 -0.509866 1.607406
v -2.203322 -0.246441 1.508027
v -2.229442 -0.313245 1.552046
v -2.212014 -0.390837 1.549915
v -2.169253 -0.428168 1.484328
v -1.918342 -0.570514 1.618143
v -2.186785 -0.560537 1.591648
v -2.140645 0.262287 1.228292
v -2.105032 0.471192 1.017553
v -1.894155 -0.367880 1.627713
v -1.957007 -0.239834 1.616693
v -2.052856 -0.106585 1.567741
v -1.960863 -0.124558 1.540514
v -1.690992 -0.499750 1.677636
v -1.608376 -0.675125 1.626736
v -1.667412 -0.464267 1.620118
v -1.771189 -0.339356 1.664949
v -1.735487 -0.249329 1.574053
v -1.658650 -0.146826 1.607157
v -1.625436 -0.071893 1.570317
v -1.763901 -0.113930 1.630501
v -1.751209 -0.804832 1.660365
v -1.683590 -0.706250 1.683076
v -1.830824 -0.072619 1.584254
v -1.943294 0.040835 1.642379
v -2.169422 0.130149 1.596283
v -2.200596 0.264455 1.553853
v -2.076232 0.284457 1.611926
v -2.174054 0.296612 1.424771
v -2.024222 0.155192 1.594088
v -2.140972 -0.030473 1.618949
v -1.979972 0.259589 1.564052
v -1.881917 0.157441 1.666259
v -1.732976 0.106121 1.559437
v -1.813620 0.128755 1.600260
v -1.622046 0.345402 1.676066
v -1.823852 0.191572 1.631705
v -1.653040 0.232242 1.595821
v -1.559532 0.086357 1.609657
v -1.508827 -0.092449 1.430454
v -1.364840 0.069597 1.280754
v -1.484164 -0.035470 1.260977
v -1.419058 0.116741 1.088035
v -1.406669 -0.135432 1.619693
v -1.280712 -0.250587 1.623862
v -1.097508 0.113154 1.620036
v -1.374209 -0.014785 1.455900
v -0.912949 -0.210028 1.623373
v -1.597889 -0.096790 1.473470
v -1.443708 -0.106326 1.610398
v -1.427456 -0.453821 1.629240
v -1.528236 -0.025370 1.490145
v -1.501503 0.020377 1.280358
v -1.541665 0.160426 1.225885
v -1.514925 0.288082 1.194815
v -1.482708 0.197551 1.451392
v -1.521084 0.099314 1.456664
v -1.507172 0.271811 1.590058
v -1.532762 0.357508 1.383599
v -1.435324 0.288911 1.095138
v -1.337890 0.085941 1.441181
v -1.372149 0.286411 1.300418
v -1.385577 0.268600 1.157500
v -1.318380 0.038638 1.606900
v -1.301205 0.242526 1.613461
v -1.344830 0.280333 1.488591
v -1.423906 0.378074 1.179472
v -1.334778 0.425888 1.308339
v -1.976617 1.006705 1.164534
v -2.027899 0.907226 1.226382
v -1.937305 1.066454 1.280037
v -2.016145 0.812640 0.970054
v -2.064398 0.745103 1.319820
v -2.011059 0.949826 1.460373
v -1.905731 1.198826 1.181312
v -2.106472 0.749520 1.538286
v -2.100710 0.601980 1.375647
v -2.178885 0.466240 1.555415
v -2.129847 0.639607 1.574322
v -2.041195 0.655526 1.065555
v -2.089398 0.516793 1.165604
v -2.110175 0.411268 1.307679
v -2.069777 0.763106 1.588648
v -2.034091 0.590682 1.595043
v -2.060223 0.902017 1.578449
v -1.647875 0.829331 1.621163
v -1.734717 0.763874 1.616479
v -1.669502 0.591783 1.621327
v -1.912742 0.553733 1.619250
v -1.802814 0.507338 1.616533
v -1.937595 0.879552 1.596673
v -1.896267 0.780108 1.578263
v -1.836515 0.869796 1.613606
v -1.646071 0.825385 1.482458
v -1.747820 0.887637 1.513542
v -1.783922 0.994104 1.625001
v -1.680875 0.966381 1.648280
v -2.017929 0.444988 1.572513
v -1.962449 0.391824 1.641992
v -1.679988 0.453918 1.690497
v -1.460149 0.831432 1.542676
v -1.378252 0.900693 1.638870
v -1.569348 0.943724 1.571220
v -1.506164 0.848173 1.643034
v -1.492127 0.496035 1.593072
v -1.459312 0.652475 1.664533
v -1.561256 0.561787 1.620605
v -1.332447 0.607509 1.321923
v -1.298648 0.557481 1.321563
v -1.164454 0.614010 1.430780
v -1.195130 0.665453 1.509013
v -1.368117 0.483554 1.331904
v -1.341403 0.621031 1.641683
v -1.302298 0.482948 1.489172
v -1.205546 0.547518 1.458693
v -1.199599 0.705284 1.602846
v -1.107991 0.659186 1.540178
v -1.059454 0.722859 1.456440
v -1.102157 0.560829 1.576041
v -1.201976 0.770404 1.503662
v -1.157017 0.886861 1.337506
v -1.066367 0.914555 1.305863
v -1.309559 0.472968 1.613701
v -1.185054 0.910180 1.606567
v -1.232343 0.979263 1.640402
v -0.985418 0.701168 1.565162
v -1.019309 0.942565 1.614478
v -1.045264 0.917582 1.485208
v -1.435390 0.644572 1.553850
v -1.385488 0.786708 1.652721
v -1.664590 1.577171 1.276445
v -1.750997 1.482909 1.412376
v -1.548272 1.715919 1.438828
v -1.880721 1.308955 1.557255
v -1.827343 1.434335 1.581063
v -1.705305 1.561158 1.557607
v -1.814923 1.358466 1.275077
v -1.854620 1.275964 1.444955
v -1.918278 1.189963 1.600977
v -1.943401 1.112135 1.464714
v -1.953271 1.126633 1.564946
v -1.874283 1.101667 1.600454
v -1.668837 1.464436 1.615991
v -1.611542 1.323681 1.610826
v -1.604058 1.422506 1.560401
v -1.489818 1.332158 1.586683
v -1.776146 1.275157 1.613393
v -1.712375 1.150782 1.593959
v -1.618802 1.501224 1.509295
v -1.546501 1.458404 1.618338
v -1.331132 1.930091 1.571608
v -1.458933 1.810587 1.590545
v -1.346546 1.888562 1.551794
v -1.723582 1.042740 1.545407
v -1.610180 1.697911 1.582202
v -1.464746 1.162400 1.526747
v -1.367347 1.186666 1.527753
v -1.438497 1.299477 1.465755
v -1.576994 1.087640 1.629165
v -1.354981 1.284208 1.618789
v -1.354156 1.390114 1.544721
v -1.319932 1.164153 1.634740
v -0.972415 1.369099 1.634299
v -1.105741 1.412428 1.608051
v -1.090696 1.220614 1.624824
v -1.272582 1.364018 1.599878
v -1.250266 1.586392 1.610859
v -1.186645 1.116674 1.637450
v -1.080406 1.486783 1.608374
v -0.982632 2.080373 1.292756
v -1.157508 2.056015 1.466062
v -1.350989 1.903863 1.411107
v -1.532578 1.794420 1.543389
v -1.090400 1.644919 1.602255
v -1.066509 1.840583 1.570313
v -1.252305 1.776102 1.580557
v -1.212528 2.024396 1.569446
v -1.108142 2.090549 1.570393
v -1.473953 1.578846 1.606295
v -1.337119 1.710717 1.610173
v -1.326948 1.643197 1.558380
v -1.124220 1.927125 1.574797
v -1.218243 1.997113 1.555342
v -0.981101 1.179547 1.641166
v -0.704359 1.115890 1.648518
v -0.604941 1.052439 1.486179
v -0.592292 1.057378 1.622460
v -0.807153 1.082595 1.541659
v -0.778544 1.239644 1.647970
v -0.817913 1.124561 1.635606
v -0.653437 1.024189 1.334565
v -0.749547 0.904626 1.480273
v -0.645882 0.895221 1.474959
v -0.940252 1.065390 1.601061
v -0.875114 0.995532 1.435588
v -0.748223 1.014493 1.306507
v -0.930414 0.947299 1.606946
v -0.768744 0.863153 1.600843
v -0.569655 1.146616 1.668502
v -0.554299 1.146997 1.610551
v -0.504453 1.310796 1.644426
v -0.694608 1.357886 1.664239
v -0.433532 1.263349 1.619858
v -0.513404 1.252661 1.566488
v -0.774116 1.339389 1.535561
v -0.467156 1.310127 1.471906
v -0.675620 1.412259 1.627453
v -0.868314 1.412813 1.601860
v -0.528390 1.389726 1.649175
v -0.657683 1.613010 1.628937
v -0.582006 0.890751 1.694245
v -0.586210 1.036909 1.735435
v -0.597025 1.013640 1.651766
v -0.654089 0.868836 1.589270
v -0.404655 0.906981 1.669963
v -0.757357 0.710521 1.587918
v -0.456478 0.775241 1.570991
v -0.616132 0.547958 1.555968
v -0.794845 0.632234 1.561949
v -0.964637 0.464542 1.549040
v -0.490203 0.540748 1.523497
v -0.514647 0.665912 1.464776
v -0.715595 0.502045 1.579503
v -0.725640 0.378351 1.571218
v -0.943821 0.406990 1.584542
v -0.439831 0.588144 1.620077
v -0.681338 0.236889 1.442684
v -0.574955 0.202163 1.472262
v -0.558998 0.324665 1.470623
v -0.706467 0.319527 1.383678
v -0.430532 0.371424 1.603287
v -0.547507 0.353035 1.615258
v -0.729445 0.213784 1.590728
v -0.910504 0.290243 1.631632
v -0.435811 0.693500 1.596815
v -0.313422 0.821213 1.611919
v -0.378271 0.784449 1.686840
v -0.192229 0.613568 1.715067
v -0.269312 0.780625 1.705690
v -0.371913 0.447883 1.724795
v -0.312014 1.171235 1.597311
v -0.288361 1.068320 1.445718
v -0.222682 1.099073 1.439295
v -0.161455 1.151404 1.568516
v -0.295886 0.987897 1.509487
v -0.376684 0.957791 1.611377
v -0.322569 0.922496 1.437451
v -0.279768 1.063384 1.640208
v -0.219589 1.024410 1.560587
v -0.118783 1.160519 1.474071
v -0.076059 1.130304 1.537040
v -0.014235 0.857081 1.686089
v -0.027504 1.022886 1.667904
v -0.094211 0.741527 1.740037
v -0.092649 1.096343 1.647726
v -0.260074 0.940301 1.673933
v -0.429059 0.960097 1.646804
v 0.043371 1.104688 1.575700
v 0.192151 1.123645 1.611846
v -0.081062 0.767180 1.645659
v -0.178309 1.236647 1.695989
v -0.315206 1.291331 1.651605
v -0.073584 1.277119 1.699671
v 0.016987 1.158867 1.637263
v -0.198192 1.410152 1.696406
v -0.357899 1.533317 1.663133
v -0.366213 1.405061 1.636586
v -0.360657 1.520773 1.533160
v -0.332870 1.405158 1.629586
v -0.231028 1.547866 1.654387
v -0.062165 1.389520 1.691126
v -0.023804 1.552622 1.677607
v -0.353127 1.594952 1.629951
v 0.102813 1.416327 1.600320
v 0.050621 1.266378 1.737426
v 0.223038 1.311504 1.713034
v 0.178347 1.453318 1.668030
v 0.039555 1.430798 1.674903
v 0.241523 1.226177 1.702713
v 0.522313 1.481752 1.649619
v 0.659421 1.600896 1.683621
v 0.482442 1.566706 1.684041
v 0.371336 1.460894 1.687956
v 0.414658 1.555292 1.648187
v 0.432359 1.299088 1.708696
v 0.665218 1.410136 1.650470
v -0.592878 1.630885 1.538193
v -0.708262 1.704410 1.575034
v -0.895108 2.133056 1.455325
v -0.619368 2.201983 1.456911
v -0.488983 2.236272 1.566844
v -0.651492 2.185261 1.559901
v -0.818534 2.189754 1.564730
v -0.687784 2.075899 1.508258
v -0.808585 2.133276 1.569303
v -0.942747 2.154408 1.573705
v -0.730874 1.968659 1.591267
v -0.651485 1.998436 1.522023
v -0.499490 2.016514 1.573664
v -0.858245 1.724269 1.586068
v -0.888491 1.901903 1.584476
v -0.905242 1.792201 1.583276
v -0.654232 1.801394 1.611255
v -0.491691 1.802733 1.618453
v -0.489816 1.885603 1.574584
v -0.847503 1.647506 1.592612
v -0.988133 1.623203 1.593369
v -0.259835 1.728890 1.645876
v -0.015867 1.827335 1.637974
v -0.090799 1.955008 1.595196
v -0.266954 1.797417 1.625258
v -0.218156 2.014709 1.605199
v -0.363657 1.837920 1.595385
v -0.368480 1.678863 1.614212
v -0.183329 2.110100 1.608799
v -0.054970 2.099331 1.520397
v -0.384549 2.208814 1.386928
v -0.112206 2.231452 1.417412
v -0.269162 2.233435 1.545901
v -0.445256 2.002571 1.591525
v -0.392029 2.059295 1.583746
v -0.423040 2.099782 1.602121
v -0.110412 2.204759 1.535651
v 0.028561 1.936280 1.656575
v 0.037349 2.152725 1.602736
v 0.609303 2.184441 1.445222
v 0.418812 2.175184 1.583100
v 0.574547 2.147129 1.579386
v 0.497576 2.188237 1.304802
v 0.307907 2.185278 1.463581
v 0.092026 2.208937 1.423249
v 0.273364 2.187889 1.578847
v 0.088073 2.208185 1.563050
v 0.353667 1.828505 1.647328
v 0.126456 1.820822 1.649939
v 0.285815 1.679319 1.666389
v 0.173481 1.675702 1.620417
v 0.427470 1.738084 1.638036
v 0.068029 1.635838 1.673664
v 0.479324 1.736188 1.497668
v 0.469335 1.907989 1.547422
v 0.470402 2.106047 1.603457
v 0.383024 2.092812 1.603892
v 0.215513 2.075065 1.601356
v 0.426792 1.997500 1.617191
v 0.653054 2.064758 1.627947
v 0.528406 1.909222 1.623929
v 0.541694 1.825982 1.606320
v 0.632450 1.711087 1.589431
v 0.748429 2.168057 1.306091
v 0.931912 2.103993 1.215725
v 0.819526 2.138463 1.472936
v 0.997811 2.067921 1.384250
v 1.024070 2.063299 1.527832
v 1.188100 2.001699 1.518589
v 1.163296 1.977354 1.277714
v 1.346320 1.880858 1.437186
v 1.293078 1.899058 1.251804
v 0.796866 2.147577 1.609912
v 0.746875 2.023084 1.596268
v 0.954822 2.099961 1.632678
v 0.924867 1.952786 1.628610
v 0.699070 1.774220 1.635197
v 0.913159 1.667098 1.678220
v 0.720358 1.930089 1.633834
v 0.794003 1.643907 1.680390
v 1.046415 2.045787 1.643055
v 1.124656 1.949308 1.635008
v 1.148057 1.977230 1.660769
v 1.058567 1.835581 1.711203
v -0.974380 -1.997888 0.209931
v -1.145188 -1.901408 0.122085
v -0.981803 -1.968214 0.036757
v -1.095536 -1.898432 0.347059
v -1.252353 -1.810709 0.076520
v -1.292542 -1.793249 0.249704
v -0.933557 -1.918625 0.105329
v -0.943154 -1.968938 0.012655
v -1.324468 -1.666119 0.092080
v -1.075418 -1.808660 0.157077
v -1.336138 -1.748835 0.063300
v -0.769148 -1.863331 0.071282
v -0.945965 -1.780931 0.027591
v -0.776152 -1.724134 0.037247
v -1.005599 -1.611376 0.120153
v -1.123609 -1.669815 0.028826
v -1.110225 -1.534331 0.015872
v -1.342735 -1.495586 0.137164
v -0.800510 -2.041802 0.134561
v -0.720548 -2.078964 0.000355
v -0.847696 -1.983182 0.042515
v -0.658052 -2.021569 0.037003
v -0.823592 -2.038739 0.256738
v -0.906122 -1.968297 0.369487
v -0.727437 -2.012094 0.416677
v -0.924231 -1.899371 0.561348
v -1.427182 -1.698853 0.173304
v -1.460061 -1.620556 0.376393
v -1.609118 -1.560138 0.287916
v -1.498435 -1.633694 0.069709
v -1.150345 -1.792081 0.568184
v -1.312048 -1.729395 0.434819
v -0.728037 -1.983172 0.598584
v -0.933205 -1.912142 0.842592
v -1.010670 -1.852696 0.717310
v -1.279926 -1.473094 0.019330
v -1.410560 -1.398660 0.023848
v -1.394949 -1.576257 0.047504
v -0.599081 -1.672036 0.024985
v -0.557488 -1.935924 0.026753
v -0.875125 -1.153306 0.026809
v -0.781556 -1.235194 0.136341
v -0.897856 -1.311181 0.010881
v -0.828804 -0.954933 0.020855
v -0.887416 -1.074018 0.021603
v -0.675850 -1.514570 0.024146
v -0.214033 -0.838050 0.004169
v -0.260030 -1.047624 0.007375
v -0.478261 -1.037668 0.021060
v -0.495585 -1.477731 0.035522
v -0.343140 -1.592608 -0.004619
v -0.641382 -1.412296 0.067298
v -0.551889 -1.036157 0.066809
v -0.800336 -1.113085 0.085514
v -0.605904 -1.118560 0.041829
v -0.395553 -1.250533 -0.001001
v -0.717259 -1.228442 0.023338
v -0.121283 -1.368336 -0.009879
v -0.306706 -1.461986 -0.012362
v -0.150332 -1.290762 -0.012312
v -0.460966 -1.404040 -0.003783
v -0.656820 -1.106478 0.124009
v -0.810441 -1.351550 0.153796
v -0.349388 -1.532838 0.040354
v -0.805968 -1.448759 0.211879
v -1.028112 -1.455509 0.182843
v -1.010901 -1.408839 0.044402
v -1.004011 -1.158552 0.022923
v -1.133223 -1.299333 0.017096
v -0.888747 -1.119438 0.219036
v -0.482718 -0.902715 0.036554
v -0.871333 -1.548165 0.097914
v -0.430130 -1.729893 0.069627
v -0.508215 -1.853545 0.105941
v -0.067557 -1.515570 -0.000649
v -1.034537 -1.075739 0.241250
v -1.016982 -1.127159 0.431843
v -1.088488 -1.147725 0.362581
v -1.136536 -1.204661 0.071463
v -1.206281 -1.014321 0.250544
v -0.369004 -0.749816 0.016720
v 0.036292 -1.358526 -0.000613
v 0.091112 -1.113507 -0.004034
v -0.185147 -1.728619 -0.009566
v -0.161967 -2.166645 0.171154
v -0.340356 -2.150712 0.326128
v -0.379283 -2.142903 0.182170
v -0.512446 -2.118808 0.330928
v -0.604190 -2.092607 0.130515
v -0.373657 -2.114265 0.007387
v -0.231119 -2.145928 0.506090
v -0.411205 -2.113930 0.504043
v -0.555366 -2.053615 0.544552
v -0.633667 -2.004634 0.685186
v -0.423670 -2.080528 0.713297
v -0.103685 -2.164771 0.377038
v -0.210932 -2.102845 0.952917
v -0.406911 -2.101644 0.968534
v -0.257503 -2.096609 0.819833
v -0.221669 -2.141062 1.148234
v -0.008660 -2.156861 1.199917
v -0.160379 -2.162532 1.308710
v -0.438611 -2.101720 1.175940
v -0.693745 -1.994315 1.262809
v -0.632573 -2.049309 1.020072
v -0.071247 -2.128489 0.882684
v -0.354770 -2.108121 1.437377
v -0.536449 -2.047745 0.881132
v -0.832676 -1.973564 0.835386
v -0.871982 -1.923399 0.952898
v -0.035768 -2.161317 0.640940
v 0.052528 -2.147752 0.803697
v 0.059969 -2.172085 0.444116
v 0.107709 -2.158271 0.957972
v 0.275813 -2.176560 0.784991
v -0.273657 -2.044178 0.017852
v -0.409643 -2.032709 0.058347
v -0.545080 -1.917641 0.140210
v -0.119367 -1.873764 0.010370
v -0.274623 -1.819191 -0.001513
v -0.226940 -1.902923 0.050337
v -0.223396 -2.134279 0.029928
v -0.141077 -1.985134 0.015227
v 0.390920 -2.132735 0.144068
v 0.130390 -2.174802 0.310429
v 0.079263 -2.198493 0.139736
v -0.115719 -2.153347 0.031149
v 0.111058 -1.915128 0.018167
v 0.353767 -2.076028 0.036428
v 0.306218 -2.138898 0.026534
v 0.161296 -2.150273 0.037052
v -0.002093 -2.107389 0.108568
v -0.075982 -1.980284 0.057281
v 0.323286 -1.912824 0.017134
v 0.053246 -1.787758 -0.004790
v 0.248765 -1.758900 0.023358
v 0.459906 -2.002502 0.040568
v 0.447342 -2.110359 0.027014
v 0.636882 -2.067387 0.016058
v 0.075881 -2.148867 0.028418
v 0.669401 -2.093578 0.230849
v 0.258143 -2.155863 0.364592
v 0.582638 -2.131084 0.591631
v 0.282216 -2.189659 0.543870
v 0.447929 -2.147281 0.385805
v 0.851525 -2.027514 0.321647
v 0.687468 -2.080616 0.409969
v 0.464391 -2.185058 0.820214
v 0.002094 -1.619210 0.012248
v 0.642746 -1.952646 -0.004320
v 0.794787 -1.987930 0.005207
v 0.853093 -2.052395 0.175150
v 0.822115 -1.860320 -0.022737
v 0.932536 -1.884679 0.036086
v 1.023487 -1.967139 0.030961
v 0.710629 -1.667686 -0.003719
v 0.702787 -1.833620 0.018828
v 0.577149 -1.845282 0.013917
v 0.589504 -1.634100 -0.024749
v 1.079321 -1.765133 0.028218
v 0.510627 -1.942229 -0.011703
v 0.419459 -1.781358 0.004649
v 0.878790 -1.769649 0.010400
v 0.323176 -1.613133 -0.030376
v 0.165239 -1.626196 -0.011316
v 0.211677 -1.591933 0.126177
v 0.026933 -1.542344 0.020804
v 0.078983 -1.488499 -0.009468
v 0.246200 -1.464981 0.015988
v 0.267415 -1.518942 0.132993
v 0.412769 -1.503607 0.034884
v 0.433724 -1.553490 -0.044561
v 0.343742 -1.439121 -0.018436
v 0.529469 -1.446610 -0.000171
v 1.111534 -1.940660 0.101930
v 0.874117 -2.036740 0.792746
v 0.615065 -2.140909 0.900238
v 0.874492 -2.052275 0.616152
v 1.122305 -1.938442 0.630814
v 0.973608 -2.001736 0.432096
v 1.249010 -1.866488 0.232838
v 1.084996 -1.958196 0.261877
v 1.185461 -1.899772 0.422836
v 1.167875 -1.947282 0.899089
v 1.354569 -1.822848 0.513883
v 1.305231 -1.830051 0.791544
v 1.037805 -2.044330 1.476158
v 0.847528 -2.100667 1.213108
v 1.030317 -2.027444 1.210710
v 1.001527 -2.038357 1.001516
v 0.812964 -2.098111 0.916619
v 0.672429 -2.147592 1.179334
v 0.707383 -2.129294 1.418833
v 0.520360 -2.150684 1.263646
v 0.429682 -2.177224 1.038740
v 0.249147 -2.149878 1.129802
v 0.886253 -2.107871 1.518738
v 1.268789 -1.894320 1.159689
v 1.322502 -1.848245 0.993655
v -0.116489 -2.181376 1.663500
v 0.034456 -2.170005 1.495760
v 0.038286 -2.205363 1.628032
v -0.096228 -2.160841 1.462448
v 0.304337 -1.654049 1.532386
v 0.246075 -1.639653 1.666487
v 0.303006 -1.785256 1.551209
v 0.162655 -1.999195 1.691297
v 0.206671 -2.208892 1.611423
v 0.273727 -2.168281 1.621647
v 0.493982 -1.867449 1.701513
v 0.558499 -1.816773 1.662953
v 0.483422 -1.712177 1.707820
v 0.334302 -1.883795 1.661866
v 0.442436 -1.631241 1.635213
v 0.341238 -1.778828 1.645938
v 0.018182 -2.076449 1.644689
v -0.024603 -1.968624 1.590902
v 0.318029 -2.004077 1.663247
v 0.249833 -1.930049 1.667919
v 0.060676 -1.911101 1.667712
v 0.133357 -2.178343 1.298662
v 0.307566 -2.171031 1.304267
v 0.434775 -2.203799 1.469889
v 0.728210 -2.138019 1.566791
v 0.560356 -2.163602 1.610171
v 0.360493 -2.204742 1.573371
v 0.446951 -2.172830 1.619032
v 0.730050 -2.098208 1.632921
v 0.778572 -1.964994 1.653088
v 0.576536 -2.105024 1.634492
v 0.649283 -1.916803 1.671590
v 0.501902 -2.083778 1.619478
v 0.614623 -1.299930 1.699966
v 0.460855 -1.426941 1.687105
v 0.748071 -1.398221 1.692231
v 0.418426 -1.532300 1.682633
v 0.604852 -1.578602 1.676836
v 0.839031 -1.159090 1.716382
v 0.715584 -1.067635 1.708124
v 0.924638 -1.351955 1.696077
v 0.805993 -1.486192 1.628817
v 0.990102 -1.233041 1.698215
v 0.800244 -1.724663 1.683001
v 0.956721 -1.622006 1.701200
v 0.891913 -1.529793 1.711936
v 0.821643 -1.559406 1.716144
v 0.910194 -1.718008 1.631020
v 0.819808 -1.870777 1.602281
v 1.047016 -1.883053 1.653238
v 1.058435 -2.046995 1.618320
v 0.897153 -2.078670 1.630474
v 1.131051 -1.323365 1.722507
v 0.935392 -1.790820 1.678374
v 1.256723 -1.691413 1.692675
v 1.182970 -2.001661 1.605090
v 1.131619 -1.131856 1.740926
v 1.050048 -1.074078 1.680608
v 1.067310 -1.648724 1.672209
v 1.006940 -0.952194 1.724911
v 0.772881 -0.906405 1.698894
v 1.049812 -0.876725 1.710036
v 0.980731 -0.806146 1.705315
v 1.308776 -1.931060 1.456114
v 1.406465 -1.858632 1.443583
v 1.367644 -1.884622 1.621868
v 1.454148 -1.739176 1.062533
v 1.502958 -1.723103 1.248911
v 1.504126 -1.792236 1.497412
v 1.650853 -1.595929 1.467714
v 1.631270 -1.687414 1.672421
v 1.288778 -1.910886 1.258631
v 1.165208 -1.986228 1.350011
v 1.629606 -1.579324 1.174227
v 1.309266 -1.832637 1.631904
v 1.283494 -1.622426 1.634795
v 1.527909 -1.633078 1.690976
v 1.408093 -1.690172 1.625897
v 1.519177 -1.750934 1.637846
v 1.595006 -1.696900 1.713354
v 1.515865 -1.762282 1.716461
v 1.447935 -1.812404 1.690686
v 1.748663 -1.496815 1.673720
v 1.348399 -1.070103 1.760378
v 1.283495 -1.235540 1.757366
v 1.399057 -1.385440 1.731212
v 1.275726 -1.444181 1.703761
v 1.538847 -1.471482 1.721574
v 1.506317 -1.271151 1.721578
v 1.425634 -1.239214 1.745914
v 1.301870 -1.547565 1.685107
v 1.684202 -1.549026 1.711390
v 1.677770 -1.313423 1.701089
v 1.682385 -1.465611 1.658096
v 1.790457 -1.381480 1.688816
v 1.209512 -0.923986 1.754633
v -1.550215 -1.555603 0.518140
v -1.675333 -1.472360 0.395836
v -1.332995 -1.674066 0.670952
v -1.562923 -1.508556 0.732018
v -1.727480 -1.394810 0.753691
v -1.625131 -1.454229 0.879819
v -1.376693 -1.624364 0.956046
v -1.163976 -1.750267 1.158152
v -1.148790 -1.773064 0.845724
v -1.339568 -1.621642 1.225373
v -1.274157 -1.671552 1.353797
v -1.502664 -1.538369 1.161239
v -1.513248 -1.518173 1.354006
v -1.662927 -1.405965 1.304783
v -1.679197 -1.423688 1.102132
v -1.031806 -1.836692 1.056793
v -1.015850 -1.818862 1.273511
v -0.848175 -1.960058 1.107049
v -0.877587 -1.904550 1.278450
v -1.070386 -1.809705 1.452474
v -1.239277 -1.759393 1.599383
v -1.181526 -1.726100 1.637871
v -1.265578 -1.606368 1.613702
v -1.376824 -1.668643 1.591960
v -1.100334 -1.554049 1.622077
v -0.909501 -1.922253 1.532895
v -0.672884 -2.028191 1.449465
v -0.742077 -2.022738 1.624181
v -0.750052 -1.983657 1.689444
v -0.875660 -1.926296 1.673115
v -0.545701 -2.097141 1.570606
v -0.987619 -1.892389 1.657300
v -0.491141 -2.099073 1.711411
v -0.636470 -2.052773 1.697136
v -0.840869 -1.819189 1.671281
v -0.704268 -1.958371 1.710095
v -0.773234 -1.919741 1.613156
v -0.758469 -1.813558 1.628894
v -1.140065 -1.813533 1.620030
v -0.979163 -1.668250 1.593108
v -1.023061 -1.565583 1.533887
v -0.998039 -1.826602 1.627529
v -0.855430 -1.617430 1.599280
v -0.771926 -1.588571 1.488522
v -0.891925 -1.550879 1.583477
v -0.775248 -1.693167 1.614207
v -1.779569 -1.277596 1.281163
v -1.800107 -1.305890 1.152335
v -1.750688 -1.327780 1.605742
v -1.812033 -1.257993 1.545211
v -1.950747 -1.090919 1.587078
v -1.558728 -1.122768 1.647204
v -1.600664 -0.947648 1.662185
v -1.681941 -1.163554 1.635309
v -1.861887 -1.146360 1.604305
v -1.881313 -1.056565 1.594153
v -1.509202 -1.171298 1.568259
v -1.594749 -1.221072 1.584988
v -1.731702 -1.200591 1.535672
v -1.465115 -1.066106 1.457884
v -1.549958 -0.947615 1.610709
v -1.364862 -1.100184 1.544892
v -1.370562 -0.997049 1.387628
v -1.402526 -0.919353 1.466016
v -1.218834 -1.016044 1.504674
v -1.303735 -0.969975 1.614786
v -1.545305 -0.859600 1.497647
v -1.606238 -0.805410 1.641794
v -1.482171 -0.842318 1.626999
v -1.312700 -0.791157 1.635581
v -1.570006 -1.480938 1.487916
v -1.414776 -1.329382 1.662527
v -1.595834 -1.353858 1.660765
v -1.343427 -1.452926 1.663900
v -1.288433 -1.364653 1.617792
v -1.565588 -1.529488 1.606120
v -1.591146 -1.420705 1.596354
v -1.495684 -1.520077 1.641461
v -1.534293 -1.270504 1.586222
v -1.217318 -1.258995 1.638979
v -1.434502 -1.160183 1.696182
v -1.240783 -1.166917 1.589422
v -1.146362 -1.050431 1.369130
v -1.227221 -1.068369 1.488918
v -1.141939 -1.124285 1.316126
v -1.097290 -1.278501 1.666305
v -1.157641 -1.215872 1.498537
v -1.064170 -1.435779 1.715992
v -0.951233 -1.456802 1.614845
v -1.071016 -1.153255 1.235313
v -1.022483 -1.108640 1.227309
v -0.917865 -1.192544 1.234682
v -0.962313 -1.219893 1.492165
v -0.975196 -1.220457 1.298139
v -0.855701 -1.360480 1.399673
v -0.936418 -1.152488 1.441257
v -0.784245 -1.290011 1.320020
v -1.016354 -1.099585 1.627352
v -0.775852 -1.460298 1.575269
v -0.369688 -2.082394 1.652676
v -0.320709 -2.151219 1.676964
v -0.284169 -2.043880 1.723826
v -0.217145 -1.770597 1.704626
v -0.209393 -1.891674 1.729192
v -0.346553 -1.996433 1.610140
v -0.430883 -1.924596 1.633897
v -0.479319 -2.016511 1.725654
v -0.175936 -1.971751 1.711326
v -0.510677 -1.871272 1.727931
v -0.429926 -1.803190 1.719565
v -0.395525 -1.759560 1.588743
v -0.392297 -1.829303 1.606928
v -0.337125 -1.809176 1.766107
v -0.702931 -1.745716 1.683863
v -0.652130 -1.857475 1.694223
v 0.066152 -1.781967 1.684060
v -0.183281 -1.642823 1.748989
v 0.015982 -1.587109 1.714312
v -0.432261 -1.504795 1.718697
v -0.660520 -1.534580 1.693881
v -0.410631 -1.574830 1.705025
v -0.708978 -1.304986 1.423717
v -0.709290 -1.278402 1.627133
v -0.629811 -1.613694 1.629945
v -0.604831 -1.644472 1.698574
v -0.687848 -1.407062 1.675709
v -0.624449 -1.251175 1.679328
v -0.643510 -1.229582 1.742114
v -0.680463 -1.109239 1.649000
v -0.371642 -1.605786 1.735623
v -0.428120 -1.263948 1.712644
v -0.023603 -1.441599 1.716791
v -0.049101 -1.284408 1.708829
v -0.281987 -1.368816 1.719716
v -0.199930 -1.119990 1.711519
v -0.219148 -1.578736 1.696476
v -0.508031 -1.124525 1.744767
v 0.187227 -1.282872 1.697277
v 0.226354 -1.450519 1.696130
v 0.511519 -1.249419 1.689785
v 0.440387 -1.061086 1.693756
v 0.236754 -1.100034 1.683827
v 0.304580 -1.182086 1.693203
v 0.117460 -1.071481 1.704642
v -0.991092 -0.676694 1.637837
v -0.667414 -0.849128 1.648646
v -0.719104 -0.469741 1.643866
v -0.599234 -0.581038 1.664160
v -0.555007 -0.383285 1.660690
v -0.645053 -0.159077 1.642924
v -0.643228 -1.021596 1.703777
v -0.400003 -0.519279 1.689702
v -0.455027 -0.191042 1.651858
v -0.215229 -0.270593 1.676606
v -0.117103 -0.617171 1.705037
v -0.262131 -0.141911 1.649632
v -0.112756 -0.212591 1.661377
v -0.311621 -0.061447 1.632246
v -0.404999 0.011315 1.642347
v -0.199395 -0.160467 1.529225
v -0.801216 0.107337 1.634320
v -0.111975 -0.126114 1.487143
v -0.603010 0.138239 1.646243
v -0.557116 0.195922 1.605588
v -0.342476 0.027421 1.636489
v -0.032948 -0.434596 1.688468
v -0.138085 -0.839014 1.739211
v -0.441062 -0.897826 1.727265
v -0.328504 -0.994534 1.733817
v 0.012323 -0.967425 1.693565
v -0.084684 -0.859100 1.688396
v -0.193919 -0.936309 1.723175
v 0.208763 -0.652101 1.670177
v 0.132293 -0.347274 1.676643
v 0.035813 -0.576348 1.709971
v 0.148985 -0.730758 1.741301
v 0.217111 -0.401959 1.678673
v 0.240494 -0.830524 1.694197
v 0.549674 -0.935949 1.672452
v 0.578719 -0.668712 1.701832
v 0.381452 -0.581216 1.701690
v 0.532931 -0.787426 1.714294
v 0.365774 -0.797332 1.685764
v 0.667181 -0.520197 1.712149
v 0.815551 -0.683308 1.702101
v 1.836714 -0.961731 0.903640
v 1.875375 -0.822711 0.997069
v 1.848499 -0.964638 1.130409
v 1.783850 -1.142894 1.013328
v 1.785363 -1.335486 1.669245
v 1.844405 -1.234598 1.636992
v 1.889994 -1.028064 1.567765
v 1.866896 -1.113954 1.677481
v 1.825200 -1.128064 1.175918
v 1.867451 -0.953579 1.259866
v 1.825911 -1.136950 1.458560
v 1.792229 -1.269979 1.306304
v 1.894362 -0.915676 1.385366
v 1.807135 -1.270852 1.472003
v 1.774041 -1.369851 1.521313
v 1.741938 -1.437480 1.318298
v 1.874995 -0.804741 1.109651
v 1.910505 -0.969994 1.666428
v 1.781454 -1.017945 1.695689
v 1.782243 -1.204530 1.561121
v 1.726985 -1.132638 1.676884
v 1.676298 -1.033821 1.720223
v 1.668247 -1.226895 1.682712
v 1.541797 -1.133292 1.714455
v 1.550402 -1.175284 1.611541
v 1.952633 -0.863792 1.627848
v 1.905236 -0.739761 1.277064
v 1.914183 -0.814444 1.683846
v 1.977255 -0.700016 1.591667
v 1.939879 -0.579436 1.381634
v 1.816988 -0.775038 1.686236
v 1.909281 -0.760886 1.617901
v 1.962229 -0.528666 1.663717
v 1.928994 -0.755832 1.672050
v 1.896696 -0.630075 1.604742
v 1.957541 -0.163856 0.313411
v 1.965241 0.029046 0.382311
v 1.942592 -0.018285 0.557321
v 1.928400 -0.171804 0.635393
v 1.935510 -0.572887 0.738681
v 1.911981 -0.365410 0.696716
v 1.918367 -0.293653 0.879747
v 1.929284 -0.326595 0.405385
v 1.935999 -0.397470 0.533570
v 1.900656 -0.671796 0.598782
v 1.943109 -0.086013 0.986881
v 1.948807 0.091096 1.025851
v 1.926453 0.071540 1.173987
v 1.947685 -0.175992 1.225771
v 1.924437 -0.390204 1.048533
v 1.922403 -0.409142 1.212108
v 1.938844 0.018054 1.262917
v 1.952858 -0.009819 1.459766
v 1.908914 -0.624541 0.872020
v 1.887221 -0.622687 1.044010
v 1.951202 0.015735 0.795308
v 1.931094 0.136814 0.871035
v 1.921906 0.160866 1.292194
v 1.913058 -0.812354 0.721495
v 1.918951 -0.573578 1.189474
v 1.934607 -0.180364 0.780762
v 1.933639 0.254549 0.947227
v 1.955592 -0.372720 1.422491
v 1.956644 -0.277389 1.576733
v 1.979713 -0.516163 1.526903
v 1.971053 -0.445485 1.645726
v 1.896149 0.321552 1.235856
v 1.867955 -0.892457 0.146299
v 1.810655 -1.105713 0.317499
v 1.805004 -1.205126 0.169171
v 1.654057 -1.076343 -0.014390
v 1.803794 -0.888938 0.007121
v 1.824542 -1.023248 0.019211
v 1.778074 -1.152045 0.012988
v 1.718990 -1.173832 0.027001
v 1.566943 -1.248981 0.050214
v 1.457870 -1.183893 -0.017007
v 1.653825 -0.869810 -0.009355
v 1.793996 -0.806833 0.077350
v 1.682701 -1.253732 0.096166
v 1.714458 -1.292918 0.018546
v 1.544798 -0.860801 -0.008903
v 1.597145 -1.346425 -0.005971
v 1.852358 -0.881736 -0.001178
v 1.691251 -1.370552 0.024353
v 1.893009 -0.793187 0.267494
v 1.384597 -0.846307 0.005664
v 1.137634 -0.974226 -0.009299
v 1.828984 -0.931681 0.538807
v 1.749890 -1.261818 0.518176
v 1.834909 -0.997275 0.705439
v 1.758622 -1.319467 0.343809
v 1.476171 -0.765696 0.059968
v 1.397367 -0.762397 -0.016917
v 1.889747 -0.716001 0.055715
v 1.877725 -0.466659 -0.012375
v 1.777071 -0.346722 0.049919
v 1.911454 -0.326975 0.029245
v 1.907548 -0.592708 0.048605
v 1.865309 -0.734414 0.007753
v 1.876211 -0.558807 0.031023
v 1.833887 -0.467766 0.044946
v 1.672803 -0.603411 0.018615
v 1.763695 -0.520400 0.017664
v 1.809008 -0.663345 0.048171
v 1.477336 -0.621920 0.094265
v 1.935674 -0.540691 0.213293
v 1.965138 -0.049588 0.172281
v 1.942344 -0.370769 0.205645
v 1.879626 -0.818409 0.441853
v 1.928788 -0.555977 0.377883
v 0.863553 -1.608149 -0.003109
v 0.838601 -1.478260 -0.043552
v 1.026554 -1.531351 0.013997
v 0.975830 -1.356099 -0.037639
v 0.708373 -1.477838 -0.042680
v 0.805497 -1.578287 0.019125
v 0.917558 -1.281453 -0.022617
v 0.770886 -1.393826 0.068147
v 1.683113 -1.447993 0.105539
v 1.695445 -1.427894 0.263587
v 1.558076 -1.633234 0.158140
v 1.233591 -1.848033 0.059325
v 1.327319 -1.779103 0.030611
v 1.421180 -1.407940 0.008684
v 1.465846 -1.572069 -0.006310
v 1.207796 -1.411941 0.034521
v 1.505180 -1.453422 0.035017
v 1.188313 -1.546745 0.046818
v 1.122686 -1.648579 -0.003808
v 1.471309 -1.334327 -0.031017
v 1.638648 -1.490966 0.028061
v 1.251628 -1.322892 0.005030
v 1.334537 -1.703025 0.058673
v 1.412986 -1.237863 0.104423
v 1.415663 -1.739284 0.169902
v 1.503573 -1.660044 -0.019357
v 1.218459 -1.224124 0.012426
v 0.996539 -1.248831 -0.019792
v 1.151579 -1.166404 0.033820
v 1.348582 -1.782737 0.305644
v 1.668917 -1.488157 0.401473
v 1.513540 -1.633630 0.318870
v 1.612278 -1.580107 0.513699
v 1.465023 -1.698645 0.587659
v 1.658109 -1.490368 0.578374
v 1.766594 -1.161885 0.793256
v 1.716197 -1.365687 1.053769
v 1.698343 -1.379834 0.752656
v 1.650285 -1.532989 0.836279
v 1.532459 -1.608140 0.723987
v 1.628891 -1.527489 1.020851
v -0.341108 -0.672381 0.025474
v -0.312099 -0.482262 0.046284
v -0.242446 -0.506748 0.006923
v -0.414402 -0.682219 0.035720
v 0.854021 -1.006541 -0.006337
v 0.606546 -1.133789 0.006840
v 0.689626 -0.885001 -0.014017
v 0.222777 -0.999879 0.014413
v 0.356961 -1.125517 -0.006369
v 0.426616 -0.947738 -0.001296
v 0.196593 -0.839799 -0.014596
v 0.425534 -1.264666 0.018507
v 1.074725 -0.903484 -0.038023
v 0.894243 -0.846183 -0.027965
v 0.752486 -1.097472 0.012740
v 0.503844 -0.813257 -0.027182
v 0.003256 -0.909751 -0.003943
v 0.710848 -1.316926 -0.008359
v 1.080496 -1.125960 -0.038917
v 0.642732 -0.694846 -0.028674
v 0.594862 -0.550001 -0.018613
v 0.905485 -0.583919 -0.035092
v 0.065412 -0.386539 -0.010574
v -0.011762 -0.558003 0.001633
v -0.076020 -0.247732 0.023449
v 0.211168 -0.568914 0.015400
v 0.343823 -0.467354 0.042706
v 0.314676 -0.516630 -0.011560
v 0.059749 -0.310169 0.040638
v 0.169547 -0.082846 -0.004427
v 0.256964 0.085573 -0.019252
v 0.410615 -0.067979 -0.019486
v 0.436761 -0.715467 -0.011854
v 0.492917 -0.468826 -0.011031
v 0.762701 -0.504867 -0.034971
v 0.848629 -0.564514 0.018596
v 0.759689 -0.407071 -0.004440
v 0.524358 -0.412109 0.032912
v -0.046127 -0.170006 0.026795
v 0.024131 -0.256757 0.000125
v 0.370566 -0.400660 -0.029725
v 0.199550 -0.329999 -0.019633
v 0.605374 -0.266029 -0.018506
v -0.138294 -0.220526 0.071557
v 0.413482 0.072767 0.023580
v 0.377663 0.097604 -0.019082
v 0.883650 -0.685026 -0.016723
v 0.686968 -0.279206 -0.010104
v 0.778437 -0.282668 0.000508
v 0.674012 -0.381599 0.069210
v 0.635258 0.139234 0.001255
v 0.751653 0.117255 0.053365
v 0.608353 0.296005 -0.000761
v 0.870189 0.188381 0.021218
v 0.761347 0.050160 0.011639
v 0.655356 -0.040444 0.022563
v 0.533354 -0.021885 -0.027037
v 0.825292 -0.110997 -0.023772
v 0.815694 0.489960 0.016652
v 0.366539 0.289803 -0.019770
v 1.007749 -0.552529 0.033806
v 1.166770 -0.482836 0.006181
v 1.165568 -0.537337 0.215114
v 1.125143 -0.247505 -0.010413
v 1.136700 -0.026516 0.004843
v 1.282201 -0.322073 -0.026294
v 0.967623 -0.393628 0.078994
v 0.874463 -0.243892 0.076766
v 0.945036 -0.300036 0.217360
v 1.112396 0.241466 -0.007941
v 1.005003 0.070546 0.028914
v 1.010483 -0.156834 0.001896
v 0.978520 -0.226603 0.149180
v 0.999716 0.169771 0.109680
v 0.985884 0.366121 0.046735
v 1.033613 0.482922 0.019600
v 1.084477 0.344170 0.082858
v 1.056870 -0.029174 0.039019
v 1.077635 -0.175180 0.045317
v 1.058138 -0.637302 -0.022953
v 1.300523 0.155042 0.018641
v 1.238298 0.107704 -0.014278
v 1.085401 -0.626934 0.099955
v 1.210279 -0.487867 0.148676
v 1.280423 -0.567821 -0.006088
v 1.152150 -0.817421 -0.012629
v 1.046497 -0.753782 -0.001821
v 1.198464 0.362449 0.072992
v 1.212517 0.520227 -0.018030
v 1.293941 0.360790 -0.001089
v 1.262702 -0.416003 0.010428
v 1.296010 0.072019 0.007578
v 1.060746 0.715813 0.127356
v 0.977323 0.613791 0.004044
v 1.063988 0.845446 0.205253
v 0.793201 0.697220 0.008705
v 1.207172 0.669053 0.040751
v 1.327846 0.678432 -0.015366
v 1.083036 0.933160 0.190611
v 1.183065 0.918527 0.017662
v 1.221703 0.774090 -0.033260
v 1.137749 0.654307 -0.015521
v 1.151914 -0.882428 0.051297
v 1.957948 0.152193 0.230835
v 1.957129 0.101620 0.148245
v 1.915978 0.343171 0.050908
v 1.812063 0.360804 0.051716
v 1.836857 0.306523 -0.023420
v 1.691430 0.205972 -0.013540
v 1.905275 0.058713 0.022519
v 1.907611 0.219275 0.018903
v 1.484570 0.371010 -0.022384
v 1.509473 0.169171 0.001872
v 1.406336 0.275333 0.020816
v 1.638768 0.359869 -0.018227
v 1.446691 0.487496 -0.013907
v 1.740867 -0.243745 0.038126
v 1.660076 -0.120843 -0.022594
v 1.846889 -0.040502 -0.007560
v 1.594962 -0.249545 -0.012023
v 1.452458 -0.073004 -0.026813
v 1.677092 0.043664 0.014706
v 1.616333 -0.322044 0.139111
v 1.489955 -0.277312 0.048020
v 1.872631 0.044397 -0.010203
v 1.917603 -0.169094 0.019694
v 1.441084 0.080145 0.100175
v 1.719826 0.508690 0.002016
v 1.537863 -0.403032 0.027127
v 1.915206 0.430575 0.265774
v 1.930084 0.213174 0.345270
v 1.905632 0.361510 0.501187
v 1.430017 -0.529652 -0.002470
v 1.393448 -0.375023 -0.013525
v 1.511943 -0.484315 0.024624
v 1.927714 0.211652 0.537365
v 1.920273 0.281467 0.789766
v 1.921779 0.103362 0.669177
v 1.901874 0.637696 0.350241
v 1.875989 0.548726 0.513787
v 1.830767 0.896142 0.940920
v 1.876585 0.634583 0.881216
v 1.832166 0.865789 0.772109
v 1.874832 0.790673 0.614008
v 1.890328 0.611663 0.693311
v 1.889425 0.474886 0.835538
v 1.887648 0.564748 1.118696
v 1.866726 0.698012 1.074086
v 1.904608 0.380509 1.053891
v 1.575208 0.604582 -0.033293
v 1.661585 1.279378 -0.024339
v 1.755706 1.080207 -0.011045
v 1.620872 1.173624 -0.033156
v 1.618079 1.007025 0.001846
v 1.712300 0.977242 0.041950
v 1.752375 0.927719 0.130536
v 1.767776 0.727042 0.107444
v 1.584881 0.933870 -0.040843
v 1.666644 0.774538 -0.012477
v 1.539282 1.274749 0.036527
v 1.552991 1.081289 0.009347
v 1.496515 0.942744 0.005057
v 1.438010 0.902163 0.035957
v 1.689367 0.662382 0.023786
v 1.800452 0.589868 0.001967
v 1.445865 0.819885 -0.038543
v 1.614717 1.341995 0.028774
v 1.398876 0.993089 -0.009519
v 1.874175 0.690835 0.044903
v 1.905601 0.563764 0.176015
v 1.886821 0.549188 0.065334
v 1.786658 1.001333 0.000962
v 1.837147 0.767193 0.042339
v 1.822948 0.908907 0.051660
v 1.842819 0.953298 0.205710
v 1.816770 1.115442 0.216639
v 1.756011 1.293793 0.043278
v 1.706473 1.395813 0.261076
v 1.799531 1.127221 0.075844
v 1.726586 1.390676 -0.015216
v 1.867268 0.777973 0.266179
v 1.735674 1.264588 0.418459
v 1.674603 1.423977 0.466222
v 1.821454 0.851699 0.498639
v 1.834598 0.990697 0.625368
v 1.836770 1.051096 0.338679
v 1.803946 1.051070 0.508502
v 1.804698 1.059891 0.818973
v 1.703001 1.295441 0.667407
v 1.777485 1.124239 0.636708
v 1.867279 0.435705 -0.005125
v -0.061729 -0.124103 0.144100
v -0.267100 0.152656 1.590301
v -0.382354 0.281096 1.580143
v -0.287294 0.206760 1.721861
v -0.086354 0.078961 1.579384
v -0.025501 -0.047374 1.545392
v 0.010761 0.086059 1.686880
v -0.113500 0.334114 1.684483
v -0.153297 0.118052 1.664435
v 0.012923 0.106842 1.736705
v -0.040461 0.405015 1.731101
v -0.190979 0.375013 1.706630
v -0.027069 0.587342 1.701612
v -0.246213 0.488178 1.727557
v -0.405189 0.387724 1.707654
v 0.032956 0.339473 1.684403
v 0.033917 0.490041 1.674015
v 0.076216 0.716856 1.666339
v 0.021321 -0.012647 1.653606
v 0.643786 -0.150498 1.661088
v 0.396674 -0.056835 1.679514
v 0.436350 -0.183513 1.700263
v 0.318214 -0.231641 1.684847
v 0.166999 -0.124129 1.679815
v 0.422854 -0.334602 1.692721
v 0.650712 -0.290663 1.672379
v 0.674311 0.085846 1.671902
v 0.814454 -0.034576 1.680527
v 0.750564 -0.167963 1.706331
v 0.996006 -0.030885 1.700467
v 0.463207 0.796161 1.664765
v 0.331248 0.668604 1.677009
v 0.462739 0.516650 1.668810
v 0.296610 0.403498 1.682551
v 0.783728 0.518552 1.685158
v 0.643054 0.696327 1.684850
v 0.608291 0.310090 1.676795
v 0.539204 0.108589 1.662136
v 0.264246 0.063245 1.658573
v 0.230489 0.201225 1.683259
v 0.852221 0.372939 1.669010
v 0.863411 0.126536 1.647228
v 0.897987 0.095709 1.695750
v 0.397557 0.915017 1.664359
v 0.210347 0.927766 1.654935
v 1.100436 0.204502 1.536844
v 1.078193 0.294860 1.369590
v 1.079058 0.293768 1.669496
v 1.092285 0.175742 1.709435
v 1.090960 0.383523 1.569485
v 1.049006 0.632973 1.678595
v 1.020160 -0.387033 1.684700
v 0.986957 -0.328185 1.607407
v 0.867808 -0.272953 1.650379
v 1.076265 -0.123061 1.726422
v 0.980979 -0.206710 1.711665
v 1.104723 -0.164187 1.562505
v 0.751244 -0.397507 1.675956
v 1.137006 -0.190682 1.677118
v 1.025238 -0.273714 1.475557
v 0.936280 -0.565963 1.639515
v 1.053043 -0.564685 1.682601
v 1.148122 -0.258768 1.719342
v 1.200962 -0.483592 1.410084
v 1.253023 -0.527477 1.609505
v 1.317789 -0.425797 1.452823
v 1.218227 -0.429440 1.714182
v 1.279199 -0.199113 1.728118
v 1.287854 -0.072424 1.770866
v 1.104198 -0.569630 1.635703
v 1.293361 -0.287832 1.676201
v 1.274035 -0.343213 1.519539
v 1.376590 -0.269155 1.757900
v 1.312180 0.097848 1.767329
v 1.448881 -0.174843 1.740174
v 1.531991 0.019400 1.728681
v 1.110079 -0.003031 1.732803
v 1.422224 0.224385 1.757622
v 1.311132 0.240118 1.743280
v 1.272555 0.140628 1.631055
v 1.179421 0.191989 1.763720
v 1.128468 -0.643295 1.715989
v 1.228784 -0.598701 1.724941
v 1.174555 -0.635357 1.598640
v 1.491843 -0.913508 1.749303
v 1.198075 -0.763980 1.735505
v 1.374404 -0.671649 1.754790
v 1.616696 -0.510710 1.756453
v 1.385816 -0.575593 1.753976
v 1.615080 -0.674340 1.724234
v 1.420927 -0.488167 1.748999
v 1.550236 -0.330430 1.751913
v 1.676098 -0.393939 1.696986
v 1.308552 -0.895852 1.740189
v 1.523486 -0.715984 1.699632
v 1.272001 -0.853925 1.686912
v 1.615880 -0.886841 1.739179
v 1.964998 -0.318782 1.710269
v 1.899912 -0.265192 1.731500
v 1.904155 -0.422312 1.643047
v 1.550730 -0.182443 1.750324
v 1.729670 -0.225531 1.718325
v 1.624235 -0.084018 1.765001
v 1.763503 -0.406519 1.718804
v 1.820905 -0.548308 1.738279
v 1.734360 -0.014844 1.725521
v 1.953333 -0.035253 1.643824
v 1.928257 0.094072 1.661483
v 1.897235 0.070932 1.681063
v 1.326353 0.234739 1.545302
v 1.292534 0.362958 1.617720
v 1.286351 0.318950 1.358454
v 1.151133 0.401351 1.346820
v 1.218698 0.239704 1.382903
v 1.201948 0.386269 1.552636
v 1.152966 0.425713 1.737597
v 1.430932 0.338994 1.773834
v 1.674371 0.285701 1.750966
v 1.475964 0.533804 1.752067
v 1.399575 0.466208 1.790305
v 1.556796 0.437754 1.775126
v 1.658877 0.514236 1.717126
v 1.728110 0.674216 1.732692
v 1.599729 0.640467 1.754845
v 1.930041 0.148433 1.550333
v 1.938776 0.293754 1.653359
v 1.859519 0.448925 1.352072
v 1.892427 0.331834 1.430929
v 1.897007 0.417257 1.544667
v 1.860126 0.571328 1.463025
v 1.875756 0.647491 1.629634
v 1.940713 0.351477 1.636158
v 1.861503 0.550417 1.644819
v 1.904645 0.165644 1.711432
v 1.827783 0.383743 1.741086
v 1.824332 0.459069 1.648316
v 1.798149 0.085904 1.735845
v 1.853336 0.519096 1.726306
v 1.675051 0.068692 1.756828
v 1.693744 0.782884 1.773825
v 1.821342 0.694353 1.657027
v 0.555033 1.092706 1.650881
v 0.360162 1.108938 1.645261
v 0.683741 1.163860 1.704288
v 0.444035 1.186396 1.734673
v 0.887495 0.829223 1.713076
v 0.633989 0.933292 1.683006
v 1.016762 1.035203 1.730284
v 0.797200 1.137860 1.699062
v 1.043225 0.787020 1.690736
v 1.095609 0.665438 1.757264
v 1.081129 0.518553 1.657619
v 0.837734 1.272290 1.722278
v 0.932863 1.185740 1.625817
v 1.019543 1.130287 1.747007
v 1.277790 1.108248 1.751680
v 1.235349 1.250153 1.779930
v 1.064213 1.044703 1.773666
v 1.126301 0.980984 1.718461
v 1.285062 0.880851 1.745608
v 1.109391 0.902022 1.776212
v 1.401466 1.037375 1.760997
v 1.446666 0.919358 1.705993
v 1.478872 0.794240 1.747395
v 1.309330 0.718045 1.792889
v 1.042637 0.891549 1.684567
v 1.248465 0.404293 1.781737
v 1.251985 0.570822 1.795771
v 1.335247 0.511499 1.751945
v 0.848432 1.397987 1.703596
v 0.671599 1.278499 1.733265
v 1.001356 1.279115 1.740595
v 1.703404 1.319229 0.909759
v 1.754108 1.125333 1.030445
v 1.815398 0.904471 1.125117
v 1.664421 1.397897 1.008438
v 1.656159 1.418499 0.752012
v 1.574212 1.587373 0.654130
v 1.470592 1.704000 1.362654
v 1.564950 1.541027 1.337423
v 1.509333 1.695751 1.166396
v 1.613132 1.529242 1.115397
v 1.687245 1.344595 1.214553
v 1.594702 1.582828 0.927562
v 1.422169 1.775447 1.038511
v 1.742236 1.157539 1.267690
v 1.856343 0.670713 1.301123
v 1.832861 0.881087 1.337107
v 1.831679 0.789834 1.538686
v 1.827111 0.856555 1.622240
v 1.787251 1.067458 1.517805
v 1.757026 1.085168 1.633671
v 1.725362 1.242696 1.595654
v 1.630306 1.414162 1.441340
v 1.776846 0.902005 1.613073
v 1.733604 1.089099 1.599354
v 1.719146 0.987124 1.537902
v 1.616477 0.997192 1.695717
v 1.727004 0.851641 1.657539
v 1.790374 0.861380 1.689028
v 1.701529 1.074961 1.693919
v 1.740382 1.156647 1.674695
v 1.651587 1.407631 1.597470
v 1.529066 1.115128 1.782925
v 1.533648 1.172807 1.729735
v 1.519701 1.447006 1.720468
v 1.368070 1.484980 1.715057
v 1.440936 1.380140 1.701424
v 1.072423 1.646157 1.676887
v 1.023932 1.444670 1.737244
v 1.228189 1.643211 1.609010
v 1.139800 1.426760 1.731940
v 1.674074 1.391997 1.688548
v 1.488083 1.578841 1.695324
v 1.583849 1.538506 1.672319
v 1.331345 1.313136 1.734864
v 1.479377 1.328896 1.732973
v 1.361454 1.609267 1.704545
v 1.210415 1.632120 1.712134
v 1.679049 1.282937 1.674918
v 1.441598 1.590361 1.593508
v 1.341379 1.655159 1.532665
v 1.223998 1.876706 1.587642
v 1.416789 1.733242 1.582466
v 1.511267 1.599731 1.534681
v 1.382858 1.739792 1.655615
v 1.330478 1.777273 1.650930
v 1.425159 1.675796 1.633215
v 1.316612 1.815099 1.654092
v 1.260517 1.847055 1.650850
v -1.806497 0.403144 0.016303
v -1.520418 -0.542534 0.025105
v -1.244042 1.623133 0.096565
v -0.982740 1.903729 0.126877
v -0.970008 1.966401 0.044014
v 0.807203 1.793744 0.027276
v 0.477248 1.796307 0.047896
v -2.133526 -0.263759 1.538576
v -1.080938 0.301584 1.618152
v -1.468046 1.045901 1.664425
v -1.023723 0.437446 1.622203
v -0.602287 1.621332 1.658083
v -0.018074 1.649233 1.632016
v -0.532436 -2.108064 0.003637
v 0.172141 -1.329389 -0.007047
v 1.496369 -1.703445 0.887300
v 0.156383 -1.681023 1.733741
v -0.813244 -1.499421 1.515585
v -0.448333 -1.119302 1.711797
v 0.041579 -0.106697 1.686829
v 1.960254 -0.223293 1.657292
v 1.348706 0.842860 0.000111
v 0.558863 -0.413266 1.711134
v 1.345084 -0.422006 1.632019
v 1.910918 -0.140434 1.706303
v 1.552790 0.895062 1.785139
vt 0.504020 0.442670
vt 0.496282 0.438168
vt 0.498523 0.423467
vt 0.042770 0.030466
vt 0.010835 0.038994
vt 0.014570 0.028791
vt 0.858835 0.143665
vt 0.848986 0.168937
vt 0.834537 0.151039
vt 0.478294 0.466516
vt 0.484121 0.440661
vt 0.493519 0.453520
vt 0.022337 0.017570
vt 0.490071 0.476383
vt 0.480281 0.504504
vt 0.475203 0.484604
vt 0.504024 0.487632
vt 0.832872 0.179076
vt 0.830252 0.163645
vt 0.505096 0.472732
vt 0.850805 0.136162
vt 0.842299 0.124875
vt 0.041178 0.015785
vt 0.870667 0.132372
vt 0.865817 0.162613
vt 0.882929 0.145301
vt 0.891718 0.144845
vt 0.887123 0.167712
vt 0.851470 0.198329
vt 0.503292 0.505991
vt 0.478110 0.516870
vt 0.830207 0.193542
vt 0.893622 0.224747
vt 0.911456 0.243200
vt 0.893655 0.246873
vt 0.892835 0.199551
vt 0.870596 0.216367
vt 0.873491 0.186798
vt 0.908958 0.215974
vt 0.903492 0.176423
vt 0.918573 0.186260
vt 0.911759 0.157343
vt 0.474560 0.555704
vt 0.483424 0.544597
vt 0.493323 0.556174
vt 0.478638 0.526249
vt 0.464385 0.538408
vt 0.498150 0.540331
vt 0.822177 0.254830
vt 0.823860 0.230701
vt 0.838542 0.239507
vt 0.489881 0.524341
vt 0.826812 0.214678
vt 0.460467 0.564174
vt 0.445107 0.572535
vt 0.454198 0.554626
vt 0.446118 0.535679
vt 0.461846 0.579900
vt 0.459562 0.512559
vt 0.472576 0.578998
vt 0.449403 0.526593
vt 0.492748 0.582729
vt 0.846588 0.222167
vt 0.868605 0.248797
vt 0.427918 0.524883
vt 0.440866 0.499869
vt 0.414783 0.540561
vt 0.414034 0.523223
vt 0.429816 0.499810
vt 0.442864 0.560390
vt 0.462901 0.595218
vt 0.443436 0.592391
vt 0.390040 0.577411
vt 0.379167 0.579242
vt 0.388780 0.564887
vt 0.429133 0.577979
vt 0.416715 0.569097
vt 0.368622 0.570552
vt 0.394340 0.599436
vt 0.412292 0.557068
vt 0.384659 0.552647
vt 0.424003 0.595870
vt 0.375094 0.605311
vt 0.353475 0.591689
vt 0.826201 0.323658
vt 0.817300 0.316873
vt 0.820814 0.295805
vt 0.450325 0.613121
vt 0.450538 0.637595
vt 0.439847 0.642659
vt 0.840324 0.300962
vt 0.823865 0.287456
vt 0.468012 0.614844
vt 0.823774 0.269372
vt 0.813865 0.270921
vt 0.421026 0.658306
vt 0.409069 0.639253
vt 0.815160 0.278692
vt 0.415989 0.622001
vt 0.846898 0.317529
vt 0.475839 0.619033
vt 0.473967 0.626528
vt 0.434358 0.620048
vt 0.448674 0.650427
vt 0.478955 0.598035
vt 0.481913 0.606864
vt 0.460809 0.645205
vt 0.819864 0.330312
vt 0.834110 0.346016
vt 0.452997 0.658720
vt 0.439393 0.661989
vt 0.843080 0.262063
vt 0.405063 0.602269
vt 0.402329 0.634308
vt 0.390106 0.623792
vt 0.372115 0.638538
vt 0.359824 0.616683
vt 0.902617 0.274187
vt 0.895398 0.291229
vt 0.877139 0.270561
vt 0.870116 0.300747
vt 0.919866 0.295986
vt 0.863683 0.284547
vt 0.857413 0.260489
vt 0.922042 0.269432
vt 0.927647 0.246177
vt 0.940421 0.303370
vt 0.933087 0.331819
vt 0.869507 0.321920
vt 0.869240 0.341075
vt 0.854131 0.336323
vt 0.885277 0.330448
vt 0.883408 0.357642
vt 0.879695 0.308543
vt 0.894233 0.356351
vt 0.905491 0.378857
vt 0.908505 0.327460
vt 0.861739 0.367341
vt 0.880393 0.383070
vt 0.916807 0.347912
vt 0.926474 0.365694
vt 0.911314 0.394396
vt 0.949243 0.395689
vt 0.932795 0.384120
vt 0.947759 0.383931
vt 0.949856 0.360362
vt 0.078600 0.049629
vt 0.060960 0.025302
vt 0.091776 0.033834
vt 0.483202 0.381358
vt 0.495743 0.400034
vt 0.488817 0.400435
vt 0.096697 0.016513
vt 0.124518 0.032585
vt 0.486987 0.415784
vt 0.472914 0.410693
vt 0.442371 0.376362
vt 0.467804 0.366039
vt 0.464122 0.392874
vt 0.458854 0.426172
vt 0.444149 0.402601
vt 0.063807 0.012887
vt 0.476410 0.357409
vt 0.466749 0.337916
vt 0.476704 0.377431
vt 0.450841 0.359449
vt 0.473175 0.449951
vt 0.459569 0.438525
vt 0.132728 0.009982
vt 0.109251 0.009239
vt 0.084750 0.007041
vt 0.055847 0.050582
vt 0.016960 0.061761
vt 0.025251 0.046565
vt 0.110828 0.049440
vt 0.067297 0.072126
vt 0.042111 0.075490
vt 0.435335 0.395175
vt 0.442626 0.434708
vt 0.436138 0.418125
vt 0.424462 0.425547
vt 0.172108 0.007319
vt 0.180902 0.025482
vt 0.151358 0.013366
vt 0.154025 0.037488
vt 0.424172 0.314033
vt 0.423451 0.336324
vt 0.400363 0.322900
vt 0.386068 0.294598
vt 0.415889 0.292943
vt 0.445606 0.316562
vt 0.439520 0.301294
vt 0.447253 0.305216
vt 0.428579 0.294642
vt 0.434819 0.283507
vt 0.454277 0.303941
vt 0.461035 0.317015
vt 0.456506 0.333846
vt 0.149610 0.007604
vt 0.419133 0.271240
vt 0.440736 0.276689
vt 0.200565 0.024705
vt 0.187447 0.010307
vt 0.210697 0.012917
vt 0.454682 0.290660
vt 0.382260 0.337421
vt 0.362545 0.308646
vt 0.380452 0.315449
vt 0.364167 0.349962
vt 0.385922 0.352305
vt 0.400725 0.339244
vt 0.134094 0.058953
vt 0.429023 0.349451
vt 0.413518 0.349648
vt 0.371966 0.373806
vt 0.404585 0.361604
vt 0.364234 0.395381
vt 0.415315 0.375976
vt 0.423418 0.365503
vt 0.346096 0.371403
vt 0.468694 0.330075
vt 0.290205 0.482321
vt 0.284988 0.500547
vt 0.274442 0.499389
vt 0.313809 0.525609
vt 0.305850 0.505629
vt 0.323402 0.503895
vt 0.261599 0.459874
vt 0.265957 0.443070
vt 0.290944 0.460203
vt 0.250555 0.484411
vt 0.265774 0.477275
vt 0.260081 0.498025
vt 0.276278 0.521827
vt 0.273589 0.525356
vt 0.294049 0.492950
vt 0.311235 0.488358
vt 0.307582 0.494275
vt 0.280914 0.476822
vt 0.293241 0.508098
vt 0.283957 0.517013
vt 0.224734 0.474614
vt 0.239325 0.470745
vt 0.233966 0.486723
vt 0.240255 0.513492
vt 0.224788 0.532689
vt 0.220978 0.495289
vt 0.288539 0.533728
vt 0.335559 0.588421
vt 0.348200 0.580569
vt 0.333612 0.601521
vt 0.327682 0.591098
vt 0.314483 0.565470
vt 0.333475 0.561532
vt 0.310760 0.539936
vt 0.301734 0.546411
vt 0.328100 0.528500
vt 0.331437 0.513928
vt 0.348632 0.520289
vt 0.274028 0.557785
vt 0.287862 0.553790
vt 0.284464 0.565316
vt 0.364883 0.559843
vt 0.342906 0.554419
vt 0.324408 0.539201
vt 0.339354 0.541048
vt 0.312770 0.586024
vt 0.293039 0.546013
vt 0.397068 0.484719
vt 0.385060 0.508943
vt 0.375604 0.503376
vt 0.420438 0.453776
vt 0.432490 0.443286
vt 0.427591 0.472924
vt 0.444826 0.467438
vt 0.439371 0.488841
vt 0.419619 0.483281
vt 0.400296 0.495726
vt 0.385071 0.490686
vt 0.394225 0.469958
vt 0.453963 0.477583
vt 0.450019 0.447800
vt 0.404670 0.445360
vt 0.381606 0.459551
vt 0.381297 0.418984
vt 0.414726 0.468075
vt 0.411477 0.463467
vt 0.337740 0.395481
vt 0.352608 0.421336
vt 0.322887 0.414930
vt 0.353402 0.503647
vt 0.351976 0.487149
vt 0.302095 0.374767
vt 0.332393 0.490382
vt 0.315875 0.473817
vt 0.317825 0.460286
vt 0.293372 0.441808
vt 0.389813 0.513242
vt 0.373425 0.528118
vt 0.367384 0.515758
vt 0.402109 0.514624
vt 0.388326 0.530070
vt 0.366930 0.537552
vt 0.829420 0.375935
vt 0.830285 0.367079
vt 0.844236 0.391362
vt 0.407861 0.693085
vt 0.414776 0.691211
vt 0.392208 0.705996
vt 0.397362 0.683418
vt 0.388669 0.690685
vt 0.395581 0.670944
vt 0.374826 0.715740
vt 0.382820 0.708424
vt 0.411737 0.683477
vt 0.817184 0.377185
vt 0.819447 0.420629
vt 0.820726 0.401508
vt 0.826230 0.403843
vt 0.842444 0.419477
vt 0.380993 0.695403
vt 0.819779 0.354342
vt 0.815038 0.361067
vt 0.865795 0.399111
vt 0.407646 0.663745
vt 0.427947 0.677705
vt 0.828395 0.433201
vt 0.861569 0.428962
vt 0.883259 0.424477
vt 0.899547 0.410963
vt 0.919470 0.404663
vt 0.914702 0.434145
vt 0.929725 0.422293
vt 0.847374 0.438662
vt 0.878312 0.439622
vt 0.888745 0.494722
vt 0.914357 0.497013
vt 0.901775 0.516507
vt 0.861428 0.453630
vt 0.907280 0.478060
vt 0.924500 0.468005
vt 0.905734 0.458503
vt 0.881239 0.465556
vt 0.867441 0.491359
vt 0.902725 0.438289
vt 0.853683 0.468504
vt 0.949030 0.468325
vt 0.931338 0.441456
vt 0.953099 0.449468
vt 0.943035 0.423910
vt 0.937605 0.490022
vt 0.923634 0.523095
vt 0.950224 0.507979
vt 0.907753 0.543261
vt 0.924644 0.547655
vt 0.885997 0.532737
vt 0.943600 0.535586
vt 0.311294 0.678809
vt 0.319166 0.661033
vt 0.330881 0.670792
vt 0.376769 0.659782
vt 0.376823 0.682248
vt 0.351820 0.676541
vt 0.357685 0.655379
vt 0.336570 0.633153
vt 0.294797 0.660920
vt 0.294873 0.633645
vt 0.301301 0.651502
vt 0.357211 0.639355
vt 0.327258 0.636967
vt 0.335239 0.615747
vt 0.273213 0.648071
vt 0.282711 0.633768
vt 0.288216 0.622863
vt 0.269215 0.636511
vt 0.312541 0.600042
vt 0.302673 0.617161
vt 0.301876 0.594898
vt 0.307987 0.634531
vt 0.243773 0.553306
vt 0.266615 0.568151
vt 0.273389 0.606229
vt 0.274603 0.625583
vt 0.265654 0.620384
vt 0.282141 0.585419
vt 0.268320 0.591756
vt 0.347205 0.697687
vt 0.262208 0.552364
vt 0.389859 0.653998
vt 0.343454 0.600384
vt 0.258746 0.576872
vt 0.259836 0.605452
vt 0.237539 0.615387
vt 0.239068 0.602698
vt 0.255195 0.627574
vt 0.249965 0.590958
vt 0.236959 0.589057
vt 0.238253 0.560894
vt 0.236098 0.575732
vt 0.230595 0.554202
vt 0.258607 0.646773
vt 0.244639 0.629647
vt 0.248702 0.644492
vt 0.267094 0.674856
vt 0.274050 0.660608
vt 0.281944 0.693299
vt 0.292016 0.676235
vt 0.301888 0.692858
vt 0.839274 0.536397
vt 0.828935 0.509504
vt 0.846567 0.514195
vt 0.832692 0.480535
vt 0.846510 0.489094
vt 0.835334 0.458681
vt 0.293321 0.710616
vt 0.275245 0.710891
vt 0.316018 0.714589
vt 0.329305 0.697610
vt 0.326042 0.707677
vt 0.342615 0.715605
vt 0.299426 0.733054
vt 0.280418 0.736179
vt 0.278959 0.719023
vt 0.300449 0.727001
vt 0.815533 0.493658
vt 0.815757 0.473444
vt 0.820838 0.472494
vt 0.818917 0.459261
vt 0.326693 0.719870
vt 0.816636 0.512293
vt 0.147755 0.733725
vt 0.150528 0.727149
vt 0.167072 0.736056
vt 0.818328 0.444882
vt 0.335879 0.725617
vt 0.350555 0.722284
vt 0.350755 0.724192
vt 0.366563 0.714930
vt 0.869339 0.510535
vt 0.264648 0.700790
vt 0.253155 0.722220
vt 0.244625 0.671200
vt 0.253552 0.693495
vt 0.250791 0.682580
vt 0.259178 0.735276
vt 0.816378 0.532182
vt 0.868125 0.544381
vt 0.191725 0.566004
vt 0.163184 0.572483
vt 0.188051 0.536191
vt 0.197197 0.597595
vt 0.221815 0.569673
vt 0.216768 0.593804
vt 0.185519 0.616338
vt 0.177955 0.605298
vt 0.169980 0.630160
vt 0.163099 0.617336
vt 0.187678 0.641634
vt 0.221338 0.534793
vt 0.204941 0.620035
vt 0.173371 0.595071
vt 0.154006 0.610328
vt 0.219289 0.605736
vt 0.224280 0.617136
vt 0.145594 0.592752
vt 0.225071 0.629171
vt 0.139223 0.570406
vt 0.164247 0.535583
vt 0.151003 0.634823
vt 0.162472 0.679352
vt 0.142045 0.690759
vt 0.149633 0.663272
vt 0.199633 0.675554
vt 0.223046 0.679085
vt 0.191161 0.684784
vt 0.215215 0.637449
vt 0.235177 0.648307
vt 0.218819 0.649413
vt 0.167757 0.650405
vt 0.226409 0.692840
vt 0.201443 0.698602
vt 0.182116 0.660264
vt 0.176760 0.696136
vt 0.203448 0.658292
vt 0.236309 0.662770
vt 0.152092 0.652641
vt 0.128863 0.632850
vt 0.127839 0.616946
vt 0.138506 0.620770
vt 0.118346 0.595495
vt 0.132950 0.581412
vt 0.124928 0.685498
vt 0.135000 0.665305
vt 0.119231 0.650396
vt 0.132362 0.645515
vt 0.080491 0.645760
vt 0.103039 0.638685
vt 0.110650 0.670508
vt 0.074186 0.632856
vt 0.079807 0.617417
vt 0.102611 0.623193
vt 0.083756 0.664138
vt 0.066041 0.665496
vt 0.054914 0.657436
vt 0.112923 0.607768
vt 0.096648 0.601905
vt 0.105116 0.688183
vt 0.113092 0.702726
vt 0.086651 0.698030
vt 0.055740 0.677706
vt 0.043440 0.661457
vt 0.056120 0.672905
vt 0.096651 0.673562
vt 0.820883 0.740384
vt 0.805450 0.730639
vt 0.818263 0.707826
vt 0.070014 0.695802
vt 0.072085 0.701811
vt 0.076999 0.678630
vt 0.807611 0.706683
vt 0.074338 0.688562
vt 0.808835 0.700232
vt 0.831884 0.719538
vt 0.806067 0.749127
vt 0.853072 0.716977
vt 0.839749 0.736738
vt 0.155509 0.709007
vt 0.160600 0.723165
vt 0.221117 0.714951
vt 0.216470 0.706086
vt 0.230666 0.702957
vt 0.241765 0.723868
vt 0.138207 0.709666
vt 0.206970 0.715385
vt 0.189293 0.712936
vt 0.179505 0.721008
vt 0.222150 0.727955
vt 0.829985 0.630577
vt 0.828097 0.598749
vt 0.844386 0.623601
vt 0.811677 0.580530
vt 0.839018 0.577750
vt 0.828409 0.557265
vt 0.811914 0.608080
vt 0.813358 0.626159
vt 0.811473 0.594587
vt 0.811895 0.564064
vt 0.183759 0.736839
vt 0.221744 0.739734
vt 0.238416 0.737011
vt 0.208641 0.737426
vt 0.174613 0.733029
vt 0.159904 0.730038
vt 0.813921 0.549321
vt 0.126471 0.725259
vt 0.141904 0.730052
vt 0.808835 0.642569
vt 0.808086 0.630846
vt 0.855426 0.600447
vt 0.862758 0.582823
vt 0.849357 0.649572
vt 0.862226 0.566085
vt 0.827199 0.656447
vt 0.826848 0.682168
vt 0.810320 0.689638
vt 0.806852 0.676015
vt 0.114341 0.717083
vt 0.807755 0.662654
vt 0.102858 0.713124
vt 0.856890 0.678296
vt 0.891078 0.554259
vt 0.882887 0.573592
vt 0.871508 0.624959
vt 0.877039 0.605849
vt 0.896806 0.602153
vt 0.898449 0.653153
vt 0.907226 0.627186
vt 0.922400 0.665355
vt 0.931754 0.636404
vt 0.882578 0.650245
vt 0.865837 0.656174
vt 0.931898 0.613413
vt 0.914476 0.599334
vt 0.927288 0.589161
vt 0.908751 0.573461
vt 0.948885 0.564180
vt 0.873696 0.677169
vt 0.901700 0.683312
vt 0.874718 0.700172
vt 0.899403 0.711858
vt 0.854279 0.698329
vt 0.921918 0.690868
vt 0.190287 0.065946
vt 0.163121 0.081437
vt 0.156692 0.061989
vt 0.183054 0.050269
vt 0.180089 0.111102
vt 0.151803 0.111137
vt 0.176875 0.094830
vt 0.129501 0.087706
vt 0.098578 0.075053
vt 0.121114 0.112976
vt 0.099439 0.094943
vt 0.066794 0.095479
vt 0.097695 0.118868
vt 0.113848 0.130839
vt 0.089895 0.139586
vt 0.135792 0.134385
vt 0.150757 0.144473
vt 0.120562 0.150716
vt 0.153166 0.171923
vt 0.113017 0.170254
vt 0.137611 0.182808
vt 0.111931 0.184465
vt 0.086131 0.172477
vt 0.545826 0.812416
vt 0.522619 0.809441
vt 0.529841 0.796466
vt 0.551962 0.806608
vt 0.529048 0.828838
vt 0.543466 0.831493
vt 0.004134 0.108130
vt 0.015512 0.094951
vt 0.035273 0.121320
vt 0.050203 0.164428
vt 0.015127 0.155108
vt 0.028191 0.136007
vt 0.069428 0.151253
vt 0.052686 0.137763
vt 0.063891 0.118886
vt 0.042601 0.101055
vt 0.006916 0.122640
vt 0.037336 0.175410
vt 0.011109 0.169592
vt 0.492105 0.790183
vt 0.508731 0.796607
vt 0.497521 0.806098
vt 0.477452 0.769403
vt 0.468794 0.759147
vt 0.487124 0.763340
vt 0.495748 0.768520
vt 0.492356 0.778119
vt 0.502353 0.816267
vt 0.508513 0.784534
vt 0.085296 0.182896
vt 0.069830 0.178309
vt 0.056473 0.177659
vt 0.004544 0.139981
vt 0.928207 0.164652
vt 0.933914 0.194436
vt 0.942150 0.161387
vt 0.956592 0.168972
vt 0.479091 0.814090
vt 0.466944 0.801424
vt 0.455995 0.780848
vt 0.454916 0.791932
vt 0.489858 0.841682
vt 0.504999 0.859325
vt 0.482134 0.847464
vt 0.475897 0.828367
vt 0.460796 0.831889
vt 0.447627 0.837309
vt 0.435583 0.830251
vt 0.448370 0.820281
vt 0.523730 0.839006
vt 0.511567 0.847663
vt 0.443678 0.809075
vt 0.434162 0.789122
vt 0.443604 0.748535
vt 0.434627 0.754760
vt 0.420485 0.743868
vt 0.413948 0.757163
vt 0.978040 0.172468
vt 0.975486 0.155103
vt 0.992094 0.166509
vt 0.987086 0.146369
vt 0.426041 0.770652
vt 0.450526 0.766104
vt 0.411695 0.770901
vt 0.419992 0.787771
vt 0.421066 0.806463
vt 0.420707 0.797507
vt 0.387321 0.803989
vt 0.412024 0.790530
vt 0.403233 0.806352
vt 0.417437 0.819891
vt 0.430819 0.854469
vt 0.406571 0.866848
vt 0.415198 0.851381
vt 0.397200 0.855946
vt 0.440522 0.874347
vt 0.448830 0.891101
vt 0.402791 0.909371
vt 0.421361 0.870081
vt 0.433835 0.933297
vt 0.433703 0.842435
vt 0.438740 0.869028
vt 0.474570 0.876433
vt 0.424318 0.834623
vt 0.412487 0.845614
vt 0.400312 0.840422
vt 0.388185 0.841722
vt 0.398865 0.825848
vt 0.411142 0.829452
vt 0.395622 0.815328
vt 0.379348 0.830383
vt 0.387346 0.849399
vt 0.410284 0.876994
vt 0.382550 0.870522
vt 0.385677 0.859240
vt 0.415194 0.888695
vt 0.390786 0.893236
vt 0.383861 0.885131
vt 0.375668 0.851322
vt 0.372110 0.858668
vt 0.947889 0.254725
vt 0.955592 0.242783
vt 0.960539 0.262924
vt 0.927127 0.232526
vt 0.966623 0.224752
vt 0.981759 0.247871
vt 0.948748 0.277830
vt 0.991607 0.223388
vt 0.973720 0.207613
vt 0.993701 0.187793
vt 0.995944 0.210237
vt 0.938328 0.215450
vt 0.950049 0.199563
vt 0.965478 0.187168
vt 0.354655 0.742772
vt 0.371650 0.739398
vt 0.374012 0.751609
vt 0.355152 0.736986
vt 0.395531 0.740421
vt 0.995428 0.241038
vt 0.339394 0.792095
vt 0.346823 0.781507
vt 0.361990 0.793337
vt 0.374588 0.766681
vt 0.375831 0.780200
vt 0.334425 0.750971
vt 0.346096 0.761928
vt 0.330300 0.761220
vt 0.329318 0.784373
vt 0.325801 0.773615
vt 0.314561 0.764508
vt 0.310997 0.778952
vt 0.391954 0.758301
vt 0.394552 0.769557
vt 0.378174 0.795114
vt 0.337634 0.737736
vt 0.322157 0.812245
vt 0.311064 0.824417
vt 0.314909 0.795907
vt 0.329737 0.803836
vt 0.363230 0.819517
vt 0.346801 0.813768
vt 0.361186 0.807406
vt 0.357009 0.855326
vt 0.362379 0.860916
vt 0.345894 0.867743
vt 0.338730 0.856442
vt 0.365417 0.850756
vt 0.342327 0.831787
vt 0.366317 0.873509
vt 0.351821 0.873444
vt 0.331463 0.845003
vt 0.340051 0.884436
vt 0.331821 0.879076
vt 0.350647 0.892767
vt 0.328737 0.850523
vt 0.322776 0.862113
vt 0.316799 0.869974
vt 0.363759 0.886235
vt 0.303100 0.849377
vt 0.297582 0.838656
vt 0.325410 0.894807
vt 0.294673 0.870252
vt 0.305581 0.871744
vt 0.338647 0.819957
vt 0.322132 0.826208
vt 0.956992 0.327933
vt 0.973029 0.313862
vt 0.974245 0.347965
vt 0.990979 0.290695
vt 0.992840 0.305588
vt 0.988680 0.324286
vt 0.958239 0.298114
vt 0.977540 0.288258
vt 0.992457 0.279449
vt 0.980953 0.267667
vt 0.992479 0.268688
vt 0.296062 0.744634
vt 0.305480 0.741021
vt 0.305990 0.751481
vt 0.258704 0.765065
vt 0.272341 0.777569
vt 0.259044 0.774831
vt 0.264899 0.792224
vt 0.280494 0.758065
vt 0.292926 0.768658
vt 0.264035 0.748010
vt 0.246130 0.758919
vt 0.249564 0.770289
vt 0.279672 0.743657
vt 0.253252 0.782561
vt 0.196263 0.785674
vt 0.212758 0.777556
vt 0.201377 0.787320
vt 0.304264 0.770828
vt 0.991054 0.342257
vt 0.282712 0.801960
vt 0.277923 0.811183
vt 0.268230 0.803059
vt 0.296813 0.789907
vt 0.267263 0.817903
vt 0.255951 0.808381
vt 0.281529 0.822984
vt 0.243077 0.853989
vt 0.243881 0.836916
vt 0.265826 0.848579
vt 0.254250 0.819751
vt 0.230789 0.811512
vt 0.281754 0.841174
vt 0.234090 0.835147
vt 0.957255 0.423935
vt 0.977202 0.404997
vt 0.970950 0.377944
vt 0.986458 0.355467
vt 0.217967 0.827178
vt 0.196276 0.819087
vt 0.210934 0.802154
vt 0.988457 0.397598
vt 0.988730 0.414286
vt 0.237454 0.785127
vt 0.219889 0.793847
vt 0.226509 0.799936
vt 0.189882 0.808499
vt 0.172271 0.800992
vt 0.185782 0.794112
vt 0.988591 0.381460
vt 0.992682 0.362723
vt 0.265120 0.862470
vt 0.251701 0.900640
vt 0.263080 0.913566
vt 0.254645 0.919408
vt 0.261055 0.886325
vt 0.246504 0.882746
vt 0.256899 0.881116
vt 0.273608 0.910303
vt 0.290272 0.906037
vt 0.284033 0.918160
vt 0.273651 0.870169
vt 0.280343 0.884635
vt 0.273591 0.898643
vt 0.294505 0.879097
vt 0.300647 0.905895
vt 0.243373 0.914660
vt 0.243101 0.922375
vt 0.221621 0.911425
vt 0.228916 0.890808
vt 0.226878 0.932368
vt 0.227513 0.923325
vt 0.234943 0.879873
vt 0.214889 0.925076
vt 0.220581 0.885722
vt 0.229779 0.861923
vt 0.213892 0.902866
vt 0.199957 0.875624
vt 0.281432 0.938308
vt 0.268406 0.935284
vt 0.263323 0.924363
vt 0.290939 0.921657
vt 0.267704 0.953553
vt 0.314125 0.916937
vt 0.294161 0.947278
vt 0.326781 0.941972
vt 0.325396 0.917521
vt 0.350701 0.909604
vt 0.322538 0.957508
vt 0.308565 0.948642
vt 0.336025 0.932918
vt 0.346490 0.929580
vt 0.361082 0.918044
vt 0.315834 0.969221
vt 0.366108 0.946797
vt 0.368703 0.959613
vt 0.353373 0.960225
vt 0.353648 0.942615
vt 0.343051 0.975523
vt 0.339840 0.964388
vt 0.374754 0.933770
vt 0.378499 0.919289
vt 0.300932 0.960851
vt 0.525504 0.595117
vt 0.511647 0.607341
vt 0.520255 0.585107
vt 0.543489 0.562894
vt 0.532654 0.581721
vt 0.510180 0.575464
vt 0.522070 0.543885
vt 0.532052 0.645910
vt 0.539102 0.628735
vt 0.544930 0.630828
vt 0.550319 0.642045
vt 0.533342 0.616037
vt 0.515266 0.615099
vt 0.528534 0.610328
vt 0.526553 0.628276
vt 0.540554 0.618180
vt 0.555081 0.632315
vt 0.560308 0.626067
vt 0.567882 0.589373
vt 0.567039 0.607905
vt 0.554461 0.576434
vt 0.559706 0.614285
vt 0.538538 0.597700
vt 0.506977 0.617308
vt 0.574454 0.624040
vt 0.592537 0.624226
vt 0.564275 0.578374
vt 0.553187 0.655315
vt 0.536982 0.661698
vt 0.566406 0.654722
vt 0.574228 0.635839
vt 0.521001 0.667354
vt 0.555273 0.673418
vt 0.530953 0.698306
vt 0.524197 0.681965
vt 0.536407 0.688234
vt 0.536044 0.676249
vt 0.552902 0.692368
vt 0.569693 0.668707
vt 0.576633 0.687192
vt 0.539264 0.698789
vt 0.589049 0.667232
vt 0.580820 0.651365
vt 0.601126 0.651416
vt 0.598254 0.670120
vt 0.581333 0.671115
vt 0.600174 0.640488
vt 0.636949 0.666511
vt 0.655690 0.678975
vt 0.634855 0.677646
vt 0.619376 0.666236
vt 0.626254 0.677059
vt 0.624206 0.646485
vt 0.652170 0.658035
vt 0.187128 0.877580
vt 0.190515 0.863796
vt 0.975569 0.435036
vt 0.975592 0.466266
vt 0.987679 0.481241
vt 0.988202 0.462821
vt 0.988308 0.444677
vt 0.148216 0.838481
vt 0.133794 0.834610
vt 0.152638 0.824016
vt 0.147403 0.819062
vt 0.158803 0.811494
vt 0.989245 0.430620
vt 0.164152 0.844201
vt 0.151645 0.846544
vt 0.143076 0.860503
vt 0.196906 0.847468
vt 0.179659 0.833082
vt 0.193114 0.837319
vt 0.176389 0.861755
vt 0.165230 0.877264
vt 0.156474 0.871667
vt 0.205319 0.853212
vt 0.215240 0.839613
vt 0.552728 0.715948
vt 0.582770 0.719132
vt 0.578757 0.736866
vt 0.553460 0.725279
vt 0.567595 0.748129
vt 0.544840 0.737160
vt 0.170476 0.896678
vt 0.156440 0.898633
vt 0.151248 0.884522
vt 0.574227 0.758164
vt 0.588195 0.754726
vt 0.966967 0.491845
vt 0.970210 0.522502
vt 0.984682 0.504163
vt 0.544594 0.757511
vt 0.551893 0.761223
vt 0.550646 0.767469
vt 0.573056 0.775179
vt 0.551057 0.785446
vt 0.128856 0.863506
vt 0.120018 0.847793
vt 0.141328 0.867584
vt 0.983692 0.523439
vt 0.587137 0.767855
vt 0.592327 0.729956
vt 0.600896 0.751668
vt 0.971479 0.603611
vt 0.987239 0.582545
vt 0.988335 0.599951
vt 0.955913 0.590509
vt 0.974000 0.569741
vt 0.970570 0.545310
vt 0.986969 0.566327
vt 0.985793 0.545586
vt 0.624475 0.710587
vt 0.599469 0.714697
vt 0.613796 0.693725
vt 0.601355 0.697448
vt 0.630967 0.696071
vt 0.589254 0.694160
vt 0.641298 0.703763
vt 0.640401 0.718153
vt 0.659253 0.747407
vt 0.639399 0.751629
vt 0.646192 0.742149
vt 0.634045 0.741645
vt 0.624637 0.753209
vt 0.616551 0.741239
vt 0.638450 0.730279
vt 0.665136 0.733500
vt 0.652836 0.720461
vt 0.651611 0.711619
vt 0.655534 0.696633
vt 0.955690 0.618349
vt 0.944879 0.639734
vt 0.974712 0.627545
vt 0.963558 0.648728
vt 0.979528 0.652535
vt 0.977405 0.671614
vt 0.950864 0.669264
vt 0.968085 0.693209
vt 0.947170 0.685938
vt 0.684676 0.745971
vt 0.676644 0.731867
vt 0.700687 0.735418
vt 0.694161 0.719967
vt 0.666351 0.701909
vt 0.686319 0.685364
vt 0.672775 0.719664
vt 0.672327 0.683573
vt 0.991668 0.645504
vt 0.992016 0.659817
vt 0.716464 0.718011
vt 0.719385 0.722302
vt 0.709798 0.728632
vt 0.994039 0.670673
vt 0.704472 0.702508
vt 0.989126 0.624582
vt 0.303150 0.029075
vt 0.281846 0.018763
vt 0.301587 0.009569
vt 0.286216 0.044218
vt 0.268856 0.013344
vt 0.261368 0.032821
vt 0.327707 0.224299
vt 0.327915 0.212781
vt 0.333016 0.214944
vt 0.380768 0.247743
vt 0.347609 0.235752
vt 0.382636 0.237161
vt 0.307897 0.230015
vt 0.327710 0.241116
vt 0.307973 0.248182
vt 0.340174 0.258569
vt 0.357936 0.253674
vt 0.358358 0.268121
vt 0.387009 0.266201
vt 0.361967 0.226737
vt 0.322879 0.021455
vt 0.333077 0.006977
vt 0.305906 0.006920
vt 0.315697 0.215129
vt 0.298892 0.206197
vt 0.292856 0.214799
vt 0.319863 0.034941
vt 0.308196 0.047758
vt 0.328337 0.054173
vt 0.302661 0.069773
vt 0.243454 0.023892
vt 0.235596 0.047032
vt 0.218102 0.036162
vt 0.224606 0.015902
vt 0.255104 0.011919
vt 0.274569 0.069580
vt 0.255673 0.053910
vt 0.326558 0.074660
vt 0.301504 0.100965
vt 0.291051 0.086747
vt 0.377771 0.274388
vt 0.395765 0.280234
vt 0.396119 0.257800
vt 0.406639 0.251261
vt 0.288257 0.257257
vt 0.282673 0.225914
vt 0.333964 0.311903
vt 0.318346 0.310345
vt 0.333445 0.297019
vt 0.323465 0.354785
vt 0.332875 0.353275
vt 0.297806 0.273747
vt 0.253937 0.364431
vt 0.257333 0.339298
vt 0.282518 0.338073
vt 0.278685 0.283641
vt 0.259426 0.271003
vt 0.296815 0.288916
vt 0.294434 0.339076
vt 0.324506 0.329139
vt 0.296096 0.326608
vt 0.269647 0.313739
vt 0.303406 0.310310
vt 0.237133 0.303327
vt 0.256865 0.290092
vt 0.241495 0.312518
vt 0.274752 0.294138
vt 0.306866 0.327672
vt 0.319727 0.294779
vt 0.261185 0.279491
vt 0.319367 0.282813
vt 0.339035 0.275467
vt 0.346293 0.284438
vt 0.345985 0.301498
vt 0.363911 0.293468
vt 0.336716 0.324878
vt 0.285889 0.354491
vt 0.322454 0.265792
vt 0.267424 0.251923
vt 0.270735 0.236809
vt 0.229296 0.285943
vt 0.345076 0.339845
vt 0.356101 0.326728
vt 0.361819 0.320598
vt 0.366781 0.302385
vt 0.374657 0.333471
vt 0.272728 0.373436
vt 0.219460 0.307148
vt 0.216289 0.336461
vt 0.239046 0.258060
vt 0.394873 0.028385
vt 0.374230 0.044797
vt 0.370429 0.028639
vt 0.354712 0.044826
vt 0.345194 0.021825
vt 0.371610 0.009399
vt 0.385380 0.065468
vt 0.365049 0.064588
vt 0.347567 0.068924
vt 0.337193 0.084414
vt 0.362099 0.088357
vt 0.400249 0.051390
vt 0.385285 0.115637
vt 0.363598 0.117115
vt 0.380478 0.100572
vt 0.384121 0.137627
vt 0.407816 0.144204
vt 0.390566 0.155855
vt 0.359489 0.139896
vt 0.328269 0.149034
vt 0.337817 0.121593
vt 0.401392 0.108216
vt 0.367766 0.169518
vt 0.348474 0.106485
vt 0.314517 0.100579
vt 0.307832 0.113556
vt 0.406421 0.081158
vt 0.415923 0.099822
vt 0.418185 0.059450
vt 0.421401 0.117374
vt 0.440911 0.098464
vt 0.245821 0.217503
vt 0.255773 0.207720
vt 0.261615 0.218658
vt 0.274035 0.230217
vt 0.228173 0.242330
vt 0.246344 0.244729
vt 0.238906 0.234961
vt 0.240362 0.207231
vt 0.231625 0.223902
vt 0.383274 0.009507
vt 0.456954 0.027111
vt 0.426493 0.044688
vt 0.421366 0.025391
vt 0.399590 0.011850
vt 0.202067 0.239714
vt 0.174181 0.223052
vt 0.178853 0.215695
vt 0.194104 0.212829
vt 0.213357 0.215773
vt 0.222392 0.228546
vt 0.178706 0.242408
vt 0.211237 0.253903
vt 0.225265 0.206571
vt 0.189065 0.258939
vt 0.162233 0.231415
vt 0.162948 0.218704
vt 0.141608 0.226218
vt 0.421473 0.011977
vt 0.432969 0.013917
vt 0.487327 0.037448
vt 0.463413 0.014064
vt 0.484943 0.013161
vt 0.202878 0.209369
vt 0.447488 0.013609
vt 0.440648 0.051069
vt 0.476252 0.077605
vt 0.442283 0.071756
vt 0.461720 0.054272
vt 0.508641 0.048107
vt 0.489371 0.057504
vt 0.461633 0.102898
vt 0.219502 0.272868
vt 0.141958 0.239501
vt 0.124444 0.236333
vt 0.508232 0.031486
vt 0.122823 0.251095
vt 0.109455 0.248612
vt 0.529344 0.015388
vt 0.098682 0.239758
vt 0.137113 0.273113
vt 0.136338 0.254464
vt 0.150431 0.251669
vt 0.150976 0.276026
vt 0.094518 0.262884
vt 0.158034 0.240486
vt 0.167920 0.257590
vt 0.116347 0.262087
vt 0.178832 0.274899
vt 0.202557 0.270579
vt 0.195463 0.280072
vt 0.217522 0.283092
vt 0.213583 0.292333
vt 0.194226 0.298271
vt 0.190512 0.287325
vt 0.174476 0.292639
vt 0.168633 0.283844
vt 0.183222 0.302443
vt 0.161013 0.299611
vt 0.539519 0.023388
vt 0.510045 0.100629
vt 0.478823 0.112548
vt 0.509912 0.080865
vt 0.540253 0.082773
vt 0.522254 0.060203
vt 0.556879 0.037864
vt 0.535922 0.041165
vt 0.548681 0.059301
vt 0.544279 0.113489
vt 0.568945 0.069648
vt 0.564173 0.101036
vt 0.525367 0.178005
vt 0.503910 0.147633
vt 0.525920 0.148191
vt 0.522892 0.124668
vt 0.501125 0.114925
vt 0.484026 0.143678
vt 0.487756 0.170405
vt 0.466886 0.152789
vt 0.456992 0.127331
vt 0.436703 0.136925
vt 0.507091 0.182085
vt 0.556325 0.142836
vt 0.564332 0.124075
vt 0.384013 0.194314
vt 0.411596 0.177260
vt 0.411925 0.192552
vt 0.396951 0.173284
vt 0.627347 0.290973
vt 0.613352 0.296107
vt 0.629988 0.279129
vt 0.617084 0.247560
vt 0.623098 0.224835
vt 0.633704 0.230779
vt 0.651122 0.265001
vt 0.658792 0.273559
vt 0.649326 0.282487
vt 0.632097 0.263554
vt 0.641820 0.297208
vt 0.631875 0.273083
vt 0.604262 0.234259
vt 0.598045 0.245985
vt 0.610292 0.220675
vt 0.591349 0.218690
vt 0.633973 0.250261
vt 0.624136 0.257805
vt 0.602314 0.256872
vt 0.423298 0.155679
vt 0.442691 0.156740
vt 0.430556 0.190159
vt 0.456038 0.175827
vt 0.489387 0.186965
vt 0.470405 0.191956
vt 0.447737 0.187252
vt 0.438423 0.194341
vt 0.457654 0.192935
vt 0.490357 0.195932
vt 0.684877 0.258883
vt 0.664380 0.241887
vt 0.680974 0.243433
vt 0.669763 0.263825
vt 0.655643 0.243126
vt 0.651631 0.232779
vt 0.663471 0.234807
vt 0.652780 0.336130
vt 0.638011 0.324805
vt 0.668805 0.327244
vt 0.636241 0.315110
vt 0.657518 0.303133
vt 0.676740 0.353248
vt 0.661456 0.362690
vt 0.689682 0.331573
vt 0.677095 0.317274
vt 0.695301 0.345506
vt 0.679674 0.287125
vt 0.698479 0.300624
vt 0.690226 0.310377
vt 0.682817 0.305668
vt 0.696060 0.287637
vt 0.689482 0.270425
vt 0.713854 0.269157
vt 0.716730 0.251028
vt 0.699078 0.246369
vt 0.714139 0.334756
vt 0.701618 0.279739
vt 0.728872 0.293069
vt 0.526806 0.193871
vt 0.541551 0.193087
vt 0.712544 0.356985
vt 0.700951 0.362694
vt 0.711263 0.297663
vt 0.694050 0.376188
vt 0.666093 0.381177
vt 0.699132 0.384768
vt 0.689962 0.392784
vt 0.557661 0.176969
vt 0.570960 0.175399
vt 0.566086 0.195560
vt 0.583215 0.131660
vt 0.588831 0.152927
vt 0.583977 0.181187
vt 0.611006 0.177324
vt 0.602022 0.199982
vt 0.557185 0.154202
vt 0.541077 0.164307
vt 0.610197 0.144306
vt 0.741351 0.277212
vt 0.735305 0.301162
vt 0.763501 0.301865
vt 0.749579 0.294186
vt 0.761343 0.288937
vt 0.601011 0.205009
vt 0.589685 0.205770
vt 0.579597 0.203817
vt 0.758525 0.278343
vt 0.747836 0.271764
vt 0.730060 0.256971
vt 0.626458 0.200529
vt 0.737490 0.365314
vt 0.731434 0.346167
vt 0.745835 0.329525
vt 0.731841 0.322339
vt 0.762991 0.319563
vt 0.758414 0.341370
vt 0.747529 0.346439
vt 0.736768 0.310999
vt 0.617961 0.205134
vt 0.780794 0.309744
vt 0.772830 0.293900
vt 0.779070 0.336151
vt 0.782050 0.320350
vt 0.794155 0.330223
vt 0.789566 0.316754
vt 0.719796 0.378990
vt 0.222609 0.062688
vt 0.206246 0.048628
vt 0.249890 0.080607
vt 0.218300 0.086995
vt 0.196032 0.088849
vt 0.208783 0.103632
vt 0.242158 0.112633
vt 0.269139 0.135868
vt 0.272747 0.100776
vt 0.244592 0.142985
vt 0.253529 0.157577
vt 0.224638 0.135469
vt 0.221779 0.157132
vt 0.200598 0.151440
vt 0.201229 0.128568
vt 0.287234 0.124840
vt 0.286913 0.149141
vt 0.311608 0.130833
vt 0.305163 0.150544
vt 0.280415 0.169267
vt 0.645166 0.906263
vt 0.640445 0.913679
vt 0.627126 0.899502
vt 0.635419 0.887196
vt 0.620424 0.918939
vt 0.302031 0.178646
vt 0.331406 0.170019
vt 0.323487 0.189131
vt 0.320711 0.197026
vt 0.305647 0.194909
vt 0.346583 0.183949
vt 0.292688 0.192340
vt 0.351807 0.199766
vt 0.335155 0.197650
vt 0.642822 0.958467
vt 0.654744 0.942216
vt 0.653623 0.955148
vt 0.515211 0.224295
vt 0.518942 0.229318
vt 0.511548 0.238000
vt 0.662197 0.971728
vt 0.650111 0.970886
vt 0.639312 0.968864
vt 0.529078 0.220761
vt 0.545571 0.219931
vt 0.269015 0.187022
vt 0.629163 0.937182
vt 0.618249 0.932378
vt 0.646967 0.939489
vt 0.619163 0.953203
vt 0.607085 0.964175
vt 0.611671 0.946598
vt 0.625341 0.965130
vt 0.261368 0.185876
vt 0.649039 0.919230
vt 0.181251 0.148950
vt 0.182521 0.134067
vt 0.190126 0.185719
vt 0.176600 0.178480
vt 0.151795 0.183401
vt 0.560598 0.858576
vt 0.539876 0.853699
vt 0.565738 0.847653
vt 0.568211 0.827415
vt 0.560840 0.817327
vt 0.556032 0.824323
vt 0.568649 0.868709
vt 0.576553 0.857465
vt 0.577026 0.840497
vt 0.593380 0.840086
vt 0.552802 0.878428
vt 0.539420 0.862134
vt 0.562617 0.888768
vt 0.545147 0.889028
vt 0.535582 0.887568
vt 0.539139 0.906931
vt 0.584136 0.829865
vt 0.525748 0.904138
vt 0.530532 0.871931
vt 0.521161 0.859073
vt 0.517111 0.880954
vt 0.506543 0.898651
vt 0.213747 0.171906
vt 0.594447 0.879182
vt 0.596062 0.858257
vt 0.610047 0.888231
vt 0.599280 0.891157
vt 0.619100 0.861284
vt 0.606501 0.857231
vt 0.617100 0.870665
vt 0.582845 0.864740
vt 0.582754 0.898845
vt 0.576433 0.878655
vt 0.571036 0.898346
vt 0.544294 0.917050
vt 0.551560 0.904216
vt 0.559333 0.919077
vt 0.590729 0.913599
vt 0.572389 0.907957
vt 0.605524 0.921178
vt 0.606961 0.935740
vt 0.561703 0.926055
vt 0.555186 0.930342
vt 0.562789 0.938824
vt 0.583455 0.929420
vt 0.570466 0.934105
vt 0.584264 0.949442
vt 0.543746 0.945789
vt 0.572260 0.952943
vt 0.524277 0.939923
vt 0.590972 0.967945
vt 0.559818 0.223583
vt 0.568021 0.217562
vt 0.573893 0.229557
vt 0.569127 0.269079
vt 0.579116 0.252178
vt 0.560341 0.235489
vt 0.548295 0.240512
vt 0.542989 0.227116
vt 0.580924 0.242279
vt 0.534207 0.247501
vt 0.540777 0.262200
vt 0.556303 0.256453
vt 0.556778 0.250531
vt 0.552380 0.272867
vt 0.515931 0.257976
vt 0.519094 0.242518
vt 0.598544 0.270576
vt 0.569335 0.282947
vt 0.588825 0.293423
vt 0.536511 0.297572
vt 0.517144 0.289842
vt 0.538992 0.290484
vt 0.570302 0.962065
vt 0.556490 0.977169
vt 0.596755 0.987514
vt 0.514032 0.276849
vt 0.520031 0.270774
vt 0.579669 0.984981
vt 0.557128 0.987608
vt 0.516576 0.304901
vt 0.549356 0.991400
vt 0.533525 0.979105
vt 0.543498 0.286178
vt 0.534910 0.324053
vt 0.582392 0.310366
vt 0.577152 0.328111
vt 0.552209 0.314232
vt 0.558123 0.344381
vt 0.562178 0.291900
vt 0.512908 0.321921
vt 0.522921 0.340416
vt 0.508217 0.327693
vt 0.604201 0.331956
vt 0.610943 0.314414
vt 0.640429 0.340563
vt 0.629836 0.360522
vt 0.607192 0.353921
vt 0.615935 0.345532
vt 0.593222 0.354755
vt 0.486462 0.934201
vt 0.502031 0.974742
vt 0.457974 0.960856
vt 0.472488 0.977628
vt 0.444015 0.977551
vt 0.419733 0.963059
vt 0.522166 0.984732
vt 0.507230 0.423953
vt 0.507764 0.389383
vt 0.527104 0.411848
vt 0.513927 0.448437
vt 0.543455 0.444367
vt 0.560012 0.405257
vt 0.532442 0.462010
vt 0.556212 0.452328
vt 0.524853 0.470291
vt 0.513005 0.474788
vt 0.418003 0.984623
vt 0.544650 0.460625
vt 0.395270 0.939415
vt 0.393798 0.987816
vt 0.550068 0.467657
vt 0.387094 0.963824
vt 0.372873 0.971107
vt 0.387627 0.992655
vt 0.519363 0.480466
vt 0.567069 0.427645
vt 0.560607 0.378965
vt 0.527801 0.367513
vt 0.541978 0.357457
vt 0.580316 0.365170
vt 0.569183 0.376049
vt 0.556231 0.365779
vt 0.597941 0.405972
vt 0.585149 0.440315
vt 0.576813 0.411885
vt 0.590743 0.394891
vt 0.595708 0.435139
vt 0.603711 0.384900
vt 0.640480 0.376231
vt 0.640594 0.407012
vt 0.616828 0.415819
vt 0.636890 0.393337
vt 0.617591 0.390291
vt 0.648429 0.425146
vt 0.668637 0.406300
vt 0.682232 0.111977
vt 0.698406 0.122410
vt 0.683107 0.137866
vt 0.661434 0.124665
vt 0.645315 0.202510
vt 0.639818 0.201807
vt 0.657067 0.196563
vt 0.679801 0.187456
vt 0.670877 0.200358
vt 0.665169 0.143676
vt 0.685526 0.152619
vt 0.665897 0.175422
vt 0.649843 0.158555
vt 0.691102 0.166665
vt 0.650842 0.176821
vt 0.639596 0.183350
vt 0.630739 0.159800
vt 0.700992 0.135141
vt 0.684474 0.199386
vt 0.803786 0.379337
vt 0.790067 0.373654
vt 0.803210 0.362595
vt 0.790731 0.352011
vt 0.794661 0.335686
vt 0.783468 0.360859
vt 0.776472 0.371749
vt 0.777954 0.347542
vt 0.760309 0.363220
vt 0.766575 0.351514
vt 0.699879 0.193669
vt 0.709604 0.153705
vt 0.705547 0.202464
vt 0.717866 0.189139
vt 0.728875 0.165253
vt 0.792646 0.400734
vt 0.805386 0.395561
vt 0.805359 0.402979
vt 0.737726 0.196982
vt 0.712093 0.200369
vt 0.812018 0.401518
vt 0.811018 0.429004
vt 0.802525 0.417206
vt 0.772570 0.046574
vt 0.793102 0.055785
vt 0.786534 0.073636
vt 0.769432 0.081366
vt 0.725840 0.092762
vt 0.748338 0.087978
vt 0.756387 0.108220
vt 0.753612 0.056094
vt 0.745016 0.069834
vt 0.714474 0.076735
vt 0.779026 0.119475
vt 0.798904 0.121821
vt 0.800947 0.136986
vt 0.771676 0.145604
vt 0.746620 0.127084
vt 0.745791 0.145864
vt 0.793297 0.147172
vt 0.793357 0.168608
vt 0.720078 0.107880
vt 0.720570 0.127201
vt 0.791349 0.098328
vt 0.803456 0.106357
vt 0.812140 0.147658
vt 0.699660 0.091194
vt 0.727588 0.143792
vt 0.768366 0.097377
vt 0.909417 0.884388
vt 0.916375 0.902930
vt 0.900629 0.896958
vt 0.752634 0.168924
vt 0.765486 0.185485
vt 0.737814 0.181508
vt 0.747204 0.194404
vt 0.933263 0.895797
vt 0.940165 0.878246
vt 0.944672 0.894620
vt 0.690995 0.025864
vt 0.665776 0.045723
vt 0.655178 0.029219
vt 0.033124 0.349425
vt 0.014250 0.369477
vt 0.013135 0.353845
vt 0.018465 0.339184
vt 0.026212 0.337547
vt 0.043443 0.327837
vt 0.055746 0.339483
vt 0.032339 0.373102
vt 0.015982 0.381320
vt 0.030733 0.326484
vt 0.024527 0.321123
vt 0.045475 0.373929
vt 0.038797 0.313222
vt 0.008659 0.369753
vt 0.026748 0.311410
vt 0.675628 0.011539
vt 0.692485 0.009296
vt 0.659833 0.011209
vt 0.702096 0.039233
vt 0.064433 0.375155
vt 0.093265 0.358559
vt 0.684443 0.070107
vt 0.647131 0.068901
vt 0.677995 0.089515
vt 0.641429 0.049229
vt 0.053143 0.386521
vt 0.066497 0.386862
vt 0.711600 0.016110
vt 0.005963 0.424073
vt 0.019233 0.435987
vt 0.004532 0.441685
vt 0.726170 0.014815
vt 0.709528 0.009282
vt 0.730522 0.010622
vt 0.004456 0.409396
vt 0.011748 0.420785
vt 0.030759 0.405320
vt 0.020020 0.414654
vt 0.014913 0.398169
vt 0.053519 0.402761
vt 0.731290 0.033440
vt 0.004025 0.387923
vt 0.787008 0.032120
vt 0.750536 0.033285
vt 0.698442 0.059030
vt 0.728052 0.051850
vt 0.119131 0.280310
vt 0.124686 0.296097
vt 0.102814 0.291556
vt 0.110839 0.311848
vt 0.139859 0.293850
vt 0.126675 0.283371
vt 0.119414 0.323193
vt 0.135898 0.309336
vt 0.624665 0.022824
vt 0.627183 0.040517
vt 0.599572 0.029179
vt 0.080157 0.254250
vt 0.066968 0.262986
vt 0.059043 0.304384
vt 0.052453 0.286302
vt 0.082570 0.304767
vt 0.048170 0.299932
vt 0.084127 0.289525
vt 0.091638 0.277608
vt 0.053608 0.312170
vt 0.032708 0.296630
vt 0.079182 0.316396
vt 0.067156 0.272152
vt 0.059970 0.326911
vt 0.569705 0.014927
vt 0.580095 0.030607
vt 0.555972 0.018233
vt 0.593661 0.009372
vt 0.047359 0.276710
vt 0.617974 0.014180
vt 0.082549 0.329673
vt 0.109765 0.326294
vt 0.091734 0.335990
vt 0.571207 0.046054
vt 0.620016 0.056406
vt 0.596632 0.047149
vt 0.607938 0.069241
vt 0.587211 0.077727
vt 0.619697 0.076341
vt 0.658419 0.100061
vt 0.635391 0.130063
vt 0.632804 0.095662
vt 0.615109 0.105756
vt 0.599515 0.093114
vt 0.614673 0.126723
vt 0.270115 0.383341
vt 0.269151 0.405073
vt 0.259703 0.402618
vt 0.278932 0.381537
vt 0.129126 0.354125
vt 0.156957 0.338871
vt 0.149094 0.367023
vt 0.201805 0.350584
vt 0.185528 0.337846
vt 0.179021 0.358566
vt 0.206197 0.369340
vt 0.175888 0.322109
vt 0.104039 0.365666
vt 0.125501 0.372019
vt 0.140334 0.343525
vt 0.170901 0.374336
vt 0.228130 0.358734
vt 0.143615 0.320018
vt 0.102665 0.340930
vt 0.155319 0.388740
vt 0.162129 0.405168
vt 0.126195 0.401147
vt 0.224681 0.419651
vt 0.232556 0.398898
vt 0.242606 0.434598
vt 0.206668 0.400184
vt 0.191875 0.415403
vt 0.194637 0.406984
vt 0.225413 0.430156
vt 0.212479 0.461073
vt 0.203529 0.482329
vt 0.186322 0.463730
vt 0.179063 0.385278
vt 0.174155 0.413947
vt 0.144099 0.412206
vt 0.133111 0.407233
vt 0.144423 0.424809
vt 0.171938 0.423183
vt 0.237043 0.446701
vt 0.227903 0.438203
vt 0.189168 0.426674
vt 0.208109 0.433299
vt 0.163858 0.443266
vt 0.251780 0.438871
vt 0.184540 0.482046
vt 0.190107 0.485883
vt 0.127762 0.389966
vt 0.154300 0.442408
vt 0.145639 0.441514
vt 0.155014 0.429243
vt 0.161065 0.495034
vt 0.147260 0.490308
vt 0.165274 0.511822
vt 0.135961 0.503545
vt 0.145563 0.481368
vt 0.158255 0.470283
vt 0.173158 0.468897
vt 0.138402 0.463585
vt 0.142840 0.534767
vt 0.192892 0.507703
vt 0.117047 0.412729
vt 0.094794 0.428923
vt 0.093085 0.413482
vt 0.096647 0.450317
vt 0.097352 0.475212
vt 0.076989 0.442698
vt 0.116535 0.428547
vt 0.134908 0.445866
vt 0.119680 0.442897
vt 0.101441 0.505587
vt 0.116135 0.485769
vt 0.117071 0.464051
vt 0.119718 0.452882
vt 0.120168 0.499089
vt 0.122109 0.522121
vt 0.115232 0.536417
vt 0.108053 0.519229
vt 0.109822 0.475244
vt 0.105568 0.459650
vt 0.106796 0.396822
vt 0.078786 0.498413
vt 0.087071 0.492004
vt 0.102658 0.403685
vt 0.083508 0.415888
vt 0.074768 0.402117
vt 0.091845 0.379783
vt 0.107005 0.382993
vt 0.093604 0.521223
vt 0.090735 0.541565
vt 0.080493 0.523616
vt 0.075991 0.426491
vt 0.079086 0.485350
vt 0.113028 0.564109
vt 0.126681 0.550139
vt 0.112867 0.577666
vt 0.148463 0.557240
vt 0.094422 0.559191
vt 0.076739 0.560558
vt 0.109508 0.588682
vt 0.093031 0.587988
vt 0.087391 0.571102
vt 0.101418 0.553665
vt 0.092298 0.370586
vt 0.836425 0.899332
vt 0.829036 0.906577
vt 0.812288 0.881961
vt 0.017939 0.526805
vt 0.017151 0.516951
vt 0.032894 0.506694
vt 0.815776 0.914544
vt 0.811511 0.896872
vt 0.058019 0.526921
vt 0.053297 0.504118
vt 0.067427 0.514011
vt 0.039933 0.526171
vt 0.062803 0.539927
vt 0.024078 0.450351
vt 0.034925 0.466954
vt 0.014184 0.477102
vt 0.042451 0.454219
vt 0.059720 0.469364
vt 0.035356 0.486376
vt 0.037741 0.440176
vt 0.052699 0.444000
vt 0.012160 0.487502
vt 0.006994 0.508609
vt 0.006389 0.488885
vt 0.005496 0.461375
vt 0.061362 0.491156
vt 0.005476 0.524119
vt 0.030968 0.544280
vt 0.047448 0.427723
vt 0.835329 0.868134
vt 0.776141 0.013809
vt 0.802456 0.017270
vt 0.804402 0.032472
vt 0.814400 0.054890
vt 0.808752 0.041786
vt 0.846876 0.890717
vt 0.861775 0.873096
vt 0.060903 0.414392
vt 0.065235 0.433020
vt 0.050267 0.418572
vt 0.804353 0.070370
vt 0.865974 0.890412
vt 0.892519 0.880820
vt 0.880398 0.900646
vt 0.799610 0.085994
vt 0.891315 0.897950
vt 0.843175 0.844320
vt 0.862018 0.852125
vt 0.909974 0.813430
vt 0.902977 0.842185
vt 0.891213 0.816428
vt 0.873426 0.825565
vt 0.881912 0.845038
vt 0.897737 0.859546
vt 0.928934 0.850781
vt 0.924650 0.835783
vt 0.921027 0.870655
vt 0.048250 0.554807
vt 0.040059 0.636524
vt 0.027606 0.614823
vt 0.044520 0.624921
vt 0.043102 0.605217
vt 0.032044 0.599356
vt 0.022764 0.593548
vt 0.021221 0.572918
vt 0.047095 0.594350
vt 0.039976 0.576088
vt 0.058193 0.635050
vt 0.054032 0.612908
vt 0.058654 0.597665
vt 0.065289 0.590265
vt 0.033598 0.562375
vt 0.019742 0.554519
vt 0.063891 0.577904
vt 0.049392 0.645173
vt 0.072698 0.600290
vt 0.808975 0.840190
vt 0.823894 0.854252
vt 0.811997 0.857527
vt 0.006397 0.549450
vt 0.008207 0.565695
vt 0.019611 0.607682
vt 0.808859 0.826313
vt 0.809517 0.814626
vt 0.826841 0.808769
vt 0.828320 0.790293
vt 0.809288 0.769767
vt 0.833762 0.756980
vt 0.812836 0.789062
vt 0.803681 0.801578
vt 0.802995 0.790684
vt 0.801407 0.777684
vt 0.802534 0.759023
vt 0.037087 0.651149
vt 0.833495 0.828706
vt 0.851531 0.771526
vt 0.857318 0.752559
vt 0.859662 0.818951
vt 0.874980 0.803144
vt 0.842288 0.797870
vt 0.861189 0.796337
vt 0.896395 0.795110
vt 0.879892 0.766999
vt 0.875833 0.787366
vt 0.013551 0.536975
vt 0.246168 0.454825
vt 0.363482 0.992216
vt 0.355415 0.983659
vt 0.517907 0.517290
vt 0.526678 0.499988
vt 0.532488 0.515322
vt 0.549399 0.490637
vt 0.556535 0.478140
vt 0.567101 0.495982
vt 0.552226 0.527086
vt 0.544671 0.501854
vt 0.565887 0.501759
vt 0.560589 0.537443
vt 0.543723 0.534803
vt 0.563900 0.558073
vt 0.536670 0.548007
vt 0.517896 0.535578
vt 0.570533 0.528397
vt 0.572319 0.546769
vt 0.579191 0.573266
vt 0.569902 0.482544
vt 0.640797 0.470998
vt 0.613010 0.477576
vt 0.617507 0.462000
vt 0.604611 0.456166
vt 0.586968 0.468724
vt 0.618208 0.444869
vt 0.643701 0.452886
vt 0.644573 0.498864
vt 0.660724 0.485074
vt 0.653262 0.470339
vt 0.681945 0.487442
vt 0.622397 0.582658
vt 0.606904 0.567446
vt 0.620515 0.549588
vt 0.601124 0.535671
vt 0.646697 0.561049
vt 0.639788 0.574777
vt 0.635965 0.525774
vt 0.628868 0.502106
vt 0.597619 0.493645
vt 0.593057 0.511067
vt 0.651993 0.545261
vt 0.665302 0.505523
vt 0.671137 0.499676
vt 0.615691 0.596933
vt 0.594716 0.598747
vt 0.687429 0.518757
vt 0.688331 0.529016
vt 0.671561 0.529057
vt 0.688482 0.502546
vt 0.688594 0.548306
vt 0.687045 0.570081
vt 0.685399 0.438835
vt 0.684096 0.449577
vt 0.670155 0.459609
vt 0.696591 0.481234
vt 0.671967 0.474665
vt 0.696618 0.472425
vt 0.656330 0.440954
vt 0.703751 0.466924
vt 0.689617 0.461427
vt 0.676738 0.421699
vt 0.692265 0.423100
vt 0.706905 0.458281
vt 0.717187 0.430180
vt 0.727607 0.418518
vt 0.729651 0.433473
vt 0.705997 0.443379
vt 0.721849 0.466349
vt 0.723362 0.478940
vt 0.697137 0.421032
vt 0.726329 0.455936
vt 0.726608 0.445788
vt 0.735356 0.458006
vt 0.732428 0.491786
vt 0.742502 0.469023
vt 0.751803 0.490997
vt 0.699778 0.486318
vt 0.739065 0.514520
vt 0.733343 0.510798
vt 0.712329 0.508668
vt 0.711592 0.497942
vt 0.704851 0.404258
vt 0.722061 0.406131
vt 0.710066 0.411387
vt 0.754375 0.382501
vt 0.717696 0.394338
vt 0.742971 0.407407
vt 0.765297 0.429895
vt 0.742573 0.419204
vt 0.767198 0.410942
vt 0.746934 0.432174
vt 0.755860 0.450792
vt 0.771254 0.444265
vt 0.732962 0.382784
vt 0.758607 0.404213
vt 0.726783 0.387669
vt 0.768979 0.386582
vt 0.801431 0.454672
vt 0.794666 0.460657
vt 0.801090 0.441184
vt 0.755436 0.467448
vt 0.777006 0.463752
vt 0.763516 0.479208
vt 0.782272 0.442584
vt 0.786944 0.426337
vt 0.776233 0.487529
vt 0.794896 0.188902
vt 0.802736 0.500192
vt 0.797300 0.496651
vt 0.805483 0.486030
vt 0.717503 0.518631
vt 0.720168 0.535135
vt 0.709060 0.528088
vt 0.696761 0.536050
vt 0.700195 0.517707
vt 0.706880 0.546012
vt 0.711365 0.553168
vt 0.744188 0.528282
vt 0.769222 0.521203
vt 0.748624 0.552072
vt 0.740736 0.544316
vt 0.756633 0.539253
vt 0.769266 0.548955
vt 0.778151 0.566968
vt 0.762846 0.564344
vt 0.969405 0.902626
vt 0.982605 0.893000
vt 0.979315 0.912002
vt 0.954105 0.865310
vt 0.961059 0.879860
vt 0.974910 0.872480
vt 0.967491 0.853400
vt 0.986759 0.847259
vt 0.812769 0.174276
vt 0.810275 0.187083
vt 0.984234 0.882821
vt 0.806036 0.528967
vt 0.798191 0.551620
vt 0.803508 0.522272
vt 0.796532 0.508283
vt 0.786713 0.530119
vt 0.790945 0.540952
vt 0.783177 0.499554
vt 0.800472 0.563487
vt 0.788488 0.549550
vt 0.767631 0.498355
vt 0.773287 0.580048
vt 0.792713 0.569250
vt 0.634837 0.616155
vt 0.612229 0.620360
vt 0.650893 0.625586
vt 0.624399 0.632662
vt 0.671282 0.586055
vt 0.643024 0.597968
vt 0.689586 0.608278
vt 0.664522 0.621048
vt 0.689033 0.580950
vt 0.702661 0.573534
vt 0.689000 0.558988
vt 0.670055 0.640388
vt 0.678702 0.629032
vt 0.691313 0.619614
vt 0.722367 0.616681
vt 0.716680 0.631777
vt 0.696974 0.610695
vt 0.704295 0.600002
vt 0.724515 0.592116
vt 0.704573 0.590778
vt 0.737781 0.609391
vt 0.743748 0.596056
vt 0.748006 0.581481
vt 0.729125 0.574311
vt 0.691114 0.591039
vt 0.728805 0.542642
vt 0.723538 0.561879
vt 0.735451 0.554365
vt 0.673696 0.653767
vt 0.651326 0.640702
vt 0.691447 0.638635
vt 0.907261 0.764856
vt 0.920720 0.787043
vt 0.931184 0.812918
vt 0.918646 0.755574
vt 0.889583 0.752260
vt 0.878850 0.731221
vt 0.959089 0.716446
vt 0.956034 0.737400
vt 0.937154 0.718897
vt 0.930788 0.740108
vt 0.941844 0.762497
vt 0.909842 0.733382
vt 0.922912 0.704946
vt 0.947492 0.784460
vt 0.950116 0.840347
vt 0.954856 0.817304
vt 0.977158 0.829106
vt 0.986642 0.822073
vt 0.975201 0.796916
vt 0.988467 0.794853
vt 0.984149 0.776344
vt 0.967376 0.753776
vt 0.790484 0.597074
vt 0.788868 0.617478
vt 0.784912 0.615752
vt 0.782226 0.606104
vt 0.765651 0.605401
vt 0.781359 0.592422
vt 0.788637 0.588234
vt 0.774101 0.617746
vt 0.780497 0.626464
vt 0.992998 0.786738
vt 0.797920 0.589430
vt 0.984972 0.756282
vt 0.754157 0.618983
vt 0.754207 0.625141
vt 0.751918 0.654340
vt 0.734808 0.657075
vt 0.742850 0.646606
vt 0.705048 0.680899
vt 0.694920 0.656541
vt 0.723345 0.684309
vt 0.708206 0.652634
vt 0.769364 0.651889
vt 0.748440 0.667810
vt 0.759975 0.665922
vt 0.729107 0.639007
vt 0.747722 0.640525
vt 0.734176 0.669009
vt 0.718485 0.673027
vt 0.771727 0.639169
vt 0.746302 0.678842
vt 0.737785 0.688744
vt 0.726496 0.708544
vt 0.984143 0.711358
vt 0.978709 0.729543
vt 0.993747 0.740365
vt 0.995069 0.759234
vt 0.752824 0.700190
vt 0.745696 0.705773
vt 0.751636 0.690092
vt 0.992661 0.708553
vt 0.992864 0.697248
vt 0.743297 0.710453
vt 0.735996 0.712330
vt 0.457405 0.500586
vt 0.502744 0.518551
vt 0.436560 0.678337
vt 0.129890 0.004267
vt 0.027840 0.077367
vt 0.407874 0.391035
vt 0.427233 0.264179
vt 0.398764 0.651990
vt 0.369086 0.689333
vt 0.366884 0.699736
vt 0.151575 0.694234
vt 0.191870 0.693455
vt 0.090125 0.709086
vt 0.077951 0.706635
vt 0.474956 0.779029
vt 0.380946 0.912514
vt 0.299038 0.808535
vt 0.362249 0.906641
vt 0.228525 0.765394
vt 0.197048 0.882111
vt 0.282354 0.959118
vt 0.336106 0.982672
vt 0.261964 0.943776
vt 0.511550 0.554498
vt 0.517183 0.655753
vt 0.578827 0.699362
vt 0.200452 0.916145
vt 0.187963 0.908844
vt 0.179197 0.903547
vt 0.157795 0.904580
vt 0.607012 0.758795
vt 0.277056 0.206158
vt 0.204618 0.312437
vt 0.353781 0.008173
vt 0.589611 0.112229
vt 0.603085 0.282014
vt 0.508720 0.194791
vt 0.371527 0.196440
vt 0.243121 0.184643
vt 0.218383 0.185653
vt 0.643030 0.982848
vt 0.630737 0.978524
vt 0.598966 0.958653
vt 0.611816 0.984172
vt 0.619744 0.990113
vt 0.506736 0.350754
vt 0.530540 0.340339
vt 0.572690 0.467698
vt 0.810465 0.440538
vt 0.806429 0.466274
vt 0.773304 0.193515
vt 0.633085 0.013233
vt 0.741996 0.007675
vt 0.757480 0.013794
vt 0.075650 0.581852
vt 0.634545 0.436727
vt 0.738705 0.433447
vt 0.797623 0.474501
vt 0.757345 0.590809
vt 0.994842 0.771772
vt 0.319620 0.726627
vt 0.009092 0.577547
vt 0.012857 0.594592
vt 0.767372 0.283365
vt 0.182270 0.792390
vn -0.8132 -0.1381 -0.5654
vn -0.1000 -0.2543 -0.9619
vn -0.5655 -0.0373 -0.8239
vn -0.9943 -0.1064 0.0091
vn -0.9939 0.1067 0.0289
vn -0.9931 0.1172 0.0016
vn -0.9945 0.0985 -0.0366
vn -0.8162 0.1136 -0.5664
vn 0.3215 -0.0952 -0.9421
vn -0.0205 -0.1763 -0.9841
vn -0.1400 -0.1760 -0.9744
vn 0.1710 0.0206 -0.9850
vn -0.1373 0.1910 -0.9719
vn 0.2332 -0.0982 -0.9675
vn -0.7067 0.1670 -0.6876
vn -0.8299 0.1468 -0.5383
vn -0.9996 -0.0083 0.0254
vn -0.9913 0.1175 0.0586
vn -0.9940 0.0676 0.0855
vn -0.9943 0.0262 0.1037
vn -0.9824 0.1558 0.1031
vn -0.9842 0.1738 0.0344
vn -0.2251 -0.1551 -0.9619
vn -0.8289 0.0791 -0.5538
vn -0.9350 0.3037 0.1829
vn -0.9147 0.3651 0.1735
vn -0.9039 0.3544 0.2395
vn -0.9730 0.1682 0.1577
vn -0.9591 0.2493 0.1341
vn -0.9816 0.1519 0.1153
vn -0.9484 0.2639 0.1755
vn -0.9605 0.2321 0.1538
vn -0.9757 0.1953 0.0989
vn -0.9913 0.1137 0.0655
vn 0.0864 -0.0727 -0.9936
vn -0.1556 0.0408 -0.9870
vn -0.5322 0.0156 -0.8465
vn -0.0907 -0.0683 -0.9935
vn -0.0148 0.1192 -0.9928
vn -0.6827 0.2174 -0.6976
vn -0.7221 0.3156 -0.6156
vn -0.9471 0.3170 -0.0497
vn -0.1388 -0.0776 -0.9873
vn 0.1411 0.0839 -0.9864
vn -0.3200 0.1779 -0.9306
vn -0.2884 0.4435 -0.8486
vn 0.0060 0.1771 -0.9842
vn 0.2229 -0.2371 -0.9456
vn -0.1157 0.0667 -0.9910
vn 0.2247 -0.0356 -0.9738
vn -0.0394 0.1655 -0.9854
vn -0.9609 0.2764 0.0170
vn -0.9228 0.3630 0.1287
vn 0.0604 0.0449 -0.9972
vn 0.2573 -0.3527 -0.8997
vn 0.0691 0.0606 -0.9958
vn 0.2520 -0.3690 -0.8946
vn 0.3268 -0.2956 -0.8977
vn -0.3000 0.2746 -0.9136
vn 0.0978 0.1009 -0.9901
vn -0.1728 -0.0713 -0.9824
vn 0.1848 -0.2558 -0.9489
vn 0.2919 -0.4292 -0.8547
vn 0.2460 -0.0499 -0.9680
vn -0.1790 0.0457 -0.9828
vn 0.1499 -0.0721 -0.9861
vn 0.0284 -0.0915 -0.9954
vn 0.0920 0.0863 -0.9920
vn 0.6987 0.0106 -0.7154
vn 0.2277 0.2358 -0.9447
vn 0.1402 0.0749 -0.9873
vn 0.0020 0.0132 -0.9999
vn -0.1021 -0.1150 -0.9881
vn -0.7819 0.6181 -0.0811
vn -0.4538 0.4979 -0.7391
vn -0.7646 0.2223 -0.6049
vn -0.1697 -0.0561 -0.9839
vn 0.2916 0.2658 -0.9189
vn 0.1759 0.0698 -0.9819
vn -0.8658 0.4950 0.0736
vn -0.7804 0.4129 -0.4695
vn -0.0478 0.0240 -0.9986
vn -0.8084 0.4268 -0.4054
vn 0.0268 0.0408 -0.9988
vn 0.2602 0.1057 -0.9598
vn 0.2526 -0.3115 -0.9161
vn -0.2536 0.2604 -0.9316
vn 0.1390 0.0813 -0.9869
vn -0.7698 0.6034 0.2080
vn 0.2208 0.2860 -0.9325
vn 0.0997 0.0911 -0.9908
vn -0.4939 0.3769 -0.7836
vn -0.6962 0.7130 0.0830
vn -0.1971 -0.0524 -0.9790
vn -0.9150 0.3966 0.0743
vn 0.0748 0.1792 -0.9810
vn 0.1677 -0.1834 -0.9686
vn 0.0167 0.0424 -0.9990
vn -0.0680 0.0149 -0.9976
vn -0.1346 -0.0332 -0.9904
vn -0.9028 0.3888 0.1839
vn -0.8602 0.4847 0.1583
vn -0.8922 0.4275 0.1460
vn -0.8240 0.5426 0.1633
vn -0.8778 0.4789 -0.0087
vn -0.8744 0.4647 0.1396
vn -0.9103 0.3871 0.1466
vn -0.9331 0.3595 -0.0051
vn -0.9358 0.3448 -0.0735
vn -0.8514 0.5230 -0.0399
vn -0.7897 0.6134 0.0095
vn -0.7718 0.6186 0.1471
vn -0.7689 0.6287 0.1164
vn -0.7415 0.6366 0.2121
vn -0.7816 0.6170 0.0916
vn -0.6919 0.7146 0.1036
vn -0.8045 0.5830 0.1137
vn -0.7093 0.6995 0.0870
vn -0.4856 0.8695 0.0906
vn -0.8234 0.5661 0.0390
vn -0.6011 0.7903 0.1185
vn -0.4617 0.8789 0.1198
vn -0.7418 0.6696 0.0387
vn -0.6369 0.7705 0.0251
vn -0.3513 0.9361 0.0165
vn -0.3760 0.9227 -0.0848
vn -0.4894 0.8686 -0.0773
vn -0.5298 0.8481 -0.0003
vn -0.7061 0.7080 0.0136
vn -0.9879 -0.1545 -0.0146
vn -0.9783 -0.2011 0.0503
vn -0.9844 -0.1751 -0.0147
vn -0.2187 -0.3186 -0.9223
vn -0.9090 -0.1392 -0.3928
vn -0.2348 0.0980 -0.9671
vn -0.9528 -0.2307 -0.1975
vn -0.9528 -0.2973 -0.0612
vn 0.1071 0.2464 -0.9632
vn -0.1856 0.1578 -0.9699
vn -0.0119 -0.0690 -0.9975
vn 0.1351 0.0849 -0.9872
vn -0.0188 -0.1709 -0.9851
vn -0.1428 -0.1085 -0.9838
vn 0.2141 -0.1679 -0.9623
vn -0.4218 -0.0841 -0.9028
vn 0.0935 0.0311 -0.9951
vn 0.5827 -0.1048 -0.8059
vn -0.0391 0.0539 -0.9978
vn 0.1186 0.0550 -0.9914
vn -0.1979 0.2781 -0.9400
vn -0.6066 -0.2297 -0.7611
vn -0.9908 -0.1297 0.0374
vn -0.9739 -0.2269 -0.0108
vn -0.9931 -0.1160 0.0162
vn -0.9964 -0.0330 0.0779
vn -0.0334 -0.1454 -0.9888
vn 0.1590 0.0986 -0.9823
vn -0.0536 0.0229 -0.9983
vn -0.0395 0.0648 -0.9971
vn -0.0922 -0.0457 -0.9947
vn -0.7762 -0.6303 -0.0137
vn -0.7818 -0.3638 -0.5064
vn -0.8735 -0.4867 0.0088
vn -0.0550 0.0217 -0.9983
vn 0.2940 0.3503 -0.8893
vn 0.1328 0.4073 -0.9036
vn -0.0005 0.0827 -0.9966
vn -0.0830 -0.0239 -0.9963
vn -0.1149 -0.4028 -0.9080
vn -0.3499 -0.1380 -0.9266
vn 0.2798 -0.3416 -0.8972
vn -0.2961 -0.2079 -0.9323
vn -0.0498 0.1703 -0.9841
vn 0.7563 0.2066 -0.6208
vn -0.2016 -0.1316 -0.9706
vn 0.0101 0.0584 -0.9982
vn -0.1767 -0.1775 -0.9681
vn -0.3502 -0.2263 -0.9090
vn -0.6484 -0.7613 0.0093
vn -0.5069 -0.7108 -0.4877
vn -0.0878 -0.3236 -0.9421
vn 0.2515 0.9517 -0.1763
vn 0.3240 0.4737 -0.8189
vn -0.2507 -0.7605 -0.5990
vn -0.3248 -0.6581 -0.6793
vn -0.1696 -0.0923 -0.9812
vn -0.9331 -0.3593 0.0152
vn 0.4291 0.1801 -0.8851
vn 0.1190 -0.0125 -0.9928
vn -0.0412 -0.0467 -0.9981
vn -0.4555 -0.4571 -0.7639
vn 0.0059 0.0183 -0.9998
vn -0.3790 -0.1979 -0.9040
vn -0.2155 -0.1812 -0.9595
vn -0.0388 -0.0088 -0.9992
vn -0.1818 0.4203 -0.8890
vn -0.5726 -0.4508 -0.6848
vn -0.7764 -0.3866 -0.4977
vn -0.3060 0.0805 -0.9486
vn -0.3125 -0.7585 -0.5718
vn 0.1504 0.3998 -0.9042
vn -0.0844 -0.0479 -0.9953
vn 0.3318 0.3445 -0.8782
vn 0.2547 0.3433 -0.9041
vn -0.2526 -0.6840 -0.6843
vn -0.4277 -0.4762 -0.7683
vn -0.4533 -0.5941 -0.6645
vn -0.6809 -0.0824 -0.7277
vn -0.2724 0.1512 -0.9502
vn -0.3604 -0.3443 -0.8669
vn 0.3880 0.7118 -0.5855
vn -0.0343 -0.1554 -0.9873
vn 0.0271 0.2345 -0.9717
vn -0.0418 -0.6920 -0.7207
vn -0.6955 -0.3228 -0.6419
vn -0.3635 -0.1077 -0.9253
vn -0.3532 -0.2458 -0.9027
vn -0.2221 -0.4344 -0.8729
vn 0.0072 -0.0235 -0.9997
vn 0.1547 0.0600 -0.9861
vn -0.0259 -0.0478 -0.9985
vn -0.5768 0.3410 -0.7423
vn 0.3429 -0.0124 -0.9393
vn -0.0257 0.0943 -0.9952
vn 0.1588 -0.4061 -0.8999
vn -0.0309 -0.0585 -0.9978
vn -0.0102 -0.1785 -0.9839
vn 0.0176 -0.1812 -0.9833
vn 0.0771 0.4008 -0.9129
vn -0.0472 0.0225 -0.9986
vn -0.0793 -0.2004 -0.9765
vn -0.1804 -0.0492 -0.9824
vn 0.2829 -0.1893 -0.9403
vn -0.4271 0.5547 -0.7141
vn -0.7640 -0.0150 -0.6450
vn -0.3787 0.1475 -0.9137
vn -0.0624 0.1971 -0.9784
vn 0.0439 -0.1112 -0.9928
vn 0.0388 -0.0300 -0.9988
vn 0.3104 0.0322 -0.9501
vn -0.3544 -0.1881 -0.9160
vn -0.7714 0.0997 -0.6285
vn -0.5450 0.2400 -0.8034
vn -0.2179 0.5508 -0.8057
vn -0.3595 0.6501 -0.6694
vn 0.2140 0.4465 -0.8688
vn 0.5268 0.1720 -0.8324
vn 0.4849 -0.3997 -0.7779
vn 0.0549 -0.0176 -0.9983
vn 0.2812 -0.3970 -0.8737
vn 0.1799 -0.5364 -0.8246
vn 0.5418 0.0374 -0.8397
vn -0.5551 0.4018 -0.7283
vn -0.5555 0.3787 -0.7403
vn -0.0500 -0.0956 -0.9942
vn 0.1140 0.3637 -0.9245
vn -0.4561 0.3556 -0.8158
vn 0.0108 0.0313 -0.9995
vn 0.0072 0.0402 -0.9992
vn 0.0477 -0.2050 -0.9776
vn -0.7164 0.5165 -0.4690
vn 0.0146 0.0313 -0.9994
vn 0.0152 0.0368 -0.9992
vn 0.0181 0.0370 -0.9992
vn 0.1976 0.3128 -0.9290
vn 0.0323 0.1025 -0.9942
vn 0.0195 0.0247 -0.9995
vn 0.3703 0.5147 -0.7733
vn 0.2611 0.4237 -0.8674
vn 0.0233 0.0480 -0.9986
vn 0.0045 0.0124 -0.9999
vn 0.3313 -0.3149 -0.8894
vn 0.0044 -0.2932 -0.9560
vn -0.1727 0.3809 -0.9084
vn 0.5065 -0.5128 -0.6932
vn 0.4540 -0.5416 -0.7075
vn 0.0242 -0.1340 -0.9907
vn -0.4199 0.8927 -0.1632
vn -0.4973 0.8606 -0.1096
vn -0.4023 0.9149 0.0335
vn 0.2611 0.0583 -0.9636
vn -0.2064 0.6611 -0.7214
vn -0.2661 0.6574 -0.7050
vn 0.4251 -0.0462 -0.9040
vn 0.2636 0.1203 -0.9571
vn -0.0346 -0.2186 -0.9752
vn -0.1701 0.5659 -0.8067
vn 0.0626 -0.3356 -0.9399
vn -0.0086 -0.0583 -0.9983
vn -0.3527 0.9356 0.0131
vn -0.2582 0.9660 0.0168
vn 0.1471 -0.0503 -0.9878
vn -0.5188 0.6937 -0.4997
vn -0.1600 0.4252 -0.8909
vn -0.3618 0.9220 0.1379
vn 0.1798 0.0430 -0.9828
vn -0.1683 0.9726 0.1604
vn -0.1784 0.9814 0.0713
vn -0.2814 0.9468 0.1562
vn -0.3006 0.9513 0.0681
vn -0.2728 0.9620 0.0092
vn -0.2853 0.9575 0.0432
vn -0.2863 0.9539 -0.0902
vn -0.0706 0.9975 0.0034
vn -0.1561 0.9811 0.1142
vn -0.1073 0.9931 -0.0472
vn -0.1171 0.9928 -0.0257
vn -0.0512 0.9986 -0.0146
vn -0.0571 0.9980 0.0282
vn -0.1065 0.9923 -0.0636
vn -0.1704 0.9850 0.0272
vn -0.1966 0.9803 -0.0206
vn -0.1120 0.9937 0.0065
vn -0.0487 0.9988 0.0076
vn -0.2662 0.9636 0.0258
vn -0.0979 0.9949 -0.0251
vn -0.1138 0.9775 -0.1776
vn -0.2414 0.9665 -0.0876
vn -0.1348 0.9600 -0.2454
vn -0.3018 0.9267 -0.2241
vn -0.1510 0.9879 -0.0341
vn -0.0107 0.9999 -0.0129
vn -0.0637 0.9877 -0.1428
vn -0.0215 0.9997 0.0065
vn -0.0326 0.9990 -0.0307
vn -0.0036 0.9965 -0.0832
vn 0.0060 0.9966 -0.0827
vn -0.0757 -0.1652 -0.9834
vn 0.0361 -0.1370 -0.9899
vn -0.0905 -0.0831 -0.9924
vn -0.0193 0.0088 -0.9998
vn 0.0827 0.2950 -0.9519
vn -0.1459 0.0348 -0.9887
vn -0.0822 0.0547 -0.9951
vn 0.0620 -0.0125 -0.9980
vn -0.0453 -0.1522 -0.9873
vn 0.3488 -0.0449 -0.9361
vn 0.4413 0.0789 -0.8939
vn -0.0669 0.0496 -0.9965
vn 0.0107 0.0451 -0.9989
vn -0.0336 -0.0232 -0.9992
vn -0.5160 -0.0641 -0.8542
vn -0.4510 0.0823 -0.8887
vn -0.1352 0.3819 -0.9143
vn -0.4423 0.1818 -0.8783
vn -0.3596 -0.2246 -0.9057
vn 0.3294 0.0848 -0.9404
vn -0.1586 -0.0717 -0.9847
vn 0.2590 -0.0635 -0.9638
vn 0.1977 0.5119 -0.8360
vn -0.0607 0.3976 -0.9156
vn 0.3933 -0.3863 -0.8344
vn -0.4094 -0.1610 -0.8980
vn 0.2971 -0.4518 -0.8412
vn 0.2230 -0.1178 -0.9677
vn 0.1822 0.2791 -0.9428
vn -0.0636 -0.1277 -0.9898
vn 0.0379 0.1740 -0.9840
vn -0.0958 0.0285 -0.9950
vn 0.0605 -0.3190 -0.9458
vn -0.4827 0.0331 -0.8752
vn 0.1640 -0.1491 -0.9751
vn -0.2792 -0.6111 -0.7406
vn -0.3028 0.2230 -0.9266
vn -0.1258 -0.3410 -0.9316
vn -0.2071 0.5747 -0.7917
vn -0.0584 0.4754 -0.8778
vn -0.3951 0.1927 -0.8982
vn -0.1620 -0.0518 -0.9854
vn -0.0710 0.2216 -0.9726
vn -0.0261 -0.0916 -0.9955
vn -0.2585 0.1046 -0.9603
vn 0.1914 -0.0493 -0.9803
vn -0.1394 -0.0686 -0.9879
vn -0.4041 -0.1356 -0.9046
vn -0.1265 0.0137 -0.9919
vn -0.1338 -0.2806 -0.9505
vn -0.0103 0.0314 -0.9995
vn -0.0112 0.9966 0.0817
vn -0.0183 0.9896 0.1428
vn -0.0109 0.9938 0.1105
vn -0.1571 0.9625 0.2212
vn -0.1037 0.9914 0.0797
vn -0.0792 0.9793 0.1863
vn -0.1390 0.0037 -0.9903
vn 0.1312 -0.0764 -0.9884
vn -0.3705 0.0703 -0.9262
vn -0.0747 0.1741 -0.9819
vn -0.1933 0.4494 -0.8721
vn 0.1241 0.1066 -0.9865
vn -0.0165 0.9340 -0.3568
vn 0.0501 0.9044 -0.4236
vn 0.0739 0.0036 -0.9973
vn -0.0907 0.2783 -0.9562
vn -0.3672 0.5221 -0.7698
vn -0.1072 0.9815 0.1585
vn 0.0396 0.9028 -0.4283
vn -0.2380 -0.2256 -0.9447
vn -0.0916 0.7946 -0.6001
vn -0.1025 0.1080 -0.9889
vn 0.2251 0.3298 -0.9168
vn -0.1066 0.9358 -0.3360
vn -0.0719 0.2184 -0.9732
vn -0.0068 -0.2186 -0.9758
vn -0.0411 0.9986 -0.0322
vn 0.0229 0.1759 -0.9841
vn -0.2476 0.1935 -0.9493
vn 0.0913 -0.0924 -0.9915
vn -0.0619 0.0987 -0.9932
vn 0.0269 -0.0709 -0.9971
vn 0.0944 0.7596 -0.6435
vn -0.0072 0.9989 -0.0466
vn -0.0292 0.0255 -0.9992
vn 0.0236 -0.0351 -0.9991
vn 0.0139 0.0055 -0.9999
vn -0.1174 0.5704 -0.8129
vn -0.0548 0.0276 -0.9981
vn -0.1093 0.5705 -0.8140
vn -0.3603 0.3666 -0.8578
vn -0.1990 0.7789 -0.5947
vn -0.2244 -0.4174 -0.8806
vn -0.1587 0.1445 -0.9767
vn -0.1309 -0.2659 -0.9551
vn 0.0803 0.0712 -0.9942
vn 0.1658 -0.0259 -0.9858
vn -0.0567 0.0713 -0.9958
vn -0.0404 0.3239 -0.9452
vn 0.1152 0.0777 -0.9903
vn 0.3371 -0.5744 -0.7459
vn 0.0508 -0.0300 -0.9983
vn 0.5043 0.3057 -0.8076
vn 0.0701 -0.0415 -0.9967
vn 0.0857 -0.0368 -0.9956
vn -0.0100 -0.0705 -0.9975
vn -0.0142 0.0217 -0.9997
vn -0.1101 0.1403 -0.9840
vn -0.0693 -0.1167 -0.9907
vn 0.0208 0.2825 -0.9590
vn -0.0236 0.0439 -0.9988
vn 0.0262 0.0743 -0.9969
vn 0.3718 0.4045 -0.8355
vn 0.2377 -0.0916 -0.9670
vn -0.0251 -0.0588 -0.9980
vn -0.0304 0.0467 -0.9984
vn -0.0356 -0.0940 -0.9949
vn 0.3714 -0.0719 -0.9257
vn 0.0056 0.0004 -1.0000
vn -0.2340 0.1276 -0.9638
vn -0.1494 -0.1764 -0.9729
vn 0.0571 -0.1847 -0.9811
vn 0.0296 0.0927 -0.9953
vn -0.0638 -0.0316 -0.9975
vn 0.0505 -0.1419 -0.9886
vn -0.0985 0.0366 -0.9945
vn 0.4332 -0.4571 -0.7768
vn 0.5947 0.0233 -0.8036
vn 0.0483 0.1746 -0.9835
vn -0.1343 -0.0833 -0.9874
vn -0.1347 -0.0482 -0.9897
vn -0.1857 0.0815 -0.9792
vn 0.0883 0.1009 -0.9910
vn 0.0883 -0.0706 -0.9936
vn 0.3121 0.1272 -0.9415
vn 0.2507 0.2528 -0.9345
vn 0.0423 -0.0283 -0.9987
vn -0.0680 -0.1964 -0.9782
vn -0.2513 0.5678 -0.7839
vn 0.1738 0.7175 -0.6746
vn 0.1031 -0.0573 -0.9930
vn -0.3410 -0.4289 -0.8365
vn -0.3259 -0.1116 -0.9388
vn 0.4692 0.1199 -0.8749
vn 0.0897 0.0011 -0.9960
vn -0.1128 -0.4610 -0.8802
vn 0.2298 0.2452 -0.9418
vn 0.6828 0.5737 -0.4523
vn -0.1660 0.1360 -0.9767
vn 0.5375 0.2692 -0.7992
vn 0.8372 0.5365 -0.1063
vn 0.7176 0.6546 -0.2377
vn -0.6624 -0.5877 -0.4646
vn 0.0249 0.0224 -0.9994
vn -0.0027 0.5983 -0.8012
vn -0.5089 -0.4597 -0.7279
vn 0.5511 0.5345 -0.6408
vn 0.7371 0.6706 -0.0830
vn 0.7328 0.6745 0.0898
vn 0.8582 0.5124 0.0302
vn 0.1020 0.1341 -0.9857
vn 0.3820 0.5698 -0.7276
vn 0.0843 0.0039 -0.9964
vn -0.2827 0.3864 -0.8779
vn -0.0331 0.1197 -0.9923
vn -0.3541 0.3067 -0.8835
vn 0.0239 0.1246 -0.9919
vn 0.0251 0.1826 -0.9829
vn 0.0006 -0.0610 -0.9981
vn -0.3842 -0.1604 -0.9092
vn 0.0679 -0.0485 -0.9965
vn 0.2548 0.9659 0.0468
vn 0.1144 0.9933 -0.0186
vn 0.2786 0.9600 0.0278
vn 0.0960 0.7654 -0.6363
vn 0.0312 0.9988 0.0388
vn 0.0360 0.9968 0.0711
vn 0.0681 0.6709 -0.7384
vn 0.1284 0.7994 -0.5869
vn -0.1924 0.8286 -0.5258
vn 0.2107 0.1765 -0.9615
vn 0.1641 0.1688 -0.9719
vn 0.2124 0.6795 -0.7022
vn -0.3007 0.3860 -0.8721
vn 0.1073 0.9939 0.0257
vn 0.0376 0.9993 0.0015
vn 0.3269 0.9451 0.0018
vn 0.0178 0.9993 0.0342
vn 0.4212 0.9070 0.0032
vn 0.6047 0.7882 -0.1141
vn 0.4535 0.1031 -0.8853
vn 0.3836 0.3766 -0.8432
vn 0.3059 0.4909 -0.8157
vn 0.5650 0.8225 0.0660
vn 0.0295 0.9967 -0.0759
vn 0.0457 0.9964 -0.0710
vn 0.2643 0.9643 -0.0148
vn 0.0950 0.9949 -0.0326
vn 0.1553 0.9869 -0.0443
vn 0.4009 0.9147 0.0514
vn 0.3150 0.9488 -0.0212
vn 0.4682 0.8826 -0.0439
vn 0.3424 0.9333 -0.1082
vn 0.3843 0.9206 0.0700
vn 0.3712 0.9284 0.0166
vn 0.2245 0.9721 -0.0683
vn 0.2055 0.9765 -0.0644
vn 0.0953 0.9952 -0.0240
vn 0.0104 0.9976 -0.0686
vn 0.0076 0.9999 -0.0066
vn 0.5690 0.8153 0.1074
vn 0.5600 0.8285 -0.0025
vn 0.7087 0.7045 0.0386
vn 0.7326 0.6801 -0.0254
vn 0.7192 0.6899 0.0820
vn 0.6180 0.7862 0.0046
vn -0.6784 -0.7325 0.0565
vn -0.7856 -0.6124 0.0887
vn -0.8346 -0.5503 0.0253
vn -0.7283 -0.6739 0.1246
vn -0.7272 -0.6859 0.0267
vn -0.8488 -0.5209 0.0905
vn -0.7178 -0.6800 0.1496
vn -0.9282 -0.3651 0.0712
vn -0.9823 -0.1871 0.0125
vn -0.9357 -0.3441 0.0779
vn -0.9768 -0.1985 0.0805
vn -0.9944 -0.0855 0.0622
vn -0.9782 -0.2045 0.0359
vn -0.9479 -0.3185 0.0081
vn -0.9697 -0.2337 -0.0708
vn -0.9009 -0.4330 0.0290
vn -0.8419 -0.5363 0.0604
vn -0.9185 -0.3951 -0.0191
vn -0.8039 -0.5875 -0.0926
vn -0.9269 -0.3689 -0.0684
vn -0.8065 -0.5051 0.3072
vn -0.7477 -0.2764 0.6038
vn -0.9696 -0.2433 -0.0269
vn -0.2520 -0.2008 0.9467
vn -0.0304 -0.0210 0.9993
vn -0.1483 0.0689 0.9865
vn -0.1618 -0.0789 0.9837
vn -0.9635 0.2492 0.0976
vn -0.9994 0.0064 -0.0337
vn -0.9955 -0.0519 -0.0789
vn -0.9822 0.1458 -0.1184
vn -0.9907 0.1355 0.0073
vn -0.9796 -0.1636 -0.1167
vn -0.9925 -0.0852 -0.0881
vn -0.9908 -0.1301 -0.0366
vn -0.9968 -0.0799 -0.0011
vn -0.9731 0.2267 0.0402
vn -0.8556 -0.1536 0.4943
vn -0.9648 0.0949 0.2453
vn -0.5676 0.1949 0.7999
vn -0.1620 0.0441 0.9858
vn -0.0537 0.0783 0.9955
vn 0.2267 -0.0721 0.9713
vn -0.4102 -0.0838 0.9081
vn -0.2862 0.0111 0.9581
vn -0.0806 0.3498 0.9333
vn -0.1244 0.0171 0.9921
vn -0.8142 -0.0433 0.5790
vn -0.9729 0.2281 -0.0384
vn -0.9717 0.2267 0.0660
vn -0.1480 0.0491 0.9878
vn -0.2171 0.1973 0.9560
vn 0.0185 -0.1702 0.9852
vn -0.0224 0.0921 0.9955
vn 0.3740 0.1820 0.9094
vn 0.2990 0.0598 0.9524
vn 0.4152 0.2663 0.8699
vn 0.0837 0.4315 0.8982
vn 0.1998 0.0026 0.9798
vn 0.1725 0.0627 0.9830
vn 0.5878 -0.2547 0.7679
vn 0.0537 0.3126 0.9484
vn -0.2187 -0.0882 0.9718
vn 0.1583 -0.0387 0.9866
vn -0.0831 0.1350 0.9874
vn -0.1151 -0.1982 0.9734
vn -0.4632 0.0418 0.8852
vn -0.8912 0.1308 0.4344
vn 0.0276 0.0781 0.9966
vn -0.9641 0.1595 -0.2122
vn -0.1274 0.0846 0.9882
vn -0.1370 -0.1228 0.9829
vn -0.1246 0.0314 0.9917
vn 0.1198 0.1218 0.9853
vn 0.0576 -0.0906 0.9942
vn 0.4197 -0.2890 0.8604
vn 0.4060 -0.2301 0.8845
vn 0.1631 -0.1259 0.9785
vn 0.1223 -0.3698 0.9210
vn 0.4929 -0.1457 0.8578
vn -0.2084 0.9438 0.2565
vn -0.8899 0.3813 0.2504
vn 0.1536 0.8191 0.5527
vn -0.1790 0.3638 0.9141
vn -0.0777 0.0687 0.9946
vn -0.0060 0.0248 0.9997
vn -0.0375 0.0086 0.9993
vn -0.7388 0.6366 0.2212
vn -0.0392 0.0133 0.9991
vn 0.7787 0.3929 0.4891
vn -0.2903 0.5838 0.7582
vn -0.0423 0.0420 0.9982
vn 0.8727 -0.4217 0.2462
vn 0.9785 0.1543 0.1367
vn 0.9694 0.0377 0.2424
vn 0.8875 -0.2965 0.3526
vn 0.9934 -0.1034 0.0493
vn 0.9849 -0.1310 0.1129
vn 0.7910 0.1865 0.5828
vn 0.9468 -0.2418 0.2123
vn 0.0083 -0.3570 0.9341
vn -0.9744 0.1438 0.1729
vn -0.9875 0.1084 0.1148
vn -0.9077 -0.1175 0.4028
vn -0.5799 0.2564 0.7733
vn -0.6158 0.0149 0.7878
vn -0.9666 0.0703 0.2463
vn 0.0162 -0.7462 0.6656
vn -0.8776 -0.0871 0.4714
vn -0.9222 0.3824 -0.0575
vn -0.9466 0.3157 -0.0661
vn -0.9159 0.4009 0.0205
vn -0.9516 0.3055 0.0336
vn -0.9677 0.2165 -0.1290
vn -0.9140 0.3818 -0.1373
vn -0.9225 0.3859 -0.0098
vn -0.9560 0.2698 0.1154
vn -0.9665 0.1801 -0.1831
vn -0.8469 0.1730 0.5029
vn -0.8037 0.1496 0.5760
vn -0.9735 0.2282 0.0124
vn -0.9761 0.2119 -0.0487
vn -0.9676 0.1875 -0.1692
vn -0.4260 0.0977 0.8994
vn -0.1610 -0.0239 0.9867
vn -0.7816 0.3031 0.5452
vn -0.5123 0.5049 0.6947
vn -0.1681 0.4910 0.8548
vn -0.0860 0.1518 0.9847
vn -0.1351 0.0861 0.9871
vn -0.1223 0.1163 0.9857
vn -0.1175 -0.0550 0.9915
vn 0.0320 0.0287 0.9991
vn 0.3094 -0.3676 0.8770
vn -0.4468 0.3640 0.8173
vn 0.3055 -0.4430 0.8429
vn 0.1250 0.1203 0.9848
vn -0.0656 -0.2526 0.9654
vn -0.3176 0.0406 0.9473
vn -0.4421 -0.0342 0.8963
vn -0.0500 0.1690 0.9843
vn 0.0580 0.0294 0.9979
vn -0.1897 -0.1509 0.9702
vn -0.1398 -0.2216 0.9651
vn 0.4096 0.4389 0.7998
vn 0.5411 -0.5227 0.6588
vn 0.3308 0.1061 0.9377
vn 0.1124 -0.1242 0.9859
vn 0.3797 -0.6027 0.7018
vn -0.4819 0.1200 0.8680
vn -0.7046 -0.0341 0.7088
vn 0.5517 -0.6652 0.5031
vn 0.5305 -0.5680 0.6293
vn 0.2865 -0.4361 0.8531
vn -0.8178 0.5483 0.1751
vn -0.5970 0.7005 0.3912
vn 0.7629 -0.2853 0.5801
vn -0.6032 0.5539 0.5739
vn -0.4612 0.4759 0.7489
vn -0.1919 0.3984 0.8969
vn 0.9195 0.1134 0.3763
vn 0.6564 -0.1951 0.7288
vn -0.3669 -0.4071 0.8364
vn -0.6821 0.4238 0.5960
vn 0.4425 -0.4086 0.7983
vn 0.2302 -0.1398 0.9631
vn -0.3130 0.0603 0.9478
vn -0.1037 -0.3565 0.9285
vn -0.6296 -0.7459 0.2174
vn 0.2205 0.5551 0.8021
vn -0.4175 -0.0598 0.9067
vn -0.7758 0.6310 -0.0003
vn -0.8106 0.5729 -0.1213
vn -0.7445 0.6486 -0.1583
vn -0.8902 0.3514 0.2900
vn -0.7482 0.4496 0.4879
vn -0.5484 0.6070 0.5751
vn -0.8657 0.5000 0.0248
vn -0.9066 0.4017 -0.1295
vn -0.6842 0.2365 0.6899
vn -0.8925 0.4308 -0.1338
vn -0.8441 0.3634 0.3943
vn -0.0919 0.0335 0.9952
vn 0.2734 0.3693 0.8882
vn 0.2018 0.0854 0.9757
vn 0.1007 0.3025 0.9478
vn 0.3334 -0.2796 0.9004
vn -0.1357 0.0132 0.9907
vn -0.0957 -0.1911 0.9769
vn 0.0279 0.1017 0.9944
vn -0.3324 0.0250 0.9428
vn -0.2024 0.3873 0.8995
vn -0.2554 0.4140 0.8737
vn 0.2891 -0.1429 0.9466
vn -0.0583 0.2541 0.9654
vn -0.6824 0.4543 0.5727
vn 0.1828 0.4983 0.8475
vn -0.6454 0.4092 0.6450
vn 0.1363 -0.2405 0.9610
vn -0.0376 0.1168 0.9924
vn -0.5756 0.1258 0.8080
vn -0.1575 -0.1697 0.9728
vn -0.2409 0.2423 0.9398
vn -0.0060 0.1339 0.9910
vn -0.0993 0.0611 0.9932
vn -0.0700 0.1129 0.9911
vn -0.2682 0.2658 0.9260
vn -0.0959 0.0977 0.9906
vn 0.0284 0.0094 0.9996
vn -0.0419 0.0584 0.9974
vn -0.3030 0.9379 -0.1687
vn -0.4538 0.8829 -0.1211
vn -0.6172 0.7847 -0.0573
vn -0.6896 0.7175 0.0987
vn 0.0357 0.0923 0.9951
vn -0.0170 0.0383 0.9991
vn 0.0066 0.1317 0.9913
vn -0.3146 0.3952 0.8631
vn -0.3339 0.7119 0.6178
vn -0.0944 0.0017 0.9955
vn 0.2875 -0.1258 0.9495
vn 0.0714 0.0623 0.9955
vn -0.0624 0.0311 0.9976
vn 0.1266 -0.2194 0.9674
vn -0.0212 -0.0657 0.9976
vn -0.2936 -0.5485 0.7829
vn -0.8011 -0.5277 0.2825
vn -0.4432 -0.2003 0.8738
vn 0.1754 -0.8711 0.4587
vn -0.0945 0.0673 0.9932
vn 0.4678 -0.4877 0.7371
vn -0.5202 -0.2549 0.8151
vn 0.2193 0.8688 0.4440
vn -0.5206 0.7581 0.3928
vn 0.4131 -0.3500 0.8407
vn 0.7644 0.0339 0.6439
vn 0.1589 -0.1057 0.9816
vn 0.3672 0.1624 0.9159
vn 0.1355 0.4201 0.8973
vn 0.4889 -0.2947 0.8210
vn 0.5342 -0.1169 0.8372
vn 0.5256 -0.3155 0.7901
vn -0.3768 0.3713 0.8486
vn 0.1001 0.7091 0.6980
vn 0.5984 0.2969 0.7441
vn -0.0563 0.1852 0.9811
vn 0.2850 -0.0931 0.9540
vn -0.2660 0.1826 0.9465
vn 0.1444 0.0991 0.9845
vn 0.0055 -0.0147 0.9999
vn -0.0651 0.4418 0.8948
vn -0.4701 -0.4011 0.7862
vn -0.2815 0.7229 0.6310
vn -0.6735 0.5881 0.4478
vn -0.4977 0.2431 0.8326
vn 0.4475 0.3161 0.8365
vn -0.0223 -0.1561 0.9875
vn -0.4667 -0.4748 0.7462
vn 0.1987 0.1563 0.9675
vn -0.0638 -0.1235 0.9903
vn 0.2327 0.3110 0.9215
vn -0.3939 0.3044 0.8673
vn 0.0551 -0.3259 0.9438
vn -0.0358 0.1091 0.9934
vn 0.1256 -0.2192 0.9676
vn 0.3509 0.4864 0.8002
vn -0.8173 0.0924 0.5687
vn 0.4199 0.5963 0.6842
vn -0.5169 0.5917 0.6186
vn -0.7101 -0.4401 0.5496
vn 0.4247 -0.2006 0.8828
vn -0.5367 -0.1369 0.8326
vn -0.2721 -0.1238 0.9543
vn 0.5558 0.6960 0.4546
vn 0.1447 0.2147 0.9659
vn -0.8475 0.0395 0.5293
vn -0.1390 0.6867 0.7136
vn -0.2133 0.1162 0.9701
vn -0.0335 0.0020 0.9994
vn -0.2931 0.2232 0.9297
vn -0.3563 0.0627 0.9323
vn 0.3317 -0.1405 0.9329
vn 0.5620 0.3121 0.7660
vn -0.1980 -0.0928 0.9758
vn 0.3229 -0.8696 0.3737
vn -0.1291 -0.5042 0.8539
vn 0.7711 -0.1710 0.6133
vn 0.0194 0.1294 0.9914
vn 0.6891 -0.0335 0.7239
vn -0.4340 0.7122 0.5517
vn -0.1865 -0.3461 0.9195
vn -0.5591 0.5791 0.5933
vn 0.2730 -0.0513 0.9606
vn 0.0968 0.3448 0.9337
vn 0.4211 0.0290 0.9066
vn -0.1613 0.7333 0.6605
vn -0.6507 0.4360 0.6217
vn 0.2244 0.2703 0.9363
vn -0.1846 0.1249 0.9748
vn -0.0975 -0.2211 0.9704
vn 0.6412 -0.1882 0.7439
vn -0.0506 -0.4818 0.8748
vn -0.5735 -0.1436 0.8065
vn -0.1356 -0.3517 0.9262
vn -0.2872 -0.7009 0.6529
vn -0.1708 0.1495 0.9739
vn 0.6692 0.0529 0.7412
vn 0.4092 -0.3865 0.8266
vn 0.3177 -0.1027 0.9426
vn -0.4244 0.1234 0.8970
vn -0.2519 0.0744 0.9649
vn -0.0140 0.1611 0.9868
vn -0.0719 0.1991 0.9773
vn 0.0259 0.0366 0.9990
vn 0.1269 -0.1896 0.9736
vn -0.0387 -0.1366 0.9899
vn -0.0516 0.1573 0.9862
vn -0.1874 -0.0475 0.9811
vn 0.2841 0.0256 0.9584
vn -0.0540 -0.3648 0.9295
vn 0.0501 -0.0216 0.9985
vn 0.0041 0.1796 0.9837
vn -0.2128 -0.1329 0.9680
vn 0.0947 0.1926 0.9767
vn 0.0190 0.0982 0.9950
vn 0.0013 0.2146 0.9767
vn -0.1002 0.2189 0.9706
vn 0.0794 0.4763 0.8757
vn 0.1632 0.0696 0.9841
vn -0.2763 0.9374 -0.2120
vn -0.1456 0.9794 -0.1400
vn -0.1171 0.8012 0.5869
vn -0.1362 0.5257 0.8397
vn -0.1397 0.8266 0.5452
vn 0.1349 -0.0358 0.9902
vn 0.1196 0.0481 0.9917
vn -0.2511 0.7739 0.5814
vn 0.0977 0.2543 0.9622
vn -0.0380 0.6088 0.7924
vn -0.2241 0.0422 0.9737
vn -0.0375 0.0525 0.9979
vn -0.0476 0.0182 0.9987
vn -0.0372 0.0351 0.9987
vn -0.0049 -0.0813 0.9967
vn -0.0747 0.1153 0.9905
vn -0.0426 0.1818 0.9824
vn -0.0983 0.0604 0.9933
vn 0.0543 0.0597 0.9967
vn -0.1764 0.1541 0.9722
vn -0.1417 0.0679 0.9876
vn -0.1510 0.2605 0.9536
vn -0.1289 0.2001 0.9712
vn 0.0663 0.0639 0.9958
vn -0.0864 0.3113 0.9464
vn -0.2575 0.0162 0.9661
vn 0.2650 0.1310 0.9553
vn -0.1543 0.2692 0.9507
vn -0.0839 0.9763 -0.1996
vn 0.0438 0.9989 -0.0146
vn 0.0302 0.8696 0.4927
vn -0.1262 -0.0177 0.9918
vn 0.0685 -0.1670 0.9836
vn -0.0922 0.0298 0.9953
vn 0.2117 0.7061 0.6757
vn -0.1464 0.1024 0.9839
vn -0.3747 0.5527 0.7444
vn 0.0784 0.9927 0.0922
vn 0.0438 0.7707 0.6357
vn 0.0682 0.7552 0.6520
vn 0.0347 0.9993 0.0163
vn 0.0648 0.9979 0.0069
vn 0.0800 0.9965 -0.0229
vn 0.0651 0.7766 0.6267
vn -0.0768 0.8822 0.4646
vn 0.3248 0.1178 0.9384
vn 0.0254 0.0533 0.9983
vn 0.0159 0.0909 0.9957
vn -0.0756 0.3768 0.9232
vn 0.3454 0.5054 0.7907
vn -0.0611 0.1414 0.9881
vn 0.0981 0.4386 0.8933
vn -0.0611 -0.4412 0.8953
vn -0.0110 0.2635 0.9646
vn -0.0183 0.1959 0.9805
vn 0.0460 0.1817 0.9823
vn 0.0470 -0.0123 0.9988
vn 0.2465 0.4433 0.8618
vn -0.3702 -0.2074 0.9055
vn -0.5141 -0.3159 0.7975
vn -0.2043 0.2638 0.9427
vn 0.2130 0.9768 -0.0203
vn 0.3848 0.9221 -0.0399
vn 0.2909 0.9567 0.0012
vn 0.4020 0.9153 -0.0236
vn 0.3770 0.9262 -0.0105
vn 0.5401 0.8366 0.0918
vn 0.4926 0.8679 -0.0648
vn 0.7001 0.7094 0.0810
vn 0.5796 0.8127 -0.0592
vn 0.0549 0.7057 0.7064
vn 0.0659 0.1926 0.9791
vn 0.1984 0.6956 0.6905
vn -0.1307 0.1421 0.9812
vn -0.2235 -0.0354 0.9741
vn -0.0924 0.1336 0.9867
vn 0.0337 0.1124 0.9931
vn -0.1072 0.1801 0.9778
vn 0.2558 0.5684 0.7820
vn -0.1049 -0.1100 0.9884
vn 0.1685 0.3152 0.9339
vn 0.1063 0.1827 0.9774
vn -0.3879 -0.9186 0.0749
vn -0.5340 -0.8364 -0.1234
vn -0.3954 -0.2985 -0.8687
vn -0.4697 -0.8506 0.2364
vn -0.2549 -0.4008 -0.8800
vn -0.5809 -0.8070 0.1066
vn -0.0807 0.3261 -0.9419
vn -0.2426 0.0220 -0.9699
vn 0.0906 0.0659 -0.9937
vn -0.0151 0.1230 -0.9923
vn -0.2145 -0.4475 -0.8682
vn -0.1220 -0.0815 -0.9892
vn -0.3340 -0.1026 -0.9370
vn -0.0964 0.0013 -0.9953
vn 0.1312 0.1938 -0.9722
vn 0.1560 -0.3848 -0.9097
vn 0.2900 -0.1261 -0.9487
vn 0.1443 -0.3224 -0.9355
vn -0.3047 -0.9521 -0.0261
vn -0.2076 -0.5327 -0.8205
vn 0.1008 0.5887 -0.8020
vn -0.0447 0.2807 -0.9588
vn -0.2903 -0.9439 0.1575
vn -0.3331 -0.8917 0.3065
vn -0.3375 -0.9072 0.2512
vn -0.3914 -0.9055 0.1638
vn -0.5897 -0.8073 0.0231
vn -0.5359 -0.8292 0.1586
vn -0.5768 -0.8077 0.1225
vn -0.4056 -0.6368 -0.6558
vn -0.4742 -0.8656 0.1610
vn -0.5646 -0.8050 0.1821
vn -0.3522 -0.9340 0.0597
vn -0.4976 -0.8674 0.0012
vn -0.4677 -0.8838 -0.0153
vn -0.2541 -0.5216 -0.8144
vn 0.0030 -0.1244 -0.9922
vn 0.3613 -0.1197 -0.9247
vn -0.0018 -0.0778 -0.9970
vn 0.3328 0.1434 -0.9320
vn 0.2909 0.5389 -0.7905
vn -0.0307 0.0447 -0.9985
vn 0.4075 -0.3026 -0.8616
vn 0.0737 -0.0938 -0.9929
vn 0.0466 -0.6024 -0.7968
vn -0.2690 0.3088 -0.9123
vn -0.0557 0.0111 -0.9984
vn -0.0448 0.0318 -0.9985
vn -0.2604 0.1064 -0.9596
vn -0.1321 0.0049 -0.9912
vn -0.0760 0.1184 -0.9900
vn -0.4295 -0.0328 -0.9025
vn -0.3026 0.0859 -0.9492
vn 0.1694 -0.3281 -0.9293
vn -0.4099 0.4387 -0.7997
vn -0.0615 0.0632 -0.9961
vn -0.5601 0.1890 -0.8066
vn 0.0303 -0.0220 -0.9993
vn -0.0722 -0.2718 -0.9596
vn -0.0113 0.0033 -0.9999
vn -0.1729 -0.1774 -0.9688
vn -0.3096 -0.0902 -0.9466
vn -0.0270 -0.5634 -0.8258
vn -0.0228 0.1129 -0.9933
vn -0.2626 0.1551 -0.9524
vn 0.5538 -0.2277 -0.8009
vn 0.4222 -0.5453 -0.7241
vn -0.1542 0.6429 -0.7502
vn -0.0518 0.1657 -0.9848
vn -0.7820 0.1272 -0.6101
vn -0.1617 0.0118 -0.9868
vn -0.2314 0.5023 -0.8332
vn -0.0583 -0.2108 -0.9758
vn 0.3715 -0.5190 -0.7698
vn 0.0492 -0.0551 -0.9973
vn -0.2723 -0.9549 -0.1185
vn -0.3184 0.0905 -0.9436
vn 0.5064 0.7721 -0.3840
vn 0.0301 0.4778 -0.8780
vn 0.7883 -0.5608 -0.2531
vn -0.1421 0.0904 -0.9857
vn -0.0066 0.0049 -1.0000
vn 0.0126 0.0345 -0.9993
vn -0.0524 -0.0334 -0.9981
vn -0.1065 -0.9928 -0.0552
vn -0.1364 -0.9893 0.0519
vn -0.1553 -0.9841 -0.0863
vn -0.2562 -0.9610 0.1041
vn -0.1981 -0.9802 0.0035
vn -0.1384 -0.4654 -0.8742
vn -0.1338 -0.9857 0.1020
vn -0.2421 -0.9581 0.1529
vn -0.3469 -0.9241 0.1604
vn -0.2834 -0.9589 0.0154
vn -0.2437 -0.9653 0.0934
vn -0.0602 -0.9972 0.0433
vn -0.0939 -0.9921 -0.0833
vn -0.1732 -0.9750 -0.1389
vn -0.1534 -0.9874 0.0396
vn -0.0972 -0.9880 -0.1200
vn -0.0577 -0.9952 -0.0797
vn -0.1070 -0.9943 -0.0025
vn -0.2697 -0.9624 0.0317
vn -0.3701 -0.9285 0.0293
vn -0.3139 -0.9492 -0.0230
vn -0.1660 -0.9859 0.0208
vn -0.2292 -0.9714 -0.0627
vn -0.2450 -0.9619 -0.1215
vn -0.4315 -0.9018 -0.0220
vn -0.4758 -0.8778 0.0554
vn -0.1179 -0.9899 0.0786
vn -0.1176 -0.9905 0.0712
vn -0.0393 -0.9992 -0.0038
vn -0.0805 -0.9967 0.0041
vn -0.0746 -0.9958 0.0524
vn -0.0278 0.0279 -0.9992
vn -0.0860 0.2976 -0.9508
vn 0.5157 0.0445 -0.8556
vn -0.0729 -0.3242 -0.9432
vn -0.1642 -0.0483 -0.9852
vn 0.2066 -0.1713 -0.9633
vn -0.0509 -0.6838 -0.7279
vn 0.2573 0.2791 -0.9252
vn 0.1577 -0.9843 -0.0788
vn 0.0718 -0.9956 0.0595
vn 0.0321 -0.9937 -0.1071
vn 0.0830 -0.6158 -0.7835
vn -0.0137 -0.1214 -0.9925
vn 0.0300 0.0565 -0.9979
vn 0.1007 -0.6804 -0.7259
vn 0.0025 -0.6281 -0.7782
vn -0.0682 0.1776 -0.9817
vn 0.1389 -0.1618 -0.9770
vn -0.0525 -0.1067 -0.9929
vn 0.0402 -0.0741 -0.9964
vn -0.1174 0.0050 -0.9931
vn -0.0841 -0.2048 -0.9752
vn 0.0941 -0.6117 -0.7854
vn 0.0796 -0.6799 -0.7289
vn 0.0641 -0.0033 -0.9979
vn 0.2292 -0.9726 -0.0385
vn 0.0809 -0.9929 -0.0871
vn 0.2640 -0.9614 -0.0780
vn 0.0384 -0.9970 -0.0665
vn 0.1654 -0.9828 -0.0825
vn 0.2889 -0.9567 0.0352
vn 0.2811 -0.9586 -0.0461
vn 0.1429 -0.9897 -0.0079
vn 0.0208 0.0654 -0.9976
vn -0.0463 -0.0487 -0.9977
vn 0.1272 -0.2706 -0.9543
vn 0.2807 -0.9589 -0.0414
vn 0.1108 0.0819 -0.9905
vn 0.1626 -0.0257 -0.9864
vn 0.2846 -0.6042 -0.7442
vn 0.1024 -0.1240 -0.9870
vn -0.0753 0.0999 -0.9921
vn 0.0600 0.0362 -0.9975
vn 0.0428 -0.1078 -0.9933
vn 0.1002 -0.1863 -0.9774
vn -0.0277 -0.2612 -0.9649
vn 0.0116 -0.1062 -0.9943
vn 0.0858 -0.0447 -0.9953
vn -0.4275 0.2353 -0.8729
vn 0.3974 0.4055 -0.8232
vn 0.1308 0.2208 -0.9665
vn 0.1555 -0.1717 -0.9728
vn 0.0963 -0.3188 -0.9429
vn 0.0341 -0.5648 -0.8246
vn -0.0480 -0.2839 -0.9576
vn -0.3894 0.0651 -0.9188
vn -0.1804 0.3112 -0.9330
vn -0.0208 -0.2785 -0.9602
vn -0.0261 0.1353 -0.9905
vn 0.4739 -0.8661 -0.1591
vn 0.3402 -0.9350 -0.0998
vn 0.2544 -0.9652 -0.0607
vn 0.3273 -0.9449 0.0009
vn 0.4353 -0.8999 -0.0278
vn 0.3485 -0.9362 -0.0469
vn 0.5635 -0.8258 -0.0249
vn 0.4158 -0.9094 0.0083
vn 0.4717 -0.8814 -0.0264
vn 0.4846 -0.8695 -0.0958
vn 0.6035 -0.7967 -0.0318
vn 0.6066 -0.7931 -0.0557
vn 0.3463 -0.9348 -0.0782
vn 0.3031 -0.9528 -0.0190
vn 0.4014 -0.9135 -0.0665
vn 0.3824 -0.9201 -0.0840
vn 0.2881 -0.9391 -0.1875
vn 0.1705 -0.9853 0.0123
vn 0.2147 -0.9751 -0.0557
vn 0.0821 -0.9961 -0.0314
vn 0.0155 -0.9979 0.0629
vn -0.0153 -0.9998 -0.0125
vn 0.2683 -0.9616 -0.0569
vn 0.5489 -0.8266 -0.1242
vn 0.6212 -0.7801 -0.0740
vn 0.0415 -0.7959 0.6039
vn -0.0793 -0.9906 -0.1116
vn 0.0020 -0.8468 0.5318
vn -0.1061 -0.9933 -0.0456
vn 0.2150 -0.4434 0.8701
vn 0.4563 -0.0667 0.8873
vn 0.2178 0.7849 0.5801
vn -0.0072 -0.0619 0.9981
vn -0.0045 -0.8568 0.5156
vn 0.1238 -0.4144 0.9016
vn 0.2387 -0.1596 0.9579
vn 0.2111 -0.0802 0.9742
vn -0.1034 0.1814 0.9780
vn -0.0386 -0.0009 0.9993
vn -0.3120 -0.0882 0.9460
vn -0.0646 0.5391 0.8398
vn 0.0500 0.0264 0.9984
vn 0.1971 -0.2227 0.9547
vn -0.0372 -0.1886 0.9814
vn 0.0881 -0.0921 0.9918
vn -0.0705 -0.2577 0.9636
vn -0.0133 -0.9983 -0.0568
vn 0.0178 -0.9902 -0.1383
vn 0.1053 -0.9922 -0.0670
vn 0.2080 -0.9555 0.2091
vn 0.0933 -0.7587 0.6448
vn 0.0644 -0.9500 0.3055
vn 0.0699 -0.5365 0.8410
vn 0.1002 -0.5345 0.8392
vn 0.1139 -0.0674 0.9912
vn -0.1132 -0.2576 0.9596
vn -0.0564 -0.1155 0.9917
vn -0.0135 -0.1850 0.9826
vn -0.0518 -0.0412 0.9978
vn 0.0079 -0.0405 0.9991
vn 0.0976 -0.2441 0.9648
vn 0.0333 -0.2110 0.9769
vn -0.0257 -0.0237 0.9994
vn -0.0066 -0.0388 0.9992
vn -0.0643 0.0554 0.9964
vn -0.1068 -0.0265 0.9939
vn -0.1149 0.1147 0.9867
vn -0.0581 -0.0163 0.9982
vn 0.1592 -0.2549 0.9538
vn 0.0992 -0.3423 0.9343
vn -0.1681 0.1427 0.9754
vn -0.1374 0.2741 0.9518
vn -0.0398 -0.2354 0.9711
vn 0.3157 0.0399 0.9480
vn 0.0418 -0.2168 0.9753
vn 0.2983 -0.7407 0.6020
vn 0.1573 -0.6566 0.7376
vn -0.0972 -0.0896 0.9912
vn -0.3415 -0.0348 0.9392
vn 0.3922 0.1614 0.9056
vn 0.3606 -0.7588 0.5424
vn -0.2783 0.0078 0.9605
vn -0.0834 -0.0393 0.9957
vn 0.0242 -0.1158 0.9930
vn 0.2116 -0.0166 0.9772
vn -0.0528 0.0101 0.9986
vn -0.0752 0.0481 0.9960
vn -0.0435 0.0644 0.9970
vn 0.5119 -0.8569 -0.0602
vn 0.6044 -0.7895 -0.1066
vn 0.3280 -0.7707 0.5463
vn 0.6738 -0.7358 -0.0677
vn 0.6890 -0.7101 -0.1448
vn 0.6675 -0.7397 -0.0860
vn 0.8189 -0.5587 -0.1310
vn 0.7628 -0.6198 0.1846
vn 0.5362 -0.8202 -0.1992
vn 0.4014 -0.9108 -0.0966
vn 0.7902 -0.5927 -0.1560
vn 0.0456 -0.1566 0.9866
vn 0.1498 -0.2253 0.9627
vn -0.2365 -0.2240 0.9455
vn -0.1251 -0.2181 0.9679
vn -0.5626 0.3455 0.7510
vn 0.1658 -0.4094 0.8972
vn -0.2264 -0.1758 0.9580
vn 0.1953 -0.1286 0.9723
vn 0.7588 -0.2524 0.6005
vn 0.0531 0.0019 0.9986
vn -0.0483 -0.1049 0.9933
vn -0.0021 -0.1564 0.9877
vn -0.0422 -0.1977 0.9794
vn 0.0826 -0.0776 0.9936
vn 0.2749 0.0783 0.9583
vn 0.1810 -0.0637 0.9814
vn -0.0455 -0.3348 0.9412
vn 0.4127 -0.0367 0.9101
vn 0.2887 0.1308 0.9484
vn 0.1462 0.1185 0.9821
vn 0.6787 -0.1918 0.7089
vn -0.0245 0.1543 0.9877
vn -0.5670 -0.8143 0.1240
vn -0.6579 -0.7352 0.1633
vn -0.5364 -0.8387 0.0941
vn -0.5777 -0.8119 0.0844
vn -0.6370 -0.7655 0.0912
vn -0.6062 -0.7942 0.0422
vn -0.5457 -0.8365 0.0497
vn -0.5212 -0.8510 0.0651
vn -0.5203 -0.8530 0.0403
vn -0.5377 -0.8427 0.0267
vn -0.5295 -0.8409 -0.1118
vn -0.5327 -0.8448 0.0502
vn -0.5844 -0.8107 -0.0360
vn -0.6584 -0.7506 0.0561
vn -0.6349 -0.7723 0.0188
vn -0.5210 -0.8514 0.0607
vn -0.5130 -0.8584 0.0037
vn -0.4707 -0.8812 0.0438
vn -0.4959 -0.8682 0.0196
vn -0.4959 -0.8513 -0.1713
vn -0.5536 -0.7168 0.4239
vn -0.1370 -0.1247 0.9827
vn -0.0726 -0.1733 0.9822
vn -0.4496 -0.7459 0.4914
vn 0.2129 -0.2324 0.9490
vn -0.4659 -0.8816 -0.0755
vn -0.3554 -0.9227 -0.1493
vn -0.4552 -0.8821 0.1213
vn -0.5068 -0.2183 0.8340
vn -0.1758 -0.5301 0.8295
vn -0.2792 -0.9565 -0.0846
vn -0.4487 -0.5171 0.7289
vn -0.0488 -0.6779 0.7335
vn -0.3239 -0.7121 0.6229
vn 0.1081 0.1994 0.9739
vn -0.3932 0.1143 0.9123
vn -0.0199 0.3180 0.9479
vn -0.1286 -0.0470 0.9906
vn -0.3548 -0.6942 0.6262
vn 0.0106 0.2385 0.9711
vn 0.3126 -0.0289 0.9494
vn -0.1071 0.3322 0.9371
vn 0.2385 0.3936 0.8878
vn -0.1360 0.1971 0.9709
vn 0.2383 0.1239 0.9632
vn -0.1714 0.4653 0.8684
vn -0.7618 -0.6377 0.1138
vn -0.7467 -0.6588 0.0917
vn -0.6190 -0.3311 0.7122
vn -0.7887 -0.6081 0.0898
vn -0.6020 -0.5409 0.5874
vn 0.4793 -0.2121 0.8517
vn 0.3256 0.0374 0.9448
vn -0.1438 -0.5266 0.8379
vn -0.3139 -0.3434 0.8852
vn -0.2316 -0.1010 0.9675
vn 0.0618 0.4171 0.9068
vn 0.0689 -0.0757 0.9947
vn 0.0130 -0.2331 0.9724
vn 0.4202 0.5268 0.7388
vn 0.8489 0.1842 0.4954
vn -0.0405 0.8458 0.5320
vn -0.1446 -0.0039 0.9895
vn -0.3578 -0.8673 0.3461
vn -0.3594 -0.8550 0.3740
vn -0.3253 -0.6639 0.6734
vn 0.5016 -0.5707 0.6502
vn 0.3248 -0.0559 0.9441
vn -0.2377 -0.5034 0.8307
vn -0.0043 -0.0565 0.9984
vn -0.6543 -0.7469 -0.1183
vn -0.0181 0.0032 0.9998
vn -0.2730 0.0129 0.9619
vn 0.1301 -0.0261 0.9912
vn 0.1070 -0.0127 0.9942
vn -0.6680 -0.6009 0.4391
vn -0.3513 -0.2867 0.8913
vn -0.2500 -0.3267 0.9114
vn -0.1674 0.3793 0.9100
vn 0.2112 0.3445 0.9147
vn -0.2656 0.4760 0.8384
vn 0.5293 0.5852 0.6144
vn 0.2591 -0.8770 0.4047
vn 0.4871 0.3299 0.8086
vn 0.7688 0.2497 0.5887
vn 0.1652 0.5896 0.7906
vn 0.4361 0.7834 0.4428
vn 0.1723 -0.1538 0.9730
vn 0.5853 -0.0299 0.8102
vn 0.5729 0.3189 0.7550
vn -0.1308 -0.6515 0.7473
vn -0.4752 -0.0023 0.8799
vn 0.5762 0.7357 0.3560
vn 0.4258 0.8465 0.3197
vn 0.3082 0.7464 0.5898
vn -0.5147 -0.8545 0.0702
vn -0.5666 0.0558 0.8221
vn -0.3345 -0.6065 0.7213
vn -0.8126 0.1325 0.5675
vn 0.0310 0.3060 0.9515
vn -0.2331 -0.7869 0.5714
vn -0.3091 0.1821 0.9334
vn 0.1222 -0.3009 0.9458
vn -0.1854 -0.0391 0.9819
vn -0.1238 0.2853 0.9504
vn 0.6428 0.0738 0.7625
vn 0.3211 0.0060 0.9470
vn 0.0593 -0.1254 0.9903
vn 0.1734 -0.0024 0.9848
vn 0.2100 -0.4277 0.8792
vn 0.3041 -0.5797 0.7559
vn 0.3075 0.0236 0.9512
vn -0.0157 -0.7559 0.6545
vn -0.4633 0.1347 0.8759
vn -0.3754 0.1043 0.9210
vn -0.0560 -0.1899 0.9802
vn 0.1498 0.1489 0.9774
vn 0.0399 -0.0182 0.9990
vn -0.0473 -0.0837 0.9954
vn -0.4332 -0.3143 0.8447
vn -0.1002 0.1939 0.9759
vn -0.8972 -0.0980 0.4305
vn -0.7666 -0.3196 0.5569
vn -0.5827 0.0783 0.8089
vn -0.3720 0.4518 0.8108
vn -0.6045 0.1261 0.7866
vn -0.0068 -0.4802 0.8772
vn -0.2470 -0.4842 0.8393
vn -0.5595 0.0144 0.8287
vn -0.0883 0.4193 0.9035
vn -0.0860 0.0172 0.9961
vn 0.0273 0.0051 0.9996
vn 0.0421 0.0156 0.9990
vn 0.0075 -0.0127 0.9999
vn 0.0002 -0.0454 0.9990
vn 0.0185 0.2953 0.9552
vn 0.1663 -0.2995 0.9395
vn 0.0453 -0.0059 0.9990
vn 0.0663 -0.0482 0.9966
vn -0.0486 -0.0078 0.9988
vn -0.0122 0.0185 0.9998
vn 0.1000 0.1289 0.9866
vn 0.0629 0.0823 0.9946
vn 0.1474 0.1645 0.9753
vn -0.0273 0.0023 0.9996
vn -0.3854 0.0636 0.9206
vn -0.0890 0.0262 0.9957
vn -0.1775 0.0513 0.9828
vn -0.1068 0.0600 0.9925
vn -0.0535 0.0283 0.9982
vn -0.5772 0.1085 0.8093
vn -0.0826 0.0897 0.9925
vn -0.0340 0.0895 0.9954
vn -0.0050 0.1447 0.9895
vn -0.0496 0.1117 0.9925
vn 0.1836 0.2347 0.9546
vn -0.1320 0.4287 0.8937
vn 0.0990 0.1387 0.9854
vn 0.0542 0.0988 0.9936
vn 0.6287 0.2505 0.7362
vn -0.0518 -0.0150 0.9985
vn -0.0933 0.0197 0.9954
vn 0.0507 0.4075 0.9118
vn -0.4805 0.4300 0.7643
vn 0.2005 0.1185 0.9725
vn 0.0977 0.1500 0.9838
vn 0.1708 -0.1828 0.9682
vn -0.0978 0.0958 0.9906
vn 0.0363 -0.0690 0.9970
vn 0.0984 0.1508 0.9837
vn 0.2521 -0.3219 0.9126
vn 0.1761 -0.1277 0.9760
vn 0.1421 0.1412 0.9797
vn -0.0063 0.0008 1.0000
vn 0.1418 0.2284 0.9632
vn 0.2664 0.0343 0.9633
vn -0.0681 -0.0072 0.9977
vn 0.0895 -0.0066 0.9960
vn -0.0387 -0.0249 0.9989
vn 0.0040 0.0275 0.9996
vn -0.1036 -0.0103 0.9946
vn -0.0626 -0.1027 0.9927
vn -0.0459 -0.0155 0.9988
vn 0.1082 0.0556 0.9926
vn 0.0649 0.1015 0.9927
vn 0.9460 -0.3236 0.0180
vn 0.9844 -0.1679 0.0516
vn 0.9727 -0.2075 -0.1041
vn 0.9490 -0.2941 -0.1131
vn 0.0576 0.4486 0.8919
vn 0.9405 -0.3050 0.1499
vn 0.9445 -0.3062 -0.1193
vn 0.4768 -0.3869 0.7893
vn 0.9585 -0.2549 -0.1281
vn 0.9728 -0.1968 -0.1219
vn 0.9594 -0.2569 -0.1161
vn 0.9550 -0.2797 -0.0987
vn 0.9604 -0.2318 -0.1547
vn 0.9610 -0.2536 -0.1103
vn 0.9167 -0.3882 -0.0942
vn 0.8988 -0.4264 -0.1017
vn 0.9889 -0.1360 -0.0597
vn 0.7421 -0.2133 0.6354
vn 0.2097 -0.1606 0.9645
vn -0.0883 0.0384 0.9954
vn 0.4951 -0.3396 0.7997
vn 0.1832 -0.1689 0.9684
vn 0.3508 0.0595 0.9346
vn 0.2654 -0.2840 0.9214
vn 0.2069 -0.2650 0.9418
vn 0.9573 -0.1820 0.2244
vn 0.9780 -0.1458 -0.1492
vn 0.3729 0.1495 0.9158
vn 0.9887 -0.1014 0.1104
vn 0.9809 -0.0663 -0.1829
vn 0.3306 0.0521 0.9423
vn -0.2987 0.3704 0.8795
vn 0.4106 -0.0470 0.9106
vn -0.0325 0.0964 0.9948
vn 0.0436 -0.0193 0.9989
vn 0.9954 -0.0810 0.0506
vn 0.9965 0.0444 0.0707
vn 0.9978 0.0087 0.0663
vn 0.9973 -0.0706 0.0191
vn 0.9885 -0.1472 0.0333
vn 0.9988 0.0256 0.0412
vn 0.9977 -0.0648 -0.0184
vn 0.9982 -0.0469 0.0382
vn 0.9997 -0.0082 0.0210
vn 0.9864 -0.1577 -0.0470
vn 0.9996 -0.0278 -0.0007
vn 0.9976 0.0465 0.0517
vn 0.9959 0.0872 0.0241
vn 0.9989 -0.0106 -0.0462
vn 0.9963 -0.0794 -0.0329
vn 0.9960 -0.0605 -0.0656
vn 0.9933 0.0908 -0.0711
vn 0.9964 0.0822 -0.0200
vn 0.9912 -0.0922 0.0945
vn 0.9918 -0.1271 -0.0139
vn 0.9990 0.0447 -0.0085
vn 0.9976 0.0693 -0.0080
vn 0.9882 0.1483 -0.0388
vn 0.9790 -0.1935 -0.0644
vn 0.9887 -0.0957 -0.1154
vn 0.9946 -0.1031 -0.0153
vn 0.9931 0.1176 0.0019
vn 0.9941 0.0024 -0.1080
vn 0.9981 0.0456 -0.0416
vn 0.9967 -0.0021 -0.0815
vn 0.7717 -0.0188 0.6357
vn 0.9878 0.1409 0.0658
vn 0.9775 -0.2031 -0.0569
vn 0.9688 -0.2286 0.0954
vn 0.9467 -0.3119 -0.0805
vn 0.0906 -0.1379 -0.9863
vn -0.0944 0.1823 -0.9787
vn 0.7221 -0.1815 -0.6676
vn 0.5573 -0.2869 -0.7792
vn -0.1814 -0.2721 -0.9450
vn 0.1546 0.0158 -0.9878
vn 0.0047 -0.4727 -0.8812
vn 0.0698 0.1462 -0.9868
vn -0.1194 0.2145 -0.9694
vn -0.2401 -0.0438 -0.9698
vn -0.3982 0.0174 -0.9171
vn -0.0070 0.3291 -0.9443
vn 0.2241 0.1477 -0.9633
vn 0.5677 -0.1288 -0.8131
vn 0.6403 -0.1031 -0.7611
vn 0.9798 -0.1997 -0.0034
vn 0.0809 -0.0069 -0.9967
vn 0.2699 0.1430 -0.9522
vn 0.9611 -0.2758 -0.0159
vn 0.9479 -0.3103 0.0717
vn 0.9398 -0.3408 -0.0272
vn 0.9263 -0.3712 0.0641
vn 0.1758 0.2663 -0.9477
vn 0.3986 -0.0313 -0.9166
vn 0.9593 -0.1510 -0.2386
vn 0.1839 -0.1716 -0.9679
vn -0.1910 0.0962 -0.9769
vn 0.6316 -0.0139 -0.7752
vn 0.8701 -0.0280 -0.4920
vn 0.1345 0.0904 -0.9868
vn -0.1302 -0.1839 -0.9743
vn -0.3257 -0.1344 -0.9359
vn -0.0473 -0.0181 -0.9987
vn 0.1881 0.0096 -0.9821
vn 0.1747 -0.1204 -0.9772
vn 0.1075 -0.0814 -0.9909
vn 0.9936 -0.0802 -0.0793
vn 0.9874 -0.0130 -0.1577
vn 0.9937 -0.0713 -0.0864
vn 0.9661 -0.2424 0.0883
vn 0.9941 -0.1020 0.0374
vn -0.0524 -0.0778 -0.9956
vn -0.1119 -0.0014 -0.9937
vn 0.1647 -0.0400 -0.9855
vn 0.0836 -0.0049 -0.9965
vn 0.0217 0.3148 -0.9489
vn -0.0866 -0.1160 -0.9895
vn -0.1239 0.0673 -0.9900
vn -0.1069 0.0894 -0.9903
vn 0.8677 -0.4782 -0.1360
vn 0.8470 -0.5310 -0.0251
vn 0.7234 -0.6902 0.0163
vn 0.3930 -0.6776 -0.6216
vn 0.3207 -0.4664 -0.8244
vn -0.0329 -0.2054 -0.9781
vn -0.0712 0.0683 -0.9951
vn 0.1233 -0.2674 -0.9557
vn 0.1225 -0.0482 -0.9913
vn 0.0891 0.0310 -0.9955
vn 0.1773 0.0003 -0.9842
vn -0.0118 0.1782 -0.9839
vn 0.6011 -0.3804 -0.7028
vn 0.1300 0.0333 -0.9909
vn -0.1769 0.1023 -0.9789
vn -0.0229 -0.1399 -0.9899
vn 0.5921 -0.8041 -0.0538
vn 0.3222 -0.4952 -0.8069
vn 0.0737 -0.0058 -0.9973
vn 0.0615 0.0566 -0.9965
vn 0.0500 -0.0523 -0.9974
vn 0.6183 -0.7856 -0.0234
vn 0.8354 -0.5479 -0.0449
vn 0.7027 -0.7111 0.0222
vn 0.7522 -0.6586 0.0232
vn 0.6993 -0.7123 0.0604
vn 0.8767 -0.4780 0.0540
vn 0.9469 -0.3214 0.0127
vn 0.9230 -0.3708 -0.1026
vn 0.9481 -0.3179 -0.0078
vn 0.8308 -0.5555 -0.0337
vn 0.6831 -0.7281 -0.0565
vn 0.8293 -0.5582 -0.0269
vn -0.1599 0.0959 -0.9825
vn -0.1777 0.1397 -0.9741
vn -0.2355 0.1483 -0.9605
vn -0.0909 0.0802 -0.9926
vn -0.0867 -0.0655 -0.9941
vn -0.0075 -0.0241 -0.9997
vn -0.0061 -0.0763 -0.9971
vn -0.0028 -0.0107 -0.9999
vn 0.0241 -0.0143 -0.9996
vn -0.0273 -0.0571 -0.9980
vn -0.0099 -0.0412 -0.9991
vn 0.0388 0.0032 -0.9992
vn 0.3138 0.1661 -0.9348
vn -0.0272 0.0150 -0.9995
vn -0.0080 -0.1059 -0.9943
vn -0.1004 -0.0516 -0.9936
vn -0.0181 -0.0145 -0.9997
vn 0.0634 -0.2348 -0.9700
vn 0.2973 -0.1710 -0.9393
vn -0.0157 -0.0060 -0.9999
vn -0.0526 0.0069 -0.9986
vn 0.0567 0.4854 -0.8725
vn 0.0876 0.2422 -0.9663
vn -0.0157 0.0157 -0.9998
vn -0.3037 0.1678 -0.9379
vn -0.0529 -0.0555 -0.9971
vn -0.0548 0.1771 -0.9827
vn -0.0311 0.2370 -0.9710
vn -0.0085 -0.1208 -0.9926
vn -0.0705 0.0078 -0.9975
vn -0.0028 -0.0405 -0.9992
vn -0.0197 0.0924 -0.9955
vn -0.0749 0.0165 -0.9971
vn -0.1276 0.4112 -0.9026
vn 0.2597 -0.0760 -0.9627
vn 0.1669 0.5551 -0.8148
vn 0.0210 0.2725 -0.9619
vn 0.0711 0.0953 -0.9929
vn -0.5531 0.3102 -0.7732
vn -0.2309 -0.3049 -0.9240
vn 0.0005 -0.4412 -0.8974
vn -0.2339 -0.3465 -0.9084
vn 0.1121 -0.1091 -0.9877
vn -0.1941 0.4423 -0.8756
vn 0.1778 -0.2422 -0.9538
vn 0.0847 -0.4627 -0.8825
vn 0.0380 -0.0919 -0.9950
vn 0.0784 -0.2787 -0.9572
vn 0.2367 -0.1464 -0.9605
vn -0.0577 0.1881 -0.9805
vn 0.1343 -0.4023 -0.9056
vn 0.0839 -0.1471 -0.9855
vn 0.0811 -0.0107 -0.9967
vn 0.2873 -0.3844 -0.8773
vn -0.1802 0.3644 -0.9136
vn 0.0397 0.1965 -0.9797
vn 0.1863 0.3786 -0.9066
vn 0.0561 -0.0455 -0.9974
vn 0.0766 -0.0512 -0.9957
vn 0.0319 0.0024 -0.9995
vn 0.3732 0.3204 -0.8706
vn 0.2699 -0.5784 -0.7698
vn -0.2625 -0.0491 -0.9637
vn -0.3586 0.0445 -0.9324
vn -0.2100 -0.0463 -0.9766
vn 0.0220 -0.1320 -0.9910
vn -0.0137 0.3246 -0.9458
vn 0.5995 -0.2661 -0.7549
vn 0.1150 0.1925 -0.9745
vn -0.2733 0.3285 -0.9041
vn -0.1560 0.2243 -0.9620
vn 0.2754 -0.3864 -0.8802
vn -0.0337 -0.7481 -0.6628
vn -0.1720 0.1931 -0.9660
vn 0.2303 -0.2000 -0.9523
vn -0.0191 -0.1573 -0.9874
vn -0.0964 -0.0519 -0.9940
vn -0.0808 -0.0757 -0.9939
vn -0.4240 -0.1431 -0.8943
vn 0.1456 0.3930 -0.9080
vn 0.2899 0.0437 -0.9561
vn 0.1706 0.0080 -0.9853
vn 0.2354 0.8182 -0.5245
vn -0.2715 -0.3694 -0.8887
vn -0.1889 0.1769 -0.9659
vn -0.1654 -0.4227 -0.8911
vn 0.0082 -0.0485 -0.9988
vn -0.2325 -0.0928 -0.9682
vn -0.1104 -0.0997 -0.9889
vn -0.2807 -0.1781 -0.9431
vn -0.7025 -0.0243 -0.7112
vn 0.2781 0.1170 -0.9534
vn 0.0916 0.3250 -0.9413
vn 0.3661 0.0247 -0.9302
vn 0.0609 0.2801 -0.9580
vn 0.0380 -0.0830 -0.9958
vn -0.2365 0.1442 -0.9609
vn -0.1384 -0.0303 -0.9899
vn -0.3628 -0.2708 -0.8916
vn -0.5909 -0.1482 -0.7930
vn -0.2935 -0.0562 -0.9543
vn -0.1169 0.5251 -0.8430
vn 0.1318 0.0412 -0.9904
vn 0.9922 0.1237 0.0134
vn 0.9776 0.0405 -0.2067
vn 0.7639 0.0642 -0.6422
vn 0.0746 0.0245 -0.9969
vn 0.2738 0.5578 -0.7835
vn -0.0275 -0.0176 -0.9995
vn 0.8233 -0.0307 -0.5668
vn 0.7695 0.0979 -0.6311
vn -0.0643 -0.0601 -0.9961
vn -0.2947 -0.3168 -0.9016
vn -0.0925 -0.2499 -0.9638
vn 0.1556 -0.0237 -0.9875
vn -0.0514 -0.0290 -0.9983
vn -0.0036 -0.3604 -0.9328
vn 0.1185 -0.0422 -0.9921
vn 0.1746 -0.0417 -0.9838
vn 0.0198 -0.5630 -0.8262
vn 0.0097 0.1802 -0.9836
vn -0.1003 0.0367 -0.9943
vn 0.0634 -0.0004 -0.9980
vn 0.2196 -0.2058 -0.9536
vn 0.3942 -0.1196 -0.9112
vn 0.6236 -0.1061 -0.7745
vn 0.0158 0.1005 -0.9948
vn 0.1267 -0.0072 -0.9919
vn 0.2243 0.2571 -0.9400
vn 0.9963 0.0838 0.0196
vn 0.9840 0.1547 0.0886
vn 0.9928 0.1163 0.0296
vn 0.2619 -0.3480 -0.9002
vn 0.1526 0.0985 -0.9834
vn 0.1571 -0.1829 -0.9705
vn 0.9931 0.1102 0.0394
vn 0.9928 0.1151 -0.0322
vn 0.9942 0.1048 -0.0237
vn 0.9815 0.1699 0.0884
vn 0.9889 0.1450 0.0331
vn 0.9760 0.2142 0.0390
vn 0.9904 0.1373 0.0125
vn 0.9838 0.1641 0.0727
vn 0.9831 0.1602 -0.0882
vn 0.9949 0.0997 0.0122
vn 0.9940 0.1088 0.0070
vn 0.9918 0.1138 0.0584
vn 0.9815 0.1879 0.0362
vn 0.9906 0.1294 0.0443
vn 0.1242 -0.0110 -0.9922
vn -0.0060 0.1892 -0.9819
vn 0.4613 -0.0930 -0.8823
vn -0.2309 0.0152 -0.9729
vn 0.0721 0.0407 -0.9966
vn 0.5991 -0.2671 -0.7548
vn 0.1366 -0.2549 -0.9573
vn 0.0011 0.2552 -0.9669
vn -0.0596 0.1462 -0.9875
vn 0.4658 0.0031 -0.8849
vn -0.0371 0.1643 -0.9857
vn -0.1147 -0.0311 -0.9929
vn -0.2276 -0.0217 -0.9735
vn 0.0541 0.0254 -0.9982
vn 0.4407 0.1459 -0.8857
vn 0.1825 0.2006 -0.9625
vn -0.0290 0.3558 -0.9341
vn -0.2679 -0.0890 -0.9593
vn 0.1441 -0.0870 -0.9857
vn 0.7979 0.1999 -0.5687
vn 0.9901 0.1187 -0.0746
vn 0.8791 0.1395 -0.4559
vn 0.1088 -0.2797 -0.9539
vn 0.2473 0.3654 -0.8974
vn 0.3896 -0.1411 -0.9101
vn 0.9842 0.1353 -0.1141
vn 0.9643 0.2633 -0.0275
vn 0.8999 0.2320 -0.3693
vn 0.9324 0.3571 0.0554
vn 0.9432 0.1718 -0.2843
vn 0.7214 0.3046 -0.6219
vn 0.9828 0.1844 -0.0072
vn 0.9315 0.3511 0.0954
vn 0.9279 0.3579 0.1050
vn 0.9865 0.1532 -0.0572
vn 0.9707 0.2367 -0.0423
vn 0.9700 0.2278 0.0844
vn 0.9680 0.2474 0.0416
vn 0.9586 0.2788 0.0587
vn 0.9320 0.3614 0.0287
vn 0.9251 0.3795 0.0125
vn 0.3673 -0.1345 -0.9203
vn -0.5583 0.3139 -0.7680
vn -0.2307 -0.3840 0.8941
vn -0.3923 -0.2961 0.8709
vn -0.3377 -0.5087 0.7919
vn -0.1968 -0.5540 0.8089
vn -0.5447 0.0456 0.8374
vn -0.0349 -0.5984 0.8004
vn 0.0288 -0.2242 0.9741
vn -0.2963 -0.7234 0.6237
vn 0.4434 -0.4481 0.7762
vn 0.1958 -0.1720 0.9654
vn 0.0774 -0.1043 0.9915
vn 0.2791 0.0774 0.9572
vn 0.0980 -0.0162 0.9951
vn -0.7378 -0.1871 0.6486
vn 0.1250 -0.0052 0.9921
vn 0.2647 0.0534 0.9628
vn 0.0125 0.0392 0.9992
vn -0.5133 0.0515 0.8567
vn -0.0799 0.0897 0.9928
vn 0.0030 0.1081 0.9941
vn 0.0120 0.0754 0.9971
vn -0.0698 0.0115 0.9975
vn -0.0054 0.0776 0.9970
vn -0.0385 0.0354 0.9986
vn 0.0625 0.0578 0.9964
vn -0.0419 -0.0035 0.9991
vn -0.1261 0.0824 0.9886
vn -0.1617 -0.0115 0.9868
vn -0.1573 0.0493 0.9863
vn -0.0431 0.0343 0.9985
vn 0.0201 0.0415 0.9989
vn 0.0089 0.0182 0.9998
vn 0.0148 0.0218 0.9997
vn 0.0072 -0.0659 0.9978
vn -0.0894 -0.0186 0.9958
vn 0.0075 -0.0217 0.9997
vn -0.0075 -0.0305 0.9995
vn 0.0070 -0.0306 0.9995
vn 0.0331 -0.0675 0.9972
vn 0.0446 -0.0597 0.9972
vn -0.0799 0.3947 0.9153
vn -0.1804 0.3409 0.9226
vn -0.0147 0.0333 0.9993
vn 0.0174 0.1059 0.9942
vn 0.5804 0.7968 0.1679
vn 0.7368 0.2049 0.6444
vn 0.6620 0.1068 0.7419
vn -0.0535 0.5683 0.8211
vn 0.7163 -0.6763 0.1719
vn -0.3757 -0.1894 0.9072
vn -0.2052 0.1706 0.9637
vn -0.0072 0.8626 0.5059
vn 0.2075 -0.1837 0.9608
vn -0.1484 -0.3849 0.9109
vn 0.2604 -0.5948 0.7605
vn -0.4794 -0.6089 0.6320
vn 0.1228 0.1023 0.9871
vn -0.7294 -0.1737 0.6616
vn -0.0615 0.2066 0.9765
vn -0.1046 0.2357 0.9662
vn 0.0170 0.0971 0.9951
vn -0.2557 0.1854 0.9488
vn 0.3347 0.1461 0.9309
vn -0.6821 0.6338 0.3649
vn -0.7063 -0.0131 0.7077
vn 0.5399 -0.3991 0.7411
vn -0.2777 -0.3439 0.8970
vn -0.0483 -0.0739 0.9961
vn 0.8475 0.0272 0.5301
vn -0.1924 -0.5133 0.8364
vn 0.1483 -0.8994 0.4113
vn -0.2495 -0.1187 0.9611
vn 0.0209 0.0186 0.9996
vn 0.0704 0.0501 0.9963
vn -0.0071 -0.0377 0.9993
vn -0.2572 0.0283 0.9659
vn -0.0015 -0.0779 0.9970
vn -0.6717 0.1269 0.7299
vn -0.3706 0.9288 0.0013
vn -0.2876 0.7209 0.6305
vn -0.0612 0.4781 0.8761
vn -0.3860 0.5862 0.7123
vn -0.0448 0.9046 0.4240
vn 0.0826 0.0256 0.9963
vn -0.0228 -0.0236 0.9995
vn -0.0075 -0.0296 0.9995
vn 0.0293 0.1260 0.9916
vn -0.2144 0.1823 0.9596
vn 0.0294 -0.1386 0.9899
vn -0.3258 0.0814 0.9419
vn 0.2175 -0.0616 0.9741
vn -0.0016 0.1464 0.9892
vn -0.1693 0.2466 0.9542
vn 0.0795 -0.1746 0.9814
vn -0.0562 0.2094 0.9762
vn 0.1146 0.0410 0.9926
vn 0.6561 -0.1480 0.7400
vn 0.2758 0.0075 0.9612
vn 0.1915 -0.2177 0.9570
vn -0.0053 -0.0307 0.9995
vn 0.0621 -0.0608 0.9962
vn 0.0502 0.0753 0.9959
vn 0.1030 0.0862 0.9909
vn 0.4685 -0.0321 0.8829
vn 0.1877 -0.0670 0.9799
vn 0.9272 0.0973 0.3617
vn 0.8915 -0.0325 0.4518
vn 0.4950 -0.1209 0.8604
vn -0.9426 0.2727 0.1928
vn -0.7527 -0.6574 0.0364
vn -0.6793 -0.1482 0.7188
vn 0.1404 -0.7006 0.6996
vn -0.1267 0.7189 0.6834
vn -0.2132 -0.9718 0.1010
vn -0.5545 -0.5842 0.5927
vn 0.0351 -0.1285 0.9911
vn 0.1166 0.0688 0.9908
vn 0.1082 0.1056 0.9885
vn -0.0271 0.2361 0.9713
vn 0.2014 0.1426 0.9691
vn 0.2255 -0.0375 0.9735
vn 0.3829 -0.0457 0.9227
vn 0.1193 -0.1488 0.9816
vn 0.9946 0.0981 -0.0334
vn 0.9405 0.1364 0.3111
vn 0.9907 0.1358 0.0073
vn 0.9800 0.1778 -0.0892
vn 0.9618 0.1601 -0.2222
vn 0.9894 0.1159 -0.0880
vn 0.8906 0.1677 0.4228
vn 0.9877 0.0658 0.1416
vn 0.7157 0.0607 0.6957
vn 0.6183 -0.0783 0.7821
vn 0.2287 0.5146 0.8264
vn 0.3419 -0.0258 0.9394
vn 0.2869 -0.1838 0.9402
vn 0.6489 -0.3057 0.6967
vn 0.0435 -0.1701 0.9845
vn 0.3952 0.1053 0.9126
vn 0.6321 0.1593 0.7584
vn -0.1306 -0.2636 0.9558
vn -0.1338 -0.3018 0.9439
vn -0.0109 -0.2166 0.9762
vn -0.0911 -0.2906 0.9525
vn 0.0077 -0.0509 0.9987
vn -0.1557 0.0254 0.9875
vn -0.2436 -0.2646 0.9331
vn 0.0425 -0.0136 0.9990
vn -0.3934 -0.0164 0.9192
vn -0.5785 -0.1073 0.8086
vn -0.4073 -0.2372 0.8819
vn 0.0897 -0.1582 0.9833
vn -0.1707 0.0885 0.9813
vn -0.3785 0.0954 0.9207
vn 0.0521 -0.0621 0.9967
vn 0.1525 0.0908 0.9841
vn -0.2532 -0.3666 0.8953
vn -0.1115 -0.0861 0.9900
vn 0.1083 0.1757 0.9785
vn -0.3707 0.3326 0.8671
vn 0.1187 -0.0970 0.9882
vn 0.0178 0.0665 0.9976
vn -0.0875 0.1219 0.9887
vn 0.0601 0.0756 0.9953
vn -0.2561 -0.0312 0.9661
vn -0.3905 -0.3895 0.8342
vn 0.0189 -0.0787 0.9967
vn 0.0939 0.1097 0.9895
vn -0.1587 0.1532 0.9754
vn -0.0100 0.1417 0.9899
vn -0.2538 -0.0806 0.9639
vn 0.9338 0.3553 0.0407
vn 0.9535 0.2944 0.0649
vn 0.9688 0.2468 0.0216
vn 0.9358 0.3511 0.0324
vn 0.9202 0.3914 -0.0075
vn 0.8385 0.5444 0.0222
vn 0.8482 0.5129 0.1324
vn 0.8662 0.4863 0.1148
vn 0.7925 0.6082 0.0454
vn 0.8940 0.4410 0.0794
vn 0.9308 0.3595 0.0659
vn 0.8656 0.5008 0.0013
vn 0.7124 0.7014 0.0221
vn 0.9486 0.3165 -0.0055
vn 0.9929 0.1078 0.0494
vn 0.9819 0.1890 -0.0090
vn 0.9851 0.1665 -0.0421
vn 0.9099 0.2875 0.2990
vn 0.9600 0.2736 0.0588
vn 0.2478 -0.0695 0.9663
vn 0.9332 0.3475 0.0920
vn 0.8799 0.4751 -0.0032
vn -0.2082 0.4146 0.8859
vn 0.0734 -0.5901 0.8040
vn 0.0787 -0.0527 0.9955
vn 0.4657 -0.0090 0.8849
vn 0.2256 0.7719 0.5944
vn 0.4067 0.6095 0.6805
vn 0.6516 -0.2799 0.7051
vn 0.7843 0.0809 0.6151
vn 0.8698 0.4768 -0.1271
vn -0.6233 0.0122 0.7819
vn 0.1952 0.1182 0.9736
vn 0.0993 0.1201 0.9878
vn 0.0645 0.0705 0.9954
vn -0.0763 0.1677 0.9829
vn 0.0915 0.1507 0.9843
vn -0.0497 0.1389 0.9891
vn 0.4230 0.6593 0.6215
vn 0.0049 0.1642 0.9864
vn 0.7671 0.2776 0.5783
vn 0.2948 0.7363 0.6091
vn 0.6789 0.5938 0.4319
vn 0.1324 0.1532 0.9793
vn 0.0472 0.1597 0.9860
vn 0.1958 0.7101 0.6764
vn 0.0240 0.6802 0.7326
vn 0.6034 0.0747 0.7939
vn -0.3017 0.5739 0.7613
vn -0.1169 0.1510 0.9816
vn -0.1488 -0.5913 0.7926
vn 0.7621 0.6204 0.1851
vn 0.8309 0.5559 -0.0238
vn 0.2254 0.1184 0.9670
vn -0.4841 -0.4057 0.7753
vn -0.6056 -0.5429 0.5818
vn 0.3865 0.3583 0.8499
vn -0.5214 -0.5797 0.6262
vn -0.1608 -0.0836 -0.9834
vn -0.0207 0.0508 -0.9985
vn 0.0670 0.1949 -0.9785
vn -0.0242 -0.0016 -0.9997
vn -0.1968 -0.3297 -0.9234
vn -0.2439 0.0525 -0.9684
vn 0.2106 0.2467 -0.9459
vn -0.4912 0.0519 0.8695
vn -0.0450 -0.0012 0.9990
vn -0.2182 0.1294 0.9673
vn 0.2490 0.3342 0.9090
vn -0.2109 0.6173 0.7580
vn -0.1843 0.1558 0.9705
vn 0.0079 -0.6458 -0.7635
vn 0.0046 -0.0171 -0.9998
vn 0.6760 -0.7309 -0.0941
vn 0.1284 0.1319 0.9829
vn -0.0770 0.0854 0.9934
vn 0.1937 -0.3327 0.9229
vn -0.0849 0.1682 0.9821
vn 0.9519 0.1077 0.2870
vn -0.0074 0.1385 -0.9903
vn 0.0254 0.1300 0.9912
vn -0.9315 -0.0012 0.3637
vn 0.4669 0.0955 0.8791
vn -0.1226 0.3420 0.9317
s 1
f 1/1/1 2/2/2 3/3/3
f 4/4/4 5/5/5 6/6/6
f 5/7/5 7/8/7 8/9/8
f 9/10/9 10/11/10 11/12/11
f 1/1/1 11/12/11 2/2/2
f 6/6/6 1/13/1 4/4/4
f 12/14/12 13/15/13 14/16/14
f 15/17/15 13/15/13 12/14/12
f 7/8/7 16/18/16 15/19/15
f 11/12/11 1/1/1 8/20/8
f 9/10/9 12/14/12 14/16/14
f 12/14/12 11/12/11 8/20/8
f 8/20/8 15/17/15 12/14/12
f 9/10/9 11/12/11 12/14/12
f 11/12/11 10/11/10 2/2/2
f 6/21/6 5/7/5 8/9/8
f 8/9/8 1/22/1 6/21/6
f 7/8/7 15/19/15 8/9/8
f 3/23/3 4/4/4 1/13/1
f 5/7/5 17/24/17 18/25/18
f 19/26/19 20/27/20 21/28/21
f 17/24/17 19/26/19 18/25/18
f 19/26/19 21/28/21 18/25/18
f 7/8/7 5/7/5 18/25/18
f 7/8/7 22/29/22 16/18/16
f 15/17/15 16/30/16 13/15/13
f 16/30/16 23/31/23 13/15/13
f 24/32/24 16/18/16 22/29/22
f 25/33/25 26/34/26 27/35/27
f 28/36/28 25/33/25 29/37/29
f 30/38/30 28/36/28 29/37/29
f 30/38/30 22/29/22 7/8/7
f 29/37/29 22/29/22 30/38/30
f 30/38/30 18/25/18 21/28/21
f 18/25/18 30/38/30 7/8/7
f 21/28/21 28/36/28 30/38/30
f 25/33/25 28/36/28 31/39/31
f 32/40/32 33/41/33 28/36/28
f 32/40/32 21/28/21 34/42/34
f 32/40/32 34/42/34 33/41/33
f 33/41/33 31/39/31 28/36/28
f 26/34/26 25/33/25 31/39/31
f 28/36/28 21/28/21 32/40/32
f 35/43/35 36/44/36 37/45/37
f 38/46/38 35/43/35 39/47/39
f 40/48/40 36/44/36 38/46/38
f 38/46/38 36/44/36 35/43/35
f 41/49/41 37/50/37 42/51/42
f 43/52/43 40/48/40 38/46/38
f 40/53/40 42/51/42 37/50/37
f 44/54/44 45/55/45 46/56/46
f 37/45/37 36/44/36 40/48/40
f 39/47/39 46/56/46 47/57/47
f 44/54/44 35/43/35 48/58/48
f 38/46/38 39/47/39 49/59/49
f 50/60/50 35/43/35 37/45/37
f 39/47/39 35/43/35 46/56/46
f 49/59/49 39/47/39 51/61/51
f 51/61/51 39/47/39 47/57/47
f 37/45/37 41/62/41 50/60/50
f 38/46/38 49/59/49 23/31/23
f 44/54/44 46/56/46 35/43/35
f 42/51/42 40/53/40 52/63/52
f 52/63/52 53/64/53 42/51/42
f 53/64/53 52/63/52 29/37/29
f 51/61/51 54/65/54 55/66/55
f 47/57/47 56/67/56 54/65/54
f 56/67/56 57/68/57 54/65/54
f 55/66/55 54/65/54 58/69/58
f 51/61/51 55/66/55 49/59/49
f 47/57/47 54/65/54 51/61/51
f 46/56/46 59/70/59 47/57/47
f 60/71/60 48/58/48 50/60/50
f 45/55/45 48/58/48 61/72/61
f 62/73/62 63/74/63 64/75/64
f 65/76/65 45/55/45 61/72/61
f 46/56/46 45/55/45 59/70/59
f 62/73/62 64/75/64 66/77/66
f 66/77/66 47/57/47 59/70/59
f 66/77/66 56/67/56 47/57/47
f 67/78/67 64/75/64 63/74/63
f 62/73/62 68/79/68 63/74/63
f 69/80/69 64/75/64 70/81/70
f 56/67/56 66/77/66 69/80/69
f 59/70/59 65/76/65 66/77/66
f 69/80/69 66/77/66 64/75/64
f 66/77/66 65/76/65 71/82/71
f 45/55/45 65/76/65 59/70/59
f 48/58/48 45/55/45 44/54/44
f 50/60/50 48/58/48 35/43/35
f 72/83/72 73/84/73 63/74/63
f 74/85/74 75/86/75 76/87/76
f 77/88/77 78/89/78 79/90/79
f 80/91/80 76/87/76 81/92/81
f 78/89/78 77/88/77 82/93/82
f 41/49/41 83/94/83 84/95/84
f 85/96/85 86/97/86 79/90/79
f 83/94/83 87/98/87 84/95/84
f 88/99/88 79/90/79 86/97/86
f 81/92/81 87/98/87 83/94/83
f 80/91/80 89/100/89 74/85/74
f 81/101/81 76/102/76 82/93/82
f 90/103/90 79/90/79 88/99/88
f 78/89/78 91/104/91 79/90/79
f 84/105/84 87/106/87 82/93/82
f 60/71/60 82/93/82 77/88/77
f 82/93/82 60/71/60 84/105/84
f 79/90/79 90/103/90 77/88/77
f 81/101/81 82/93/82 87/106/87
f 80/91/80 74/85/74 76/87/76
f 76/102/76 75/107/75 78/89/78
f 92/108/92 74/85/74 93/109/93
f 74/85/74 89/100/89 93/109/93
f 92/110/92 91/104/91 75/107/75
f 79/90/79 91/104/91 94/111/94
f 78/89/78 75/107/75 91/104/91
f 74/85/74 92/108/92 75/86/75
f 82/93/82 76/102/76 78/89/78
f 81/92/81 83/94/83 95/112/95
f 96/113/96 88/99/88 97/114/97
f 96/113/96 97/114/97 98/115/98
f 71/82/71 90/103/90 88/99/88
f 96/113/96 98/115/98 68/79/68
f 71/82/71 88/99/88 96/113/96
f 99/116/99 72/83/72 98/115/98
f 72/83/72 100/117/100 73/84/73
f 83/94/83 41/49/41 95/112/95
f 68/79/68 98/115/98 72/83/72
f 97/114/97 88/99/88 86/97/86
f 101/118/101 102/119/102 103/120/103
f 102/119/102 104/121/104 103/120/103
f 102/119/102 101/118/101 105/122/105
f 101/118/101 103/120/103 27/35/27
f 103/120/103 53/64/53 27/35/27
f 103/120/103 106/123/106 107/124/107
f 107/124/107 53/64/53 103/120/103
f 101/118/101 108/125/108 105/122/105
f 108/125/108 26/34/26 109/126/109
f 26/34/26 108/125/108 101/118/101
f 105/122/105 110/127/110 111/128/111
f 80/91/80 104/121/104 89/100/89
f 104/121/104 80/91/80 106/123/106
f 112/129/112 113/130/113 114/131/114
f 113/130/113 115/132/115 116/133/116
f 104/121/104 117/134/117 112/129/112
f 104/121/104 112/129/112 89/100/89
f 115/132/115 113/130/113 112/129/112
f 118/135/118 119/136/119 116/133/116
f 120/137/120 117/134/117 102/119/102
f 113/130/113 116/133/116 121/138/121
f 122/139/122 116/133/116 119/136/119
f 121/138/121 114/131/114 113/130/113
f 112/129/112 117/134/117 115/132/115
f 119/136/119 123/140/123 124/141/124
f 118/135/118 123/140/123 119/136/119
f 119/136/119 124/141/124 125/142/125
f 111/128/111 123/140/123 120/137/120
f 102/119/102 117/134/117 104/121/104
f 115/132/115 118/135/118 116/133/116
f 118/135/118 120/137/120 123/140/123
f 118/135/118 115/132/115 120/137/120
f 102/119/102 105/122/105 120/137/120
f 115/132/115 117/134/117 120/137/120
f 89/100/89 112/129/112 114/131/114
f 126/143/126 127/144/127 128/145/128
f 111/128/111 124/141/124 123/140/123
f 124/141/124 129/146/129 127/144/127
f 129/146/129 128/145/128 127/144/127
f 124/141/124 111/128/111 129/146/129
f 111/128/111 120/137/120 105/122/105
f 101/118/101 27/35/27 26/34/26
f 104/121/104 106/123/106 103/120/103
f 130/147/130 131/148/131 132/149/132
f 133/150/133 134/151/134 135/152/135
f 132/149/132 136/153/136 137/154/137
f 135/152/135 138/155/138 139/156/139
f 140/157/140 141/158/141 142/159/142
f 133/150/133 135/152/135 142/159/142
f 138/155/138 10/11/10 143/160/143
f 142/159/142 139/156/139 144/161/144
f 138/155/138 143/160/143 139/156/139
f 134/162/134 131/148/131 4/4/4
f 145/163/145 141/158/141 146/164/146
f 141/158/141 145/163/145 147/165/147
f 141/158/141 147/165/147 142/159/142
f 148/166/148 141/158/141 140/157/140
f 149/167/149 150/168/150 143/160/143
f 142/159/142 147/165/147 133/150/133
f 145/163/145 133/150/133 147/165/147
f 135/152/135 139/156/139 142/159/142
f 151/169/151 137/154/137 145/170/145
f 134/162/134 133/171/133 136/153/136
f 136/153/136 145/170/145 137/154/137
f 132/149/132 131/148/131 136/153/136
f 134/162/134 136/153/136 131/148/131
f 145/170/145 136/153/136 133/171/133
f 3/3/3 135/152/135 134/151/134
f 3/23/3 134/162/134 4/4/4
f 131/148/131 130/147/130 4/4/4
f 152/172/152 19/173/19 17/174/17
f 130/147/130 152/172/152 4/4/4
f 153/175/153 130/147/130 132/149/132
f 130/147/130 154/176/154 152/172/152
f 154/176/154 155/177/155 152/172/152
f 155/177/155 19/173/19 152/172/152
f 137/154/137 153/175/153 132/149/132
f 142/159/142 156/178/156 140/157/140
f 144/161/144 156/178/156 142/159/142
f 143/160/143 150/168/150 157/179/157
f 157/179/157 158/180/158 143/160/143
f 144/161/144 158/180/158 156/178/156
f 157/179/157 159/181/159 158/180/158
f 144/161/144 143/160/143 158/180/158
f 143/160/143 144/161/144 139/156/139
f 160/182/160 161/183/161 162/184/162
f 163/185/163 162/184/162 161/183/161
f 164/186/164 165/187/165 166/188/166
f 166/188/166 167/189/167 168/190/168
f 169/191/169 164/186/164 170/192/170
f 169/191/169 170/192/170 171/193/171
f 168/190/168 172/194/172 164/186/164
f 172/194/172 170/192/170 164/186/164
f 172/194/172 168/190/168 173/195/173
f 169/191/169 174/196/174 175/197/175
f 175/197/175 176/198/176 169/191/169
f 170/192/170 172/194/172 173/195/173
f 162/184/162 151/169/151 175/199/175
f 173/195/173 174/196/174 170/192/170
f 176/198/176 164/186/164 169/191/169
f 177/200/177 173/195/173 168/190/168
f 178/201/178 174/196/174 173/195/173
f 178/201/178 173/195/173 177/200/177
f 168/190/168 164/186/164 166/188/166
f 176/198/176 165/187/165 164/186/164
f 179/202/179 178/203/178 180/204/180
f 137/154/137 162/184/162 163/185/163
f 171/193/171 174/196/174 169/191/169
f 170/192/170 174/196/174 171/193/171
f 178/203/178 179/202/179 161/183/161
f 160/205/160 174/196/174 178/201/178
f 174/196/174 160/205/160 175/197/175
f 175/199/175 160/182/160 162/184/162
f 178/203/178 161/183/161 160/182/160
f 181/206/181 182/207/182 183/208/183
f 183/208/183 166/188/166 181/206/181
f 184/209/184 181/206/181 185/210/185
f 181/206/181 166/188/166 186/211/186
f 183/208/183 167/189/167 166/188/166
f 187/212/187 153/175/153 137/154/137
f 163/185/163 187/212/187 137/154/137
f 188/213/188 165/187/165 176/198/176
f 185/210/185 186/211/186 189/214/189
f 190/215/190 191/216/191 192/217/192
f 193/218/193 192/217/192 191/216/191
f 186/211/186 165/187/165 189/214/189
f 191/216/191 194/219/194 193/218/193
f 189/214/189 188/213/188 194/219/194
f 185/210/185 189/214/189 191/216/191
f 191/216/191 189/214/189 194/219/194
f 185/210/185 181/206/181 186/211/186
f 165/187/165 188/213/188 189/214/189
f 190/215/190 185/210/185 191/216/191
f 195/220/195 185/210/185 190/215/190
f 190/215/190 192/217/192 195/220/195
f 151/221/151 176/198/176 175/197/175
f 165/187/165 186/211/186 166/188/166
f 196/222/196 197/223/197 198/224/198
f 199/225/199 200/226/200 201/227/201
f 202/228/202 203/229/203 204/230/204
f 205/231/205 206/232/206 198/224/198
f 207/233/207 198/224/198 208/234/208
f 209/235/209 207/233/207 208/234/208
f 210/236/210 211/237/211 212/238/212
f 196/222/196 198/224/198 213/239/213
f 213/239/213 206/232/206 202/228/202
f 198/224/198 206/232/206 213/239/213
f 213/239/213 204/230/204 196/222/196
f 204/230/204 213/239/213 202/228/202
f 210/236/210 196/222/196 211/237/211
f 201/227/201 212/238/212 211/237/211
f 210/236/210 200/226/200 197/223/197
f 197/223/197 200/226/200 214/240/214
f 198/224/198 197/223/197 215/241/215
f 196/222/196 210/236/210 197/223/197
f 201/227/201 200/226/200 212/238/212
f 214/240/214 200/226/200 199/225/199
f 200/226/200 210/236/210 212/238/212
f 215/241/215 197/223/197 214/240/214
f 208/234/208 198/224/198 215/241/215
f 198/224/198 207/233/207 205/231/205
f 216/242/216 217/243/217 218/244/218
f 219/245/219 220/246/220 221/247/221
f 205/231/205 218/244/218 217/243/217
f 207/233/207 219/245/219 218/244/218
f 207/233/207 218/244/218 205/231/205
f 207/233/207 209/235/209 219/245/219
f 221/247/221 218/244/218 219/245/219
f 208/234/208 215/241/215 222/248/222
f 223/249/223 224/250/224 73/84/73
f 223/249/223 225/251/225 226/252/226
f 223/249/223 227/253/227 228/254/228
f 222/248/222 229/255/229 230/256/230
f 231/257/231 232/258/232 233/259/233
f 227/253/227 229/255/229 228/254/228
f 234/260/234 235/261/235 236/262/236
f 235/261/235 234/260/234 209/235/209
f 227/253/227 235/261/235 230/256/230
f 237/263/237 224/250/224 238/264/238
f 224/250/224 228/254/228 238/264/238
f 229/255/229 222/248/222 199/225/199
f 228/254/228 239/265/239 238/264/238
f 238/264/238 239/265/239 240/266/240
f 231/257/231 240/266/240 239/265/239
f 201/227/201 231/257/231 199/225/199
f 214/240/214 222/248/222 215/241/215
f 237/263/237 238/264/238 240/266/240
f 231/257/231 201/227/201 232/258/232
f 239/265/239 199/225/199 231/257/231
f 222/248/222 209/235/209 208/234/208
f 222/248/222 235/261/235 209/235/209
f 227/253/227 230/256/230 229/255/229
f 223/249/223 226/252/226 241/267/241
f 235/261/235 242/268/242 230/256/230
f 229/255/229 199/225/199 239/265/239
f 199/225/199 222/248/222 214/240/214
f 223/249/223 241/267/241 227/253/227
f 239/265/239 228/254/228 229/255/229
f 227/253/227 236/262/236 235/261/235
f 230/256/230 242/268/242 222/248/222
f 222/248/222 242/268/242 235/261/235
f 223/249/223 228/254/228 224/250/224
f 243/269/243 244/270/244 245/271/245
f 246/272/246 159/181/159 247/273/247
f 248/274/248 249/275/249 250/276/250
f 251/277/251 58/69/58 252/278/252
f 253/279/253 254/280/254 243/269/243
f 149/167/149 255/281/255 256/282/256
f 255/281/255 249/275/249 256/282/256
f 257/283/257 258/284/258 259/285/259
f 260/286/260 251/277/251 243/269/243
f 243/269/243 245/271/245 253/279/253
f 254/280/254 257/283/257 261/287/261
f 261/287/261 243/269/243 254/280/254
f 248/274/248 251/277/251 260/286/260
f 260/286/260 246/272/246 248/274/248
f 248/274/248 250/276/250 251/277/251
f 243/269/243 261/287/261 260/286/260
f 246/272/246 261/287/261 257/283/257
f 246/272/246 260/286/260 261/287/261
f 247/273/247 248/274/248 246/272/246
f 159/181/159 246/272/246 257/283/257
f 247/273/247 249/275/249 248/274/248
f 249/275/249 247/273/247 256/282/256
f 157/179/157 247/273/247 159/181/159
f 256/282/256 247/273/247 157/179/157
f 58/69/58 251/277/251 250/276/250
f 252/278/252 243/269/243 251/277/251
f 159/181/159 257/283/257 259/285/259
f 243/269/243 252/278/252 244/270/244
f 254/280/254 258/284/258 257/283/257
f 262/288/262 263/289/263 264/290/264
f 265/291/265 266/292/266 253/279/253
f 262/288/262 264/290/264 267/293/267
f 263/289/263 258/284/258 266/292/266
f 259/285/259 258/284/258 263/289/263
f 268/294/268 269/295/269 266/292/266
f 253/279/253 266/292/266 258/284/258
f 263/289/263 192/217/192 259/285/259
f 253/279/253 245/271/245 265/291/265
f 264/290/264 263/289/263 270/296/270
f 264/290/264 270/296/270 271/297/271
f 204/230/204 271/297/271 269/295/269
f 266/292/266 269/295/269 270/296/270
f 266/292/266 265/291/265 268/294/268
f 270/296/270 269/295/269 271/297/271
f 270/296/270 263/289/263 266/292/266
f 244/270/244 272/298/272 273/299/273
f 244/270/244 273/299/273 274/300/274
f 252/278/252 272/298/272 244/270/244
f 272/298/272 275/301/275 273/299/273
f 275/301/275 276/302/276 273/299/273
f 245/271/245 244/270/244 274/300/274
f 274/300/274 265/291/265 245/271/245
f 57/68/57 276/302/276 275/301/275
f 275/301/275 272/298/272 252/278/252
f 233/259/233 274/300/274 277/303/277
f 277/303/277 274/300/274 273/299/273
f 273/299/273 276/302/276 70/81/70
f 277/303/277 273/299/273 70/81/70
f 252/278/252 58/69/58 275/301/275
f 254/280/254 253/279/253 258/284/258
f 274/300/274 233/259/233 265/291/265
f 278/304/278 279/305/279 280/306/280
f 281/307/281 282/308/282 283/309/283
f 284/310/284 281/307/281 285/311/285
f 286/312/286 284/310/284 285/311/285
f 287/313/287 288/314/288 283/309/283
f 289/315/289 284/310/284 286/312/286
f 279/305/279 278/304/278 282/316/282
f 288/314/288 285/311/285 281/307/281
f 287/317/287 283/318/283 290/319/290
f 291/320/291 290/319/290 280/306/280
f 285/311/285 288/314/288 292/321/292
f 280/306/280 290/319/290 278/304/278
f 290/319/290 283/318/283 278/304/278
f 283/318/283 282/316/282 278/304/278
f 289/315/289 282/308/282 281/307/281
f 279/305/279 293/322/293 93/109/93
f 279/305/279 294/323/294 293/322/293
f 294/323/294 279/305/279 282/316/282
f 295/324/295 291/320/291 280/306/280
f 280/306/280 121/138/121 295/324/295
f 279/305/279 121/138/121 280/306/280
f 295/324/295 121/138/121 122/139/122
f 296/325/296 85/96/85 294/326/294
f 284/310/284 289/315/289 281/307/281
f 296/325/296 289/315/289 286/312/286
f 294/326/294 282/308/282 289/315/289
f 294/326/294 289/315/289 296/325/296
f 291/320/291 297/327/297 290/319/290
f 297/327/297 287/317/287 290/319/290
f 85/96/85 94/111/94 294/326/294
f 298/328/298 295/324/295 299/329/299
f 295/324/295 122/139/122 299/329/299
f 122/139/122 300/330/300 299/329/299
f 122/139/122 119/136/119 300/330/300
f 300/330/300 125/142/125 301/331/301
f 302/332/302 301/331/301 303/333/303
f 304/334/304 291/320/291 298/328/298
f 305/335/305 298/328/298 299/329/299
f 306/336/306 307/337/307 308/338/308
f 309/339/309 298/328/298 305/335/305
f 306/336/306 310/340/310 307/337/307
f 311/341/311 312/342/312 302/332/302
f 310/340/310 313/343/313 312/342/312
f 313/343/313 306/336/306 314/344/314
f 299/329/299 315/345/315 305/335/305
f 315/345/315 299/329/299 300/330/300
f 306/336/306 313/343/313 310/340/310
f 309/339/309 314/344/314 316/346/316
f 315/345/315 312/342/312 313/343/313
f 305/335/305 315/345/315 313/343/313
f 315/345/315 302/332/302 312/342/312
f 314/344/314 309/339/309 313/343/313
f 309/339/309 304/334/304 298/328/298
f 313/343/313 309/339/309 305/335/305
f 304/334/304 309/339/309 316/346/316
f 315/345/315 300/330/300 302/332/302
f 310/340/310 312/342/312 311/341/311
f 317/347/317 318/348/318 319/349/319
f 320/350/320 319/349/319 318/348/318
f 318/348/318 303/333/303 320/350/320
f 303/333/303 126/143/126 320/350/320
f 311/341/311 321/351/321 307/337/307
f 311/341/311 317/347/317 321/351/321
f 311/341/311 318/348/318 317/347/317
f 302/332/302 303/333/303 318/348/318
f 322/352/322 307/337/307 323/353/323
f 307/337/307 321/351/321 323/353/323
f 311/341/311 302/332/302 318/348/318
f 308/338/308 322/352/322 324/354/324
f 324/354/324 322/352/322 325/355/325
f 326/356/326 308/338/308 324/354/324
f 322/352/322 323/353/323 327/357/327
f 308/338/308 307/337/307 322/352/322
f 325/355/325 322/352/322 327/357/327
f 302/332/302 300/330/300 301/331/301
f 310/340/310 311/341/311 307/337/307
f 328/358/328 329/359/329 330/360/330
f 331/361/331 332/362/332 333/363/333
f 334/364/334 330/360/330 335/365/335
f 336/366/336 337/367/337 338/368/338
f 100/117/100 339/369/339 335/365/335
f 335/365/335 340/370/340 341/371/341
f 342/372/342 337/367/337 336/366/336
f 343/373/343 344/374/344 337/367/337
f 345/375/345 343/373/343 342/372/342
f 339/369/339 334/364/334 335/365/335
f 330/360/330 340/370/340 335/365/335
f 346/376/346 347/377/347 348/378/348
f 329/359/329 349/379/349 340/370/340
f 349/379/349 346/376/346 341/371/341
f 336/366/336 338/368/338 329/359/329
f 241/267/241 346/376/346 348/378/348
f 350/380/350 234/260/234 351/381/351
f 352/382/352 353/383/353 354/384/354
f 344/374/344 347/377/347 337/367/337
f 337/367/337 342/372/342 343/373/343
f 344/374/344 352/382/352 348/378/348
f 355/385/355 352/382/352 356/386/356
f 353/383/353 344/374/344 345/375/345
f 99/116/99 339/369/339 100/117/100
f 349/379/349 329/359/329 338/368/338
f 340/370/340 330/360/330 329/359/329
f 349/379/349 338/368/338 337/367/337
f 357/387/357 330/360/330 333/363/333
f 340/370/340 349/379/349 341/371/341
f 99/116/99 331/361/331 334/364/334
f 331/361/331 333/363/333 334/364/334
f 335/365/335 341/371/341 100/117/100
f 330/360/330 334/364/334 333/363/333
f 234/260/234 350/380/350 358/388/358
f 347/377/347 344/374/344 348/378/348
f 346/376/346 349/379/349 347/377/347
f 339/369/339 99/116/99 334/364/334
f 331/361/331 99/116/99 359/389/359
f 223/249/223 360/390/360 225/251/225
f 352/382/352 355/385/355 348/378/348
f 355/385/355 356/386/356 351/381/351
f 351/381/351 356/386/356 361/391/361
f 352/382/352 344/374/344 353/383/353
f 356/386/356 352/382/352 362/392/362
f 349/379/349 337/367/337 347/377/347
f 341/371/341 346/376/346 225/251/225
f 345/375/345 344/374/344 343/373/343
f 363/393/363 364/394/364 365/395/365
f 361/391/361 366/396/366 367/397/367
f 368/398/368 350/380/350 351/381/351
f 361/391/361 367/397/367 369/399/369
f 369/399/369 351/381/351 361/391/361
f 368/398/368 351/381/351 369/399/369
f 368/398/368 369/399/369 370/400/370
f 366/396/366 356/386/356 362/392/362
f 364/394/364 366/396/366 362/392/362
f 365/395/365 362/392/362 354/384/354
f 364/394/364 362/392/362 365/395/365
f 366/396/366 364/394/364 367/397/367
f 371/401/371 345/375/345 342/372/342
f 371/401/371 365/395/365 345/375/345
f 372/402/372 365/395/365 373/403/373
f 366/396/366 361/391/361 356/386/356
f 354/384/354 362/392/362 352/382/352
f 353/383/353 365/395/365 354/384/354
f 345/375/345 365/395/365 353/383/353
f 374/404/374 375/405/375 336/366/336
f 376/406/376 374/404/374 377/407/377
f 328/358/328 378/408/378 377/407/377
f 374/404/374 336/366/336 377/407/377
f 375/405/375 342/372/342 336/366/336
f 379/409/379 380/410/380 381/411/381
f 380/410/380 382/412/382 383/413/383
f 382/412/382 384/414/384 383/413/383
f 376/406/376 385/415/385 386/416/386
f 385/415/385 378/408/378 387/417/387
f 378/408/378 388/418/388 387/417/387
f 376/406/376 377/407/377 385/415/385
f 387/417/387 388/418/388 389/419/389
f 357/387/357 390/420/390 388/418/388
f 391/421/391 392/422/392 393/423/393
f 394/424/394 391/421/391 393/423/393
f 385/415/385 394/424/394 393/423/393
f 391/425/391 395/426/395 396/427/396
f 395/426/395 397/428/397 396/427/396
f 387/417/387 389/419/389 398/429/398
f 378/408/378 385/415/385 377/407/377
f 385/415/385 393/423/393 386/416/386
f 388/418/388 390/420/390 389/419/389
f 398/429/398 389/419/389 390/420/390
f 392/430/392 391/425/391 382/412/382
f 382/412/382 380/410/380 392/430/392
f 382/412/382 391/425/391 396/427/396
f 399/431/399 400/432/400 401/433/401
f 387/417/387 394/424/394 385/415/385
f 384/414/384 397/428/397 402/434/402
f 397/435/397 403/436/403 402/437/402
f 403/436/403 390/420/390 404/438/404
f 396/427/396 384/414/384 382/412/382
f 397/428/397 384/414/384 396/427/396
f 380/410/380 383/413/383 381/411/381
f 405/439/405 381/411/381 383/413/383
f 406/440/406 386/416/386 407/441/407
f 386/416/386 406/440/406 376/406/376
f 371/401/371 374/404/374 408/442/408
f 406/440/406 374/404/374 376/406/376
f 374/404/374 406/440/406 409/443/409
f 374/404/374 409/443/409 410/444/410
f 375/405/375 374/404/374 371/401/371
f 410/444/410 408/442/408 374/404/374
f 393/423/393 411/445/411 407/441/407
f 411/445/411 393/423/393 392/422/392
f 411/446/411 392/430/392 380/410/380
f 412/447/412 381/411/381 405/439/405
f 388/418/388 378/408/378 328/358/328
f 375/405/375 371/401/371 342/372/342
f 413/448/413 414/449/414 415/450/415
f 416/451/416 417/452/417 418/453/418
f 416/451/416 419/454/419 420/455/420
f 421/456/421 422/457/422 419/454/419
f 419/454/419 423/458/423 421/456/421
f 364/394/364 418/453/418 367/397/367
f 424/459/424 417/452/417 413/448/413
f 423/458/423 419/454/419 425/460/425
f 426/461/426 420/455/420 427/462/427
f 428/463/428 363/393/363 429/464/429
f 425/460/425 419/454/419 416/451/416
f 414/449/414 426/461/426 430/465/430
f 364/394/364 428/463/428 418/453/418
f 372/402/372 431/466/431 363/393/363
f 414/449/414 413/448/413 426/461/426
f 432/467/432 414/449/414 430/465/430
f 415/450/415 414/449/414 433/468/433
f 429/464/429 431/466/431 425/460/425
f 422/457/422 421/456/421 434/469/434
f 422/457/422 427/462/427 420/455/420
f 431/466/431 429/464/429 363/393/363
f 416/451/416 428/463/428 425/460/425
f 422/457/422 420/455/420 419/454/419
f 429/464/429 425/460/425 428/463/428
f 426/461/426 416/451/416 420/455/420
f 428/463/428 416/451/416 418/453/418
f 427/462/427 430/465/430 426/461/426
f 435/470/435 436/471/436 437/472/437
f 438/473/438 439/474/439 440/475/440
f 441/476/441 442/477/442 443/478/443
f 421/456/421 444/479/444 434/469/434
f 441/476/441 425/460/425 431/466/431
f 444/479/444 421/456/421 423/458/423
f 408/442/408 445/480/445 439/474/439
f 446/481/446 440/475/440 445/480/445
f 447/482/447 444/479/444 423/458/423
f 444/479/444 447/482/447 437/472/437
f 448/483/448 435/470/435 440/475/440
f 437/472/437 447/482/447 435/470/435
f 440/475/440 439/474/439 445/480/445
f 449/484/449 442/477/442 450/485/450
f 449/484/449 450/485/450 438/473/438
f 431/466/431 442/477/442 441/476/441
f 449/484/449 443/478/443 442/477/442
f 443/478/443 449/484/449 441/476/441
f 449/484/449 423/458/423 441/476/441
f 423/458/423 425/460/425 441/476/441
f 447/482/447 438/473/438 440/475/440
f 447/482/447 449/484/449 438/473/438
f 450/485/450 439/474/439 438/473/438
f 423/458/423 449/484/449 447/482/447
f 447/482/447 440/475/440 435/470/435
f 451/486/451 434/469/434 444/479/444
f 437/472/437 451/486/451 444/479/444
f 408/442/408 439/474/439 450/485/450
f 452/487/452 453/488/453 454/489/454
f 455/490/455 456/491/456 453/488/453
f 436/471/436 457/492/457 458/493/458
f 459/494/459 460/495/460 458/493/458
f 461/496/461 462/497/462 463/498/463
f 464/499/464 462/497/462 461/496/461
f 462/497/462 464/499/464 465/500/465
f 466/501/466 462/497/462 465/500/465
f 467/502/467 468/503/468 469/504/469
f 459/494/459 463/498/463 462/497/462
f 452/487/452 459/494/459 462/497/462
f 453/488/453 466/501/466 470/505/470
f 471/506/471 470/505/470 466/501/466
f 466/501/466 465/500/465 471/506/471
f 453/488/453 470/505/470 455/490/455
f 452/487/452 462/497/462 453/488/453
f 453/488/453 462/497/462 466/501/466
f 472/507/472 473/508/473 474/509/474
f 475/510/475 476/511/476 477/512/477
f 467/502/467 461/496/461 478/513/478
f 458/493/458 457/492/457 463/498/463
f 479/514/479 475/515/475 480/516/480
f 463/498/463 473/508/473 472/507/472
f 463/498/463 457/492/457 473/508/473
f 481/517/481 482/518/482 475/510/475
f 483/519/483 478/513/478 474/509/474
f 468/503/468 477/512/477 469/504/469
f 475/515/475 482/520/482 480/516/480
f 467/502/467 483/519/483 468/503/468
f 477/512/477 481/517/481 475/510/475
f 461/496/461 463/498/463 478/513/478
f 478/513/478 472/507/472 474/509/474
f 467/502/467 478/513/478 483/519/483
f 472/507/472 478/513/478 463/498/463
f 458/493/458 463/498/463 459/494/459
f 436/471/436 473/508/473 457/492/457
f 474/509/474 484/521/484 483/519/483
f 482/520/482 485/522/485 480/516/480
f 474/509/474 481/517/481 484/521/484
f 479/514/479 480/516/480 486/523/486
f 474/509/474 482/518/482 481/517/481
f 476/524/476 475/515/475 479/514/479
f 468/503/468 483/519/483 477/512/477
f 484/521/484 477/512/477 483/519/483
f 484/521/484 481/517/481 477/512/477
f 486/523/486 487/525/487 488/526/488
f 459/494/459 452/487/452 460/495/460
f 489/527/489 490/528/490 400/432/400
f 491/529/491 492/530/492 493/531/493
f 409/443/409 407/441/407 494/532/494
f 400/432/400 495/533/495 489/527/489
f 491/529/491 496/534/496 492/530/492
f 409/443/409 494/532/494 493/531/493
f 446/481/446 492/530/492 496/534/496
f 496/534/496 497/535/497 446/481/446
f 497/535/497 489/527/489 448/483/448
f 498/536/498 489/527/489 497/535/497
f 499/537/499 491/529/491 493/531/493
f 500/538/500 501/539/501 502/540/502
f 503/541/503 504/542/504 501/539/501
f 504/542/504 503/541/503 505/543/505
f 401/544/401 500/538/500 399/545/399
f 506/546/506 503/541/503 501/539/501
f 507/547/507 505/543/505 503/541/503
f 506/548/506 490/528/490 498/536/498
f 507/549/507 494/532/494 508/550/508
f 494/532/494 507/549/507 499/537/499
f 503/551/503 506/548/506 496/534/496
f 498/536/498 497/535/497 506/548/506
f 490/528/490 509/552/509 510/553/510
f 507/547/507 508/554/508 505/543/505
f 401/544/401 506/546/506 501/539/501
f 511/555/511 495/533/495 512/556/512
f 511/557/511 512/558/512 399/545/399
f 399/431/399 512/556/512 400/432/400
f 510/553/510 509/552/509 401/433/401
f 496/534/496 506/548/506 497/535/497
f 499/537/499 507/549/507 503/551/503
f 401/544/401 501/539/501 500/538/500
f 500/538/500 511/557/511 399/545/399
f 508/550/508 494/532/494 407/441/407
f 491/529/491 499/537/499 496/534/496
f 496/534/496 499/537/499 503/551/503
f 501/539/501 513/559/513 502/540/502
f 501/539/501 504/542/504 513/559/513
f 514/560/514 513/559/513 504/542/504
f 500/538/500 502/540/502 515/561/515
f 514/560/514 504/542/504 516/562/516
f 505/543/505 516/562/516 504/542/504
f 516/562/516 505/543/505 379/409/379
f 379/409/379 412/447/412 516/562/516
f 517/563/517 515/561/515 518/564/518
f 519/565/519 520/566/520 518/564/518
f 495/533/495 511/555/511 521/567/521
f 473/508/473 495/533/495 521/567/521
f 517/563/517 521/568/521 511/557/511
f 473/508/473 521/567/521 520/569/520
f 521/568/521 518/564/518 520/566/520
f 518/564/518 521/568/521 517/563/517
f 500/538/500 517/563/517 511/557/511
f 518/564/518 515/561/515 522/570/522
f 500/538/500 515/561/515 517/563/517
f 498/536/498 490/528/490 489/527/489
f 494/532/494 499/537/499 493/531/493
f 490/528/490 510/553/510 400/432/400
f 512/556/512 495/533/495 400/432/400
f 412/447/412 523/571/523 524/572/524
f 525/573/525 526/574/526 527/575/527
f 528/576/528 529/577/529 530/578/530
f 529/577/529 531/579/531 530/578/530
f 525/573/525 532/580/532 533/581/533
f 534/582/534 535/583/535 536/584/536
f 537/585/537 535/583/535 527/575/527
f 529/577/529 535/583/535 534/582/534
f 534/582/534 531/579/531 529/577/529
f 527/575/527 535/583/535 529/577/529
f 529/577/529 528/576/528 532/580/532
f 529/577/529 525/573/525 527/575/527
f 526/574/526 524/572/524 527/575/527
f 514/560/514 524/572/524 526/574/526
f 529/577/529 532/580/532 525/573/525
f 527/575/527 524/572/524 537/585/537
f 524/572/524 523/571/523 537/585/537
f 523/571/523 324/354/324 537/585/537
f 535/583/535 537/585/537 536/584/536
f 536/584/536 537/585/537 538/586/538
f 325/355/325 538/586/538 537/585/537
f 537/585/537 324/354/324 325/355/325
f 532/580/532 539/587/539 533/581/533
f 539/587/539 540/588/540 541/589/541
f 541/589/541 540/588/540 542/590/542
f 540/588/540 539/587/539 532/580/532
f 540/588/540 532/580/532 528/576/528
f 541/589/541 543/591/543 539/587/539
f 539/587/539 543/591/543 522/570/522
f 539/587/539 522/570/522 533/581/533
f 540/588/540 544/592/544 542/590/542
f 540/588/540 528/576/528 530/578/530
f 515/561/515 525/573/525 533/581/533
f 545/593/545 546/594/546 547/595/547
f 547/595/547 163/185/163 548/596/548
f 548/596/548 545/593/545 547/595/547
f 549/597/549 550/598/550 551/599/551
f 551/599/551 550/598/550 546/594/546
f 187/212/187 552/600/552 553/601/553
f 547/595/547 552/600/552 187/212/187
f 550/598/550 554/602/554 552/600/552
f 555/603/555 556/604/556 154/176/154
f 556/604/556 555/603/555 557/605/557
f 553/601/553 555/603/555 154/176/154
f 550/598/550 552/600/552 546/594/546
f 554/602/554 558/606/558 557/605/557
f 554/602/554 557/605/557 555/603/555
f 557/605/557 558/606/558 559/607/559
f 560/608/560 554/602/554 550/598/550
f 555/603/555 552/600/552 554/602/554
f 555/603/555 553/601/553 552/600/552
f 546/594/546 552/600/552 547/595/547
f 560/608/560 550/598/550 561/609/561
f 561/609/561 562/610/562 560/608/560
f 562/610/562 563/611/563 564/612/564
f 561/609/561 563/611/563 562/610/562
f 559/607/559 558/606/558 562/610/562
f 565/613/565 566/614/566 564/612/564
f 560/608/560 562/610/562 558/606/558
f 562/610/562 564/612/564 559/607/559
f 564/612/564 566/614/566 567/615/567
f 568/616/568 569/617/569 566/618/566
f 568/616/568 566/618/566 565/619/565
f 570/620/570 569/617/569 571/621/571
f 560/608/560 558/606/558 554/602/554
f 565/613/565 564/612/564 563/611/563
f 572/622/572 34/623/34 573/624/573
f 574/625/574 575/626/575 576/627/576
f 577/628/577 578/629/578 559/607/559
f 578/629/578 579/630/579 559/607/559
f 578/629/578 574/625/574 576/627/576
f 556/604/556 579/630/579 580/631/580
f 580/631/580 579/630/579 573/624/573
f 573/624/573 579/630/579 578/629/578
f 578/629/578 576/627/576 573/624/573
f 580/631/580 155/177/155 556/604/556
f 576/627/576 581/632/581 573/624/573
f 580/631/580 573/624/573 34/623/34
f 578/629/578 577/628/577 574/625/574
f 582/633/582 575/626/575 574/625/574
f 582/633/582 583/634/583 575/626/575
f 584/635/584 585/636/585 586/637/586
f 587/638/587 582/639/582 588/640/588
f 589/641/589 590/642/590 587/638/587
f 589/641/589 587/638/587 588/640/588
f 586/637/586 585/636/585 591/643/591
f 592/644/592 590/642/590 589/641/589
f 592/644/592 584/635/584 590/642/590
f 567/615/567 592/645/592 589/646/589
f 567/615/567 589/646/589 574/625/574
f 588/647/588 582/633/582 574/625/574
f 589/646/589 588/647/588 574/625/574
f 567/615/567 574/625/574 577/628/577
f 581/632/581 576/627/576 593/648/593
f 572/649/572 33/41/33 34/42/34
f 33/41/33 572/649/572 594/650/594
f 581/651/581 594/650/594 572/649/572
f 593/648/593 576/627/576 575/626/575
f 594/650/594 581/651/581 593/652/593
f 573/624/573 581/632/581 572/622/572
f 595/653/595 596/654/596 584/635/584
f 597/655/597 596/654/596 598/656/598
f 599/657/599 600/658/600 601/659/601
f 602/660/602 603/661/603 595/653/595
f 604/662/604 605/663/605 606/664/606
f 603/661/603 606/664/606 595/653/595
f 595/653/595 586/637/586 591/643/591
f 591/643/591 607/665/607 608/666/608
f 606/664/606 596/654/596 595/653/595
f 603/661/603 604/662/604 606/664/606
f 606/664/606 605/663/605 609/667/609
f 609/667/609 596/654/596 606/664/606
f 598/656/598 609/667/609 610/668/610
f 609/667/609 598/656/598 596/654/596
f 608/666/608 599/657/599 591/643/591
f 591/643/591 599/657/599 595/653/595
f 602/660/602 595/653/595 599/657/599
f 602/660/602 601/659/601 603/661/603
f 601/659/601 602/660/602 599/657/599
f 583/669/583 611/670/611 612/671/612
f 613/672/613 612/671/612 611/670/611
f 614/673/614 575/674/575 612/675/612
f 583/676/583 612/675/612 575/674/575
f 615/677/615 611/670/611 616/678/616
f 616/678/616 611/670/611 583/669/583
f 613/672/613 615/677/615 617/679/617
f 597/655/597 615/677/615 616/678/616
f 618/680/618 615/677/615 610/668/610
f 619/681/619 620/682/620 609/667/609
f 620/682/620 618/680/618 610/668/610
f 621/683/621 622/684/622 623/685/623
f 622/684/622 620/682/620 623/685/623
f 623/685/623 620/682/620 619/681/619
f 618/680/618 620/682/620 622/684/622
f 618/680/618 622/684/622 617/679/617
f 610/668/610 609/667/609 620/682/620
f 619/681/619 609/667/609 624/686/624
f 610/668/610 615/677/615 597/655/597
f 597/655/597 598/656/598 610/668/610
f 615/677/615 618/680/618 617/679/617
f 611/670/611 615/677/615 613/672/613
f 625/687/625 626/688/626 627/689/627
f 626/688/626 628/690/628 627/689/627
f 629/691/629 630/692/630 631/693/631
f 626/688/626 625/687/625 632/694/632
f 631/693/631 630/692/630 633/695/633
f 634/696/634 625/687/625 627/689/627
f 634/696/634 635/697/635 625/687/625
f 635/697/635 632/694/632 625/687/625
f 630/692/630 629/691/629 636/698/636
f 629/691/629 603/661/603 636/698/636
f 629/691/629 635/697/635 604/662/604
f 637/699/637 605/663/605 634/696/634
f 635/697/635 634/696/634 604/662/604
f 638/700/638 637/699/637 634/696/634
f 639/701/639 640/702/640 641/703/641
f 642/704/642 641/703/641 643/705/643
f 644/706/644 641/703/641 640/702/640
f 644/706/644 643/705/643 641/703/641
f 637/699/637 642/704/642 624/686/624
f 605/663/605 637/699/637 624/686/624
f 623/685/623 624/686/624 643/705/643
f 639/701/639 642/704/642 638/700/638
f 642/704/642 639/701/639 641/703/641
f 643/705/643 624/686/624 642/704/642
f 628/690/628 645/707/645 639/701/639
f 645/707/645 640/702/640 639/701/639
f 626/688/626 646/708/646 647/709/647
f 626/688/626 632/694/632 646/708/646
f 626/688/626 647/709/647 648/710/648
f 649/711/649 646/708/646 632/694/632
f 649/711/649 650/712/650 646/708/646
f 651/713/651 647/709/647 646/708/646
f 648/710/648 652/714/652 645/707/645
f 652/714/652 644/706/644 640/702/640
f 652/714/652 648/710/648 653/715/653
f 647/709/647 651/713/651 653/715/653
f 652/714/652 640/702/640 645/707/645
f 645/707/645 628/690/628 648/710/648
f 639/701/639 627/689/627 628/690/628
f 634/696/634 627/689/627 638/700/638
f 639/701/639 638/700/638 627/689/627
f 642/704/642 637/699/637 638/700/638
f 629/691/629 649/711/649 635/697/635
f 632/694/632 635/697/635 649/711/649
f 628/690/628 626/688/626 648/710/648
f 654/716/654 655/717/655 656/718/656
f 657/719/657 655/717/655 654/716/654
f 658/720/658 659/721/659 655/717/655
f 659/721/659 656/718/656 655/717/655
f 657/719/657 654/716/654 109/126/109
f 108/125/108 654/716/654 660/722/660
f 658/720/658 661/723/661 659/721/659
f 662/724/662 663/725/663 664/726/664
f 662/724/662 661/723/661 658/720/658
f 665/727/665 655/717/655 657/719/657
f 665/727/665 658/720/658 655/717/655
f 658/720/658 666/728/666 662/724/662
f 667/729/667 662/724/662 666/728/666
f 666/728/666 658/720/658 665/727/665
f 668/730/668 664/731/664 669/732/669
f 662/724/662 664/726/664 661/723/661
f 668/730/668 661/733/661 664/731/664
f 664/731/664 663/734/663 669/732/669
f 661/723/661 670/735/670 659/721/659
f 671/736/671 672/737/672 673/738/673
f 672/737/672 674/739/674 675/740/675
f 676/741/676 677/742/677 678/743/678
f 676/741/676 668/730/668 677/742/677
f 677/742/677 672/737/672 679/744/679
f 679/744/679 672/737/672 671/736/671
f 669/732/669 674/739/674 677/742/677
f 680/745/680 678/743/678 677/742/677
f 672/737/672 675/740/675 673/738/673
f 680/745/680 677/742/677 679/744/679
f 678/743/678 680/745/680 681/746/681
f 678/743/678 681/746/681 676/741/676
f 681/746/681 680/745/680 682/747/682
f 683/748/683 684/749/684 674/739/674
f 672/737/672 677/742/677 674/739/674
f 677/742/677 668/730/668 669/732/669
f 673/738/673 675/740/675 685/750/685
f 684/749/684 675/740/675 674/739/674
f 661/733/661 668/730/668 670/751/670
f 674/739/674 669/732/669 683/748/683
f 670/751/670 668/730/668 676/741/676
f 686/752/686 687/753/687 688/754/688
f 686/752/686 688/754/688 689/755/689
f 690/756/690 691/757/691 692/758/692
f 693/759/693 694/760/694 695/761/695
f 696/762/696 693/759/693 695/761/695
f 697/763/697 694/760/694 693/759/693
f 693/759/693 696/762/696 698/764/698
f 694/760/694 699/765/699 700/766/700
f 701/767/701 698/764/698 696/762/696
f 695/761/695 702/768/702 703/769/703
f 700/766/700 699/765/699 704/770/704
f 703/769/703 696/762/696 695/761/695
f 705/771/705 703/769/703 706/772/706
f 707/773/707 706/772/706 703/769/703
f 700/766/700 702/768/702 695/761/695
f 700/766/700 704/770/704 702/768/702
f 699/765/699 708/774/708 704/770/704
f 701/767/701 705/771/705 709/775/709
f 650/712/650 708/774/708 699/765/699
f 687/753/687 709/775/709 710/776/710
f 704/770/704 711/777/711 702/768/702
f 696/762/696 703/769/703 705/771/705
f 712/778/712 709/775/709 713/779/713
f 709/775/709 706/772/706 707/773/707
f 709/775/709 705/771/705 706/772/706
f 714/780/714 691/757/691 698/764/698
f 691/757/691 690/756/690 698/764/698
f 709/775/709 715/781/715 701/767/701
f 705/771/705 701/767/701 696/762/696
f 709/775/709 687/753/687 715/781/715
f 694/760/694 700/766/700 695/761/695
f 701/767/701 715/781/715 698/764/698
f 686/752/686 715/781/715 687/753/687
f 707/773/707 713/779/713 709/775/709
f 698/764/698 697/763/697 693/759/693
f 703/769/703 711/777/711 713/779/713
f 703/769/703 713/779/713 707/773/707
f 711/777/711 712/778/712 713/779/713
f 686/752/686 691/757/691 714/780/714
f 686/752/686 714/780/714 698/764/698
f 698/764/698 715/781/715 686/752/686
f 690/756/690 644/706/644 697/763/697
f 698/764/698 690/756/690 697/763/697
f 689/755/689 691/757/691 686/752/686
f 716/782/716 717/783/717 718/784/718
f 717/783/717 719/785/719 720/786/720
f 717/783/717 721/787/721 718/784/718
f 110/127/110 722/788/722 716/782/716
f 722/788/722 717/783/717 716/782/716
f 717/783/717 722/788/722 723/789/723
f 722/788/722 110/127/110 660/722/660
f 660/722/660 723/789/723 722/788/722
f 719/785/719 723/789/723 724/790/724
f 725/791/725 724/790/724 723/789/723
f 725/791/725 726/792/726 724/790/724
f 717/783/717 723/789/723 719/785/719
f 724/793/724 726/794/726 727/795/727
f 728/796/728 729/797/729 730/798/730
f 729/797/729 731/799/731 730/798/730
f 732/800/732 733/801/733 729/797/729
f 720/802/720 728/796/728 721/803/721
f 721/803/721 728/796/728 734/804/734
f 732/800/732 729/797/729 728/796/728
f 724/793/724 732/800/732 719/805/719
f 728/796/728 720/802/720 732/800/732
f 731/799/731 735/806/735 730/798/730
f 736/807/736 737/808/737 738/809/738
f 724/793/724 727/795/727 733/801/733
f 733/801/733 727/795/727 739/810/739
f 732/800/732 724/793/724 733/801/733
f 720/802/720 719/805/719 732/800/732
f 720/786/720 721/787/721 717/783/717
f 721/787/721 740/811/740 718/784/718
f 729/797/729 741/812/741 731/799/731
f 742/813/742 743/814/743 741/812/741
f 741/812/741 729/797/729 744/815/744
f 743/814/743 731/799/731 741/812/741
f 742/813/742 745/816/745 743/814/743
f 746/817/746 731/799/731 743/814/743
f 733/801/733 739/810/739 744/815/744
f 742/813/742 741/812/741 747/818/747
f 743/814/743 745/816/745 746/817/746
f 716/782/716 718/784/718 129/146/129
f 744/815/744 729/797/729 733/801/733
f 748/819/748 749/820/749 750/821/750
f 745/816/745 749/820/749 751/822/751
f 745/816/745 750/821/750 749/820/749
f 752/823/752 746/817/746 751/822/751
f 745/816/745 753/824/753 750/821/750
f 754/825/754 751/822/751 749/820/749
f 755/826/755 126/143/126 756/827/756
f 756/827/756 126/143/126 757/828/757
f 718/784/718 758/829/758 757/828/757
f 128/145/128 757/828/757 126/143/126
f 759/830/759 760/831/760 761/832/761
f 756/827/756 762/833/762 763/834/763
f 737/808/737 764/835/764 765/836/765
f 761/832/761 738/809/738 737/808/737
f 761/832/761 737/808/737 765/836/765
f 759/830/759 752/823/752 754/825/754
f 766/837/766 752/823/752 761/832/761
f 765/836/765 766/837/766 761/832/761
f 765/836/765 764/835/764 766/837/766
f 761/832/761 752/823/752 759/830/759
f 761/832/761 767/838/767 738/809/738
f 761/832/761 760/831/760 767/838/767
f 762/833/762 756/827/756 757/828/757
f 767/838/767 763/839/763 768/840/768
f 757/828/757 736/841/736 762/833/762
f 768/840/768 738/809/738 767/838/767
f 736/841/736 758/829/758 737/842/737
f 758/829/758 736/841/736 757/828/757
f 750/821/750 753/824/753 769/843/769
f 754/825/754 752/823/752 751/822/751
f 764/835/764 752/823/752 766/837/766
f 770/844/770 771/845/771 772/846/772
f 773/847/773 770/844/770 774/848/774
f 774/848/774 775/849/775 773/847/773
f 776/850/776 777/851/777 778/852/778
f 779/853/779 775/849/775 769/843/769
f 780/854/780 777/851/777 781/855/781
f 781/855/781 773/847/773 780/854/780
f 777/851/777 782/856/782 783/857/783
f 775/849/775 779/853/779 773/847/773
f 780/854/780 782/856/782 777/851/777
f 780/854/780 779/853/779 782/856/782
f 780/854/780 773/847/773 779/853/779
f 775/849/775 774/848/774 769/843/769
f 769/843/769 774/848/774 748/819/748
f 771/845/771 776/850/776 778/852/778
f 770/844/770 773/847/773 771/845/771
f 784/858/784 785/859/785 786/860/786
f 784/858/784 787/861/787 770/844/770
f 788/862/788 789/863/789 785/859/785
f 771/845/771 781/855/781 776/850/776
f 773/847/773 781/855/781 771/845/771
f 770/844/770 787/861/787 774/848/774
f 787/861/787 790/864/790 774/848/774
f 786/860/786 787/861/787 784/858/784
f 786/860/786 789/863/789 791/865/791
f 785/859/785 789/863/789 786/860/786
f 790/864/790 792/866/792 793/867/793
f 787/861/787 794/868/794 792/866/792
f 790/864/790 793/867/793 774/848/774
f 792/866/792 790/864/790 787/861/787
f 787/861/787 786/860/786 794/868/794
f 774/848/774 793/867/793 748/819/748
f 795/869/795 792/866/792 794/868/794
f 781/855/781 777/851/777 776/850/776
f 796/870/796 797/871/797 798/872/798
f 778/852/778 799/873/799 798/872/798
f 800/874/800 798/872/798 797/871/797
f 799/873/799 796/870/796 798/872/798
f 798/872/798 772/846/772 778/852/778
f 799/873/799 801/875/801 802/876/802
f 802/876/802 801/875/801 803/877/803
f 801/875/801 804/878/804 803/877/803
f 801/875/801 799/873/799 783/857/783
f 711/777/711 805/879/805 804/878/804
f 803/877/803 806/880/806 807/881/807
f 802/876/802 803/877/803 807/881/807
f 804/878/804 801/875/801 711/777/711
f 804/878/804 805/879/805 808/882/808
f 808/882/808 805/879/805 809/883/809
f 805/879/805 810/884/810 809/883/809
f 803/877/803 804/878/804 808/882/808
f 796/870/796 799/873/799 802/876/802
f 811/885/811 807/881/807 806/880/806
f 812/886/812 813/887/813 814/888/814
f 812/886/812 815/889/815 809/883/809
f 816/890/816 811/885/811 806/880/806
f 816/890/816 806/880/806 803/877/803
f 817/891/817 816/890/816 803/877/803
f 803/877/803 808/882/808 817/891/817
f 817/891/817 808/882/808 809/883/809
f 812/886/812 809/883/809 818/892/818
f 818/892/818 810/884/810 819/893/819
f 815/889/815 812/886/812 814/888/814
f 814/888/814 809/883/809 815/889/815
f 810/884/810 818/892/818 809/883/809
f 814/888/814 817/891/817 809/883/809
f 807/881/807 811/885/811 820/894/820
f 821/895/821 800/896/800 822/897/822
f 823/898/823 824/899/824 822/897/822
f 822/897/822 824/899/824 821/895/821
f 822/897/822 820/900/820 825/901/825
f 826/902/826 827/903/827 828/904/828
f 829/905/829 826/902/826 828/904/828
f 830/906/830 831/907/831 832/908/832
f 833/909/833 827/903/827 826/902/826
f 834/910/834 828/904/828 827/903/827
f 832/908/832 831/907/831 821/895/821
f 835/911/835 834/910/834 836/912/836
f 837/913/837 838/914/838 839/915/839
f 835/911/835 828/904/828 834/910/834
f 834/910/834 840/916/840 836/912/836
f 840/916/840 834/910/834 841/917/841
f 834/910/834 821/895/821 841/917/841
f 834/910/834 827/903/827 833/909/833
f 830/906/830 834/910/834 833/909/833
f 828/904/828 835/911/835 829/905/829
f 834/910/834 830/906/830 821/895/821
f 833/909/833 831/907/831 830/906/830
f 832/908/832 821/895/821 830/906/830
f 839/915/839 838/914/838 841/917/841
f 841/917/841 838/914/838 840/916/840
f 824/899/824 841/917/841 821/895/821
f 833/909/833 842/918/842 831/907/831
f 841/917/841 824/899/824 839/915/839
f 838/914/838 843/919/843 840/916/840
f 838/914/838 844/920/844 843/919/843
f 836/912/836 840/916/840 843/919/843
f 845/921/845 837/913/837 839/915/839
f 826/902/826 846/922/846 847/923/847
f 848/924/848 846/922/846 829/905/829
f 849/925/849 848/924/848 835/911/835
f 835/911/835 848/924/848 829/905/829
f 826/902/826 847/923/847 791/926/791
f 846/922/846 850/927/850 847/923/847
f 851/928/851 852/929/852 853/930/853
f 854/931/854 847/923/847 850/927/850
f 791/926/791 854/931/854 852/929/852
f 855/932/855 856/933/856 857/934/857
f 855/932/855 858/935/858 853/930/853
f 854/931/854 853/930/853 852/929/852
f 854/931/854 855/932/855 853/930/853
f 851/928/851 853/930/853 858/935/858
f 855/932/855 854/931/854 850/927/850
f 856/933/856 855/932/855 850/927/850
f 848/924/848 856/933/856 850/927/850
f 791/926/791 847/923/847 854/931/854
f 859/936/859 860/937/860 861/938/861
f 859/936/859 862/939/862 863/940/863
f 860/937/860 856/933/856 848/924/848
f 863/940/863 857/934/857 856/933/856
f 860/937/860 864/941/864 861/938/861
f 844/920/844 864/941/864 849/925/849
f 849/925/849 860/937/860 848/924/848
f 860/937/860 859/936/859 863/940/863
f 865/942/865 866/943/866 867/944/867
f 868/945/868 865/942/865 869/946/869
f 865/942/865 868/945/868 870/947/870
f 870/947/870 868/945/868 861/938/861
f 861/938/861 868/945/868 862/939/862
f 859/936/859 861/938/861 862/939/862
f 865/942/865 871/948/871 866/943/866
f 856/933/856 860/937/860 863/940/863
f 867/944/867 869/946/869 865/942/865
f 861/938/861 864/941/864 870/947/870
f 850/927/850 846/922/846 848/924/848
f 795/869/795 872/949/872 873/950/873
f 319/349/319 874/951/874 875/952/875
f 319/349/319 755/826/755 874/951/874
f 876/953/876 875/952/875 877/954/877
f 875/952/875 878/955/878 877/954/877
f 879/956/879 877/957/877 880/958/880
f 880/958/880 878/959/878 881/960/881
f 878/955/878 874/951/874 881/961/881
f 879/956/879 882/962/882 883/963/883
f 882/962/882 884/964/884 883/963/883
f 880/958/880 877/957/877 878/959/878
f 878/955/878 875/952/875 874/951/874
f 885/965/885 886/966/886 887/967/887
f 888/968/888 889/969/889 890/970/890
f 795/869/795 885/965/885 891/971/891
f 888/968/888 885/965/885 873/950/873
f 887/967/887 892/972/892 885/965/885
f 882/962/882 886/966/886 885/965/885
f 882/962/882 885/965/885 888/968/888
f 882/962/882 880/958/880 886/966/886
f 873/950/873 885/965/885 795/869/795
f 888/968/888 873/950/873 872/949/872
f 882/962/882 879/956/879 880/958/880
f 882/962/882 888/968/888 890/970/890
f 880/958/880 881/960/881 886/966/886
f 893/973/893 894/974/894 895/975/895
f 895/975/895 896/976/896 893/973/893
f 895/975/895 897/977/897 896/976/896
f 898/978/898 896/976/896 897/977/897
f 889/969/889 899/979/899 896/980/896
f 889/969/889 896/980/896 898/981/898
f 900/982/900 897/977/897 901/983/901
f 323/353/323 902/984/902 903/985/903
f 902/984/902 876/953/876 904/986/904
f 903/985/903 902/984/902 904/986/904
f 905/987/905 906/988/906 907/989/907
f 907/989/907 906/988/906 900/982/900
f 904/990/904 876/991/876 907/989/907
f 884/964/884 907/992/907 876/993/876
f 890/970/890 898/981/898 905/994/905
f 898/978/898 906/988/906 905/987/905
f 907/989/907 900/982/900 904/990/904
f 327/357/327 323/353/323 903/985/903
f 903/985/903 904/986/904 908/995/908
f 901/983/901 908/996/908 900/982/900
f 895/975/895 894/974/894 909/997/909
f 897/977/897 906/988/906 898/978/898
f 900/982/900 908/996/908 904/990/904
f 900/982/900 906/988/906 897/977/897
f 895/975/895 901/983/901 897/977/897
f 910/998/910 901/983/901 895/975/895
f 911/999/911 912/1000/912 913/1001/913
f 911/999/911 914/1002/914 912/1000/912
f 914/1002/914 915/1003/915 912/1000/912
f 538/586/538 915/1003/915 914/1002/914
f 538/586/538 916/1004/916 915/1003/915
f 916/1004/916 917/1005/917 915/1003/915
f 327/357/327 916/1004/916 538/586/538
f 915/1003/915 917/1005/917 912/1000/912
f 918/1006/918 917/1005/917 916/1004/916
f 919/1007/919 920/1008/920 921/1009/921
f 922/1010/922 921/1009/921 920/1008/920
f 921/1009/921 923/1011/923 919/1007/919
f 924/1012/924 921/1009/921 922/1010/922
f 919/1007/919 925/1013/925 926/1014/926
f 913/1015/913 912/1016/912 927/1017/927
f 928/1018/928 917/1019/917 929/1020/929
f 929/1020/929 917/1019/917 910/998/910
f 926/1014/926 930/1021/930 919/1007/919
f 930/1021/930 928/1018/928 919/1007/919
f 928/1018/928 929/1020/929 919/1007/919
f 919/1007/919 929/1020/929 920/1008/920
f 931/1022/931 927/1017/927 930/1021/930
f 930/1021/930 932/1023/932 931/1022/931
f 933/1024/933 925/1013/925 934/1025/934
f 932/1023/932 930/1021/930 926/1014/926
f 933/1024/933 926/1014/926 925/1013/925
f 927/1017/927 928/1018/928 930/1021/930
f 925/1013/925 923/1011/923 934/1025/934
f 925/1013/925 919/1007/919 923/1011/923
f 932/1023/932 926/1014/926 933/1024/933
f 928/1018/928 927/1017/927 912/1016/912
f 917/1019/917 928/1018/928 912/1016/912
f 534/582/534 935/1026/935 936/1027/936
f 911/999/911 937/1028/937 935/1026/935
f 938/1029/938 939/1030/939 940/1031/940
f 937/1028/937 938/1029/938 936/1027/936
f 935/1026/935 937/1028/937 936/1027/936
f 938/1029/938 937/1028/937 939/1030/939
f 936/1027/936 941/1032/941 530/578/530
f 938/1029/938 940/1031/940 941/1032/941
f 941/1032/941 940/1031/940 942/1033/942
f 544/592/544 941/1032/941 943/1034/943
f 544/592/544 530/578/530 941/1032/941
f 944/1035/944 945/1036/945 946/1037/946
f 946/1037/946 945/1036/945 947/1038/947
f 947/1038/947 948/1039/948 949/1040/949
f 947/1038/947 950/1041/950 948/1039/948
f 951/1042/951 949/1040/949 948/1039/948
f 947/1038/947 945/1036/945 950/1041/950
f 931/1022/931 950/1041/950 945/1036/945
f 939/1030/939 937/1028/937 946/1043/946
f 940/1031/940 939/1030/939 952/1044/952
f 953/1045/953 954/1046/954 952/1047/952
f 953/1045/953 952/1047/952 947/1038/947
f 946/1043/946 952/1044/952 939/1030/939
f 952/1047/952 946/1037/946 947/1038/947
f 940/1031/940 952/1044/952 954/1048/954
f 955/1049/955 953/1045/953 947/1038/947
f 530/578/530 531/579/531 936/1027/936
f 941/1032/941 936/1027/936 938/1029/938
f 946/1043/946 937/1028/937 944/1050/944
f 955/1049/955 947/1038/947 949/1040/949
f 937/1028/937 911/999/911 944/1050/944
f 956/1051/956 957/1052/957 958/1053/958
f 956/1051/956 959/1054/959 957/1052/957
f 960/1055/960 957/1052/957 961/1056/961
f 962/1057/962 963/1058/963 958/1059/958
f 964/1060/964 965/1061/965 966/1062/966
f 967/1063/967 968/1064/968 969/1065/969
f 962/1057/962 958/1059/958 965/1061/965
f 970/1066/970 968/1064/968 965/1061/965
f 965/1061/965 964/1060/964 971/1067/971
f 970/1066/970 965/1061/965 971/1067/971
f 964/1060/964 972/1068/972 971/1067/971
f 973/1069/973 972/1068/972 964/1060/964
f 965/1061/965 958/1059/958 960/1070/960
f 965/1061/965 960/1070/960 966/1062/966
f 960/1055/960 958/1053/958 957/1052/957
f 962/1057/962 965/1061/965 968/1064/968
f 974/1071/974 956/1051/956 958/1053/958
f 975/1072/975 974/1071/974 963/1073/963
f 974/1071/974 958/1053/958 963/1073/963
f 963/1058/963 976/1074/976 975/1075/975
f 975/1075/975 976/1074/976 977/1076/977
f 977/1076/977 976/1074/976 967/1063/967
f 962/1057/962 967/1063/967 976/1074/976
f 978/1077/978 979/1078/979 956/1051/956
f 978/1077/978 980/1079/980 979/1078/979
f 980/1079/980 981/1080/981 979/1078/979
f 981/1080/981 959/1054/959 979/1078/979
f 982/1081/982 983/1082/983 984/1083/984
f 982/1081/982 984/1083/984 985/1084/985
f 961/1056/961 982/1081/982 966/1085/966
f 986/1086/986 987/1087/987 961/1056/961
f 988/1088/988 989/1089/989 990/1090/990
f 986/1086/986 981/1080/981 990/1090/990
f 983/1082/983 982/1081/982 987/1087/987
f 981/1080/981 988/1088/988 990/1090/990
f 961/1056/961 959/1054/959 986/1086/986
f 959/1054/959 981/1080/981 986/1086/986
f 987/1087/987 982/1081/982 961/1056/961
f 972/1068/972 973/1069/973 991/1091/991
f 992/1092/992 973/1069/973 993/1093/993
f 177/200/177 992/1092/992 993/1093/993
f 985/1094/985 177/200/177 993/1093/993
f 993/1093/993 964/1060/964 985/1094/985
f 992/1092/992 991/1091/991 973/1069/973
f 964/1060/964 993/1093/993 973/1069/973
f 966/1085/966 982/1081/982 985/1084/985
f 985/1094/985 964/1060/964 966/1062/966
f 962/1057/962 976/1074/976 963/1058/963
f 962/1057/962 968/1064/968 967/1063/967
f 956/1051/956 979/1078/979 959/1054/959
f 959/1054/959 961/1056/961 957/1052/957
f 960/1055/960 961/1056/961 966/1085/966
f 994/1095/994 995/1096/995 969/1065/969
f 996/1097/996 997/1098/997 998/1099/998
f 195/220/195 999/1100/999 1000/1101/1000
f 994/1095/994 969/1065/969 1001/1102/1001
f 1002/1103/1002 1003/1104/1003 1004/1105/1004
f 1005/1106/1005 1006/1107/1006 1001/1102/1001
f 1005/1106/1005 1001/1102/1001 1007/1108/1007
f 1008/1109/1008 1009/1110/1009 999/1100/999
f 1010/1111/1010 1011/1112/1011 1012/1113/1012
f 1013/1114/1013 1014/1115/1014 1011/1112/1011
f 1013/1114/1013 1011/1112/1011 1015/1116/1015
f 1014/1115/1014 1016/1117/1016 1011/1112/1011
f 1005/1106/1005 1016/1117/1016 1014/1115/1014
f 1007/1108/1007 1016/1117/1016 1005/1106/1005
f 1017/1118/1017 1010/1111/1010 1012/1113/1012
f 999/1100/999 1009/1110/1009 1000/1101/1000
f 1012/1113/1012 1018/1119/1018 997/1098/997
f 1019/1120/1019 1005/1106/1005 1014/1115/1014
f 1009/1110/1009 1017/1118/1017 997/1098/997
f 1020/1121/1020 1021/1122/1021 1018/1119/1018
f 1004/1105/1004 1011/1112/1011 1010/1111/1010
f 1012/1113/1012 997/1098/997 1017/1118/1017
f 998/1099/998 1018/1119/1018 1022/1123/1022
f 1023/1124/1023 996/1097/996 998/1099/998
f 1023/1124/1023 998/1099/998 1024/1125/1024
f 1018/1119/1018 1012/1113/1012 1007/1108/1007
f 1018/1119/1018 998/1099/998 997/1098/997
f 996/1097/996 1025/1126/1025 1009/1110/1009
f 1009/1110/1009 997/1098/997 996/1097/996
f 1016/1117/1016 1007/1108/1007 1012/1113/1012
f 1007/1108/1007 1020/1121/1020 1018/1119/1018
f 1004/1105/1004 1003/1104/1003 1011/1112/1011
f 1010/1111/1010 1008/1109/1008 1004/1105/1004
f 1026/1127/1026 1004/1105/1004 1008/1109/1008
f 1008/1109/1008 999/1100/999 1026/1127/1026
f 1010/1111/1010 1017/1118/1017 1008/1109/1008
f 1016/1117/1016 1012/1113/1012 1011/1112/1011
f 1008/1109/1008 1017/1118/1017 1009/1110/1009
f 1001/1102/1001 1020/1121/1020 1007/1108/1007
f 1020/1121/1020 1001/1102/1001 1027/1128/1027
f 1001/1102/1001 969/1065/969 1027/1128/1027
f 1021/1122/1021 972/1068/972 1022/1123/1022
f 1024/1125/1024 1022/1123/1022 972/1068/972
f 991/1091/991 1024/1125/1024 972/1068/972
f 1027/1128/1027 1021/1122/1021 1020/1121/1020
f 1018/1119/1018 1021/1122/1021 1022/1123/1022
f 1025/1126/1025 1000/1101/1000 1009/1110/1009
f 998/1099/998 1022/1123/1022 1024/1125/1024
f 994/1095/994 1028/1129/1028 995/1096/995
f 995/1096/995 1028/1129/1028 1029/1130/1029
f 1019/1120/1019 1030/1131/1030 1006/1107/1006
f 1019/1120/1019 1014/1115/1014 1030/1131/1030
f 994/1095/994 1006/1107/1006 1028/1129/1028
f 1031/1132/1031 1025/1126/1025 1032/1133/1032
f 1025/1126/1025 1033/1134/1033 1032/1133/1032
f 1024/1125/1024 167/189/167 1034/1135/1034
f 182/207/182 1035/1136/1035 1033/1134/1033
f 182/207/182 1034/1135/1034 183/208/183
f 1023/1124/1023 1034/1135/1034 182/207/182
f 1025/1126/1025 182/207/182 1033/1134/1033
f 1036/1137/1036 1002/1103/1002 1004/1105/1004
f 1015/1116/1015 1037/1138/1037 1013/1114/1013
f 1003/1104/1003 1015/1116/1015 1011/1112/1011
f 1037/1138/1037 1015/1116/1015 1038/1139/1038
f 1015/1116/1015 1003/1104/1003 1038/1139/1038
f 996/1097/996 182/207/182 1025/1126/1025
f 1006/1107/1006 1005/1106/1005 1019/1120/1019
f 167/189/167 1024/1125/1024 991/1091/991
f 1001/1102/1001 1006/1107/1006 994/1095/994
f 1023/1124/1023 182/207/182 996/1097/996
f 1031/1132/1031 184/209/184 1000/1101/1000
f 1014/1115/1014 1013/1114/1013 1030/1131/1030
f 1031/1132/1031 1000/1101/1000 1025/1126/1025
f 1024/1125/1024 1034/1135/1034 1023/1124/1023
f 1026/1127/1026 1036/1137/1036 1004/1105/1004
f 1039/1140/1039 1006/1107/1006 1030/1131/1030
f 1040/1141/1040 1041/1142/1041 1042/1143/1042
f 1043/1144/1043 1042/1143/1042 1041/1142/1041
f 1044/1145/1044 1045/1146/1045 1042/1143/1042
f 1042/1143/1042 1043/1144/1043 1044/1145/1044
f 1041/1142/1041 1046/1147/1046 1047/1148/1047
f 1043/1144/1043 1047/1148/1047 1048/1149/1048
f 980/1079/980 1048/1149/1048 988/1088/988
f 1043/1144/1043 1041/1142/1041 1047/1148/1047
f 1048/1149/1048 1049/1150/1049 988/1088/988
f 1043/1144/1043 1048/1149/1048 980/1079/980
f 1046/1147/1046 1050/1151/1050 1047/1148/1047
f 1051/1152/1051 1046/1147/1046 1041/1142/1041
f 1050/1151/1050 1049/1150/1049 1048/1149/1048
f 1050/1151/1050 1048/1149/1048 1047/1148/1047
f 1052/1153/1052 1053/1154/1053 1054/1155/1054
f 1055/1156/1055 1056/1157/1056 1057/1158/1057
f 1055/1156/1055 1053/1154/1053 1052/1153/1052
f 1058/1159/1058 1059/1160/1059 1060/1161/1060
f 1057/1158/1057 1058/1159/1058 1055/1156/1055
f 1052/1153/1052 1054/1155/1054 1061/1162/1061
f 1061/1162/1061 1056/1157/1056 1052/1153/1052
f 1062/1163/1062 1058/1159/1058 1057/1158/1057
f 1063/1164/1063 1053/1154/1053 1060/1161/1060
f 1064/1165/1064 989/1089/989 988/1088/988
f 1063/1164/1063 1064/1165/1064 1049/1150/1049
f 1050/1151/1050 1063/1164/1063 1049/1150/1049
f 1049/1150/1049 1064/1165/1064 988/1088/988
f 1063/1164/1063 1060/1161/1060 1064/1165/1064
f 1060/1161/1060 1065/1166/1065 1064/1165/1064
f 1060/1161/1060 1053/1154/1053 1058/1159/1058
f 1054/1155/1054 1053/1154/1053 1063/1164/1063
f 1053/1154/1053 1055/1156/1055 1058/1159/1058
f 1054/1155/1054 1063/1164/1063 1050/1151/1050
f 1056/1157/1056 1055/1156/1055 1052/1153/1052
f 1054/1155/1054 1050/1151/1050 1046/1147/1046
f 1046/1147/1046 1066/1167/1066 1054/1155/1054
f 1066/1167/1066 1067/1168/1067 1061/1162/1061
f 1068/1169/1068 1046/1147/1046 1051/1152/1051
f 1066/1167/1066 1046/1147/1046 1068/1169/1068
f 1069/1170/1069 1056/1157/1056 1061/1162/1061
f 1069/1170/1069 1067/1168/1067 1070/1171/1070
f 1069/1170/1069 1061/1162/1061 1067/1168/1067
f 1066/1167/1066 1061/1162/1061 1054/1155/1054
f 1071/1172/1071 1045/1173/1045 1072/1174/1072
f 1029/1130/1029 1072/1174/1072 1073/1175/1073
f 1074/1176/1074 1075/1177/1075 1039/1140/1039
f 1076/1178/1076 1075/1177/1075 1074/1176/1074
f 1075/1177/1075 1076/1178/1076 1071/1172/1071
f 1045/1173/1045 1071/1172/1071 1077/1179/1077
f 1071/1172/1071 1076/1178/1076 1078/1180/1078
f 1075/1177/1075 1071/1172/1071 1072/1174/1072
f 1029/1130/1029 1075/1177/1075 1072/1174/1072
f 1071/1172/1071 1078/1180/1078 1077/1179/1077
f 1045/1146/1045 1077/1181/1077 1040/1141/1040
f 1079/1182/1079 1080/1183/1080 1081/1184/1081
f 1040/1141/1040 1082/1185/1082 1081/1184/1081
f 1083/1186/1083 1084/1187/1084 1085/1188/1085
f 1086/1189/1086 1087/1190/1087 1088/1191/1088
f 1085/1188/1085 1086/1189/1086 1083/1186/1083
f 1084/1187/1084 1083/1186/1083 1089/1192/1089
f 1090/1193/1090 1083/1186/1083 1074/1176/1074
f 1088/1191/1088 1074/1176/1074 1083/1186/1083
f 1082/1194/1082 1078/1180/1078 1088/1191/1088
f 1074/1176/1074 1039/1140/1039 1090/1193/1090
f 1091/1195/1091 1083/1186/1083 1090/1193/1090
f 1086/1189/1086 1088/1191/1088 1083/1186/1083
f 1084/1187/1084 1092/1196/1092 1093/1197/1093
f 1082/1194/1082 1088/1191/1088 1087/1190/1087
f 1093/1197/1093 1092/1196/1092 1094/1198/1094
f 1089/1192/1089 1092/1196/1092 1084/1187/1084
f 1088/1191/1088 1076/1178/1076 1074/1176/1074
f 1081/1184/1081 1095/1199/1095 1086/1200/1086
f 1082/1185/1082 1095/1199/1095 1081/1184/1081
f 1096/1201/1096 1093/1202/1093 1094/1203/1094
f 1079/1182/1079 1093/1202/1093 1096/1201/1096
f 1087/1190/1087 1095/1204/1095 1082/1194/1082
f 1086/1189/1086 1095/1204/1095 1087/1190/1087
f 1086/1200/1086 1079/1182/1079 1081/1184/1081
f 1086/1200/1086 1085/1205/1085 1079/1182/1079
f 1085/1205/1085 1093/1202/1093 1079/1182/1079
f 1085/1188/1085 1084/1187/1084 1093/1197/1093
f 1080/1183/1080 1040/1141/1040 1081/1184/1081
f 1040/1141/1040 1080/1183/1080 1051/1152/1051
f 1080/1183/1080 1097/1206/1097 1068/1169/1068
f 1098/1207/1098 1099/1208/1099 1100/1209/1100
f 1101/1210/1101 1102/1211/1102 1096/1201/1096
f 1103/1212/1103 1070/1171/1070 1099/1208/1099
f 1102/1211/1102 1098/1207/1098 1100/1209/1100
f 1100/1209/1100 1099/1208/1099 1097/1206/1097
f 1099/1208/1099 1098/1207/1098 1103/1212/1103
f 1096/1201/1096 1100/1209/1100 1079/1182/1079
f 1102/1211/1102 1100/1209/1100 1096/1201/1096
f 1100/1209/1100 1097/1206/1097 1079/1182/1079
f 1097/1206/1097 1080/1183/1080 1079/1182/1079
f 1039/1140/1039 1104/1213/1104 1090/1193/1090
f 1105/1214/1105 1106/1215/1106 1094/1198/1094
f 1096/1201/1096 1094/1203/1094 1107/1216/1107
f 1106/1215/1106 1105/1214/1105 1108/1217/1108
f 1108/1217/1108 1109/1218/1109 1106/1215/1106
f 1107/1216/1107 1094/1203/1094 1110/1219/1110
f 1106/1215/1106 1109/1218/1109 1110/1220/1110
f 1111/1221/1111 1112/1222/1112 1113/1223/1113
f 1113/1223/1113 1114/1224/1114 1111/1221/1111
f 1110/1220/1110 1109/1218/1109 1115/1225/1115
f 1089/1192/1089 1116/1226/1116 1092/1196/1092
f 1117/1227/1117 1113/1223/1113 1116/1226/1116
f 1105/1214/1105 1092/1196/1092 1116/1226/1116
f 1112/1222/1112 1111/1221/1111 1118/1228/1118
f 1094/1198/1094 1092/1196/1092 1105/1214/1105
f 1106/1215/1106 1110/1220/1110 1094/1198/1094
f 1112/1222/1112 1108/1217/1108 1105/1214/1105
f 1116/1226/1116 1113/1223/1113 1105/1214/1105
f 1117/1227/1117 1089/1192/1089 1119/1229/1119
f 1089/1192/1089 1117/1227/1117 1116/1226/1116
f 1108/1217/1108 1118/1228/1118 1109/1218/1109
f 1118/1228/1118 1108/1217/1108 1112/1222/1112
f 1112/1222/1112 1105/1214/1105 1113/1223/1113
f 1120/1230/1120 1121/1231/1121 1091/1195/1091
f 1120/1230/1120 1104/1213/1104 1122/1232/1122
f 1120/1230/1120 1090/1193/1090 1104/1213/1104
f 1121/1231/1121 1122/1232/1122 1123/1233/1123
f 1121/1231/1121 1124/1234/1124 1125/1235/1125
f 1121/1231/1121 1120/1230/1120 1122/1232/1122
f 1126/1236/1126 1125/1235/1125 1124/1234/1124
f 1119/1229/1119 1127/1237/1127 1117/1227/1117
f 1117/1227/1117 1127/1237/1127 1114/1224/1114
f 1119/1229/1119 1126/1236/1126 1127/1237/1127
f 1119/1229/1119 1121/1231/1121 1125/1235/1125
f 1113/1223/1113 1117/1227/1117 1114/1224/1114
f 1091/1195/1091 1119/1229/1119 1089/1192/1089
f 1121/1231/1121 1119/1229/1119 1091/1195/1091
f 1126/1236/1126 1119/1229/1119 1125/1235/1125
f 1126/1236/1126 1124/1234/1124 1128/1238/1128
f 1124/1234/1124 1121/1231/1121 1123/1233/1123
f 1090/1193/1090 1120/1230/1120 1091/1195/1091
f 1126/1236/1126 1129/1239/1129 1127/1237/1127
f 1114/1224/1114 1127/1237/1127 1129/1239/1129
f 1078/1180/1078 1082/1194/1082 1077/1179/1077
f 1077/1181/1077 1082/1185/1082 1040/1141/1040
f 1078/1180/1078 1076/1178/1076 1088/1191/1088
f 1083/1186/1083 1091/1195/1091 1089/1192/1089
f 1107/1216/1107 1101/1210/1101 1096/1201/1096
f 1110/1219/1110 1130/1240/1130 1107/1216/1107
f 1131/1241/1131 1132/1242/1132 1098/1207/1098
f 1131/1241/1131 1133/1243/1133 1134/1244/1134
f 1133/1243/1133 1131/1241/1131 1098/1207/1098
f 1134/1244/1134 1133/1243/1133 1135/1245/1135
f 1130/1240/1130 1136/1246/1136 1137/1247/1137
f 1136/1246/1136 1138/1248/1138 1137/1247/1137
f 1138/1248/1138 1135/1245/1135 1137/1247/1137
f 1139/1249/1139 1131/1241/1131 1134/1244/1134
f 1134/1244/1134 1135/1245/1135 1138/1248/1138
f 1138/1248/1138 1140/1250/1140 1134/1244/1134
f 1141/1251/1141 1134/1244/1134 1140/1250/1140
f 1141/1251/1141 1139/1249/1139 1134/1244/1134
f 1142/1252/1142 1143/1253/1143 1144/1254/1144
f 1145/1255/1145 1144/1254/1144 1146/1256/1146
f 1147/1257/1147 1148/1258/1148 1149/1259/1149
f 1148/1258/1148 1147/1257/1147 1143/1253/1143
f 1143/1253/1143 1146/1256/1146 1144/1254/1144
f 1143/1253/1143 1147/1257/1147 1146/1256/1146
f 1147/1257/1147 1132/1242/1132 1146/1256/1146
f 1147/1257/1147 1150/1260/1150 1132/1242/1132
f 1147/1257/1147 1149/1259/1149 1150/1260/1150
f 1150/1260/1150 1149/1259/1149 1151/1261/1151
f 1142/1252/1142 1148/1258/1148 1143/1253/1143
f 1142/1252/1142 1152/1262/1152 1148/1258/1148
f 1145/1255/1145 1139/1249/1139 1153/1263/1153
f 1141/1251/1141 1154/1264/1154 1139/1249/1139
f 1154/1264/1154 1153/1263/1153 1139/1249/1139
f 1153/1263/1153 1144/1254/1144 1145/1255/1145
f 1135/1245/1135 1101/1210/1101 1137/1247/1137
f 1131/1241/1131 1146/1256/1146 1132/1242/1132
f 1155/1265/1155 1156/1266/1156 1157/1267/1157
f 1156/1266/1156 1155/1265/1155 1158/1268/1158
f 1159/1269/1159 1160/1270/1160 1161/1271/1161
f 1162/1272/1162 1163/1273/1163 1164/1274/1164
f 1165/1275/1165 1166/1276/1166 1167/1277/1167
f 1167/1277/1167 1168/1278/1168 1165/1275/1165
f 1160/1270/1160 1159/1269/1159 1169/1279/1169
f 1167/1277/1167 1170/1280/1170 1168/1278/1168
f 1171/1281/1171 1163/1273/1163 1162/1272/1162
f 1162/1272/1162 1172/1282/1172 1171/1281/1171
f 1163/1273/1163 1171/1281/1171 1157/1283/1157
f 1171/1281/1171 1155/1284/1155 1157/1283/1157
f 1161/1271/1161 1170/1280/1170 1169/1279/1169
f 1169/1279/1169 1159/1269/1159 1161/1271/1161
f 1167/1277/1167 1169/1279/1169 1170/1280/1170
f 1173/1285/1173 1174/1286/1174 1164/1274/1164
f 1174/1286/1174 1162/1272/1162 1164/1274/1164
f 1175/1287/1175 1162/1272/1162 1174/1286/1174
f 1176/1288/1176 1151/1261/1151 1177/1289/1177
f 1056/1157/1056 1158/1268/1158 1057/1158/1057
f 1177/1289/1177 1163/1290/1163 1156/1266/1156
f 1156/1266/1156 1158/1268/1158 1176/1288/1176
f 1176/1288/1176 1158/1268/1158 1056/1157/1056
f 1178/1291/1178 1179/1292/1179 1180/1293/1180
f 1176/1288/1176 1177/1289/1177 1156/1266/1156
f 1177/1289/1177 1178/1291/1178 1163/1290/1163
f 1176/1288/1176 1056/1157/1056 1151/1261/1151
f 1179/1292/1179 1178/1291/1178 1148/1258/1148
f 1178/1291/1178 1181/1294/1181 1163/1290/1163
f 1164/1295/1164 1181/1294/1181 1182/1296/1182
f 1183/1297/1183 1180/1293/1180 1179/1292/1179
f 1184/1298/1184 1185/1299/1185 1183/1300/1183
f 1184/1298/1184 1186/1301/1186 1185/1299/1185
f 1187/1302/1187 1182/1303/1182 1180/1304/1180
f 1186/1301/1186 1187/1302/1187 1185/1299/1185
f 1187/1302/1187 1180/1304/1180 1185/1299/1185
f 1165/1275/1165 1187/1302/1187 1166/1276/1166
f 1165/1275/1165 1173/1285/1173 1187/1302/1187
f 1187/1302/1187 1186/1301/1186 1166/1276/1166
f 1185/1299/1185 1180/1304/1180 1183/1300/1183
f 1182/1296/1182 1181/1294/1181 1180/1293/1180
f 1178/1291/1178 1180/1293/1180 1181/1294/1181
f 1164/1295/1164 1163/1290/1163 1181/1294/1181
f 1182/1303/1182 1187/1302/1187 1164/1274/1164
f 1187/1302/1187 1173/1285/1173 1164/1274/1164
f 1173/1285/1173 1168/1278/1168 1174/1286/1174
f 1156/1266/1156 1163/1290/1163 1157/1267/1157
f 1173/1285/1173 1165/1275/1165 1168/1278/1168
f 1188/1305/1188 1189/1306/1189 1190/1307/1190
f 1191/1308/1191 1192/1309/1192 1189/1306/1189
f 1166/1276/1166 1192/1309/1192 1167/1277/1167
f 1193/1310/1193 1188/1305/1188 1190/1307/1190
f 1193/1310/1193 1194/1311/1194 1188/1305/1188
f 1193/1310/1193 1190/1307/1190 1195/1312/1195
f 1192/1309/1192 1196/1313/1196 1190/1307/1190
f 1192/1309/1192 1190/1307/1190 1189/1306/1189
f 1193/1310/1193 1195/1312/1195 1197/1314/1197
f 1166/1276/1166 1198/1315/1198 1192/1309/1192
f 1199/1316/1199 1200/1317/1200 1201/1318/1201
f 1190/1307/1190 1196/1313/1196 1195/1312/1195
f 1202/1319/1202 1199/1316/1199 1198/1315/1198
f 1203/1320/1203 1184/1298/1184 1204/1321/1204
f 1205/1322/1205 1204/1321/1204 1206/1323/1206
f 1203/1320/1203 1198/1315/1198 1184/1298/1184
f 1201/1318/1201 1198/1315/1198 1199/1316/1199
f 1204/1321/1204 1184/1298/1184 1206/1323/1206
f 1201/1318/1201 1196/1313/1196 1192/1309/1192
f 1196/1313/1196 1200/1317/1200 1195/1312/1195
f 1200/1317/1200 1196/1313/1196 1201/1318/1201
f 1207/1324/1207 1197/1314/1197 1195/1312/1195
f 1204/1321/1204 1208/1325/1208 1203/1320/1203
f 1202/1319/1202 1198/1315/1198 1203/1320/1203
f 1209/1326/1209 1208/1325/1208 1204/1321/1204
f 1205/1327/1205 1142/1252/1142 1210/1328/1210
f 1207/1324/1207 1211/1329/1211 1197/1314/1197
f 1211/1329/1211 1212/1330/1212 1197/1314/1197
f 1207/1324/1207 1200/1317/1200 1199/1316/1199
f 1202/1319/1202 1213/1331/1213 1199/1316/1199
f 1193/1310/1193 1214/1332/1214 1215/1333/1215
f 1216/1334/1216 1214/1332/1214 1212/1330/1212
f 1214/1332/1214 1217/1335/1217 1215/1333/1215
f 1212/1330/1212 1211/1329/1211 1216/1334/1216
f 1197/1314/1197 1214/1332/1214 1193/1310/1193
f 1142/1252/1142 1205/1327/1205 1152/1262/1152
f 1192/1309/1192 1198/1315/1198 1201/1318/1201
f 1197/1314/1197 1212/1330/1212 1214/1332/1214
f 1200/1317/1200 1207/1324/1207 1195/1312/1195
f 1218/1336/1218 1219/1337/1219 1220/1338/1220
f 1221/1339/1221 1153/1263/1153 1154/1264/1154
f 1222/1340/1222 1153/1263/1153 1221/1339/1221
f 1223/1341/1223 1224/1342/1224 1225/1343/1225
f 1222/1340/1222 1224/1342/1224 1223/1341/1223
f 1153/1263/1153 1222/1340/1222 1226/1344/1226
f 1219/1337/1219 1218/1336/1218 1226/1344/1226
f 1219/1337/1219 1222/1340/1222 1223/1341/1223
f 1222/1340/1222 1219/1337/1219 1226/1344/1226
f 1227/1345/1227 1226/1344/1226 1218/1336/1218
f 1223/1341/1223 1220/1338/1220 1219/1337/1219
f 1218/1336/1218 1210/1328/1210 1142/1252/1142
f 1228/1346/1228 1222/1340/1222 1221/1339/1221
f 1209/1326/1209 1229/1347/1229 1230/1348/1230
f 1231/1349/1231 1232/1350/1232 1233/1351/1233
f 1234/1352/1234 1235/1353/1235 1225/1343/1225
f 1236/1354/1236 1223/1341/1223 1235/1353/1235
f 1232/1350/1232 1230/1348/1230 1229/1347/1229
f 1225/1343/1225 1235/1353/1235 1223/1341/1223
f 1236/1355/1236 1233/1351/1233 1229/1347/1229
f 1236/1354/1236 1220/1338/1220 1223/1341/1223
f 1220/1338/1220 1210/1328/1210 1218/1336/1218
f 1220/1356/1220 1229/1347/1229 1210/1357/1210
f 1229/1347/1229 1233/1351/1233 1232/1350/1232
f 1224/1342/1224 1237/1358/1237 1225/1343/1225
f 1238/1359/1238 1211/1329/1211 1239/1360/1239
f 1240/1361/1240 1239/1360/1239 1241/1362/1241
f 1239/1360/1239 1207/1324/1207 1241/1362/1241
f 1242/1363/1242 1243/1364/1243 1240/1361/1240
f 1240/1361/1240 1244/1365/1244 1239/1360/1239
f 1240/1361/1240 1241/1362/1241 1245/1366/1245
f 1245/1366/1245 1232/1350/1232 1231/1349/1231
f 1246/1367/1246 1225/1343/1225 1237/1358/1237
f 1246/1368/1246 1231/1349/1231 1234/1369/1234
f 1246/1368/1246 1242/1363/1242 1231/1349/1231
f 1243/1364/1243 1242/1363/1242 1247/1370/1247
f 1242/1363/1242 1240/1361/1240 1245/1366/1245
f 1231/1349/1231 1242/1363/1242 1245/1366/1245
f 1247/1370/1247 1248/1371/1248 1249/1372/1249
f 1249/1372/1249 1248/1371/1248 1237/1373/1237
f 1237/1373/1237 1248/1371/1248 1246/1368/1246
f 1248/1371/1248 1242/1363/1242 1246/1368/1246
f 1244/1365/1244 1240/1361/1240 1243/1364/1243
f 1242/1363/1242 1248/1371/1248 1247/1370/1247
f 1245/1366/1245 1213/1331/1213 1230/1348/1230
f 1246/1367/1246 1234/1352/1234 1225/1343/1225
f 1211/1329/1211 1238/1359/1238 1250/1374/1250
f 1230/1348/1230 1232/1350/1232 1245/1366/1245
f 1251/1375/1251 1252/1376/1252 984/1083/984
f 1253/1377/1253 1254/1378/1254 1251/1375/1251
f 1251/1375/1251 545/593/545 1252/1376/1252
f 1255/1379/1255 545/593/545 1254/1378/1254
f 1256/1380/1256 1255/1379/1255 1254/1378/1254
f 1257/1381/1257 1256/1380/1256 1254/1378/1254
f 1254/1378/1254 1253/1377/1253 1257/1381/1257
f 1251/1375/1251 1254/1378/1254 545/593/545
f 1258/1382/1258 1257/1381/1257 1259/1383/1259
f 1260/1384/1260 1258/1382/1258 1261/1385/1261
f 1258/1382/1258 1260/1384/1260 1257/1381/1257
f 1260/1384/1260 1262/1386/1262 1257/1381/1257
f 1261/1385/1261 1263/1387/1263 1260/1384/1260
f 1262/1386/1262 1263/1387/1263 1264/1388/1264
f 1260/1384/1260 1263/1387/1263 1262/1386/1262
f 1257/1381/1257 1262/1386/1262 1256/1380/1256
f 1262/1386/1262 1265/1389/1265 1256/1380/1256
f 1253/1377/1253 1259/1383/1259 1257/1381/1257
f 1266/1390/1266 1258/1382/1258 1259/1383/1259
f 1267/1391/1267 1261/1385/1261 1258/1382/1258
f 1266/1390/1266 1065/1166/1065 1268/1392/1268
f 1059/1160/1059 1269/1393/1269 1268/1392/1268
f 1266/1390/1266 1268/1392/1268 1269/1393/1269
f 1269/1393/1269 1267/1391/1267 1266/1390/1266
f 1266/1390/1266 1267/1391/1267 1258/1382/1258
f 1267/1391/1267 1270/1394/1270 1261/1385/1261
f 1271/1395/1271 1272/1396/1272 1273/1397/1273
f 1273/1397/1273 1274/1398/1274 1271/1395/1271
f 1275/1399/1275 1273/1397/1273 1272/1396/1272
f 1276/1400/1276 1059/1160/1059 1277/1401/1277
f 1276/1400/1276 1270/1394/1270 1269/1393/1269
f 1278/1402/1278 1279/1403/1279 1280/1404/1280
f 1278/1402/1278 1280/1404/1280 1276/1400/1276
f 1281/1405/1281 1278/1402/1278 1277/1401/1277
f 1282/1406/1282 1276/1400/1276 1280/1404/1280
f 1062/1163/1062 1281/1405/1281 1277/1401/1277
f 1277/1401/1277 1278/1402/1278 1276/1400/1276
f 1281/1405/1281 1283/1407/1283 1284/1408/1284
f 1285/1409/1285 1282/1410/1282 1280/1411/1280
f 1279/1412/1279 1286/1413/1286 1287/1414/1287
f 1279/1415/1279 1287/1416/1287 1280/1411/1280
f 1288/1417/1288 1280/1411/1280 1287/1416/1287
f 1279/1412/1279 1284/1418/1284 1286/1413/1286
f 1280/1411/1280 1288/1417/1288 1285/1409/1285
f 1283/1419/1283 1286/1413/1286 1284/1418/1284
f 1279/1403/1279 1278/1402/1278 1284/1408/1284
f 1276/1400/1276 1282/1406/1282 1289/1420/1289
f 1290/1421/1290 1291/1422/1291 1275/1399/1275
f 1292/1423/1292 1293/1424/1293 1290/1421/1290
f 1294/1425/1294 1295/1426/1295 1293/1424/1293
f 1292/1423/1292 1296/1427/1296 1293/1424/1293
f 1292/1423/1292 1285/1409/1285 1296/1427/1296
f 1296/1427/1296 1294/1425/1294 1293/1424/1293
f 1293/1424/1293 1295/1426/1295 1290/1421/1290
f 1271/1428/1271 1270/1394/1270 1289/1420/1289
f 1276/1400/1276 1289/1420/1289 1270/1394/1270
f 1296/1427/1296 1285/1409/1285 1288/1417/1288
f 1290/1421/1290 1289/1429/1289 1292/1423/1292
f 1272/1396/1272 1290/1421/1290 1275/1399/1275
f 1264/1388/1264 1297/1430/1297 1298/1431/1298
f 1299/1432/1299 1300/1433/1300 1264/1388/1264
f 1265/1389/1265 1298/1431/1298 549/597/549
f 1297/1430/1297 1300/1433/1300 563/611/563
f 563/611/563 1301/1434/1301 565/613/565
f 1302/1435/1302 1303/1436/1303 1304/1437/1304
f 571/621/571 1305/1438/1305 1304/1437/1304
f 1301/1439/1301 1305/1438/1305 1306/1440/1306
f 1307/1441/1307 1302/1435/1302 1308/1442/1308
f 1308/1442/1308 1304/1437/1304 1309/1443/1309
f 1308/1442/1308 1309/1443/1309 1299/1444/1299
f 1310/1445/1310 1311/1446/1311 1302/1435/1302
f 1310/1445/1310 1307/1441/1307 1312/1447/1312
f 1312/1447/1312 1313/1448/1313 1310/1445/1310
f 1314/1449/1314 1313/1448/1313 1315/1450/1315
f 1301/1439/1301 1300/1451/1300 1305/1438/1305
f 571/621/571 1306/1440/1306 1305/1438/1305
f 1309/1443/1309 1304/1437/1304 1305/1438/1305
f 1303/1436/1303 571/621/571 1304/1437/1304
f 1302/1435/1302 1311/1446/1311 1303/1436/1303
f 1302/1435/1302 1304/1437/1304 1308/1442/1308
f 1302/1435/1302 1307/1441/1307 1310/1445/1310
f 563/611/563 1300/1433/1300 1301/1434/1301
f 1305/1438/1305 1300/1451/1300 1299/1444/1299
f 1314/1449/1314 1316/1452/1316 1317/1453/1317
f 600/658/600 1318/1454/1318 1319/1455/1319
f 1318/1454/1318 607/665/607 1303/1436/1303
f 1319/1455/1319 1317/1453/1317 1316/1452/1316
f 600/658/600 1319/1455/1319 1320/1456/1320
f 1317/1453/1317 1318/1454/1318 1311/1446/1311
f 1311/1446/1311 1310/1445/1310 1317/1453/1317
f 1319/1455/1319 1318/1454/1318 1317/1453/1317
f 1303/1436/1303 607/665/607 571/621/571
f 1303/1436/1303 1311/1446/1311 1318/1454/1318
f 1300/1433/1300 1297/1430/1297 1264/1388/1264
f 1317/1453/1317 1310/1445/1310 1313/1448/1313
f 1314/1449/1314 1317/1453/1317 1313/1448/1313
f 1263/1387/1263 1321/1457/1321 1264/1388/1264
f 1322/1458/1322 1323/1459/1323 1324/1460/1324
f 1275/1399/1275 1325/1461/1325 1324/1460/1324
f 1322/1458/1322 1324/1460/1324 1325/1461/1325
f 1273/1397/1273 1275/1399/1275 1324/1460/1324
f 1299/1444/1299 1326/1462/1326 1327/1463/1327
f 1323/1459/1323 1327/1463/1327 1328/1464/1328
f 1329/1465/1329 1323/1459/1323 1322/1458/1322
f 1322/1458/1322 1325/1461/1325 1330/1466/1330
f 1331/1467/1331 1322/1458/1322 1330/1466/1330
f 1330/1466/1330 1332/1468/1332 1331/1467/1331
f 1333/1469/1333 1315/1450/1315 1334/1470/1334
f 1335/1471/1335 1333/1469/1333 1334/1470/1334
f 1330/1466/1330 1336/1472/1336 1337/1473/1337
f 1312/1447/1312 1331/1467/1331 1332/1468/1332
f 1331/1467/1331 1329/1465/1329 1322/1458/1322
f 1332/1468/1332 1330/1466/1330 1337/1473/1337
f 1325/1461/1325 1336/1472/1336 1330/1466/1330
f 1336/1472/1336 1325/1461/1325 1338/1474/1338
f 1338/1474/1338 1325/1461/1325 1275/1399/1275
f 1339/1475/1339 1336/1472/1336 1338/1474/1338
f 1335/1471/1335 1340/1476/1340 1341/1477/1341
f 1335/1471/1335 1341/1477/1341 1333/1469/1333
f 1341/1477/1341 1340/1476/1340 1342/1478/1342
f 1343/1479/1343 1336/1472/1336 1339/1475/1339
f 1344/1480/1344 1343/1479/1343 1345/1481/1345
f 1346/1482/1346 1333/1469/1333 1341/1477/1341
f 1345/1481/1345 1343/1479/1343 1339/1475/1339
f 1347/1483/1347 1342/1478/1342 1344/1480/1344
f 1335/1471/1335 1337/1473/1337 1343/1479/1343
f 1335/1471/1335 1334/1470/1334 1337/1473/1337
f 1340/1476/1340 1335/1471/1335 1344/1480/1344
f 1345/1481/1345 1347/1483/1347 1344/1480/1344
f 1347/1483/1347 1346/1482/1346 1342/1478/1342
f 1344/1480/1344 1342/1478/1342 1340/1476/1340
f 1335/1471/1335 1343/1479/1343 1344/1480/1344
f 1315/1450/1315 1346/1482/1346 1348/1484/1348
f 1347/1483/1347 1345/1481/1345 1349/1485/1349
f 1338/1474/1338 1275/1399/1275 1339/1475/1339
f 1346/1482/1346 1315/1450/1315 1333/1469/1333
f 1346/1482/1346 1341/1477/1341 1342/1478/1342
f 1343/1479/1343 1337/1473/1337 1336/1472/1336
f 1334/1470/1334 1332/1468/1332 1337/1473/1337
f 1350/1486/1350 1351/1487/1351 1352/1488/1352
f 1353/1489/1353 1354/1490/1354 1175/1287/1175
f 1355/1491/1355 1356/1492/1356 1357/1493/1357
f 1358/1494/1358 1355/1491/1355 1352/1488/1352
f 1355/1491/1355 1350/1486/1350 1352/1488/1352
f 1356/1492/1356 1359/1495/1359 1357/1493/1357
f 1353/1489/1353 1360/1496/1360 1361/1497/1361
f 1361/1497/1361 1360/1496/1360 1362/1498/1362
f 1353/1489/1353 1363/1499/1363 1360/1496/1360
f 1364/1500/1364 1359/1495/1359 1360/1496/1360
f 1360/1496/1360 1359/1495/1359 1356/1492/1356
f 1350/1486/1350 1355/1491/1355 1357/1493/1357
f 1357/1493/1357 1283/1419/1283 1350/1486/1350
f 1356/1492/1356 1355/1491/1355 1362/1498/1362
f 1355/1491/1355 1354/1490/1354 1362/1498/1362
f 1360/1496/1360 1356/1492/1356 1362/1498/1362
f 1354/1490/1354 1355/1491/1355 1358/1494/1358
f 1353/1489/1353 1361/1497/1361 1362/1498/1362
f 1362/1498/1362 1354/1490/1354 1353/1489/1353
f 1364/1500/1364 1365/1501/1365 1359/1495/1359
f 1175/1287/1175 1354/1490/1354 1358/1494/1358
f 1352/1488/1352 1351/1487/1351 1155/1284/1155
f 1351/1487/1351 1350/1486/1350 1283/1419/1283
f 1366/1502/1366 1353/1489/1353 1175/1287/1175
f 1367/1503/1367 1363/1499/1363 1353/1489/1353
f 1366/1502/1366 1368/1504/1368 1353/1489/1353
f 1369/1505/1369 1370/1506/1370 1371/1507/1371
f 1372/1508/1372 1373/1509/1373 1346/1482/1346
f 1370/1510/1370 1349/1485/1349 1294/1425/1294
f 1374/1511/1374 1371/1507/1371 1370/1506/1370
f 1374/1511/1374 1375/1512/1375 1371/1507/1371
f 1376/1513/1376 1377/1514/1377 1373/1509/1373
f 1376/1515/1376 1370/1506/1370 1369/1505/1369
f 1372/1508/1372 1376/1513/1376 1373/1509/1373
f 1373/1509/1373 1378/1516/1378 1379/1517/1379
f 1376/1513/1376 1349/1485/1349 1370/1510/1370
f 1377/1514/1377 1378/1516/1378 1373/1509/1373
f 1371/1507/1371 1375/1512/1375 1380/1518/1380
f 1369/1505/1369 1381/1519/1381 1376/1515/1376
f 1382/1520/1382 1383/1521/1383 1384/1522/1384
f 1383/1521/1383 1385/1523/1385 1384/1522/1384
f 1385/1523/1385 1381/1519/1381 1384/1522/1384
f 1384/1522/1384 1369/1505/1369 1386/1524/1386
f 1382/1520/1382 1386/1524/1386 1368/1504/1368
f 1377/1525/1377 1376/1515/1376 1381/1519/1381
f 1386/1524/1386 1369/1505/1369 1371/1507/1371
f 1384/1522/1384 1381/1519/1381 1369/1505/1369
f 1377/1525/1377 1387/1526/1387 1378/1527/1378
f 1367/1503/1367 1368/1504/1368 1386/1524/1386
f 1386/1524/1386 1380/1518/1380 1367/1503/1367
f 1384/1522/1384 1386/1524/1386 1382/1520/1382
f 1371/1507/1371 1380/1518/1380 1386/1524/1386
f 1189/1306/1189 1388/1528/1388 1389/1529/1389
f 1389/1529/1389 1382/1520/1382 1368/1504/1368
f 1389/1529/1389 1388/1528/1388 1383/1521/1383
f 1160/1270/1160 1389/1529/1389 1368/1504/1368
f 1390/1530/1390 1391/1531/1391 1392/1532/1392
f 1189/1306/1189 1390/1530/1390 1393/1533/1393
f 1189/1306/1189 1393/1533/1393 1388/1528/1388
f 1393/1533/1393 1390/1530/1390 1392/1532/1392
f 1392/1532/1392 1394/1534/1394 1393/1533/1393
f 1382/1520/1382 1389/1529/1389 1383/1521/1383
f 630/692/630 636/698/636 1395/1535/1395
f 1395/1535/1395 1316/1452/1316 1348/1484/1348
f 1320/1456/1320 1395/1535/1395 636/698/636
f 1395/1535/1395 1379/1517/1379 1396/1536/1396
f 1395/1535/1395 1348/1484/1348 1379/1517/1379
f 1395/1535/1395 1320/1456/1320 1316/1452/1316
f 1397/1537/1397 1398/1538/1398 1399/1539/1399
f 1400/1540/1400 633/695/633 1397/1537/1397
f 1398/1538/1398 1396/1536/1396 1401/1541/1401
f 1399/1542/1399 1398/1543/1398 1402/1544/1402
f 1403/1545/1403 1399/1542/1399 1402/1544/1402
f 1402/1544/1402 1404/1546/1404 1403/1545/1403
f 1404/1546/1404 1402/1544/1402 1405/1547/1405
f 1397/1537/1397 1396/1536/1396 1398/1538/1398
f 1397/1537/1397 1395/1535/1395 1396/1536/1396
f 1404/1546/1404 1406/1548/1406 1403/1545/1403
f 1406/1548/1406 1404/1546/1404 1407/1549/1407
f 1408/1550/1408 1403/1545/1403 1406/1548/1406
f 1409/1551/1409 1403/1545/1403 1408/1550/1408
f 1403/1552/1403 1400/1540/1400 1399/1539/1399
f 1406/1548/1406 1407/1549/1407 1410/1553/1410
f 1400/1540/1400 1411/1554/1411 633/695/633
f 1400/1540/1400 1397/1537/1397 1399/1539/1399
f 1400/1540/1400 1403/1552/1403 1409/1555/1409
f 1397/1537/1397 633/695/633 1395/1535/1395
f 633/695/633 630/692/630 1395/1535/1395
f 1412/1556/1412 1410/1553/1410 1407/1549/1407
f 1409/1555/1409 1413/1557/1413 1411/1554/1411
f 1413/1557/1413 1409/1555/1409 1414/1558/1414
f 1414/1558/1414 813/887/813 1413/1557/1413
f 1415/1559/1415 1414/1558/1414 1409/1555/1409
f 1408/1550/1408 1415/1560/1415 1409/1551/1409
f 1416/1561/1416 1407/1549/1407 1404/1546/1404
f 1411/1554/1411 1400/1540/1400 1409/1555/1409
f 1417/1562/1417 1418/1563/1418 1419/1564/1419
f 1418/1563/1418 1387/1526/1387 1419/1564/1419
f 1420/1565/1420 1421/1566/1421 1422/1567/1422
f 1422/1567/1422 1394/1534/1394 1420/1565/1420
f 1421/1566/1421 1417/1562/1417 1422/1567/1422
f 1417/1562/1417 1419/1564/1419 1422/1567/1422
f 1422/1567/1422 1419/1564/1419 1385/1523/1385
f 1423/1568/1423 1424/1569/1424 1416/1561/1416
f 1423/1568/1423 1425/1570/1425 1426/1571/1426
f 1416/1561/1416 1425/1570/1425 1423/1568/1423
f 1427/1572/1427 1424/1569/1424 1423/1568/1423
f 1425/1570/1425 1405/1547/1405 1426/1571/1426
f 1392/1532/1392 1428/1573/1428 1420/1565/1420
f 1422/1567/1422 1383/1521/1383 1394/1534/1394
f 1428/1573/1428 1423/1568/1423 1426/1571/1426
f 1428/1573/1428 1426/1571/1426 1421/1566/1421
f 1420/1565/1420 1428/1573/1428 1421/1566/1421
f 1392/1532/1392 1420/1565/1420 1394/1534/1394
f 1426/1571/1426 1417/1562/1417 1421/1566/1421
f 1383/1521/1383 1422/1567/1422 1385/1523/1385
f 1391/1531/1391 1428/1573/1428 1392/1532/1392
f 1194/1311/1194 1429/1574/1429 1391/1531/1391
f 1430/1575/1430 1431/1576/1431 1432/1577/1432
f 1431/1576/1431 1423/1568/1423 1433/1578/1433
f 1432/1577/1432 1429/1574/1429 1215/1333/1215
f 1432/1577/1432 1433/1578/1433 1429/1574/1429
f 1432/1577/1432 1431/1576/1431 1433/1578/1433
f 1433/1578/1433 1391/1531/1391 1429/1574/1429
f 1426/1571/1426 1405/1547/1405 1417/1562/1417
f 1428/1573/1428 1433/1578/1433 1423/1568/1423
f 1427/1572/1427 1423/1568/1423 1431/1576/1431
f 1431/1576/1431 1430/1575/1430 1434/1579/1434
f 1432/1577/1432 1215/1333/1215 1435/1580/1435
f 1432/1577/1432 1435/1580/1435 1430/1575/1430
f 1405/1547/1405 1418/1563/1418 1417/1562/1417
f 1429/1574/1429 1194/1311/1194 1215/1333/1215
f 1436/1581/1436 1437/1582/1437 1438/1583/1438
f 1436/1581/1436 1438/1583/1438 1439/1584/1439
f 1440/1585/1440 1249/1586/1249 1441/1587/1441
f 1442/1588/1442 1443/1589/1443 1441/1587/1441
f 1444/1590/1444 1438/1583/1438 1445/1591/1445
f 1446/1592/1446 1447/1593/1447 1448/1594/1448
f 1447/1593/1447 1445/1591/1445 1448/1594/1448
f 1442/1588/1442 1446/1592/1446 1448/1594/1448
f 1446/1592/1446 1441/1587/1441 1449/1595/1449
f 1446/1592/1446 1442/1588/1442 1441/1587/1441
f 1446/1592/1446 1449/1595/1449 1447/1593/1447
f 1449/1595/1449 1450/1596/1450 1451/1597/1451
f 1447/1593/1447 1449/1595/1449 1451/1597/1451
f 1224/1342/1224 1451/1597/1451 1450/1596/1450
f 1449/1595/1449 1441/1587/1441 1450/1596/1450
f 1438/1583/1438 1444/1590/1444 1439/1584/1439
f 1444/1590/1444 1445/1591/1445 1447/1593/1447
f 1441/1587/1441 1249/1586/1249 1450/1596/1450
f 1438/1583/1438 1452/1598/1452 1445/1591/1445
f 1442/1588/1442 1453/1599/1453 1443/1589/1443
f 1453/1600/1453 1454/1601/1454 1443/1602/1443
f 1454/1601/1454 1455/1603/1455 1443/1602/1443
f 1440/1604/1440 1443/1602/1443 1455/1603/1455
f 1443/1589/1443 1440/1585/1440 1441/1587/1441
f 1454/1601/1454 1456/1605/1456 1455/1603/1455
f 1456/1605/1456 1454/1601/1454 1457/1606/1457
f 1247/1370/1247 1440/1604/1440 1455/1603/1455
f 1458/1607/1458 1455/1603/1455 1456/1605/1456
f 1455/1603/1455 1458/1607/1458 1247/1370/1247
f 1459/1608/1459 1460/1609/1460 1458/1607/1458
f 1458/1607/1458 1456/1605/1456 1459/1608/1459
f 1442/1588/1442 1461/1610/1461 1453/1599/1453
f 1448/1594/1448 1461/1610/1461 1442/1588/1442
f 1462/1611/1462 1445/1591/1445 1452/1598/1452
f 1445/1591/1445 1462/1611/1462 1448/1594/1448
f 1453/1599/1453 1461/1610/1461 1463/1612/1463
f 1462/1611/1462 1464/1613/1464 1448/1594/1448
f 1464/1613/1464 1461/1610/1461 1448/1594/1448
f 1464/1613/1464 1462/1611/1462 1465/1614/1465
f 1466/1615/1466 1454/1601/1454 1453/1600/1453
f 1463/1616/1463 1467/1617/1467 1466/1615/1466
f 1464/1613/1464 1468/1618/1468 1469/1619/1469
f 1469/1620/1469 1468/1621/1468 1470/1622/1470
f 1469/1620/1469 1470/1622/1470 1467/1617/1467
f 1464/1613/1464 1469/1619/1469 1461/1610/1461
f 1467/1617/1467 1463/1616/1463 1469/1620/1469
f 1461/1610/1461 1469/1619/1469 1463/1612/1463
f 1463/1616/1463 1466/1615/1466 1453/1600/1453
f 1467/1617/1467 1470/1622/1470 1466/1615/1466
f 1452/1598/1452 1438/1583/1438 1437/1582/1437
f 1471/1623/1471 1472/1624/1472 1473/1625/1473
f 1471/1623/1471 1473/1625/1473 1474/1626/1474
f 1475/1627/1475 1476/1628/1476 1477/1629/1477
f 1474/1626/1474 1478/1630/1478 1471/1623/1471
f 1479/1631/1479 1476/1628/1476 1475/1627/1475
f 1479/1631/1479 1475/1627/1475 1480/1632/1480
f 1481/1633/1481 1482/1634/1482 1483/1635/1483
f 1481/1633/1481 1484/1636/1484 1485/1637/1485
f 1485/1637/1485 1484/1636/1484 1486/1638/1486
f 1481/1633/1481 1483/1635/1483 1484/1636/1484
f 1483/1635/1483 1487/1639/1487 1484/1636/1484
f 1488/1640/1488 1484/1636/1484 1487/1639/1487
f 1477/1629/1477 1489/1641/1489 1475/1627/1475
f 1489/1641/1489 1485/1637/1485 1490/1642/1490
f 1481/1633/1481 1485/1637/1485 1477/1629/1477
f 1491/1643/1491 1492/1644/1492 1481/1633/1481
f 1483/1635/1483 1493/1645/1493 1487/1639/1487
f 1494/1646/1494 1480/1632/1480 1489/1641/1489
f 1480/1632/1480 1475/1627/1475 1489/1641/1489
f 1495/1647/1495 1490/1642/1490 1485/1637/1485
f 1489/1641/1489 1490/1642/1490 1437/1582/1437
f 1485/1637/1485 1486/1638/1486 1495/1647/1495
f 1494/1646/1494 1437/1582/1437 1436/1581/1436
f 1437/1582/1437 1494/1646/1494 1489/1641/1489
f 1496/1648/1496 1474/1626/1474 1491/1643/1491
f 1497/1649/1497 1482/1650/1482 1492/1651/1492
f 1491/1643/1491 1481/1633/1481 1496/1648/1496
f 1492/1644/1492 1482/1634/1482 1481/1633/1481
f 1476/1628/1476 1479/1631/1479 1474/1626/1474
f 1479/1631/1479 1478/1630/1478 1474/1626/1474
f 1474/1626/1474 1496/1648/1496 1476/1628/1476
f 1473/1625/1473 1491/1643/1491 1474/1626/1474
f 1496/1648/1496 1477/1629/1477 1476/1628/1476
f 1496/1648/1496 1481/1633/1481 1477/1629/1477
f 1477/1629/1477 1485/1637/1485 1489/1641/1489
f 1465/1614/1465 1462/1611/1462 1495/1647/1495
f 1484/1636/1484 1498/1652/1498 1486/1638/1486
f 1498/1652/1498 1499/1653/1499 1500/1654/1500
f 1498/1652/1498 1500/1654/1500 1465/1614/1465
f 1498/1652/1498 1465/1614/1465 1486/1638/1486
f 1500/1654/1500 1499/1653/1499 1501/1655/1501
f 1484/1636/1484 1488/1640/1488 1498/1652/1498
f 1498/1652/1498 1488/1640/1488 1499/1653/1499
f 1486/1638/1486 1465/1614/1465 1495/1647/1495
f 1483/1656/1483 1482/1650/1482 1497/1649/1497
f 1483/1656/1483 1497/1649/1497 1502/1657/1502
f 1502/1657/1502 1493/1658/1493 1483/1656/1483
f 1503/1659/1503 1504/1660/1504 1505/1661/1505
f 1506/1662/1506 1507/1663/1507 1508/1664/1508
f 1509/1665/1509 1510/1666/1510 1506/1662/1506
f 1510/1666/1510 1511/1667/1511 1506/1662/1506
f 1506/1662/1506 1511/1667/1511 1512/1668/1512
f 1513/1669/1513 1514/1670/1514 1507/1663/1507
f 1507/1663/1507 1506/1662/1506 1513/1669/1513
f 1515/1671/1515 1510/1666/1510 1516/1672/1516
f 1517/1673/1517 1513/1669/1513 1506/1662/1506
f 1511/1667/1511 1510/1666/1510 1515/1671/1515
f 1518/1674/1518 1511/1667/1511 1515/1671/1515
f 1508/1664/1508 1507/1663/1507 1519/1675/1519
f 1520/1676/1520 1515/1671/1515 1516/1672/1516
f 1508/1677/1508 1519/1678/1519 1503/1659/1503
f 1505/1661/1505 1509/1679/1509 1508/1677/1508
f 1508/1664/1508 1509/1665/1509 1506/1662/1506
f 1505/1661/1505 1508/1677/1508 1503/1659/1503
f 1503/1659/1503 1521/1680/1521 1504/1660/1504
f 1522/1681/1522 1517/1673/1517 1512/1668/1512
f 1523/1682/1523 1522/1681/1522 1512/1668/1512
f 1524/1683/1524 1525/1684/1525 1504/1660/1504
f 1524/1683/1524 1526/1685/1526 1525/1684/1525
f 1527/1686/1527 1504/1660/1504 1525/1684/1525
f 1528/1687/1528 1522/1681/1522 1529/1688/1529
f 1530/1689/1530 1503/1659/1503 1519/1678/1519
f 1531/1690/1531 1532/1691/1532 1533/1692/1533
f 1534/1693/1534 1530/1689/1530 1535/1694/1535
f 1534/1693/1534 1535/1694/1535 1536/1695/1536
f 1536/1696/1536 1537/1697/1537 1531/1690/1531
f 1538/1698/1538 1539/1699/1539 1540/1700/1540
f 1540/1700/1540 1513/1669/1513 1538/1698/1538
f 1517/1673/1517 1522/1681/1522 1528/1687/1528
f 1537/1697/1537 1536/1696/1536 1540/1700/1540
f 1541/1701/1541 1538/1698/1538 1528/1687/1528
f 1528/1687/1528 1538/1698/1538 1513/1669/1513
f 1514/1670/1514 1513/1669/1513 1540/1700/1540
f 1532/1691/1532 1531/1690/1531 1537/1697/1537
f 1539/1699/1539 1537/1697/1537 1540/1700/1540
f 1540/1700/1540 1536/1696/1536 1514/1670/1514
f 1530/1689/1530 1519/1678/1519 1535/1694/1535
f 1542/1702/1542 1530/1689/1530 1534/1693/1534
f 1536/1696/1536 1535/1703/1535 1514/1670/1514
f 1543/1704/1543 1471/1623/1471 1544/1705/1544
f 1530/1689/1530 1521/1680/1521 1503/1659/1503
f 1521/1680/1521 1545/1706/1545 1504/1660/1504
f 1542/1702/1542 1544/1705/1544 1546/1707/1546
f 1521/1680/1521 1530/1689/1530 1542/1702/1542
f 1546/1707/1546 1545/1706/1545 1521/1680/1521
f 1546/1707/1546 1521/1680/1521 1542/1702/1542
f 1545/1706/1545 1480/1632/1480 1524/1683/1524
f 1546/1707/1546 1480/1632/1480 1545/1706/1545
f 1480/1632/1480 1494/1646/1494 1524/1683/1524
f 1494/1646/1494 1526/1685/1526 1524/1683/1524
f 1514/1670/1514 1535/1703/1535 1507/1663/1507
f 1507/1663/1507 1535/1703/1535 1519/1675/1519
f 1504/1660/1504 1527/1686/1527 1505/1661/1505
f 1517/1673/1517 1528/1687/1528 1513/1669/1513
f 1545/1706/1545 1524/1683/1524 1504/1660/1504
f 1547/1708/1547 1548/1709/1548 1549/1710/1549
f 1548/1709/1548 1550/1711/1550 1549/1710/1549
f 1551/1712/1551 1548/1709/1548 1552/1713/1552
f 1553/1714/1553 1548/1709/1548 1554/1715/1554
f 1548/1709/1548 1553/1714/1553 1550/1711/1550
f 1547/1708/1547 1552/1713/1552 1548/1709/1548
f 1554/1715/1554 1548/1709/1548 1551/1712/1551
f 1111/1221/1111 1551/1712/1551 1552/1713/1552
f 1555/1716/1555 1556/1717/1556 1557/1718/1557
f 1505/1661/1505 1556/1717/1556 1555/1716/1555
f 1558/1719/1558 1115/1225/1115 1559/1720/1559
f 1560/1721/1560 1561/1722/1561 1562/1723/1562
f 1561/1722/1561 1560/1721/1560 1563/1724/1563
f 1562/1723/1562 1564/1725/1564 1549/1710/1549
f 1564/1725/1564 1565/1726/1565 1549/1710/1549
f 1560/1721/1560 1566/1727/1566 1563/1724/1563
f 1563/1724/1563 1518/1674/1518 1567/1728/1567
f 1566/1727/1566 1560/1721/1560 1568/1729/1568
f 1569/1730/1569 1559/1720/1559 1115/1225/1115
f 1569/1730/1569 1564/1725/1564 1561/1722/1561
f 1569/1730/1569 1565/1726/1565 1564/1725/1564
f 1563/1724/1563 1566/1727/1566 1518/1674/1518
f 1568/1729/1568 1570/1731/1570 1566/1727/1566
f 1115/1225/1115 1118/1228/1118 1565/1726/1565
f 1565/1726/1565 1547/1708/1547 1549/1710/1549
f 1115/1225/1115 1565/1726/1565 1569/1730/1569
f 1118/1228/1118 1547/1708/1547 1565/1726/1565
f 1564/1725/1564 1562/1723/1562 1561/1722/1561
f 1568/1729/1568 1560/1721/1560 1562/1723/1562
f 1559/1732/1559 1557/1718/1557 1571/1733/1571
f 1558/1734/1558 1571/1733/1571 1136/1246/1136
f 1571/1733/1571 1558/1734/1558 1559/1732/1559
f 1572/1735/1572 1557/1718/1557 1559/1732/1559
f 1559/1720/1559 1569/1730/1569 1572/1736/1572
f 1572/1736/1572 1569/1730/1569 1561/1722/1561
f 1561/1722/1561 1563/1724/1563 1567/1728/1567
f 1561/1722/1561 1567/1728/1567 1572/1736/1572
f 1567/1737/1567 1555/1716/1555 1557/1718/1557
f 1567/1737/1567 1557/1718/1557 1572/1735/1572
f 1550/1711/1550 1573/1738/1573 1568/1729/1568
f 1550/1711/1550 1568/1729/1568 1549/1710/1549
f 1550/1711/1550 1574/1739/1574 1573/1738/1573
f 1562/1723/1562 1549/1710/1549 1568/1729/1568
f 1575/1740/1575 1573/1738/1573 1574/1739/1574
f 1550/1711/1550 1553/1714/1553 1574/1739/1574
f 1570/1731/1570 1568/1729/1568 1573/1738/1573
f 1576/1741/1576 1571/1733/1571 1557/1718/1557
f 1571/1733/1571 1576/1741/1576 1136/1246/1136
f 1527/1686/1527 1577/1742/1577 1556/1717/1556
f 1556/1717/1556 1578/1743/1578 1557/1718/1557
f 1577/1742/1577 1578/1743/1578 1556/1717/1556
f 1578/1743/1578 1579/1744/1579 1580/1745/1580
f 1577/1742/1577 1579/1744/1579 1578/1743/1578
f 1578/1743/1578 1576/1741/1576 1557/1718/1557
f 1578/1743/1578 1140/1250/1140 1576/1741/1576
f 1527/1686/1527 1525/1684/1525 1577/1742/1577
f 1525/1684/1525 1581/1746/1581 1577/1742/1577
f 1577/1742/1577 1581/1746/1581 1579/1744/1579
f 1582/1747/1582 1583/1748/1583 1584/1749/1584
f 1583/1748/1583 1585/1750/1585 1584/1749/1584
f 1585/1750/1585 1581/1746/1581 1584/1749/1584
f 1579/1744/1579 1581/1746/1581 1586/1751/1586
f 1585/1750/1585 1586/1751/1586 1581/1746/1581
f 1586/1751/1586 1580/1745/1580 1579/1744/1579
f 1578/1743/1578 1580/1745/1580 1140/1250/1140
f 1582/1747/1582 1439/1584/1439 1583/1748/1583
f 1584/1749/1584 1581/1746/1581 1525/1684/1525
f 1525/1684/1525 1582/1747/1582 1584/1749/1584
f 1583/1748/1583 1451/1597/1451 1228/1346/1228
f 1585/1750/1585 1583/1748/1583 1587/1752/1587
f 1588/1753/1588 1589/1754/1589 1590/1755/1590
f 1036/1137/1036 1588/1753/1588 1002/1103/1002
f 1591/1756/1591 1588/1753/1588 1036/1137/1036
f 1592/1757/1592 1593/1758/1593 1594/1759/1594
f 1595/1760/1595 1596/1761/1596 1038/1139/1038
f 1595/1760/1595 1597/1762/1597 1596/1761/1596
f 1598/1763/1598 1597/1762/1597 1595/1760/1595
f 1128/1238/1128 1599/1764/1599 1129/1239/1129
f 1600/1765/1600 1592/1757/1592 1601/1766/1601
f 1602/1767/1602 1593/1758/1593 1592/1757/1592
f 1593/1758/1593 1597/1762/1597 1594/1759/1594
f 1596/1761/1596 1597/1762/1597 1593/1758/1593
f 1594/1759/1594 1597/1762/1597 1603/1768/1603
f 1599/1764/1599 1596/1761/1596 1593/1758/1593
f 1592/1757/1592 1553/1714/1553 1602/1767/1602
f 1595/1760/1595 1038/1139/1038 1604/1769/1604
f 1592/1757/1592 1594/1759/1594 1601/1766/1601
f 1604/1769/1604 1598/1763/1598 1595/1760/1595
f 1599/1764/1599 1593/1758/1593 1605/1770/1605
f 1602/1767/1602 1605/1770/1605 1593/1758/1593
f 1003/1104/1003 1002/1103/1002 1604/1769/1604
f 1129/1239/1129 1599/1764/1599 1605/1770/1605
f 1600/1765/1600 1606/1771/1606 1592/1757/1592
f 1607/1772/1607 1608/1773/1608 1609/1774/1609
f 1002/1103/1002 1588/1753/1588 1590/1755/1590
f 1610/1775/1610 1611/1776/1611 1612/1777/1612
f 1611/1776/1611 1590/1755/1590 1612/1777/1612
f 1611/1776/1611 1610/1775/1610 1613/1778/1613
f 1610/1775/1610 1614/1779/1614 1615/1780/1615
f 1613/1778/1613 1610/1775/1610 1615/1780/1615
f 1610/1775/1610 1616/1781/1616 1614/1779/1614
f 1617/1782/1617 1618/1783/1618 1619/1784/1619
f 1620/1785/1620 1608/1773/1608 1607/1772/1607
f 1615/1780/1615 1614/1779/1614 1621/1786/1621
f 1598/1763/1598 1604/1769/1604 1611/1776/1611
f 1002/1103/1002 1590/1755/1590 1611/1776/1611
f 1002/1103/1002 1611/1776/1611 1604/1769/1604
f 1598/1763/1598 1620/1785/1620 1597/1762/1597
f 1613/1778/1613 1598/1763/1598 1611/1776/1611
f 1594/1759/1594 1603/1768/1603 1607/1772/1607
f 1608/1773/1608 1622/1787/1622 1623/1788/1623
f 1608/1773/1608 1623/1788/1623 1609/1774/1609
f 1615/1780/1615 1620/1785/1620 1613/1778/1613
f 1620/1785/1620 1598/1763/1598 1613/1778/1613
f 1620/1785/1620 1603/1768/1603 1597/1762/1597
f 1624/1789/1624 1622/1787/1622 1621/1786/1621
f 1615/1780/1615 1621/1786/1621 1608/1773/1608
f 1622/1787/1622 1608/1773/1608 1621/1786/1621
f 1614/1779/1614 1625/1790/1625 1621/1786/1621
f 1626/1791/1626 1627/1792/1627 1612/1777/1612
f 1614/1779/1614 1628/1793/1628 1625/1790/1625
f 1607/1772/1607 1603/1768/1603 1620/1785/1620
f 1627/1792/1627 1616/1781/1616 1612/1777/1612
f 1616/1781/1616 1629/1794/1629 1614/1779/1614
f 1610/1775/1610 1612/1777/1612 1616/1781/1616
f 1619/1784/1619 1630/1795/1630 1628/1793/1628
f 1621/1786/1621 1625/1790/1625 1624/1789/1624
f 1629/1794/1629 1628/1793/1628 1614/1779/1614
f 216/242/216 1627/1792/1627 1626/1791/1626
f 1630/1795/1630 1625/1790/1625 1628/1793/1628
f 1616/1781/1616 1627/1792/1627 1629/1794/1629
f 1590/1755/1590 1631/1796/1631 1612/1777/1612
f 1627/1792/1627 216/242/216 1617/1782/1617
f 1627/1792/1627 1617/1782/1617 1629/1794/1629
f 1632/1797/1632 1619/1784/1619 1618/1783/1618
f 1619/1784/1619 1628/1793/1628 1629/1794/1629
f 1619/1784/1619 1629/1794/1629 1617/1782/1617
f 1632/1797/1632 1618/1783/1618 1633/1798/1633
f 1607/1772/1607 1634/1799/1634 1594/1759/1594
f 1601/1766/1601 1594/1759/1594 1634/1799/1634
f 1590/1755/1590 1589/1754/1589 1631/1796/1631
f 1635/1800/1635 1636/1801/1636 1637/1802/1637
f 1638/1803/1638 1639/1804/1639 1632/1797/1632
f 1640/1805/1640 1641/1806/1641 1638/1803/1638
f 1638/1803/1638 1633/1798/1633 1640/1805/1640
f 1642/1807/1642 1643/1808/1643 1639/1804/1639
f 1644/1809/1644 1632/1797/1632 1643/1808/1643
f 1635/1800/1635 1643/1808/1643 1645/1810/1645
f 1646/1811/1646 1641/1806/1641 1640/1805/1640
f 1639/1804/1639 1638/1803/1638 1641/1806/1641
f 433/468/433 1646/1811/1646 1640/1805/1640
f 1639/1804/1639 1643/1808/1643 1632/1797/1632
f 1638/1803/1638 1632/1797/1632 1633/1798/1633
f 1640/1805/1640 1633/1798/1633 1647/1812/1647
f 1648/1813/1648 1649/1814/1649 1650/1815/1650
f 1651/1816/1651 1652/1817/1652 1653/1818/1653
f 1651/1816/1651 1649/1814/1649 1654/1819/1654
f 1655/1820/1655 1656/1821/1656 1654/1819/1654
f 1657/1822/1657 1652/1817/1652 1658/1823/1658
f 1655/1820/1655 1659/1824/1659 1660/1825/1660
f 1639/1804/1639 1661/1826/1661 1658/1823/1658
f 1662/1827/1662 1663/1828/1663 1664/1829/1664
f 1665/1830/1665 1652/1817/1652 1666/1831/1666
f 1645/1810/1645 1655/1820/1655 1636/1801/1636
f 1609/1774/1609 1648/1813/1648 1667/1832/1667
f 1660/1825/1660 1659/1824/1659 1666/1831/1666
f 1659/1824/1659 1655/1820/1655 1645/1810/1645
f 1668/1833/1668 1669/1834/1669 1657/1822/1657
f 1670/1835/1670 1671/1836/1671 1672/1837/1672
f 1667/1832/1667 1673/1838/1673 1674/1839/1674
f 1648/1813/1648 1609/1774/1609 1623/1788/1623
f 1529/1688/1529 1673/1838/1673 1672/1837/1672
f 1649/1814/1649 1648/1813/1648 1654/1819/1654
f 1667/1832/1667 1648/1813/1648 1670/1835/1670
f 1641/1806/1641 1646/1811/1646 1662/1827/1662
f 1636/1801/1636 1655/1820/1655 1654/1819/1654
f 1624/1789/1624 1648/1813/1648 1623/1788/1623
f 1654/1819/1654 1648/1813/1648 1624/1789/1624
f 1672/1837/1672 1667/1832/1667 1670/1835/1670
f 1642/1807/1642 1658/1823/1658 1645/1810/1645
f 1657/1822/1657 1669/1834/1669 1652/1817/1652
f 1657/1822/1657 1675/1840/1675 1668/1833/1668
f 1656/1821/1656 1666/1831/1666 1654/1819/1654
f 1652/1817/1652 1651/1816/1651 1666/1831/1666
f 1676/1841/1676 1675/1840/1675 1664/1829/1664
f 1645/1810/1645 1658/1823/1658 1665/1830/1665
f 1657/1822/1657 1661/1826/1661 1664/1829/1664
f 1662/1827/1662 1664/1829/1664 1661/1826/1661
f 1651/1816/1651 1654/1819/1654 1666/1831/1666
f 1665/1830/1665 1666/1831/1666 1659/1824/1659
f 1656/1821/1656 1655/1820/1655 1660/1825/1660
f 1671/1836/1671 1650/1815/1650 1649/1814/1649
f 1677/1842/1677 1675/1840/1675 1676/1841/1676
f 1639/1804/1639 1658/1823/1658 1642/1807/1642
f 1658/1823/1658 1661/1826/1661 1657/1822/1657
f 1658/1823/1658 1652/1817/1652 1665/1830/1665
f 1664/1829/1664 1675/1840/1675 1657/1822/1657
f 1676/1841/1676 1664/1829/1664 1663/1828/1663
f 1639/1804/1639 1641/1806/1641 1661/1826/1661
f 1651/1816/1651 1653/1818/1653 1649/1814/1649
f 1671/1836/1671 1649/1814/1649 1653/1818/1653
f 1672/1837/1672 1671/1836/1671 1678/1843/1678
f 1671/1836/1671 1653/1818/1653 1678/1843/1678
f 1624/1789/1624 1637/1802/1637 1636/1801/1636
f 1670/1835/1670 1650/1815/1650 1671/1836/1671
f 1648/1813/1648 1650/1815/1650 1670/1835/1670
f 1515/1671/1515 1520/1676/1520 1518/1674/1518
f 1656/1821/1656 1660/1825/1660 1666/1831/1666
f 1645/1810/1645 1665/1830/1665 1659/1824/1659
f 1679/1844/1679 1652/1817/1652 1669/1834/1669
f 1668/1833/1668 1679/1844/1679 1669/1834/1669
f 1673/1838/1673 1667/1832/1667 1672/1837/1672
f 1662/1827/1662 1646/1811/1646 1663/1828/1663
f 1662/1827/1662 1661/1826/1661 1641/1806/1641
f 1680/1845/1680 1681/1846/1681 456/491/456
f 1680/1845/1680 456/491/456 1682/1847/1682
f 1681/1846/1681 1680/1845/1680 1663/1828/1663
f 1646/1811/1646 1683/1848/1683 1681/1846/1681
f 1684/1849/1684 1685/1850/1685 1676/1841/1676
f 1686/1851/1686 1687/1852/1687 1682/1847/1682
f 1688/1853/1688 1685/1850/1685 1684/1849/1684
f 1689/1854/1689 1663/1828/1663 1680/1845/1680
f 1689/1854/1689 1676/1841/1676 1663/1828/1663
f 1676/1841/1676 1689/1854/1689 1684/1849/1684
f 1687/1852/1687 1688/1853/1688 1680/1845/1680
f 1680/1845/1680 1682/1847/1682 1687/1852/1687
f 1688/1853/1688 1684/1849/1684 1680/1845/1680
f 1684/1849/1684 1689/1854/1689 1680/1845/1680
f 1674/1839/1674 1690/1855/1690 1600/1765/1600
f 1624/1789/1624 1636/1801/1636 1654/1819/1654
f 1673/1838/1673 1690/1855/1690 1674/1839/1674
f 1635/1800/1635 1645/1810/1645 1636/1801/1636
f 1643/1808/1643 1642/1807/1642 1645/1810/1645
f 1646/1811/1646 1681/1846/1681 1663/1828/1663
f 1691/1856/1691 1692/1857/1692 1693/1858/1693
f 1694/1859/1694 1695/1860/1695 1696/1861/1696
f 1697/1862/1697 1698/1863/1698 1692/1857/1692
f 1699/1864/1699 1700/1865/1700 1701/1866/1701
f 1702/1867/1702 1699/1864/1699 1703/1868/1703
f 1704/1869/1704 1705/1870/1705 1706/1871/1706
f 1707/1872/1707 1708/1873/1708 1705/1870/1705
f 1705/1870/1705 1709/1874/1709 1706/1871/1706
f 1705/1870/1705 1708/1873/1708 1709/1874/1709
f 1707/1872/1707 1710/1875/1710 1711/1876/1711
f 1712/1877/1712 1695/1860/1695 1698/1878/1698
f 1706/1871/1706 1712/1877/1712 1697/1879/1697
f 1706/1871/1706 1697/1879/1697 1713/1880/1713
f 1709/1874/1709 1696/1861/1696 1712/1877/1712
f 1714/1881/1714 1709/1874/1709 1708/1873/1708
f 1692/1857/1692 1698/1863/1698 1693/1858/1693
f 1698/1878/1698 1694/1859/1694 1693/1882/1693
f 1694/1859/1694 1696/1861/1696 1702/1867/1702
f 1702/1867/1702 1715/1883/1715 1694/1859/1694
f 1695/1860/1695 1712/1877/1712 1696/1861/1696
f 1695/1860/1695 1694/1859/1694 1698/1878/1698
f 1710/1875/1710 1716/1884/1716 1711/1876/1711
f 1710/1875/1710 1532/1691/1532 1716/1884/1716
f 1704/1869/1704 1710/1875/1710 1707/1872/1707
f 1696/1861/1696 1709/1874/1709 1700/1865/1700
f 1699/1864/1699 1702/1867/1702 1700/1865/1700
f 1700/1865/1700 1709/1874/1709 1714/1881/1714
f 1700/1865/1700 1702/1867/1702 1696/1861/1696
f 1704/1869/1704 1706/1871/1706 1713/1880/1713
f 1707/1872/1707 1705/1870/1705 1704/1869/1704
f 1532/1691/1532 1710/1875/1710 1704/1869/1704
f 1706/1871/1706 1709/1874/1709 1712/1877/1712
f 1693/1858/1693 1717/1885/1717 1691/1856/1691
f 1543/1704/1543 1713/1886/1713 1697/1887/1697
f 1692/1888/1692 1543/1704/1543 1697/1887/1697
f 1697/1879/1697 1712/1877/1712 1698/1878/1698
f 1718/1889/1718 1472/1624/1472 1691/1890/1691
f 1543/1704/1543 1692/1888/1692 1691/1890/1691
f 1543/1704/1543 1691/1890/1691 1472/1624/1472
f 1691/1856/1691 1717/1885/1717 1718/1891/1718
f 1718/1891/1718 1717/1885/1717 1719/1892/1719
f 1541/1701/1541 1672/1837/1672 1720/1893/1720
f 1677/1842/1677 1703/1868/1703 1699/1864/1699
f 1701/1866/1701 1714/1881/1714 1668/1833/1668
f 1700/1865/1700 1714/1881/1714 1701/1866/1701
f 1677/1842/1677 1699/1864/1699 1701/1866/1701
f 1711/1876/1711 1716/1884/1716 1721/1894/1721
f 1716/1884/1716 1720/1893/1720 1721/1894/1721
f 1720/1893/1720 1716/1884/1716 1722/1895/1722
f 1708/1873/1708 1707/1872/1707 1711/1876/1711
f 1541/1701/1541 1720/1893/1720 1722/1895/1722
f 1714/1881/1714 1708/1873/1708 1679/1844/1679
f 1473/1625/1473 1472/1624/1472 1723/1896/1723
f 1723/1897/1723 1719/1892/1719 1724/1898/1724
f 1725/1899/1725 1723/1897/1723 1724/1898/1724
f 1723/1896/1723 1472/1624/1472 1718/1889/1718
f 1723/1896/1723 1725/1900/1725 1473/1625/1473
f 1491/1901/1491 1725/1899/1725 1724/1898/1724
f 1719/1892/1719 1726/1902/1726 1727/1903/1727
f 1728/1904/1728 1729/1905/1729 1730/1906/1730
f 1731/1907/1731 1732/1908/1732 1727/1903/1727
f 1732/1908/1732 1719/1892/1719 1727/1903/1727
f 1719/1892/1719 1732/1908/1732 1733/1909/1733
f 1497/1649/1497 1724/1898/1724 1733/1909/1733
f 1729/1905/1729 1734/1910/1734 1733/1909/1733
f 1732/1908/1732 1729/1905/1729 1733/1909/1733
f 1729/1905/1729 1728/1904/1728 1735/1911/1735
f 1735/1911/1735 1734/1910/1734 1729/1905/1729
f 1730/1906/1730 1729/1905/1729 1732/1908/1732
f 1733/1909/1733 1734/1910/1734 1736/1912/1736
f 1719/1892/1719 1717/1885/1717 1726/1902/1726
f 1719/1892/1719 1733/1909/1733 1724/1898/1724
f 1719/1892/1719 1723/1897/1723 1718/1891/1718
f 1703/1868/1703 1737/1913/1737 1702/1867/1702
f 1736/1912/1736 1734/1910/1734 1502/1657/1502
f 1733/1909/1733 1736/1912/1736 1497/1649/1497
f 1738/1914/1738 1739/1915/1739 1740/1916/1740
f 1741/1917/1741 1739/1915/1739 1742/1918/1742
f 1742/1918/1742 1743/1919/1743 1744/1920/1744
f 1745/1921/1745 1742/1918/1742 1746/1922/1746
f 1745/1921/1745 1741/1917/1741 1742/1918/1742
f 1747/1923/1747 1748/1924/1748 464/499/464
f 1749/1925/1749 1741/1917/1741 1745/1921/1745
f 1740/1916/1740 1739/1915/1739 1741/1917/1741
f 1750/1926/1750 1745/1921/1745 1746/1922/1746
f 465/500/465 464/499/464 1748/1924/1748
f 1749/1925/1749 465/500/465 1748/1924/1748
f 1751/1927/1751 1744/1920/1744 1752/1928/1752
f 1752/1928/1752 1715/1883/1715 1751/1927/1751
f 1737/1913/1737 1753/1929/1753 1746/1922/1746
f 1751/1927/1751 1737/1913/1737 1746/1922/1746
f 1741/1917/1741 1748/1924/1748 1740/1916/1740
f 1750/1926/1750 1746/1922/1746 1753/1929/1753
f 1742/1918/1742 1744/1920/1744 1746/1922/1746
f 1738/1914/1738 1740/1916/1740 1747/1923/1747
f 1748/1924/1748 1747/1923/1747 1740/1916/1740
f 1754/1930/1754 1738/1914/1738 1747/1923/1747
f 1755/1931/1755 1749/1925/1749 1750/1926/1750
f 465/500/465 1749/1925/1749 1755/1931/1755
f 1750/1926/1750 1749/1925/1749 1745/1921/1745
f 1749/1925/1749 1748/1924/1748 1741/1917/1741
f 1756/1932/1756 1757/1933/1757 1758/1934/1758
f 1758/1935/1758 1752/1928/1752 1756/1936/1756
f 1739/1915/1739 1759/1937/1759 1743/1919/1743
f 1760/1938/1760 1761/1939/1761 1762/1940/1762
f 1739/1915/1739 1743/1919/1743 1742/1918/1742
f 1746/1922/1746 1744/1920/1744 1751/1927/1751
f 1763/1941/1763 1764/1942/1764 1765/1943/1765
f 1766/1944/1766 1759/1945/1759 1739/1946/1739
f 1739/1946/1739 1738/1947/1738 1764/1942/1764
f 1763/1941/1763 1762/1940/1762 1761/1939/1761
f 1763/1941/1763 1761/1939/1761 1766/1944/1766
f 1738/1947/1738 1767/1948/1767 1764/1942/1764
f 1767/1949/1767 1738/1914/1738 1754/1930/1754
f 1764/1942/1764 1763/1941/1763 1766/1944/1766
f 1760/1938/1760 1762/1940/1762 1768/1950/1768
f 1739/1946/1739 1764/1942/1764 1766/1944/1766
f 476/524/476 1764/1942/1764 1767/1948/1767
f 1765/1943/1765 1764/1942/1764 479/514/479
f 476/524/476 479/514/479 1764/1942/1764
f 1763/1941/1763 1765/1943/1765 1769/1951/1769
f 1769/1951/1769 1765/1943/1765 1770/1952/1770
f 1726/1902/1726 1757/1933/1757 1768/1950/1768
f 1731/1907/1731 1771/1953/1771 1772/1954/1772
f 1771/1953/1771 1768/1950/1768 1773/1955/1773
f 1771/1953/1771 1726/1902/1726 1768/1950/1768
f 1762/1940/1762 1763/1941/1763 1773/1955/1773
f 1763/1941/1763 1769/1951/1769 1773/1955/1773
f 1773/1955/1773 1769/1951/1769 1774/1956/1774
f 1762/1940/1762 1773/1955/1773 1768/1950/1768
f 1772/1954/1772 1775/1957/1775 1730/1906/1730
f 1769/1951/1769 1770/1952/1770 1776/1958/1776
f 1769/1951/1769 1776/1958/1776 1777/1959/1777
f 1771/1953/1771 1773/1955/1773 1774/1956/1774
f 1777/1959/1777 1774/1956/1774 1769/1951/1769
f 1777/1959/1777 1772/1954/1772 1774/1956/1774
f 1777/1959/1777 1775/1957/1775 1772/1954/1772
f 1730/1906/1730 1775/1957/1775 1728/1904/1728
f 1771/1953/1771 1774/1956/1774 1772/1954/1772
f 1765/1943/1765 488/526/488 1770/1952/1770
f 1758/1935/1758 1778/1960/1778 1752/1928/1752
f 1768/1950/1768 1756/1932/1756 1760/1938/1760
f 1768/1950/1768 1757/1933/1757 1756/1932/1756
f 1761/1939/1761 1759/1945/1759 1766/1944/1766
f 479/514/479 488/526/488 1765/1943/1765
f 1631/1796/1631 202/228/202 1779/1961/1779
f 1415/1559/1415 1780/1962/1780 1781/1963/1781
f 1781/1964/1781 1780/1965/1780 1782/1966/1782
f 1783/1967/1783 1784/1968/1784 1785/1969/1785
f 1786/1970/1786 1787/1971/1787 1788/1972/1788
f 1789/1973/1789 1790/1974/1790 1786/1970/1786
f 1783/1967/1783 1785/1969/1785 1787/1971/1787
f 1783/1967/1783 1787/1971/1787 1780/1965/1780
f 1787/1971/1787 1782/1966/1782 1780/1965/1780
f 839/915/839 1791/1975/1791 845/921/845
f 1786/1970/1786 1782/1966/1782 1787/1971/1787
f 1790/1974/1790 823/898/823 1792/1976/1792
f 1790/1974/1790 825/901/825 1782/1966/1782
f 1782/1966/1782 825/901/825 1793/1977/1793
f 1782/1966/1782 1793/1977/1793 1781/1964/1781
f 1789/1973/1789 1786/1970/1786 1794/1978/1794
f 1782/1966/1782 1786/1970/1786 1790/1974/1790
f 825/901/825 1790/1974/1790 1792/1976/1792
f 1794/1978/1794 1795/1979/1795 1789/1973/1789
f 1795/1979/1795 1796/1980/1796 1791/1975/1791
f 1796/1980/1796 845/921/845 1791/1975/1791
f 1795/1979/1795 1791/1975/1791 1789/1973/1789
f 1785/1969/1785 1784/1968/1784 1797/1981/1797
f 1788/1972/1788 1794/1978/1794 1786/1970/1786
f 1785/1969/1785 1794/1978/1794 1788/1972/1788
f 1785/1969/1785 1788/1972/1788 1787/1971/1787
f 1798/1982/1798 1799/1983/1799 1800/1984/1800
f 1801/1985/1801 1800/1984/1800 1799/1983/1799
f 1799/1983/1799 1802/1986/1802 1801/1985/1801
f 1803/1987/1803 1804/1988/1804 1800/1984/1800
f 1803/1987/1803 1800/1984/1800 1801/1985/1801
f 1805/1989/1805 1798/1982/1798 1806/1990/1806
f 1806/1990/1806 1798/1982/1798 1807/1991/1807
f 1806/1990/1806 1807/1991/1807 1808/1992/1808
f 1798/1982/1798 1804/1988/1804 1807/1991/1807
f 1809/1993/1809 1810/1994/1810 1811/1995/1811
f 1812/1996/1812 1811/1995/1811 1810/1994/1810
f 1813/1997/1813 1814/1998/1814 1811/1995/1811
f 1815/1999/1815 1813/1997/1813 1811/1995/1811
f 1811/1995/1811 1814/1998/1814 1809/1993/1809
f 1805/1989/1805 1815/1999/1815 1816/2000/1816
f 1811/1995/1811 1812/1996/1812 1815/1999/1815
f 1816/2000/1816 1817/2001/1817 1799/1983/1799
f 1812/1996/1812 1818/2002/1818 1815/1999/1815
f 1819/2003/1819 1815/1999/1815 1805/1989/1805
f 1813/1997/1813 1815/1999/1815 1819/2003/1819
f 1819/2003/1819 1805/1989/1805 1820/2004/1820
f 1821/2005/1821 1805/1989/1805 1806/1990/1806
f 1816/2000/1816 1818/2002/1818 1817/2001/1817
f 1815/1999/1815 1818/2002/1818 1816/2000/1816
f 1812/1996/1812 1810/1994/1810 1795/1979/1795
f 1821/2005/1821 1820/2004/1820 1805/1989/1805
f 1809/1993/1809 1822/2006/1822 1823/2007/1823
f 1809/1993/1809 1823/2007/1823 1810/1994/1810
f 1816/2000/1816 1798/1982/1798 1805/1989/1805
f 1824/2008/1824 1825/2009/1825 1826/2010/1826
f 1827/2011/1827 1824/2008/1824 1826/2010/1826
f 1825/2009/1825 1828/2012/1828 1826/2010/1826
f 1827/2011/1827 1820/2004/1820 1821/2005/1821
f 1827/2011/1827 1826/2010/1826 1820/2004/1820
f 1800/1984/1800 1804/1988/1804 1798/1982/1798
f 1821/2005/1821 1806/1990/1806 1808/1992/1808
f 1816/2000/1816 1799/1983/1799 1798/1982/1798
f 1799/1983/1799 1817/2001/1817 1802/1986/1802
f 1829/2013/1829 1813/1997/1813 1819/2003/1819
f 1830/2014/1830 1831/2015/1831 1832/2016/1832
f 1833/2017/1833 1834/2018/1834 1835/2019/1835
f 1835/2019/1835 1834/2018/1834 1832/2016/1832
f 1807/1991/1807 1834/2018/1834 1808/1992/1808
f 1834/2018/1834 1833/2017/1833 1808/1992/1808
f 1830/2014/1830 1832/2016/1832 1836/2020/1836
f 1831/2015/1831 1837/2021/1837 1838/2022/1838
f 1839/2023/1839 1830/2014/1830 1836/2020/1836
f 1434/1579/1434 1435/1580/1435 1839/2023/1839
f 1839/2023/1839 1840/2024/1840 1830/2014/1830
f 1836/2020/1836 1804/1988/1804 1434/1579/1434
f 1836/2020/1836 1434/1579/1434 1839/2023/1839
f 1807/1991/1807 1832/2016/1832 1834/2018/1834
f 1832/2016/1832 1831/2015/1831 1838/2022/1838
f 1435/1580/1435 1840/2024/1840 1839/2023/1839
f 1835/2019/1835 1832/2016/1832 1838/2022/1838
f 1835/2019/1835 1838/2022/1838 1837/2021/1837
f 1830/2014/1830 1841/2025/1841 1831/2015/1831
f 1842/2026/1842 1843/2027/1843 1844/2028/1844
f 1845/2029/1845 1841/2025/1841 1830/2014/1830
f 1833/2017/1833 1846/2030/1846 1847/2031/1847
f 1845/2029/1845 1848/2032/1848 1842/2026/1842
f 1849/2033/1849 1845/2029/1845 1850/2034/1850
f 1847/2031/1847 1846/2030/1846 1851/2035/1851
f 1842/2026/1842 1844/2028/1844 1850/2034/1850
f 1849/2033/1849 1850/2034/1850 1844/2028/1844
f 1852/2036/1852 1847/2031/1847 1853/2037/1853
f 1852/2036/1852 1853/2037/1853 1854/2038/1854
f 1849/2033/1849 1846/2030/1846 1841/2025/1841
f 1846/2030/1846 1849/2033/1849 1851/2035/1851
f 1847/2031/1847 1851/2035/1851 1853/2037/1853
f 1845/2029/1845 1849/2033/1849 1841/2025/1841
f 1833/2017/1833 1847/2031/1847 1855/2039/1855
f 1840/2024/1840 1848/2032/1848 1845/2029/1845
f 1837/2021/1837 1841/2025/1841 1846/2030/1846
f 1837/2021/1837 1846/2030/1846 1833/2017/1833
f 1842/2026/1842 1850/2034/1850 1845/2029/1845
f 1845/2029/1845 1830/2014/1830 1840/2024/1840
f 1852/2036/1852 1855/2039/1855 1847/2031/1847
f 1852/2036/1852 1856/2040/1856 1857/2041/1857
f 1858/2042/1858 1859/2043/1859 1857/2041/1857
f 1857/2041/1857 1859/2043/1859 1852/2036/1852
f 1841/2025/1841 1837/2021/1837 1831/2015/1831
f 1808/1992/1808 1833/2017/1833 1855/2039/1855
f 1833/2017/1833 1835/2019/1835 1837/2021/1837
f 1860/2044/1860 1217/1335/1217 1216/1334/1216
f 1861/2045/1861 1862/2046/1862 1860/2044/1860
f 1459/1608/1459 1863/2047/1863 1238/1359/1238
f 1864/2048/1864 1861/2045/1861 1860/2044/1860
f 1861/2045/1861 1864/2048/1864 1865/2049/1865
f 1866/2050/1866 1867/2051/1867 1868/2052/1868
f 1868/2052/1868 1867/2051/1867 1865/2049/1865
f 1851/2035/1851 1869/2053/1869 1870/2054/1870
f 1869/2053/1869 1866/2050/1866 1871/2055/1871
f 1869/2053/1869 1867/2051/1867 1866/2050/1866
f 1865/2049/1865 1872/2056/1872 1863/2047/1863
f 1867/2051/1867 1861/2045/1861 1865/2049/1865
f 1868/2052/1868 1865/2049/1865 1873/2057/1873
f 1874/2058/1874 1250/1374/1250 1872/2056/1872
f 1238/1359/1238 1863/2047/1863 1872/2056/1872
f 1875/2059/1875 1873/2057/1873 1863/2047/1863
f 1865/2049/1865 1863/2047/1863 1873/2057/1873
f 1862/2046/1862 1861/2045/1861 1843/2027/1843
f 1864/2048/1864 1874/2058/1874 1865/2049/1865
f 1872/2056/1872 1865/2049/1865 1874/2058/1874
f 1876/2060/1876 1877/2061/1877 1878/2062/1878
f 1879/2063/1879 1871/2055/1871 1880/2064/1880
f 1881/2065/1881 1879/2063/1879 1880/2064/1880
f 1871/2055/1871 1866/2050/1866 1882/2066/1882
f 1868/2052/1868 1883/2067/1883 1866/2050/1866
f 1877/2061/1877 1882/2066/1882 1878/2062/1878
f 1883/2067/1883 1878/2062/1878 1882/2066/1882
f 1882/2066/1882 1866/2050/1866 1883/2067/1883
f 1880/2064/1880 1882/2066/1882 1877/2061/1877
f 1884/2068/1884 1881/2065/1881 1880/2064/1880
f 1882/2066/1882 1880/2064/1880 1871/2055/1871
f 1870/2054/1870 1869/2053/1869 1871/2055/1871
f 1868/2052/1868 1873/2057/1873 1875/2059/1875
f 1870/2054/1870 1871/2055/1871 1879/2063/1879
f 1885/2069/1885 1499/1653/1499 1488/1640/1488
f 1886/2070/1886 1887/2071/1887 1885/2072/1885
f 1888/2073/1888 1889/2074/1889 1890/2075/1890
f 1891/2076/1891 1825/2009/1825 1892/2077/1892
f 1889/2074/1889 1893/2078/1893 1890/2075/1890
f 1892/2077/1892 1888/2073/1888 1890/2075/1890
f 1891/2076/1891 1892/2077/1892 1890/2075/1890
f 1889/2074/1889 1894/2079/1894 1893/2078/1893
f 1891/2076/1891 1828/2012/1828 1825/2009/1825
f 1891/2076/1891 1893/2078/1893 1828/2012/1828
f 1890/2075/1890 1893/2078/1893 1891/2076/1891
f 1895/2080/1895 1856/2040/1856 1896/2081/1896
f 1897/2082/1897 1898/2083/1898 1899/2084/1899
f 1900/2085/1900 1897/2082/1897 1899/2084/1899
f 1901/2086/1901 1902/2087/1902 1900/2085/1900
f 1902/2087/1902 1897/2082/1897 1900/2085/1900
f 1895/2080/1895 1896/2081/1896 1899/2084/1899
f 1903/2088/1903 1904/2089/1904 1886/2090/1886
f 1502/1657/1502 1905/2091/1905 1906/2092/1906
f 1903/2088/1903 1493/1658/1493 1906/2092/1906
f 1906/2092/1906 1907/2093/1907 1904/2089/1904
f 1904/2089/1904 1903/2088/1903 1906/2092/1906
f 1905/2091/1905 1907/2093/1907 1906/2092/1906
f 1908/2094/1908 1907/2093/1907 1905/2091/1905
f 1907/2093/1907 1908/2094/1908 1909/2095/1909
f 1903/2096/1903 1886/2097/1886 1885/2069/1885
f 1910/2098/1910 1907/2093/1907 1909/2095/1909
f 1910/2099/1910 1911/2100/1911 1904/2101/1904
f 1904/2089/1904 1907/2093/1907 1910/2098/1910
f 1886/2070/1886 1912/2102/1912 1887/2071/1887
f 1904/2101/1904 1912/2102/1912 1886/2070/1886
f 1912/2102/1912 1904/2101/1904 1913/2103/1913
f 1913/2103/1913 1914/2104/1914 1896/2081/1896
f 1915/2105/1915 1913/2103/1913 1896/2081/1896
f 1912/2102/1912 1915/2105/1915 1887/2071/1887
f 1904/2101/1904 1911/2100/1911 1914/2104/1914
f 1910/2099/1910 1909/2106/1909 1911/2100/1911
f 1904/2101/1904 1914/2104/1914 1913/2103/1913
f 1913/2103/1913 1915/2105/1915 1912/2102/1912
f 1900/2085/1900 1914/2104/1914 1916/2107/1916
f 1911/2100/1911 1916/2107/1916 1914/2104/1914
f 1901/2086/1901 1900/2085/1900 1916/2107/1916
f 1896/2081/1896 1914/2104/1914 1900/2085/1900
f 1917/2108/1917 1915/2105/1915 1896/2081/1896
f 1901/2086/1901 1918/2109/1918 1902/2087/1902
f 1899/2084/1899 1896/2081/1896 1900/2085/1900
f 1887/2071/1887 1915/2105/1915 1884/2068/1884
f 1901/2086/1901 1916/2107/1916 1919/2110/1919
f 1919/2110/1919 1916/2107/1916 1911/2100/1911
f 1488/1640/1488 1903/2096/1903 1885/2069/1885
f 1920/2111/1920 1921/2112/1921 1822/2006/1822
f 1823/2007/1823 1822/2006/1822 1921/2112/1921
f 1922/2113/1922 1923/2114/1923 1920/2111/1920
f 1924/2115/1924 1925/2116/1925 1814/1998/1814
f 1922/2113/1922 1920/2111/1920 1925/2116/1925
f 1926/2117/1926 1927/2118/1927 1924/2115/1924
f 1927/2118/1927 1925/2116/1925 1924/2115/1924
f 1927/2118/1927 1922/2113/1922 1925/2116/1925
f 1829/2013/1829 1928/2119/1928 1924/2115/1924
f 1929/2120/1929 1829/2013/1829 1930/2121/1930
f 1828/2012/1828 1894/2079/1894 1930/2121/1930
f 1931/2122/1931 1927/2118/1927 1932/2123/1932
f 1931/2122/1931 1922/2113/1922 1927/2118/1927
f 1933/2124/1933 1932/2123/1932 1927/2118/1927
f 1933/2124/1933 1927/2118/1927 1926/2117/1926
f 1934/2125/1934 1935/2126/1935 1936/2127/1936
f 1933/2124/1933 1936/2127/1936 1935/2126/1935
f 1926/2117/1926 1936/2127/1936 1933/2124/1933
f 1936/2127/1936 1926/2117/1926 1937/2128/1937
f 1938/2129/1938 1937/2128/1937 1939/2130/1939
f 1940/2131/1940 1938/2129/1938 1941/2132/1941
f 1942/2133/1942 1938/2129/1938 1943/2134/1943
f 1944/2135/1944 1926/2117/1926 1924/2115/1924
f 1940/2131/1940 1934/2125/1934 1938/2129/1938
f 1929/2120/1929 1939/2130/1939 1928/2119/1928
f 1939/2130/1939 1929/2120/1929 1943/2134/1943
f 1894/2079/1894 1945/2136/1945 1946/2137/1946
f 1946/2137/1946 1945/2136/1945 1947/2138/1947
f 1946/2137/1946 1929/2120/1929 1894/2079/1894
f 1938/2129/1938 1934/2125/1934 1937/2128/1937
f 1928/2119/1928 1939/2130/1939 1944/2135/1944
f 1939/2130/1939 1937/2128/1937 1944/2135/1944
f 1944/2135/1944 1937/2128/1937 1926/2117/1926
f 1928/2119/1928 1944/2135/1944 1924/2115/1924
f 1943/2134/1943 1929/2120/1929 1946/2137/1946
f 1946/2137/1946 1947/2138/1947 1943/2134/1943
f 1934/2125/1934 1936/2127/1936 1937/2128/1937
f 1941/2132/1941 1938/2129/1938 1942/2133/1942
f 1943/2134/1943 1938/2129/1938 1939/2130/1939
f 1948/2139/1948 1949/2140/1949 1931/2122/1931
f 1949/2140/1949 870/947/870 1923/2114/1923
f 1949/2140/1949 1948/2139/1948 871/948/871
f 1931/2122/1931 1949/2140/1949 1922/2113/1922
f 1949/2140/1949 1923/2114/1923 1922/2113/1922
f 871/948/871 870/947/870 1949/2140/1949
f 1932/2123/1932 1933/2124/1933 1950/2141/1950
f 1950/2141/1950 1933/2124/1933 1935/2126/1935
f 1894/2079/1894 1929/2120/1929 1930/2121/1930
f 1928/2119/1928 1829/2013/1829 1929/2120/1929
f 1950/2141/1950 1931/2122/1931 1932/2123/1932
f 1950/2141/1950 1948/2139/1948 1931/2122/1931
f 1775/1957/1775 1776/1958/1776 1951/2142/1951
f 1728/1904/1728 1952/2143/1952 1953/2144/1953
f 1775/1957/1775 1951/2142/1951 1952/2143/1952
f 1952/2143/1952 1951/2142/1951 1954/2145/1954
f 1955/2146/1955 1770/1952/1770 1956/2147/1956
f 1957/2148/1957 1958/2149/1958 1959/2150/1959
f 1960/2151/1960 1961/2152/1961 1954/2145/1954
f 1962/2153/1962 1960/2151/1960 1954/2145/1954
f 1960/2151/1960 1962/2153/1962 1959/2150/1959
f 542/590/542 1963/2154/1963 1962/2153/1962
f 1959/2150/1959 1962/2153/1962 1963/2154/1963
f 1954/2145/1954 1961/2152/1961 1952/2143/1952
f 1960/2151/1960 1958/2149/1958 1961/2152/1961
f 1956/2147/1956 1962/2153/1962 1955/2146/1955
f 1955/2146/1955 1962/2153/1962 1951/2142/1951
f 1951/2142/1951 1962/2153/1962 1954/2145/1954
f 1962/2153/1962 1956/2147/1956 542/590/542
f 1960/2151/1960 1959/2150/1959 1958/2149/1958
f 1776/1958/1776 1955/2146/1955 1951/2142/1951
f 1952/2143/1952 1961/2152/1961 1964/2155/1964
f 1965/2156/1965 1735/1911/1735 1953/2144/1953
f 1966/2157/1966 1965/2156/1965 1953/2144/1953
f 1967/2158/1967 1965/2156/1965 1966/2157/1966
f 1968/2159/1968 1967/2158/1967 1969/2160/1969
f 1968/2159/1968 1969/2160/1969 1970/2161/1970
f 1969/2160/1969 1971/2162/1971 1970/2161/1970
f 1966/2157/1966 1953/2144/1953 1964/2155/1964
f 1969/2160/1969 1966/2157/1966 1964/2155/1964
f 1967/2158/1967 1966/2157/1966 1969/2160/1969
f 1964/2155/1964 1972/2163/1972 1971/2162/1971
f 1969/2160/1969 1964/2155/1964 1971/2162/1971
f 1973/2164/1973 1970/2165/1970 1974/2166/1974
f 1975/2167/1975 1976/2168/1976 1977/2169/1977
f 1977/2169/1977 1973/2164/1973 1975/2167/1975
f 1977/2169/1977 1978/2170/1978 1973/2164/1973
f 1975/2167/1975 1979/2171/1979 1976/2168/1976
f 1974/2166/1974 1979/2171/1979 1975/2167/1975
f 1980/2172/1980 1974/2166/1974 1970/2165/1970
f 1980/2172/1980 1979/2171/1979 1974/2166/1974
f 1970/2161/1970 1971/2162/1971 1980/2173/1980
f 1974/2166/1974 1975/2167/1975 1973/2164/1973
f 1973/2164/1973 1968/2174/1968 1970/2165/1970
f 1973/2164/1973 1978/2170/1978 1968/2174/1968
f 1981/2175/1981 1971/2162/1971 1972/2163/1972
f 1961/2152/1961 1958/2149/1958 1972/2163/1972
f 1961/2152/1961 1972/2163/1972 1964/2155/1964
f 1953/2144/1953 1952/2143/1952 1964/2155/1964
f 1982/2176/1982 1983/2177/1983 1976/2168/1976
f 949/1040/949 951/1042/951 1948/2139/1948
f 1984/2178/1984 1985/2179/1985 1986/2180/1986
f 1987/2181/1987 949/1040/949 1988/2182/1988
f 1989/2183/1989 955/1049/955 1987/2181/1987
f 1988/2182/1988 1990/2184/1990 1987/2181/1987
f 1991/2185/1991 1992/2186/1992 1984/2178/1984
f 1993/2187/1993 1992/2186/1992 1991/2185/1991
f 1994/2188/1994 1995/2189/1995 1986/2180/1986
f 1985/2179/1985 1990/2184/1990 1994/2188/1994
f 1996/2190/1996 1990/2184/1990 1985/2179/1985
f 1997/2191/1997 1987/2181/1987 1990/2184/1990
f 1995/2189/1995 1983/2177/1983 1998/2192/1998
f 1996/2190/1996 1997/2191/1997 1990/2184/1990
f 1987/2181/1987 1997/2191/1997 1989/2183/1989
f 1989/2183/1989 1999/2193/1999 2000/2194/2000
f 955/1049/955 1989/2183/1989 2001/2195/2001
f 1986/2180/1986 1985/2179/1985 1994/2188/1994
f 1995/2189/1995 1991/2185/1991 1984/2178/1984
f 1984/2178/1984 1986/2180/1986 1995/2189/1995
f 1996/2190/1996 1985/2179/1985 1992/2186/1992
f 1984/2178/1984 1992/2186/1992 1985/2179/1985
f 1957/2148/1957 2002/2196/2002 2003/2197/2003
f 942/1033/942 2002/2196/2002 1957/2148/1957
f 2003/2197/2003 2002/2196/2002 1993/2198/1993
f 1981/2175/1981 1993/2198/1993 1991/2199/1991
f 1981/2175/1981 2003/2197/2003 1993/2198/1993
f 2004/2200/2004 2005/2201/2005 2006/2202/2006
f 2002/2196/2002 2004/2203/2004 1993/2198/1993
f 942/1033/942 2007/2204/2007 2002/2196/2002
f 1993/2187/1993 1999/2193/1999 1992/2186/1992
f 2007/2205/2007 2008/2206/2008 2005/2201/2005
f 2004/2200/2004 2006/2202/2006 1993/2187/1993
f 2007/2204/2007 2004/2203/2004 2002/2196/2002
f 2006/2202/2006 2005/2201/2005 2000/2194/2000
f 1999/2193/1999 2006/2202/2006 2000/2194/2000
f 949/1040/949 1948/2139/1948 1988/2182/1988
f 2001/2195/2001 1989/2183/1989 2000/2194/2000
f 9/10/9 149/167/149 10/11/10
f 3/3/3 2/2/2 138/155/138
f 20/27/20 34/42/34 21/28/21
f 255/281/255 2009/2207/2009 55/66/55
f 2009/2207/2009 255/281/255 14/16/14
f 250/276/250 255/281/255 55/66/55
f 16/30/16 24/2208/24 43/52/43
f 40/53/40 24/32/24 52/63/52
f 16/30/16 43/52/43 23/31/23
f 52/63/52 24/32/24 22/29/22
f 52/63/52 22/29/22 29/37/29
f 29/37/29 25/33/25 53/64/53
f 25/33/25 27/35/27 53/64/53
f 26/34/26 31/39/31 657/719/657
f 657/719/657 109/126/109 26/34/26
f 255/281/255 149/167/149 9/10/9
f 255/281/255 9/10/9 14/16/14
f 13/15/13 2009/2207/2009 14/16/14
f 55/66/55 58/69/58 250/276/250
f 43/52/43 24/2208/24 40/48/40
f 43/52/43 38/46/38 23/31/23
f 49/59/49 13/15/13 23/31/23
f 49/59/49 2009/2207/2009 13/15/13
f 95/112/95 41/49/41 42/51/42
f 57/68/57 275/301/275 58/69/58
f 55/66/55 2009/2207/2009 49/59/49
f 57/68/57 58/69/58 54/65/54
f 60/71/60 61/72/61 48/58/48
f 60/71/60 50/60/50 84/105/84
f 41/62/41 84/105/84 50/60/50
f 70/81/70 64/75/64 237/263/237
f 67/78/67 237/263/237 64/75/64
f 61/72/61 71/82/71 65/76/65
f 69/80/69 70/81/70 56/67/56
f 68/79/68 72/83/72 63/74/63
f 96/113/96 62/73/62 66/77/66
f 276/302/276 56/67/56 70/81/70
f 66/77/66 71/82/71 96/113/96
f 360/390/360 223/249/223 73/84/73
f 73/84/73 67/78/67 63/74/63
f 107/124/107 95/112/95 42/51/42
f 92/108/92 93/109/93 293/322/293
f 94/111/94 85/96/85 79/90/79
f 71/82/71 61/72/61 90/103/90
f 61/72/61 77/88/77 90/103/90
f 77/88/77 61/72/61 60/71/60
f 91/104/91 92/110/92 94/111/94
f 94/111/94 92/110/92 293/2209/293
f 81/92/81 95/112/95 80/91/80
f 96/113/96 68/79/68 62/73/62
f 360/390/360 73/84/73 100/117/100
f 99/116/99 100/117/100 72/83/72
f 42/51/42 53/64/53 107/124/107
f 95/112/95 106/123/106 80/91/80
f 121/138/121 116/133/116 122/139/122
f 93/109/93 114/131/114 121/138/121
f 125/142/125 124/141/124 127/144/127
f 301/331/301 127/144/127 126/143/126
f 106/123/106 95/112/95 107/124/107
f 89/100/89 114/131/114 93/109/93
f 125/142/125 127/144/127 301/331/301
f 3/3/3 138/155/138 135/152/135
f 141/158/141 148/166/148 146/164/146
f 10/11/10 149/167/149 143/160/143
f 10/11/10 138/155/138 2/2/2
f 151/169/151 145/170/145 146/2210/146
f 17/174/17 5/5/5 4/4/4
f 4/4/4 152/172/152 17/174/17
f 20/2211/20 19/173/19 155/177/155
f 130/147/130 553/601/553 154/176/154
f 153/175/153 553/601/553 130/147/130
f 148/166/148 140/157/140 188/213/188
f 157/179/157 150/168/150 256/282/256
f 159/181/159 259/285/259 2010/2212/2010
f 194/219/194 140/157/140 156/178/156
f 193/218/193 194/219/194 156/178/156
f 156/178/156 158/180/158 159/181/159
f 256/282/256 150/168/150 149/167/149
f 168/190/168 167/189/167 992/1092/992
f 177/200/177 180/2213/180 178/201/178
f 181/206/181 184/209/184 1035/1136/1035
f 184/209/184 185/210/185 195/220/195
f 181/206/181 1035/1136/1035 182/207/182
f 176/198/176 151/221/151 146/164/146
f 148/166/148 176/198/176 146/164/146
f 176/198/176 148/166/148 188/213/188
f 192/217/192 2010/2212/2010 259/285/259
f 140/157/140 194/219/194 188/213/188
f 192/217/192 193/218/193 2010/2212/2010
f 195/220/195 192/217/192 262/288/262
f 162/184/162 137/154/137 151/169/151
f 201/227/201 211/237/211 268/294/268
f 196/222/196 204/230/204 269/295/269
f 269/295/269 211/237/211 196/222/196
f 1647/1812/1647 221/247/221 424/459/424
f 220/246/220 424/459/424 221/247/221
f 221/247/221 216/242/216 218/244/218
f 206/232/206 205/231/205 1779/1961/1779
f 1779/1961/1779 205/231/205 217/243/217
f 217/243/217 216/242/216 1626/1791/1626
f 1647/1812/1647 1618/1783/1618 221/247/221
f 216/242/216 221/247/221 1618/1783/1618
f 351/381/351 234/260/234 236/262/236
f 277/303/277 237/263/237 240/266/240
f 240/266/240 231/257/231 233/259/233
f 241/267/241 236/262/236 227/253/227
f 237/263/237 67/78/67 224/250/224
f 67/78/67 73/84/73 224/250/224
f 358/388/358 220/246/220 219/245/219
f 209/235/209 358/388/358 219/245/219
f 220/246/220 358/388/358 350/380/350
f 265/291/265 232/258/232 201/227/201
f 358/388/358 209/235/209 234/260/234
f 255/281/255 250/276/250 249/275/249
f 267/293/267 195/220/195 262/288/262
f 192/217/192 263/289/263 262/288/262
f 203/229/203 1589/1754/1589 271/297/271
f 268/294/268 211/237/211 269/295/269
f 204/230/204 203/229/203 271/297/271
f 264/290/264 271/297/271 267/293/267
f 276/302/276 57/68/57 56/67/56
f 237/263/237 277/303/277 70/81/70
f 265/291/265 233/259/233 232/258/232
f 233/259/233 277/303/277 240/266/240
f 268/294/268 265/291/265 201/227/201
f 94/111/94 293/2209/293 294/326/294
f 296/325/296 2011/2214/2011 85/96/85
f 2012/2215/2012 285/311/285 292/321/292
f 359/389/359 286/312/286 331/361/331
f 359/389/359 296/325/296 286/312/286
f 359/389/359 2011/2214/2011 296/325/296
f 286/312/286 285/311/285 331/361/331
f 279/305/279 93/109/93 121/138/121
f 86/97/86 85/96/85 2011/2214/2011
f 404/438/404 2013/2216/2013 288/314/288
f 402/434/402 287/317/287 297/327/297
f 2013/2216/2013 292/321/292 288/314/288
f 2013/2216/2013 2012/2215/2012 292/321/292
f 2012/2215/2012 332/362/332 285/311/285
f 119/136/119 125/142/125 300/330/300
f 291/320/291 304/334/304 297/327/297
f 384/414/384 297/327/297 304/334/304
f 306/336/306 405/439/405 314/344/314
f 316/346/316 314/344/314 383/413/383
f 384/414/384 304/334/304 316/346/316
f 323/353/323 321/351/321 902/984/902
f 320/350/320 126/143/126 755/826/755
f 320/350/320 755/826/755 319/349/319
f 301/331/301 126/143/126 303/333/303
f 405/439/405 308/338/308 326/356/326
f 523/571/523 326/356/326 324/354/324
f 405/439/405 306/336/306 308/338/308
f 331/361/331 285/311/285 332/362/332
f 98/115/98 97/114/97 99/116/99
f 97/114/97 86/97/86 2011/2214/2011
f 359/389/359 97/114/97 2011/2214/2011
f 99/116/99 97/114/97 359/389/359
f 348/378/348 236/262/236 241/267/241
f 241/267/241 226/252/226 346/376/346
f 341/371/341 360/390/360 100/117/100
f 236/262/236 348/378/348 355/385/355
f 351/381/351 236/262/236 355/385/355
f 225/251/225 360/390/360 341/371/341
f 225/251/225 346/376/346 226/252/226
f 2012/2215/2012 357/387/357 333/363/333
f 332/362/332 2012/2215/2012 333/363/333
f 2012/2215/2012 2013/2216/2013 357/387/357
f 350/380/350 370/400/370 220/246/220
f 370/400/370 369/399/369 417/452/417
f 350/380/350 368/398/368 370/400/370
f 365/395/365 371/401/371 373/403/373
f 363/393/363 365/395/365 372/402/372
f 388/418/388 328/358/328 330/360/330
f 328/358/328 377/407/377 329/359/329
f 329/359/329 377/407/377 336/366/336
f 357/387/357 2013/2216/2013 390/420/390
f 357/387/357 388/418/388 330/360/330
f 384/414/384 402/434/402 297/327/297
f 403/436/403 287/313/287 402/437/402
f 2013/2216/2013 404/438/404 390/420/390
f 314/344/314 405/439/405 383/413/383
f 384/414/384 316/346/316 383/413/383
f 406/440/406 407/441/407 409/443/409
f 373/403/373 442/477/442 372/402/372
f 371/401/371 408/442/408 373/403/373
f 411/446/411 380/410/380 379/409/379
f 393/423/393 407/441/407 386/416/386
f 381/411/381 412/447/412 379/409/379
f 405/439/405 326/356/326 412/447/412
f 1647/1812/1647 415/450/415 1640/1805/1640
f 1647/1812/1647 424/459/424 415/450/415
f 454/489/454 422/457/422 434/469/434
f 364/394/364 363/393/363 428/463/428
f 427/462/427 453/488/453 430/465/430
f 427/462/427 422/457/422 454/489/454
f 424/459/424 413/448/413 415/450/415
f 417/452/417 416/451/416 413/448/413
f 454/489/454 453/488/453 427/462/427
f 369/399/369 418/453/418 417/452/417
f 433/468/433 414/449/414 1683/1848/1683
f 369/399/369 367/397/367 418/453/418
f 370/400/370 424/459/424 220/246/220
f 417/452/417 424/459/424 370/400/370
f 416/451/416 426/461/426 413/448/413
f 432/467/432 1683/1848/1683 414/449/414
f 2014/2217/2014 435/470/435 448/483/448
f 2014/2217/2014 436/471/436 435/470/435
f 436/471/436 2014/2217/2014 489/527/489
f 445/480/445 492/530/492 446/481/446
f 372/402/372 442/477/442 431/466/431
f 442/477/442 373/403/373 450/485/450
f 434/469/434 451/486/451 460/495/460
f 410/444/410 445/480/445 408/442/408
f 436/471/436 458/493/458 437/472/437
f 410/444/410 493/531/493 445/480/445
f 2015/2218/2015 440/475/440 446/481/446
f 373/403/373 408/442/408 450/485/450
f 437/472/437 460/495/460 451/486/451
f 440/475/440 2015/2218/2015 448/483/448
f 409/443/409 493/531/493 410/444/410
f 415/450/415 433/468/433 1640/1805/1640
f 434/469/434 452/487/452 454/489/454
f 430/465/430 453/488/453 456/491/456
f 456/491/456 432/467/432 430/465/430
f 452/487/452 434/469/434 460/495/460
f 458/493/458 460/495/460 437/472/437
f 464/499/464 461/496/461 1747/1923/1747
f 467/502/467 469/504/469 461/496/461
f 1754/1930/1754 469/504/469 1767/1949/1767
f 479/514/479 486/523/486 488/526/488
f 480/516/480 485/522/485 519/565/519
f 519/2219/519 482/518/482 474/509/474
f 482/518/482 519/2219/519 485/2220/485
f 469/504/469 476/511/476 1767/1949/1767
f 476/511/476 469/504/469 477/512/477
f 487/525/487 486/523/486 543/591/543
f 492/530/492 445/480/445 493/531/493
f 448/483/448 489/527/489 2014/2217/2014
f 436/471/436 495/533/495 473/508/473
f 448/483/448 2015/2218/2015 497/535/497
f 497/535/497 2015/2218/2015 446/481/446
f 436/471/436 489/527/489 495/533/495
f 508/554/508 411/446/411 505/543/505
f 411/446/411 379/409/379 505/543/505
f 508/550/508 407/441/407 411/445/411
f 502/540/502 525/573/525 515/561/515
f 513/559/513 514/560/514 526/574/526
f 513/559/513 525/573/525 502/540/502
f 519/565/519 518/564/518 480/516/480
f 519/2219/519 473/508/473 520/569/520
f 473/508/473 519/2219/519 474/509/474
f 480/516/480 518/564/518 486/523/486
f 543/591/543 486/523/486 518/564/518
f 518/564/518 522/570/522 543/591/543
f 525/573/525 513/559/513 526/574/526
f 516/562/516 524/572/524 514/560/514
f 524/572/524 516/562/516 412/447/412
f 523/571/523 412/447/412 326/356/326
f 538/586/538 325/355/325 327/357/327
f 538/586/538 914/1002/914 536/584/536
f 542/590/542 544/592/544 1963/2154/1963
f 541/589/541 542/590/542 1956/2147/1956
f 541/589/541 487/525/487 543/591/543
f 1956/2147/1956 487/525/487 541/589/541
f 515/561/515 533/581/533 522/570/522
f 544/592/544 540/588/540 530/578/530
f 1255/1379/1255 546/594/546 545/593/545
f 548/596/548 163/185/163 161/183/161
f 1252/1376/1252 545/593/545 548/596/548
f 1255/1379/1255 551/599/551 546/594/546
f 1252/1376/1252 548/596/548 161/183/161
f 1252/1376/1252 161/183/161 179/202/179
f 579/630/579 557/605/557 559/607/559
f 547/595/547 187/212/187 163/185/163
f 556/604/556 557/605/557 579/630/579
f 153/175/153 187/212/187 553/601/553
f 1298/1431/1298 561/609/561 550/598/550
f 550/598/550 549/597/549 1298/1431/1298
f 591/643/591 585/636/585 569/617/569
f 566/614/566 592/645/592 567/615/567
f 591/643/591 569/617/569 570/620/570
f 566/618/566 585/636/585 592/644/592
f 585/636/585 566/618/566 569/617/569
f 569/617/569 568/616/568 571/621/571
f 34/623/34 20/2211/20 580/631/580
f 155/177/155 580/631/580 20/2211/20
f 556/604/556 155/177/155 154/176/154
f 567/615/567 577/628/577 559/607/559
f 567/615/567 559/607/559 564/612/564
f 616/678/616 582/639/582 587/638/587
f 2016/2221/2016 587/638/587 590/642/590
f 584/635/584 2016/2221/2016 590/642/590
f 584/635/584 592/644/592 585/636/585
f 593/652/593 666/728/666 594/650/594
f 595/653/595 584/635/584 586/637/586
f 597/655/597 587/638/587 2016/2221/2016
f 597/655/597 616/678/616 587/638/587
f 597/655/597 2016/2221/2016 596/654/596
f 596/654/596 2016/2221/2016 584/635/584
f 599/657/599 608/666/608 600/658/600
f 605/663/605 604/662/604 634/696/634
f 591/643/591 570/620/570 607/665/607
f 593/652/593 667/729/667 666/728/666
f 575/674/575 614/673/614 593/652/593
f 593/652/593 614/673/614 667/729/667
f 613/672/613 663/734/663 612/671/612
f 609/667/609 605/663/605 624/686/624
f 622/684/622 621/683/621 685/750/685
f 583/669/583 582/639/582 616/678/616
f 600/658/600 636/698/636 601/659/601
f 601/659/601 636/698/636 603/661/603
f 629/691/629 604/662/604 603/661/603
f 619/681/619 624/686/624 623/685/623
f 653/715/653 697/763/697 652/714/652
f 651/713/651 646/708/646 650/712/650
f 631/693/631 2017/2222/2017 650/712/650
f 649/711/649 629/691/629 631/693/631
f 649/711/649 631/693/631 650/712/650
f 653/715/653 651/713/651 699/765/699
f 650/712/650 699/765/699 651/713/651
f 653/715/653 648/710/648 647/709/647
f 697/763/697 644/706/644 652/714/652
f 1411/1554/1411 2017/2222/2017 631/693/631
f 819/893/819 2017/2222/2017 1411/1554/1411
f 657/719/657 31/39/31 594/650/594
f 109/126/109 654/716/654 108/125/108
f 594/650/594 665/727/665 657/719/657
f 31/39/31 33/41/33 594/650/594
f 594/650/594 666/728/666 665/727/665
f 662/724/662 614/673/614 663/725/663
f 667/729/667 614/673/614 662/724/662
f 683/748/683 663/734/663 613/672/613
f 614/673/614 612/675/612 663/725/663
f 617/679/617 683/748/683 613/672/613
f 669/732/669 663/734/663 683/748/683
f 684/749/684 683/748/683 617/679/617
f 656/718/656 659/721/659 725/791/725
f 725/791/725 659/721/659 726/792/726
f 727/795/727 670/751/670 676/741/676
f 726/792/726 659/721/659 670/735/670
f 682/747/682 680/745/680 688/754/688
f 671/736/671 688/754/688 679/744/679
f 688/754/688 680/745/680 679/744/679
f 689/755/689 688/754/688 671/736/671
f 689/755/689 671/736/671 673/738/673
f 692/758/692 685/750/685 621/683/621
f 675/740/675 684/749/684 622/684/622
f 685/750/685 692/758/692 673/738/673
f 621/683/621 623/685/623 643/705/643
f 684/749/684 617/679/617 622/684/622
f 675/740/675 622/684/622 685/750/685
f 681/746/681 727/795/727 676/741/676
f 2018/2223/2018 688/754/688 687/753/687
f 710/776/710 2018/2223/2018 687/753/687
f 621/683/621 643/705/643 644/706/644
f 690/756/690 621/683/621 644/706/644
f 691/757/691 689/755/689 673/738/673
f 691/757/691 673/738/673 692/758/692
f 621/683/621 690/756/690 692/758/692
f 704/770/704 708/774/708 2019/2224/2019
f 708/774/708 650/712/650 2017/2222/2017
f 2019/2224/2019 708/774/708 2017/2222/2017
f 699/765/699 694/760/694 653/715/653
f 653/715/653 694/760/694 697/763/697
f 782/856/782 712/778/712 711/777/711
f 810/884/810 2019/2224/2019 819/893/819
f 810/884/810 805/879/805 2019/2224/2019
f 805/879/805 704/770/704 2019/2224/2019
f 769/843/769 709/775/709 712/778/712
f 2019/2224/2019 2017/2222/2017 819/893/819
f 702/768/702 711/777/711 703/769/703
f 111/128/111 110/127/110 716/782/716
f 660/722/660 110/127/110 105/122/105
f 660/722/660 656/718/656 723/789/723
f 656/718/656 660/722/660 654/716/654
f 656/718/656 725/791/725 723/789/723
f 764/835/764 740/2225/740 721/803/721
f 764/835/764 735/806/735 731/799/731
f 734/804/734 764/835/764 721/803/721
f 727/795/727 726/794/726 670/751/670
f 734/804/734 730/798/730 735/806/735
f 735/806/735 764/835/764 734/804/734
f 744/815/744 739/810/739 682/747/682
f 741/812/741 2018/2223/2018 747/818/747
f 741/812/741 744/815/744 2018/2223/2018
f 682/747/682 688/754/688 744/815/744
f 747/818/747 2018/2223/2018 710/776/710
f 2018/2223/2018 744/815/744 688/754/688
f 681/746/681 682/747/682 739/810/739
f 745/816/745 742/813/742 747/818/747
f 111/128/111 716/782/716 129/146/129
f 758/829/758 718/784/718 740/811/740
f 128/145/128 129/146/129 757/828/757
f 105/122/105 108/125/108 660/722/660
f 739/810/739 727/795/727 681/746/681
f 752/823/752 731/799/731 746/817/746
f 746/817/746 745/816/745 751/822/751
f 747/818/747 753/824/753 745/816/745
f 747/818/747 710/776/710 753/824/753
f 750/821/750 769/843/769 748/819/748
f 710/776/710 709/775/709 753/824/753
f 709/775/709 769/843/769 753/824/753
f 758/829/758 740/811/740 737/842/737
f 757/828/757 129/146/129 718/784/718
f 887/967/887 760/831/760 759/830/759
f 756/827/756 763/834/763 874/951/874
f 748/819/748 892/972/892 754/825/754
f 754/825/754 749/820/749 748/819/748
f 759/830/759 754/825/754 892/972/892
f 764/835/764 731/799/731 752/823/752
f 755/826/755 756/827/756 874/951/874
f 764/835/764 737/808/737 740/2225/740
f 782/856/782 779/853/779 712/778/712
f 782/856/782 711/777/711 783/857/783
f 769/843/769 712/778/712 779/853/779
f 778/852/778 777/851/777 799/873/799
f 777/851/777 783/857/783 799/873/799
f 770/844/770 772/846/772 784/858/784
f 785/859/785 784/858/784 772/846/772
f 2020/2226/2020 795/869/795 794/868/794
f 795/869/795 793/867/793 792/866/792
f 892/972/892 748/819/748 793/867/793
f 800/874/800 797/871/797 796/870/796
f 783/857/783 711/777/711 801/875/801
f 711/777/711 704/770/704 805/879/805
f 807/881/807 820/894/820 802/876/802
f 822/2227/822 796/870/796 802/876/802
f 1411/1554/1411 631/693/631 633/695/633
f 1793/2228/1793 811/885/811 816/890/816
f 818/892/818 1413/1557/1413 812/886/812
f 1413/1557/1413 818/892/818 819/893/819
f 819/893/819 1411/1554/1411 1413/1557/1413
f 1414/1558/1414 817/891/817 814/888/814
f 813/887/813 1414/1558/1414 814/888/814
f 785/859/785 772/846/772 842/2229/842
f 842/2229/842 798/872/798 800/874/800
f 842/2229/842 772/846/772 798/872/798
f 800/874/800 796/870/796 822/2227/822
f 821/895/821 831/907/831 800/896/800
f 802/876/802 820/894/820 822/2227/822
f 823/898/823 822/897/822 1792/1976/1792
f 825/901/825 820/900/820 811/2230/811
f 824/899/824 823/898/823 839/915/839
f 833/909/833 788/2231/788 842/918/842
f 788/862/788 785/859/785 842/2229/842
f 1823/2007/1823 844/920/844 838/914/838
f 1823/2007/1823 838/914/838 837/913/837
f 843/919/843 849/925/849 836/912/836
f 849/925/849 843/919/843 844/920/844
f 831/907/831 842/918/842 800/896/800
f 826/902/826 829/905/829 846/922/846
f 849/925/849 835/911/835 836/912/836
f 833/909/833 826/902/826 788/2231/788
f 789/863/789 788/862/788 791/865/791
f 826/902/826 791/926/791 788/2231/788
f 857/934/857 2021/2232/2021 855/932/855
f 786/860/786 791/865/791 852/2233/852
f 851/2234/851 794/868/794 852/2233/852
f 852/2233/852 794/868/794 786/860/786
f 862/939/862 924/1012/924 863/940/863
f 1923/2114/1923 870/947/870 864/941/864
f 951/1042/951 866/943/866 871/948/871
f 870/947/870 871/948/871 865/942/865
f 868/945/868 921/1009/921 862/939/862
f 924/1012/924 857/934/857 863/940/863
f 2021/2232/2021 857/934/857 924/1012/924
f 869/946/869 921/1009/921 868/945/868
f 924/1012/924 862/939/862 921/1009/921
f 849/925/849 864/941/864 860/937/860
f 1923/2114/1923 864/941/864 844/920/844
f 795/869/795 891/971/891 793/867/793
f 889/969/889 872/949/872 899/979/899
f 889/969/889 888/968/888 872/949/872
f 872/949/872 2020/2226/2020 858/2235/858
f 872/949/872 795/869/795 2020/2226/2020
f 851/2234/851 2020/2226/2020 794/868/794
f 902/984/902 317/347/317 875/952/875
f 875/952/875 317/347/317 319/349/319
f 905/994/905 884/964/884 890/970/890
f 876/993/876 877/957/877 884/964/884
f 877/957/877 879/956/879 884/964/884
f 884/964/884 879/956/879 883/963/883
f 890/970/890 884/964/884 882/962/882
f 892/972/892 887/967/887 759/830/759
f 892/972/892 793/867/793 891/971/891
f 891/971/891 885/965/885 892/972/892
f 886/966/886 767/838/767 760/831/760
f 760/831/760 887/967/887 886/966/886
f 874/951/874 763/834/763 881/961/881
f 886/966/886 881/960/881 763/839/763
f 896/980/896 899/979/899 893/2236/893
f 858/2235/858 899/979/899 872/949/872
f 890/970/890 889/969/889 898/981/898
f 894/974/894 893/973/893 855/932/855
f 893/2236/893 899/979/899 858/2235/858
f 893/973/893 858/935/858 855/932/855
f 858/2235/858 2020/2226/2020 851/2234/851
f 855/932/855 2021/2232/2021 894/974/894
f 902/984/902 321/351/321 317/347/317
f 902/984/902 875/952/875 876/953/876
f 905/994/905 907/992/907 884/964/884
f 327/357/327 903/985/903 916/1004/916
f 908/995/908 916/1004/916 903/985/903
f 916/1004/916 908/995/908 918/1006/918
f 918/2237/918 908/996/908 901/983/901
f 924/1012/924 894/974/894 2021/2232/2021
f 909/997/909 910/998/910 895/975/895
f 914/1002/914 534/582/534 536/584/536
f 935/1026/935 534/582/534 914/1002/914
f 922/1010/922 920/1008/920 924/1012/924
f 869/946/869 923/1011/923 921/1009/921
f 920/1008/920 909/997/909 894/974/894
f 920/1008/920 894/974/894 924/1012/924
f 923/1011/923 869/946/869 867/944/867
f 911/999/911 913/1001/913 944/1050/944
f 867/944/867 866/943/866 923/1011/923
f 910/998/910 909/997/909 929/1020/929
f 931/1022/931 913/1015/913 927/1017/927
f 866/943/866 934/1025/934 923/1011/923
f 933/1024/933 934/1025/934 948/1039/948
f 933/1024/933 948/1039/948 932/1023/932
f 931/1022/931 932/1023/932 950/1041/950
f 920/1008/920 929/1020/929 909/997/909
f 918/2237/918 901/983/901 910/998/910
f 918/2237/918 910/998/910 917/1019/917
f 914/1002/914 911/999/911 935/1026/935
f 534/582/534 936/1027/936 531/579/531
f 1963/2154/1963 544/592/544 943/1034/943
f 942/1033/942 943/1034/943 941/1032/941
f 866/943/866 951/1042/951 934/1025/934
f 951/1042/951 948/1039/948 934/1025/934
f 950/1041/950 932/1023/932 948/1039/948
f 913/1015/913 931/1022/931 945/1036/945
f 913/1015/913 945/1036/945 944/1035/944
f 954/1046/954 2008/2206/2008 2007/2205/2007
f 942/1033/942 940/1031/940 2007/2204/2007
f 1027/1128/1027 968/1064/968 970/1066/970
f 972/1068/972 1021/1122/1021 970/1066/970
f 970/1066/970 971/1067/971 972/1068/972
f 974/1071/974 978/1077/978 956/1051/956
f 977/1076/977 967/1063/967 995/1096/995
f 975/1072/975 1044/1145/1044 974/1071/974
f 1044/1145/1044 978/1077/978 974/1071/974
f 977/1076/977 2022/2238/2022 975/1075/975
f 967/1063/967 969/1065/969 995/1096/995
f 180/204/180 985/1084/985 984/1083/984
f 179/202/179 180/204/180 984/1083/984
f 983/1082/983 1251/1375/1251 984/1083/984
f 990/1090/990 1259/1383/1259 986/1086/986
f 168/190/168 992/1092/992 177/200/177
f 177/200/177 985/1094/985 180/2213/180
f 990/1090/990 989/1089/989 1259/1383/1259
f 1027/1128/1027 969/1065/969 968/1064/968
f 970/1066/970 1021/1122/1021 1027/1128/1027
f 995/1096/995 1029/1130/1029 1073/1175/1073
f 1028/1129/1028 1006/1107/1006 1039/1140/1039
f 1039/1140/1039 1075/1177/1075 1028/1129/1028
f 183/208/183 1034/1135/1034 167/189/167
f 184/209/184 1031/1132/1031 1035/1136/1035
f 1000/1101/1000 184/209/184 195/220/195
f 1032/1133/1032 1033/1134/1033 1035/1136/1035
f 1031/1132/1031 1032/1133/1032 1035/1136/1035
f 999/1100/999 267/293/267 1026/1127/1026
f 195/220/195 267/293/267 999/1100/999
f 267/293/267 1591/1756/1591 1026/1127/1026
f 1596/1761/1596 1599/1764/1599 2023/2239/2023
f 1038/1139/1038 2023/2239/2023 1037/1138/1037
f 1037/1138/1037 2023/2239/2023 1123/1233/1123
f 1030/1131/1030 1037/1138/1037 1123/1233/1123
f 1030/1131/1030 1013/1114/1013 1037/1138/1037
f 1596/1761/1596 2023/2239/2023 1038/1139/1038
f 992/1092/992 167/189/167 991/1091/991
f 1043/1144/1043 980/1079/980 978/1077/978
f 1044/1145/1044 1043/1144/1043 978/1077/978
f 977/1076/977 995/1096/995 2022/2238/2022
f 2022/2240/2022 1044/1145/1044 975/1072/975
f 1045/1146/1045 1044/1145/1044 2022/2240/2022
f 1051/1152/1051 1041/1142/1041 1040/1141/1040
f 988/1088/988 981/1080/981 980/1079/980
f 1064/1165/1064 1065/1166/1065 989/1089/989
f 1060/1161/1060 1268/1392/1268 1065/1166/1065
f 1062/1163/1062 1059/1160/1059 1058/1159/1058
f 1070/1171/1070 1067/1168/1067 1066/1167/1066
f 1070/1171/1070 1066/1167/1066 1099/1208/1099
f 1068/1169/1068 1099/1208/1099 1066/1167/1066
f 1070/1171/1070 1151/1261/1151 1069/1170/1069
f 1151/1261/1151 1056/1157/1056 1069/1170/1069
f 1029/1130/1029 1028/1129/1028 1075/1177/1075
f 1072/1174/1072 2022/2238/2022 995/1096/995
f 2022/2238/2022 1072/1174/1072 1045/1173/1045
f 1040/1141/1040 1042/1143/1042 1045/1146/1045
f 995/1096/995 1073/1175/1073 1072/1174/1072
f 1097/1206/1097 1099/1208/1099 1068/1169/1068
f 1080/1183/1080 1068/1169/1068 1051/1152/1051
f 1135/1245/1135 1102/1211/1102 1101/1210/1101
f 1132/1242/1132 1103/1212/1103 1098/1207/1098
f 1135/1245/1135 1133/1243/1133 1102/1211/1102
f 1130/1240/1130 1137/1247/1137 1107/1216/1107
f 1115/1225/1115 1109/1218/1109 1118/1228/1118
f 1547/1708/1547 1111/1221/1111 1552/1713/1552
f 1118/1228/1118 1111/1221/1111 1547/1708/1547
f 1137/1247/1137 1101/1210/1101 1107/1216/1107
f 1030/1131/1030 1123/1233/1123 1122/1232/1122
f 1104/1213/1104 1030/1131/1030 1122/1232/1122
f 1124/1234/1124 1123/1233/1123 2023/2239/2023
f 1124/1234/1124 2023/2239/2023 1128/1238/1128
f 1129/1239/1129 1126/1236/1126 1128/1238/1128
f 2023/2239/2023 1599/1764/1599 1128/1238/1128
f 1114/1224/1114 1129/1239/1129 1551/1712/1551
f 1110/1220/1110 1115/1225/1115 1558/1719/1558
f 1039/1140/1039 1030/1131/1030 1104/1213/1104
f 1133/1243/1133 1098/1207/1098 1102/1211/1102
f 1130/1240/1130 1110/1219/1110 1558/1734/1558
f 1580/1745/1580 1141/1251/1141 1140/1250/1140
f 1138/1248/1138 1576/1741/1576 1140/1250/1140
f 1136/1246/1136 1576/1741/1576 1138/1248/1138
f 1150/1260/1150 1151/1261/1151 1070/1171/1070
f 1103/1212/1103 1150/1260/1150 1070/1171/1070
f 1132/1242/1132 1150/1260/1150 1103/1212/1103
f 1131/1241/1131 1145/1255/1145 1146/1256/1146
f 1148/1258/1148 1152/1262/1152 1179/1292/1179
f 1142/1252/1142 1144/1254/1144 1227/1345/1227
f 1226/1344/1226 1144/1254/1144 1153/1263/1153
f 1221/1339/1221 1154/1264/1154 1141/1251/1141
f 2024/2241/2024 1221/1339/1221 1141/1251/1141
f 1226/1344/1226 1227/1345/1227 1144/1254/1144
f 1139/1249/1139 1145/1255/1145 1131/1241/1131
f 1057/1158/1057 1158/1268/1158 1062/1163/1062
f 1191/1308/1191 1160/1270/1160 1169/1279/1169
f 1160/1270/1160 2025/2242/2025 1170/1280/1170
f 1172/1282/1172 1358/1494/1358 1171/1281/1171
f 1162/1272/1162 1175/1287/1175 1172/1282/1172
f 1174/1286/1174 1366/1502/1366 1175/1287/1175
f 1174/1286/1174 1168/1278/1168 2025/2242/2025
f 1161/1271/1161 1160/1270/1160 1170/1280/1170
f 1168/1278/1168 1170/1280/1170 2025/2242/2025
f 2025/2242/2025 1366/1502/1366 1174/1286/1174
f 1149/1259/1149 1177/1289/1177 1151/1261/1151
f 1148/1258/1148 1178/1291/1178 1149/1259/1149
f 1149/1259/1149 1178/1291/1178 1177/1289/1177
f 1206/2243/1206 1183/1297/1183 1179/1292/1179
f 1206/1323/1206 1184/1298/1184 1183/1300/1183
f 1158/1268/1158 1351/2244/1351 1062/1163/1062
f 1391/1531/1391 1390/1530/1390 1194/1311/1194
f 1192/1309/1192 1191/1308/1191 1169/1279/1169
f 1194/1311/1194 1390/1530/1390 1188/1305/1188
f 1192/1309/1192 1169/1279/1169 1167/1277/1167
f 1205/1327/1205 1206/2243/1206 1152/1262/1152
f 1206/2243/1206 1179/1292/1179 1152/1262/1152
f 1198/1315/1198 1186/1301/1186 1184/1298/1184
f 1186/1301/1186 1198/1315/1198 1166/1276/1166
f 1213/1331/1213 1202/1319/1202 1208/1325/1208
f 1203/1320/1203 1208/1325/1208 1202/1319/1202
f 1213/1331/1213 1208/1325/1208 1209/1326/1209
f 1229/1347/1229 1204/1321/1204 1210/1357/1210
f 1204/1321/1204 1205/1322/1205 1210/1357/1210
f 1207/1324/1207 1199/1316/1199 1241/1362/1241
f 1199/1316/1199 1213/1331/1213 1241/1362/1241
f 1194/1311/1194 1193/1310/1193 1215/1333/1215
f 1214/1332/1214 1216/1334/1216 1217/1335/1217
f 1250/1374/1250 1216/1334/1216 1211/1329/1211
f 2024/2241/2024 1587/1752/1587 1221/1339/1221
f 1228/1346/1228 1224/1342/1224 1222/1340/1222
f 1228/1346/1228 1221/1339/1221 1587/1752/1587
f 1218/1336/1218 1142/1252/1142 1227/1345/1227
f 1209/1326/1209 1204/1321/1204 1229/1347/1229
f 1450/1596/1450 1237/1358/1237 1224/1342/1224
f 1238/1359/1238 1239/1360/1239 1244/1365/1244
f 1243/1364/1243 1459/1608/1459 1244/1365/1244
f 1245/1366/1245 1241/1362/1241 1213/1331/1213
f 1460/1609/1460 1243/1364/1243 1458/1607/1458
f 1459/1608/1459 1238/1359/1238 1244/1365/1244
f 1213/1331/1213 1209/1326/1209 1230/1348/1230
f 1239/1360/1239 1211/1329/1211 1207/1324/1207
f 987/1087/987 1253/1377/1253 983/1082/983
f 1253/1377/1253 1251/1375/1251 983/1082/983
f 1253/1377/1253 986/1086/986 1259/1383/1259
f 549/597/549 1255/1379/1255 1256/1380/1256
f 1255/1379/1255 549/597/549 551/599/551
f 984/1083/984 1252/1376/1252 179/202/179
f 987/1087/987 986/1086/986 1253/1377/1253
f 1274/2245/1274 1263/1387/1263 1261/1385/1261
f 1274/2245/1274 1321/1457/1321 1263/1387/1263
f 1262/1386/1262 1264/1388/1264 1265/1389/1265
f 1265/1389/1265 549/597/549 1256/1380/1256
f 1266/1390/1266 1259/1383/1259 989/1089/989
f 1060/1161/1060 1059/1160/1059 1268/1392/1268
f 1065/1166/1065 1266/1390/1266 989/1089/989
f 1269/1393/1269 1270/1394/1270 1267/1391/1267
f 1271/1428/1271 1274/2245/1274 1261/1385/1261
f 1274/2245/1274 1326/2246/1326 1321/1457/1321
f 1270/1394/1270 1271/1428/1271 1261/1385/1261
f 1273/1397/1273 1328/1464/1328 1274/1398/1274
f 1273/1397/1273 1324/1460/1324 1328/1464/1328
f 1357/1493/1357 1286/1413/1286 1283/1419/1283
f 1281/1405/1281 1284/1408/1284 1278/1402/1278
f 1059/1160/1059 1276/1400/1276 1269/1393/1269
f 1281/1405/1281 1062/1163/1062 1351/2244/1351
f 1062/1163/1062 1277/1401/1277 1059/1160/1059
f 1365/1501/1365 1287/1414/1287 1286/1413/1286
f 1365/2247/1365 1364/2248/1364 1288/1417/1288
f 1288/1417/1288 1287/1416/1287 1365/2247/1365
f 1295/1426/1295 1294/1425/1294 2026/2249/2026
f 1296/1427/1296 1288/1417/1288 1364/2248/1364
f 1291/1422/1291 1290/1421/1290 1295/1426/1295
f 1291/1422/1291 1295/1426/1295 1339/1475/1339
f 1374/2250/1374 1294/1425/1294 1296/1427/1296
f 1281/1405/1281 1351/2244/1351 1283/1407/1283
f 1264/1388/1264 1321/1457/1321 1299/1432/1299
f 1265/1389/1265 1264/1388/1264 1298/1431/1298
f 1297/1430/1297 563/611/563 561/609/561
f 1298/1431/1298 1297/1430/1297 561/609/561
f 1329/1465/1329 1307/1441/1307 1308/1442/1308
f 1334/1470/1334 1313/1448/1313 1312/1447/1312
f 1313/1448/1313 1334/1470/1334 1315/1450/1315
f 1323/1459/1323 1308/1442/1308 1299/1444/1299
f 568/616/568 1301/1439/1301 1306/1440/1306
f 1314/1449/1314 1315/1450/1315 1316/1452/1316
f 568/616/568 565/619/565 1301/1439/1301
f 608/666/608 607/665/607 1318/1454/1318
f 1316/1452/1316 1320/1456/1320 1319/1455/1319
f 636/698/636 600/658/600 1320/1456/1320
f 608/666/608 1318/1454/1318 600/658/600
f 571/621/571 568/616/568 1306/1440/1306
f 570/620/570 571/621/571 607/665/607
f 1326/2246/1326 1299/1432/1299 1321/1457/1321
f 1274/1398/1274 1328/1464/1328 1326/1462/1326
f 1328/1464/1328 1324/1460/1324 1323/1459/1323
f 1331/1467/1331 1312/1447/1312 1307/1441/1307
f 1329/1465/1329 1308/1442/1308 1323/1459/1323
f 1327/1463/1327 1323/1459/1323 1299/1444/1299
f 1312/1447/1312 1332/1468/1332 1334/1470/1334
f 1307/1441/1307 1329/1465/1329 1331/1467/1331
f 1339/1475/1339 1275/1399/1275 1291/1422/1291
f 2026/2249/2026 1294/1425/1294 1349/1485/1349
f 1295/1426/1295 2026/2249/2026 1339/1475/1339
f 1345/1481/1345 2026/2249/2026 1349/1485/1349
f 1347/1483/1347 1372/1508/1372 1346/1482/1346
f 1372/1508/1372 1347/1483/1347 1349/1485/1349
f 2026/2249/2026 1345/1481/1345 1339/1475/1339
f 1315/1450/1315 1348/1484/1348 1316/1452/1316
f 1158/1268/1158 1155/1265/1155 1351/2244/1351
f 1352/1488/1352 1171/1281/1171 1358/1494/1358
f 1352/1488/1352 1155/1284/1155 1171/1281/1171
f 1359/1495/1359 1365/1501/1365 1286/1413/1286
f 1286/1413/1286 1357/1493/1357 1359/1495/1359
f 1360/1496/1360 1375/1512/1375 1364/1500/1364
f 1374/2250/1374 1296/1427/1296 1364/2248/1364
f 1367/1503/1367 1380/1518/1380 1363/1499/1363
f 1363/1499/1363 1380/1518/1380 1360/1496/1360
f 1368/1504/1368 1366/1502/1366 2025/2242/2025
f 1175/1287/1175 1358/1494/1358 1172/1282/1172
f 1368/1504/1368 1367/1503/1367 1353/1489/1353
f 1346/1482/1346 1373/1509/1373 1348/1484/1348
f 1379/1517/1379 1348/1484/1348 1373/1509/1373
f 1294/1425/1294 1374/2250/1374 1370/1510/1370
f 1374/2250/1374 1364/2248/1364 1375/2251/1375
f 1376/1513/1376 1372/1508/1372 1349/1485/1349
f 1387/1526/1387 1401/2252/1401 1378/1527/1378
f 1377/1525/1377 2027/2253/2027 1387/1526/1387
f 2027/2253/2027 1377/1525/1377 1381/1519/1381
f 1380/1518/1380 1375/1512/1375 1360/1496/1360
f 1394/1534/1394 1383/1521/1383 1388/1528/1388
f 1188/1305/1188 1390/1530/1390 1189/1306/1189
f 1393/1533/1393 1394/1534/1394 1388/1528/1388
f 1189/1306/1189 1389/1529/1389 1191/1308/1191
f 1191/1308/1191 1389/1529/1389 1160/1270/1160
f 1160/1270/1160 1368/1504/1368 2025/2242/2025
f 1412/1556/1412 1406/1548/1406 1410/1553/1410
f 1405/1547/1405 1402/1544/1402 1418/1563/1418
f 1402/1544/1402 1398/1543/1398 1418/1563/1418
f 1379/1517/1379 1401/1541/1401 1396/1536/1396
f 1784/1968/1784 1406/1548/1406 1412/1556/1412
f 1404/1546/1404 1425/1570/1425 1416/1561/1416
f 2028/2254/2028 1407/1549/1407 1424/1569/1424
f 1424/1569/1424 1407/1549/1407 1416/1561/1416
f 812/886/812 1413/1557/1413 813/887/813
f 1415/1560/1415 1408/1550/1408 1780/1965/1780
f 1404/1546/1404 1405/1547/1405 1425/1570/1425
f 1398/1543/1398 1401/2252/1401 1418/1563/1418
f 1381/1519/1381 1385/1523/1385 2027/2253/2027
f 1418/1563/1418 1401/2252/1401 1387/1526/1387
f 1378/1516/1378 1401/1541/1401 1379/1517/1379
f 1419/1564/1419 2027/2253/2027 1385/1523/1385
f 1419/1564/1419 1387/1526/1387 2027/2253/2027
f 1427/1572/1427 1431/1576/1431 1803/1987/1803
f 1435/1580/1435 1215/1333/1215 1217/1335/1217
f 1447/1593/1447 1451/1597/1451 1583/1748/1583
f 1444/1590/1444 1447/1593/1447 1583/1748/1583
f 1439/1584/1439 1444/1590/1444 1583/1748/1583
f 1450/1596/1450 1249/1586/1249 1237/1358/1237
f 1459/1608/1459 1243/1364/1243 1460/1609/1460
f 1440/1604/1440 1247/1370/1247 1249/1372/1249
f 1458/1607/1458 1243/1364/1243 1247/1370/1247
f 1456/1605/1456 1457/1606/1457 1459/1608/1459
f 1863/2047/1863 1459/1608/1459 1457/1606/1457
f 1465/1614/1465 1500/1654/1500 1464/1613/1464
f 1883/2067/1883 1466/1615/1466 1470/1622/1470
f 1875/2059/1875 1454/1601/1454 1466/1615/1466
f 1470/1622/1470 1468/1621/1468 1878/2062/1878
f 1500/1654/1500 1468/1618/1468 1464/1613/1464
f 1454/1601/1454 1875/2059/1875 1457/1606/1457
f 1487/1639/1487 1493/1645/1493 1488/1640/1488
f 1490/1642/1490 1452/1598/1452 1437/1582/1437
f 1436/1581/1436 1526/1685/1526 1494/1646/1494
f 1490/1642/1490 1495/1647/1495 1452/1598/1452
f 1491/1643/1491 1473/1625/1473 1725/1900/1725
f 1500/1654/1500 1501/1655/1501 1468/1618/1468
f 1501/2255/1501 2029/2256/2029 1876/2060/1876
f 1499/1653/1499 2029/2257/2029 1501/1655/1501
f 1462/1611/1462 1452/1598/1452 1495/1647/1495
f 1501/2255/1501 1878/2062/1878 1468/1621/1468
f 1501/2255/1501 1876/2060/1876 1878/2062/1878
f 1736/1912/1736 1502/1657/1502 1497/1649/1497
f 1520/2258/1520 1509/1679/1509 1555/1716/1555
f 1509/1679/1509 1505/1661/1505 1555/1716/1555
f 1506/1662/1506 1512/1668/1512 1517/1673/1517
f 1690/1855/1690 1522/1681/1522 1523/1682/1523
f 1522/1681/1522 1673/1838/1673 1529/1688/1529
f 1722/1895/1722 1539/1699/1539 1538/1698/1538
f 1542/1702/1542 1534/1693/1534 1531/2259/1531
f 1532/1691/1532 1537/1697/1537 1539/1699/1539
f 1542/1702/1542 1531/2259/1531 1544/1705/1544
f 1544/1705/1544 1533/2260/1533 1713/1886/1713
f 1543/1704/1543 1544/1705/1544 1713/1886/1713
f 1534/1693/1534 1536/1695/1536 1531/2259/1531
f 1544/1705/1544 1531/2259/1531 1533/2260/1533
f 1526/1685/1526 1436/1581/1436 1582/1747/1582
f 1544/1705/1544 1478/1630/1478 1546/1707/1546
f 1546/1707/1546 1478/1630/1478 1479/1631/1479
f 1471/1623/1471 1478/1630/1478 1544/1705/1544
f 1479/1631/1479 1480/1632/1480 1546/1707/1546
f 1554/1715/1554 1551/1712/1551 1129/1239/1129
f 1111/1221/1111 1114/1224/1114 1551/1712/1551
f 1554/1715/1554 1605/1770/1605 1553/1714/1553
f 1511/1667/1511 1570/1731/1570 1512/1668/1512
f 1566/1727/1566 1511/1667/1511 1518/1674/1518
f 1573/1738/1573 1512/1668/1512 1570/1731/1570
f 1518/1674/1518 1520/1676/1520 1567/1728/1567
f 1520/2258/1520 1555/1716/1555 1567/1737/1567
f 1511/1667/1511 1566/1727/1566 1570/1731/1570
f 1573/1738/1573 1523/1682/1523 1512/1668/1512
f 1523/1682/1523 1573/1738/1573 1575/1740/1575
f 1575/1740/1575 1574/1739/1574 1606/1771/1606
f 1606/1771/1606 1523/1682/1523 1575/1740/1575
f 1592/1757/1592 1574/1739/1574 1553/1714/1553
f 1574/1739/1574 1592/1757/1592 1606/1771/1606
f 1136/1246/1136 1130/1240/1130 1558/1734/1558
f 1505/1661/1505 1527/1686/1527 1556/1717/1556
f 1526/1685/1526 1582/1747/1582 1525/1684/1525
f 2024/2241/2024 1586/1751/1586 1585/1750/1585
f 1580/1745/1580 1586/1751/1586 1141/1251/1141
f 1586/1751/1586 2024/2241/2024 1141/1251/1141
f 1582/1747/1582 1436/1581/1436 1439/1584/1439
f 1585/1750/1585 1587/1752/1587 2024/2241/2024
f 1583/1748/1583 1228/1346/1228 1587/1752/1587
f 1451/1597/1451 1224/1342/1224 1228/1346/1228
f 1591/1756/1591 1036/1137/1036 1026/1127/1026
f 1589/1754/1589 1588/1753/1588 1591/1756/1591
f 1003/1104/1003 1604/1769/1604 1038/1139/1038
f 1553/1714/1553 1605/1770/1605 1602/1767/1602
f 1554/1715/1554 1129/1239/1129 1605/1770/1605
f 1606/1771/1606 1600/1765/1600 1523/1682/1523
f 1618/1783/1618 1617/1782/1617 216/242/216
f 1615/1780/1615 1608/1773/1608 1620/1785/1620
f 1625/1790/1625 1637/1802/1637 1624/1789/1624
f 1625/1790/1625 1630/1795/1630 1635/1800/1635
f 1619/1784/1619 1644/1809/1644 1630/1795/1630
f 1601/1766/1601 1674/1839/1674 1600/1765/1600
f 1601/1766/1601 1634/1799/1634 1674/1839/1674
f 1634/1799/1634 1667/1832/1667 1674/1839/1674
f 1634/1799/1634 1607/1772/1607 1609/1774/1609
f 1600/1765/1600 1690/1855/1690 1523/1682/1523
f 1625/1790/1625 1635/1800/1635 1637/1802/1637
f 1644/1809/1644 1619/1784/1619 1632/1797/1632
f 1630/1795/1630 1644/1809/1644 1643/1808/1643
f 1630/1795/1630 1643/1808/1643 1635/1800/1635
f 1647/1812/1647 1633/1798/1633 1618/1783/1618
f 1721/1894/1721 1720/1893/1720 1672/1837/1672
f 1667/1832/1667 1634/1799/1634 1609/1774/1609
f 1672/1837/1672 1678/1843/1678 1721/1894/1721
f 1679/1844/1679 1653/1818/1653 1652/1817/1652
f 1708/1873/1708 1653/1818/1653 1679/1844/1679
f 1623/1788/1623 1622/1787/1622 1624/1789/1624
f 1677/1842/1677 1701/1866/1701 1668/1833/1668
f 1677/1842/1677 1668/1833/1668 1675/1840/1675
f 1721/1894/1721 1678/1843/1678 1653/1818/1653
f 1681/1846/1681 432/467/432 456/491/456
f 1681/1846/1681 1683/1848/1683 432/467/432
f 1646/1811/1646 433/468/433 1683/1848/1683
f 471/506/471 465/500/465 1755/1931/1755
f 1687/1852/1687 2030/2261/2030 1688/1853/1688
f 471/506/471 2030/2261/2030 1687/1852/1687
f 471/506/471 1687/1852/1687 470/505/470
f 455/490/455 1686/1851/1686 1682/1847/1682
f 455/490/455 470/505/470 1686/1851/1686
f 1686/1851/1686 470/505/470 1687/1852/1687
f 1677/1842/1677 1676/1841/1676 1703/1868/1703
f 471/506/471 1755/1931/1755 2030/2261/2030
f 1690/1855/1690 1673/1838/1673 1522/1681/1522
f 1682/1847/1682 456/491/456 455/490/455
f 1529/1688/1529 1672/1837/1672 1541/1701/1541
f 1721/1894/1721 1653/1818/1653 1711/1876/1711
f 1668/1833/1668 1714/1881/1714 1679/1844/1679
f 1715/1883/1715 1702/1867/1702 1737/1913/1737
f 1715/1883/1715 1778/1960/1778 1694/1859/1694
f 1532/1691/1532 1704/1869/1704 1713/1880/1713
f 1532/1691/1532 1539/1699/1539 1716/1884/1716
f 1722/1895/1722 1716/1884/1716 1539/1699/1539
f 1722/1895/1722 1538/1698/1538 1541/1701/1541
f 1713/1880/1713 1533/1692/1533 1532/1691/1532
f 1693/1882/1693 1694/1859/1694 1778/1960/1778
f 1717/1885/1717 1693/1858/1693 1757/1933/1757
f 1708/1873/1708 1711/1876/1711 1653/1818/1653
f 1724/1898/1724 1497/1649/1497 1492/1651/1492
f 1491/1901/1491 1724/1898/1724 1492/1651/1492
f 1737/1913/1737 1703/1868/1703 1685/1850/1685
f 1685/1850/1685 1753/1929/1753 1737/1913/1737
f 1685/1850/1685 1688/1853/1688 2030/2261/2030
f 1676/1841/1676 1685/1850/1685 1703/1868/1703
f 1771/1953/1771 1727/1903/1727 1726/1902/1726
f 1771/1953/1771 1731/1907/1731 1727/1903/1727
f 1735/1911/1735 1728/1904/1728 1953/2144/1953
f 1732/1908/1732 1731/1907/1731 1730/1906/1730
f 1543/1704/1543 1472/1624/1472 1471/1623/1471
f 1541/1701/1541 1528/1687/1528 1529/1688/1529
f 1758/1934/1758 1757/1933/1757 1693/1858/1693
f 1758/1935/1758 1693/1882/1693 1778/1960/1778
f 2030/2261/2030 1753/1929/1753 1685/1850/1685
f 461/496/461 1754/1930/1754 1747/1923/1747
f 1751/1927/1751 1715/1883/1715 1737/1913/1737
f 1750/1926/1750 1753/1929/1753 2030/2261/2030
f 469/504/469 1754/1930/1754 461/496/461
f 2030/2261/2030 1755/1931/1755 1750/1926/1750
f 1715/1883/1715 1752/1928/1752 1778/1960/1778
f 1717/1885/1717 1757/1933/1757 1726/1902/1726
f 1772/1954/1772 1730/1906/1730 1731/1907/1731
f 1770/1952/1770 1955/2146/1955 1776/1958/1776
f 267/293/267 1589/1754/1589 1591/1756/1591
f 267/293/267 271/297/271 1589/1754/1589
f 1779/1961/1779 1626/1791/1626 1631/1796/1631
f 202/228/202 1631/1796/1631 203/229/203
f 1612/1777/1612 1631/1796/1631 1626/1791/1626
f 206/232/206 1779/1961/1779 202/228/202
f 1779/1961/1779 217/243/217 1626/1791/1626
f 1407/1549/1407 2028/2254/2028 1797/1981/1797
f 1797/1981/1797 2028/2254/2028 1802/1986/1802
f 1784/1968/1784 1407/1549/1407 1797/1981/1797
f 1412/1556/1412 1407/1549/1407 1784/1968/1784
f 2028/2254/2028 1424/1569/1424 1802/1986/1802
f 822/897/822 825/901/825 1792/1976/1792
f 839/915/839 823/898/823 1791/1975/1791
f 1791/1975/1791 823/898/823 1789/1973/1789
f 1790/1974/1790 1789/1973/1789 823/898/823
f 816/890/816 817/891/817 1414/1558/1414
f 1781/1963/1781 816/890/816 1414/1558/1414
f 1781/1963/1781 1793/2228/1793 816/890/816
f 811/2230/811 1793/1977/1793 825/901/825
f 1781/1963/1781 1414/1558/1414 1415/1559/1415
f 1818/2002/1818 1794/1978/1794 1785/1969/1785
f 1785/1969/1785 1817/2001/1817 1818/2002/1818
f 1810/1994/1810 1796/1980/1796 1795/1979/1795
f 837/913/837 1796/1980/1796 1823/2007/1823
f 1796/1980/1796 837/913/837 845/921/845
f 1797/1981/1797 1817/2001/1817 1785/1969/1785
f 203/229/203 1631/1796/1631 1589/1754/1589
f 1784/1968/1784 1783/1967/1783 1406/1548/1406
f 1406/1548/1406 1783/1967/1783 1408/1550/1408
f 1804/1988/1804 1803/1987/1803 2031/2262/2031
f 2031/2262/2031 1803/1987/1803 1431/1576/1431
f 1801/1985/1801 1427/1572/1427 1803/1987/1803
f 1801/1985/1801 1802/1986/1802 1427/1572/1427
f 1424/1569/1424 1427/1572/1427 1802/1986/1802
f 1832/2016/1832 1804/1988/1804 1836/2020/1836
f 1795/1979/1795 1794/1978/1794 1812/1996/1812
f 1812/1996/1812 1794/1978/1794 1818/2002/1818
f 1819/2003/1819 1820/2004/1820 1826/2010/1826
f 1810/1994/1810 1823/2007/1823 1796/1980/1796
f 1814/1998/1814 1925/2116/1925 1809/1993/1809
f 1802/1986/1802 1817/2001/1817 1797/1981/1797
f 1924/2115/1924 1814/1998/1814 1813/1997/1813
f 1827/2011/1827 1858/2042/1858 1892/2077/1892
f 1827/2011/1827 1821/2005/1821 1808/1992/1808
f 1858/2042/1858 1827/2011/1827 1859/2043/1859
f 1824/2008/1824 1892/2077/1892 1825/2009/1825
f 1892/2077/1892 1824/2008/1824 1827/2011/1827
f 1888/2073/1888 1892/2077/1892 1858/2042/1858
f 1930/2121/1930 1819/2003/1819 1826/2010/1826
f 1930/2121/1930 1829/2013/1829 1819/2003/1819
f 2031/2262/2031 1431/1576/1431 1434/1579/1434
f 1840/2024/1840 1435/1580/1435 1217/1335/1217
f 2031/2262/2031 1434/1579/1434 1804/1988/1804
f 1435/1580/1435 1434/1579/1434 1430/1575/1430
f 1832/2016/1832 1807/1991/1807 1804/1988/1804
f 1842/2026/1842 1848/2032/1848 1862/2046/1862
f 1849/2033/1849 1844/2028/1844 2032/2263/2032
f 1843/2027/1843 1842/2026/1842 1862/2046/1862
f 1879/2063/1879 1881/2065/1881 1854/2038/1854
f 1844/2028/1844 1843/2027/1843 2032/2263/2032
f 2032/2263/2032 1869/2053/1869 1849/2033/1849
f 1879/2063/1879 1854/2038/1854 1853/2037/1853
f 1849/2033/1849 1869/2053/1869 1851/2035/1851
f 1854/2038/1854 1881/2065/1881 1884/2068/1884
f 1859/2043/1859 1855/2039/1855 1852/2036/1852
f 1859/2043/1859 1827/2011/1827 1855/2039/1855
f 1888/2073/1888 1857/2041/1857 1889/2074/1889
f 1888/2073/1888 1858/2042/1858 1857/2041/1857
f 1827/2011/1827 1808/1992/1808 1855/2039/1855
f 1856/2040/1856 1852/2036/1852 1854/2038/1854
f 1856/2040/1856 1945/2136/1945 1857/2041/1857
f 1895/2080/1895 1945/2136/1945 1856/2040/1856
f 1854/2038/1854 1884/2068/1884 1917/2108/1917
f 1864/2048/1864 1860/2044/1860 1216/1334/1216
f 1860/2044/1860 1840/2024/1840 1217/1335/1217
f 1867/2051/1867 1843/2027/1843 1861/2045/1861
f 1869/2053/1869 2032/2263/2032 1843/2027/1843
f 1872/2056/1872 1250/1374/1250 1238/1359/1238
f 1840/2024/1840 1860/2044/1860 1848/2032/1848
f 1864/2048/1864 1216/1334/1216 1250/1374/1250
f 1843/2027/1843 1867/2051/1867 1869/2053/1869
f 1879/2063/1879 1853/2037/1853 1870/2054/1870
f 1853/2037/1853 1851/2035/1851 1870/2054/1870
f 1864/2048/1864 1250/1374/1250 1874/2058/1874
f 1877/2061/1877 2033/2264/2033 1880/2064/1880
f 1876/2060/1876 2029/2256/2029 1877/2061/1877
f 2029/2256/2029 2033/2264/2033 1877/2061/1877
f 1868/2052/1868 1466/1615/1466 1883/2067/1883
f 1466/1615/1466 1868/2052/1868 1875/2059/1875
f 1883/2067/1883 1470/1622/1470 1878/2062/1878
f 2033/2264/2033 1884/2068/1884 1880/2064/1880
f 1875/2059/1875 1863/2047/1863 1457/1606/1457
f 2029/2257/2029 1499/1653/1499 1885/2069/1885
f 1887/2071/1887 2033/2264/2033 1885/2072/1885
f 2029/2256/2029 1885/2072/1885 2033/2264/2033
f 1887/2071/1887 1884/2068/1884 2033/2264/2033
f 1945/2136/1945 1894/2079/1894 1889/2074/1889
f 1894/2079/1894 1828/2012/1828 1893/2078/1893
f 1917/2108/1917 1896/2081/1896 1856/2040/1856
f 1902/2087/1902 1943/2134/1943 1897/2082/1897
f 1895/2080/1895 1898/2083/1898 1945/2136/1945
f 1918/2109/1918 2034/2265/2034 1902/2087/1902
f 1942/2133/1942 1902/2087/1902 2034/2265/2034
f 1942/2133/1942 1943/2134/1943 1902/2087/1902
f 1898/2083/1898 1895/2080/1895 1899/2084/1899
f 1856/2040/1856 1854/2038/1854 1917/2108/1917
f 1493/1645/1493 1903/2096/1903 1488/1640/1488
f 1965/2156/1965 1905/2091/1905 1734/1910/1734
f 1493/1658/1493 1502/1657/1502 1906/2092/1906
f 1502/1657/1502 1734/1910/1734 1905/2091/1905
f 1909/2095/1909 1908/2094/1908 1967/2158/1967
f 1978/2170/1978 1918/2109/1918 1901/2086/1901
f 1909/2106/1909 1919/2110/1919 1911/2100/1911
f 1968/2174/1968 1919/2110/1919 1909/2106/1909
f 1917/2108/1917 1884/2068/1884 1915/2105/1915
f 1978/2170/1978 1977/2169/1977 1918/2109/1918
f 1918/2109/1918 1976/2168/1976 2034/2265/2034
f 1945/2136/1945 1889/2074/1889 1857/2041/1857
f 1925/2116/1925 1920/2111/1920 1809/1993/1809
f 1809/1993/1809 1920/2111/1920 1822/2006/1822
f 1823/2007/1823 1921/2112/1921 844/920/844
f 844/920/844 1921/2112/1921 1923/2114/1923
f 1923/2114/1923 1921/2112/1921 1920/2111/1920
f 1813/1997/1813 1829/2013/1829 1924/2115/1924
f 1826/2010/1826 1828/2012/1828 1930/2121/1930
f 1898/2083/1898 1897/2082/1897 1947/2138/1947
f 1898/2083/1898 1947/2138/1947 1945/2136/1945
f 1942/2133/1942 2034/2265/2034 1941/2132/1941
f 1897/2082/1897 1943/2134/1943 1947/2138/1947
f 1948/2139/1948 951/1042/951 871/948/871
f 1948/2139/1948 1950/2141/1950 1988/2182/1988
f 1990/2184/1990 1950/2141/1950 1935/2126/1935
f 1777/1959/1777 1776/1958/1776 1775/1957/1775
f 1775/1957/1775 1952/2143/1952 1728/1904/1728
f 487/525/487 1956/2147/1956 488/526/488
f 488/526/488 1956/2147/1956 1770/1952/1770
f 1959/2150/1959 1963/2154/1963 943/1034/943
f 1959/2150/1959 942/1033/942 1957/2148/1957
f 1976/2168/1976 1941/2132/1941 2034/2265/2034
f 1979/2171/1979 1982/2176/1982 1976/2168/1976
f 1734/1910/1734 1735/1911/1735 1965/2156/1965
f 1965/2156/1965 1908/2094/1908 1905/2091/1905
f 1965/2156/1965 1967/2158/1967 1908/2094/1908
f 1967/2158/1967 1968/2159/1968 1909/2095/1909
f 1919/2110/1919 1968/2174/1968 1978/2170/1978
f 1978/2170/1978 1901/2086/1901 1919/2110/1919
f 1980/2172/1980 1998/2192/1998 1979/2171/1979
f 1976/2168/1976 1918/2109/1918 1977/2169/1977
f 1991/2199/1991 1971/2162/1971 1981/2175/1981
f 1980/2173/1980 1971/2162/1971 1998/2266/1998
f 1959/2150/1959 943/1034/943 942/1033/942
f 1983/2177/1983 1940/2131/1940 1976/2168/1976
f 1983/2177/1983 1982/2176/1982 1979/2171/1979
f 1940/2131/1940 1941/2132/1941 1976/2168/1976
f 1979/2171/1979 1998/2192/1998 1983/2177/1983
f 1990/2184/1990 1988/2182/1988 1950/2141/1950
f 1996/2190/1996 1992/2186/1992 1999/2193/1999
f 1991/2185/1991 1995/2189/1995 1998/2192/1998
f 1934/2125/1934 1995/2189/1995 1994/2188/1994
f 1999/2193/1999 1989/2183/1989 1996/2190/1996
f 1971/2162/1971 1991/2199/1991 1998/2266/1998
f 1989/2183/1989 1997/2191/1997 1996/2190/1996
f 1987/2181/1987 955/1049/955 949/1040/949
f 1935/2126/1935 1934/2125/1934 1994/2188/1994
f 1935/2126/1935 1994/2188/1994 1990/2184/1990
f 1958/2149/1958 1957/2148/1957 2003/2197/2003
f 1972/2163/1972 1958/2149/1958 2003/2197/2003
f 2003/2197/2003 1981/2175/1981 1972/2163/1972
f 2007/2204/2007 940/1031/940 954/1048/954
f 953/1045/953 955/1049/955 2001/2195/2001
f 1995/2189/1995 1934/2125/1934 1940/2131/1940
f 1780/1965/1780 1408/1550/1408 1783/1967/1783
f 394/424/394 395/2267/395 391/421/391
f 1433/1578/1433 1428/1573/1428 1391/1531/1391
f 298/328/298 291/320/291 295/324/295
f 1995/2189/1995 1940/2131/1940 1983/2177/1983
f 1862/2046/1862 1848/2032/1848 1860/2044/1860
f 771/845/771 778/852/778 772/846/772
f 1326/1462/1326 1328/1464/1328 1327/1463/1327
f 156/178/156 159/181/159 2010/2212/2010
f 156/178/156 2010/2212/2010 193/218/193
f 403/436/403 397/435/397 390/420/390
f 490/528/490 506/548/506 509/552/509
f 401/433/401 400/432/400 510/553/510
f 387/417/387 398/429/398 395/2267/395
f 397/435/397 395/2267/395 398/429/398
f 288/314/288 281/307/281 283/309/283
f 287/313/287 404/438/404 288/314/288
f 387/417/387 395/2267/395 394/424/394
f 398/429/398 390/420/390 397/435/397
f 403/436/403 404/438/404 287/313/287
f 509/552/509 506/548/506 401/433/401
f 1760/2268/1760 1744/1920/1744 1743/1919/1743
f 1752/1928/1752 1760/2268/1760 1756/1936/1756
f 1761/2269/1761 1760/2268/1760 1743/1919/1743
f 1759/1937/1759 1761/2269/1761 1743/1919/1743
f 1744/1920/1744 1760/2268/1760 1752/1928/1752
f 1516/1672/1516 1509/1665/1509 1520/1676/1520
f 1516/1672/1516 1510/1666/1510 1509/1665/1509
f 1271/1395/1271 1289/1429/1289 1272/1396/1272
f 1292/1423/1292 1282/1410/1282 1285/1409/1285
f 1282/1410/1282 1292/1423/1292 1289/1429/1289
f 1290/1421/1290 1272/1396/1272 1289/1429/1289
f 1220/1356/1220 1236/1355/1236 1229/1347/1229
f 1234/1369/1234 1231/1349/1231 1233/1351/1233
f 1235/2270/1235 1234/1369/1234 1233/1351/1233
f 1236/1355/1236 1235/2270/1235 1233/1351/1233
f 2004/2200/2004 2007/2205/2007 2005/2201/2005
f 2005/2201/2005 2001/2195/2001 2000/2194/2000
f 2008/2206/2008 953/1045/953 2001/2195/2001
f 1999/2193/1999 1993/2187/1993 2006/2202/2006
f 954/1046/954 953/1045/953 2008/2206/2008
f 2005/2201/2005 2008/2206/2008 2001/2195/2001
f 763/839/763 762/2271/762 768/840/768
f 768/840/768 762/2271/762 736/807/736
f 763/839/763 767/838/767 886/966/886
f 768/840/768 736/807/736 738/809/738
f 728/796/728 730/798/730 734/804/734
f 1309/1443/1309 1305/1438/1305 1299/1444/1299
